TMS320C2000 Assembler PC v22.6.2 Thu Feb  5 15:43:43 2026

Copyright (c) 1996-2018 Texas Instruments Incorporated
dual_axis_servo_drive_user_cpu.asm                                   PAGE    1

       1              ;***************************************************************
       2              ;* TMS320C2000 G3 C/C++ Codegen                               PC v22.6.2.LTS *
       3              ;* Date/Time created: Thu Feb  5 15:43:43 2026                 *
       4              ;***************************************************************
       5                      .compiler_opts --abi=eabi --diag_wrap=off --float_support=fpu32 --hll_source=on --idiv_support=idiv0 
       6                      .asg    XAR2, FP
       7              
       8              $C$DW$CU        .dwtag  DW_TAG_compile_unit
       9                      .dwattr $C$DW$CU, DW_AT_name("../sources/dual_axis_servo_drive_user_cpu.c")
      10                      .dwattr $C$DW$CU, DW_AT_producer("TI TMS320C2000 G3 C/C++ Codegen PC v22.6.2.LTS Copyright (c) 1996-2
      11                      .dwattr $C$DW$CU, DW_AT_TI_version(0x01)
      12                      .dwattr $C$DW$CU, DW_AT_comp_dir("C:\Users\Teddy\Documents\GitHub\2512_TI_DSP_BLDC_MotorControlSDK\1.
      13              
      14              $C$DW$1 .dwtag  DW_TAG_subprogram
      15                      .dwattr $C$DW$1, DW_AT_name("FCL_initADC_2In")
      16                      .dwattr $C$DW$1, DW_AT_linkage_name("FCL_initADC_2In")
      17                      .dwattr $C$DW$1, DW_AT_declaration
      18                      .dwattr $C$DW$1, DW_AT_external
      19                      .dwattr $C$DW$1, DW_AT_decl_file("..\sources\fcl_foc_cpu_dm.h")
      20                      .dwattr $C$DW$1, DW_AT_decl_line(0x123)
      21                      .dwattr $C$DW$1, DW_AT_decl_column(0x0d)
      22              $C$DW$2 .dwtag  DW_TAG_formal_parameter
      23                      .dwattr $C$DW$2, DW_AT_type(*$C$DW$T$138)
      24              
      25              $C$DW$3 .dwtag  DW_TAG_formal_parameter
      26                      .dwattr $C$DW$3, DW_AT_type(*$C$DW$T$24)
      27              
      28              $C$DW$4 .dwtag  DW_TAG_formal_parameter
      29                      .dwattr $C$DW$4, DW_AT_type(*$C$DW$T$146)
      30              
      31              $C$DW$5 .dwtag  DW_TAG_formal_parameter
      32                      .dwattr $C$DW$5, DW_AT_type(*$C$DW$T$107)
      33              
      34              $C$DW$6 .dwtag  DW_TAG_formal_parameter
      35                      .dwattr $C$DW$6, DW_AT_type(*$C$DW$T$146)
      36              
      37              $C$DW$7 .dwtag  DW_TAG_formal_parameter
      38                      .dwattr $C$DW$7, DW_AT_type(*$C$DW$T$107)
      39              
      40                      .dwendtag $C$DW$1
      41              
      42              
      43              $C$DW$8 .dwtag  DW_TAG_subprogram
      44                      .dwattr $C$DW$8, DW_AT_name("FCL_initPWM")
      45                      .dwattr $C$DW$8, DW_AT_linkage_name("FCL_initPWM")
      46                      .dwattr $C$DW$8, DW_AT_declaration
      47                      .dwattr $C$DW$8, DW_AT_external
      48                      .dwattr $C$DW$8, DW_AT_decl_file("..\sources\fcl_foc_cpu_dm.h")
      49                      .dwattr $C$DW$8, DW_AT_decl_line(0x11c)
      50                      .dwattr $C$DW$8, DW_AT_decl_column(0x0d)
      51              $C$DW$9 .dwtag  DW_TAG_formal_parameter
      52                      .dwattr $C$DW$9, DW_AT_type(*$C$DW$T$138)
      53              
      54              $C$DW$10        .dwtag  DW_TAG_formal_parameter
      55                      .dwattr $C$DW$10, DW_AT_type(*$C$DW$T$146)
TMS320C2000 Assembler PC v22.6.2 Thu Feb  5 15:43:43 2026

Copyright (c) 1996-2018 Texas Instruments Incorporated
dual_axis_servo_drive_user_cpu.asm                                   PAGE    2

      56              
      57              $C$DW$11        .dwtag  DW_TAG_formal_parameter
      58                      .dwattr $C$DW$11, DW_AT_type(*$C$DW$T$146)
      59              
      60              $C$DW$12        .dwtag  DW_TAG_formal_parameter
      61                      .dwattr $C$DW$12, DW_AT_type(*$C$DW$T$146)
      62              
      63                      .dwendtag $C$DW$8
      64              
      65              
      66              $C$DW$13        .dwtag  DW_TAG_subprogram
      67                      .dwattr $C$DW$13, DW_AT_name("FCL_initQEP")
      68                      .dwattr $C$DW$13, DW_AT_linkage_name("FCL_initQEP")
      69                      .dwattr $C$DW$13, DW_AT_declaration
      70                      .dwattr $C$DW$13, DW_AT_external
      71                      .dwattr $C$DW$13, DW_AT_decl_file("..\sources\fcl_foc_cpu_dm.h")
      72                      .dwattr $C$DW$13, DW_AT_decl_line(0x121)
      73                      .dwattr $C$DW$13, DW_AT_decl_column(0x0d)
      74              $C$DW$14        .dwtag  DW_TAG_formal_parameter
      75                      .dwattr $C$DW$14, DW_AT_type(*$C$DW$T$138)
      76              
      77              $C$DW$15        .dwtag  DW_TAG_formal_parameter
      78                      .dwattr $C$DW$15, DW_AT_type(*$C$DW$T$146)
      79              
      80                      .dwendtag $C$DW$13
      81              
      82                      .global ||offsetCalCounter||
      83 00000000               .data
      84                      .align  1
      85                      .elfsym ||offsetCalCounter||,SYM_SIZE(1),SYM_BLOCKED(1)
      86 00000000       ||offsetCalCounter||:
      87 00000000 0000          .bits           0,16
      88                                      ; offsetCalCounter @ 0
      89              
      90              $C$DW$16        .dwtag  DW_TAG_variable
      91                      .dwattr $C$DW$16, DW_AT_name("offsetCalCounter")
      92                      .dwattr $C$DW$16, DW_AT_linkage_name("offsetCalCounter")
      93                      .dwattr $C$DW$16, DW_AT_location[DW_OP_addr ||offsetCalCounter||]
      94                      .dwattr $C$DW$16, DW_AT_type(*$C$DW$T$30)
      95                      .dwattr $C$DW$16, DW_AT_external
      96                      .dwattr $C$DW$16, DW_AT_decl_file("../sources/dual_axis_servo_drive_user_cpu.c")
      97                      .dwattr $C$DW$16, DW_AT_decl_line(0x3b)
      98                      .dwattr $C$DW$16, DW_AT_decl_column(0x0a)
      99              
     100                      .global ||K1||
     101 00000001               .data
     102                      .align  2
     103                      .elfsym ||K1||,SYM_SIZE(2),SYM_BLOCKED(1)
     104 00000002       ||K1||:
     105 00000002 7CEE          .xfloat $strtod("0x1.fef9dcp-1")                ; K1 @ 0
         00000003 3F7F 
     106              
     107              $C$DW$17        .dwtag  DW_TAG_variable
     108                      .dwattr $C$DW$17, DW_AT_name("K1")
     109                      .dwattr $C$DW$17, DW_AT_linkage_name("K1")
TMS320C2000 Assembler PC v22.6.2 Thu Feb  5 15:43:43 2026

Copyright (c) 1996-2018 Texas Instruments Incorporated
dual_axis_servo_drive_user_cpu.asm                                   PAGE    3

     110                      .dwattr $C$DW$17, DW_AT_location[DW_OP_addr ||K1||]
     111                      .dwattr $C$DW$17, DW_AT_type(*$C$DW$T$21)
     112                      .dwattr $C$DW$17, DW_AT_external
     113                      .dwattr $C$DW$17, DW_AT_decl_file("../sources/dual_axis_servo_drive_user_cpu.c")
     114                      .dwattr $C$DW$17, DW_AT_decl_line(0x38)
     115                      .dwattr $C$DW$17, DW_AT_decl_column(0x0b)
     116              
     117                      .global ||K2||
     118 00000004               .data
     119                      .align  2
     120                      .elfsym ||K2||,SYM_SIZE(2),SYM_BLOCKED(1)
     121 00000004       ||K2||:
     122 00000004 01A8          .xfloat $strtod("0x1.06035p-9")         ; K2 @ 0
         00000005 3B03 
     123              
     124              $C$DW$18        .dwtag  DW_TAG_variable
     125                      .dwattr $C$DW$18, DW_AT_name("K2")
     126                      .dwattr $C$DW$18, DW_AT_linkage_name("K2")
     127                      .dwattr $C$DW$18, DW_AT_location[DW_OP_addr ||K2||]
     128                      .dwattr $C$DW$18, DW_AT_type(*$C$DW$T$21)
     129                      .dwattr $C$DW$18, DW_AT_external
     130                      .dwattr $C$DW$18, DW_AT_decl_file("../sources/dual_axis_servo_drive_user_cpu.c")
     131                      .dwattr $C$DW$18, DW_AT_decl_line(0x39)
     132                      .dwattr $C$DW$18, DW_AT_decl_column(0x0b)
     133              
     134              $C$DW$19        .dwtag  DW_TAG_variable
     135                      .dwattr $C$DW$19, DW_AT_name("motorVars")
     136                      .dwattr $C$DW$19, DW_AT_linkage_name("motorVars")
     137                      .dwattr $C$DW$19, DW_AT_type(*$C$DW$T$140)
     138                      .dwattr $C$DW$19, DW_AT_declaration
     139                      .dwattr $C$DW$19, DW_AT_external
     140                      .dwattr $C$DW$19, DW_AT_decl_file("..\sources\fcl_foc_cpu_dm.h")
     141                      .dwattr $C$DW$19, DW_AT_decl_line(0x113)
     142                      .dwattr $C$DW$19, DW_AT_decl_column(0x15)
     143              
     144                      .sblock ".data"
     145              ;       C:\ti\ccs2031\ccs\tools\compiler\ti-cgt-c2000_22.6.2.LTS\bin\opt2000.exe C:\\Users\\Teddy\\AppData\\L
     146              ;       C:\ti\ccs2031\ccs\tools\compiler\ti-cgt-c2000_22.6.2.LTS\bin\acia2000.exe -@C:\\Users\\Teddy\\AppData
     147 00000000               .sect   ".text:runOffsetsCalculation"
     148                      .clink
     149                      .global ||runOffsetsCalculation||
     150              
     151              $C$DW$20        .dwtag  DW_TAG_subprogram
     152                      .dwattr $C$DW$20, DW_AT_name("runOffsetsCalculation")
     153                      .dwattr $C$DW$20, DW_AT_low_pc(||runOffsetsCalculation||)
     154                      .dwattr $C$DW$20, DW_AT_high_pc(0x00)
     155                      .dwattr $C$DW$20, DW_AT_linkage_name("runOffsetsCalculation")
     156                      .dwattr $C$DW$20, DW_AT_external
     157                      .dwattr $C$DW$20, DW_AT_decl_file("../sources/dual_axis_servo_drive_user_cpu.c")
     158                      .dwattr $C$DW$20, DW_AT_decl_line(0x1a5)
     159                      .dwattr $C$DW$20, DW_AT_decl_column(0x06)
     160                      .dwattr $C$DW$20, DW_AT_TI_max_frame_size(-6)
     161                      .dwpsn  file "../sources/dual_axis_servo_drive_user_cpu.c",line 422,column 1,is_stmt,address ||runOff
     162              
     163                      .dwfde $C$DW$CIE, ||runOffsetsCalculation||
TMS320C2000 Assembler PC v22.6.2 Thu Feb  5 15:43:43 2026

Copyright (c) 1996-2018 Texas Instruments Incorporated
dual_axis_servo_drive_user_cpu.asm                                   PAGE    4

     164              $C$DW$21        .dwtag  DW_TAG_formal_parameter
     165                      .dwattr $C$DW$21, DW_AT_name("pMotor")
     166                      .dwattr $C$DW$21, DW_AT_type(*$C$DW$T$138)
     167                      .dwattr $C$DW$21, DW_AT_location[DW_OP_reg12]
     168              
     169              
     170              ;***************************************************************
     171              ;* FNAME: runOffsetsCalculation         FR SIZE:   4           *
     172              ;*                                                             *
     173              ;* FUNCTION ENVIRONMENT                                        *
     174              ;*                                                             *
     175              ;* FUNCTION PROPERTIES                                         *
     176              ;*                            0 Parameter,  0 Auto,  4 SOE     *
     177              ;***************************************************************
     178              
     179              ||runOffsetsCalculation||:
     180              ;* AR5   assigned to $O$U12
     181              ;* R1    assigned to $O$v2
     182              ;* R0    assigned to $O$v1
     183              ;* AL    assigned to $O$R2
     184              ;* AL    assigned to $O$R3
     185              ;* AL    assigned to $O$R4
     186              ;* AR4   assigned to pMotor
     187              $C$DW$22        .dwtag  DW_TAG_variable
     188                      .dwattr $C$DW$22, DW_AT_name("pMotor")
     189                      .dwattr $C$DW$22, DW_AT_type(*$C$DW$T$139)
     190                      .dwattr $C$DW$22, DW_AT_location[DW_OP_reg12]
     191              
     192              ;* R0    assigned to vdc
     193              $C$DW$23        .dwtag  DW_TAG_variable
     194                      .dwattr $C$DW$23, DW_AT_name("vdc")
     195                      .dwattr $C$DW$23, DW_AT_type(*$C$DW$T$21)
     196                      .dwattr $C$DW$23, DW_AT_location[DW_OP_regx 0x2b]
     197              
     198                      .dwcfi  cfa_offset, -2
     199                      .dwcfi  save_reg_to_mem, 26, 0
     200 00000000 B2BD          MOVL      *SP++,XAR1            ; [CPU_ALU] 
     201                      .dwcfi  save_reg_to_mem, 7, 2
     202                      .dwcfi  cfa_offset, -4
     203                      .dwpsn  file "../sources/dual_axis_servo_drive_user_cpu.c",line 424,column 5,is_stmt,isa 0
     204 00000001 D032          MOVB      XAR0,#50              ; [CPU_ALU] |424| 
     205 00000002 E590          ZERO      R0H                   ; [CPU_FPU] |424| 
     206                      .dwpsn  file "../sources/dual_axis_servo_drive_user_cpu.c",line 425,column 5,is_stmt,isa 0
     207 00000003 E591          ZERO      R1H                   ; [CPU_FPU] |425| 
     208 00000004 D134          MOVB      XAR1,#52              ; [CPU_ALU] |425| 
     209 00000005 E203          MOV32     *SP++,R4H             ; [CPU_FPU] 
         00000006 04BD 
     210                      .dwcfi  save_reg_to_mem, 59, 4
     211                      .dwcfi  cfa_offset, -6
     212                      .dwpsn  file "../sources/dual_axis_servo_drive_user_cpu.c",line 424,column 5,is_stmt,isa 0
     213 00000007 E203          MOV32     *+XAR4[AR0],R0H       ; [CPU_FPU] |424| 
         00000008 0094 
     214                      .dwpsn  file "../sources/dual_axis_servo_drive_user_cpu.c",line 428,column 5,is_stmt,isa 0
     215 00000009 8D00          MOVL      XAR0,#450             ; [CPU_ALU] |428| 
         0000000a 01C2 
TMS320C2000 Assembler PC v22.6.2 Thu Feb  5 15:43:43 2026

Copyright (c) 1996-2018 Texas Instruments Incorporated
dual_axis_servo_drive_user_cpu.asm                                   PAGE    5

     216                      .dwpsn  file "../sources/dual_axis_servo_drive_user_cpu.c",line 425,column 5,is_stmt,isa 0
     217 0000000b E203          MOV32     *+XAR4[AR1],R1H       ; [CPU_FPU] |425| 
         0000000c 019C 
     218                      .dwpsn  file "../sources/dual_axis_servo_drive_user_cpu.c",line 428,column 5,is_stmt,isa 0
     219 0000000d 9294          MOV       AL,*+XAR4[AR0]        ; [CPU_ALU] |428| 
     220                      .dwpsn  file "../sources/dual_axis_servo_drive_user_cpu.c",line 426,column 5,is_stmt,isa 0
     221 0000000e D036          MOVB      XAR0,#54              ; [CPU_ALU] |426| 
     222 0000000f E203          MOV32     *+XAR4[AR0],R0H       ; [CPU_FPU] |426| 
         00000010 0094 
     223                      .dwpsn  file "../sources/dual_axis_servo_drive_user_cpu.c",line 428,column 5,is_stmt,isa 0
     224 00000011 FFE0          B         ||$C$L4||,NEQ         ; [CPU_ALU] |428| 
         00000012 009C 
     225                      ; branchcc occurs ; [] |428| 
     226 00000013 8D00          MOVL      XAR0,#416             ; [CPU_ALU] 
         00000014 01A0 
     227 00000015 8394          MOVL      XAR5,*+XAR4[AR0]      ; [CPU_ALU] 
     228 00000016 761F!         MOVW      DP,#||offsetCalCounter|| ; [CPU_ARAU] 
         00000017 0000 
     229                      .dwpsn  file "../sources/dual_axis_servo_drive_user_cpu.c",line 430,column 13,is_stmt,isa 0
     230 00000018 2B00!         MOV       @||offsetCalCounter||,#0 ; [CPU_ALU] |430| 
     231 00000019       ||$C$L1||:    
     232                      .dwpsn  file "C:/ti/C2000Ware_MotorControl_SDK_5_04_00_00/c2000ware/driverlib/f28002x/driverlib/epwm.
     233 00000019 A0A9          MOVL      ACC,XAR5              ; [CPU_ALU] |5070| 
     234 0000001a 09AA          ADDB      ACC,#170              ; [CPU_ALU] |5070| 
     235 0000001b 1EA6          MOVL      XAR6,ACC              ; [CPU_ALU] |5070| 
     236 0000001c 1AC6          OR        *+XAR6[0],#0x0001     ; [CPU_ALU] |5070| 
         0000001d 0001 
     237 0000001e       ||$C$L2||:    
     238                      .dwpsn  file "C:/ti/C2000Ware_MotorControl_SDK_5_04_00_00/c2000ware/driverlib/f28002x/driverlib/epwm.
     239 0000001e D0A8          MOVB      XAR0,#168             ; [CPU_ALU] |5045| 
     240 0000001f 4095          TBIT      *+XAR5[AR0],#0        ; [CPU_ALU] |5045| 
     241 00000020 6CFE          B         ||$C$L2||,NTC         ; [CPU_ALU] |5045| 
     242                      ; branchcc occurs ; [] |5045| 
     243 00000021 761F!         MOVW      DP,#||offsetCalCounter|| ; [CPU_ARAU] 
         00000022 0000 
     244                      .dwpsn  file "../sources/dual_axis_servo_drive_user_cpu.c",line 436,column 13,is_stmt,isa 0
     245 00000023 1B00!         CMP       @||offsetCalCounter||,#1000 ; [CPU_ALU] |436| 
         00000024 03E8 
     246 00000025 694B          B         ||$C$L3||,LOS         ; [CPU_ALU] |436| 
     247                      ; branchcc occurs ; [] |436| 
     248                      .dwpsn  file "C:/ti/C2000Ware_MotorControl_SDK_5_04_00_00/c2000ware/driverlib/f28002x/driverlib/adc.h
     249 00000026 F5A9          MOV       AL,*(0:0x0b41)        ; [CPU_ALU] |918| 
         00000027 0B41 
     250                      .dwpsn  file "../sources/dual_axis_servo_drive_user_cpu.c",line 439,column 17,is_stmt,isa 0
     251 00000028 0EA9          MOVU      ACC,AL                ; [CPU_ALU] |439| 
     252 00000029 BDA9          MOV32     R3H,ACC               ; [CPU_FPU] |439| 
         0000002a 0F1E 
     253 0000002b 7700          NOP       ; [CPU_ALU] 
     254 0000002c D032          MOVB      XAR0,#50              ; [CPU_ALU] |439| 
     255 0000002d E2AF!         MOV32     R1H,@||K2||           ; [CPU_FPU] |439| 
         0000002e 0100 
     256 0000002f D142          MOVB      XAR1,#66              ; [CPU_ALU] |439| 
     257 00000030 E68B          UI32TOF32 R3H,R3H               ; [CPU_FPU] |439| 
         00000031 001B 
     258 00000032 E2AF!         MOV32     R0H,@||K1||           ; [CPU_FPU] |439| 
TMS320C2000 Assembler PC v22.6.2 Thu Feb  5 15:43:43 2026

Copyright (c) 1996-2018 Texas Instruments Incorporated
dual_axis_servo_drive_user_cpu.asm                                   PAGE    6

         00000033 0000 
     259              
     260 00000034 E306          MPYF32    R3H,R1H,R3H           ; [CPU_FPU] |439| 
         00000035 5A94 
     261              ||      MOV32     R2H,*+XAR4[AR0]       ; [CPU_FPU] |439| 
     262              
     263 00000036 E304          MPYF32    R2H,R0H,R2H           ; [CPU_FPU] |439| 
         00000037 149C 
     264              ||      MOV32     R4H,*+XAR4[AR1]       ; [CPU_FPU] |439| 
     265              
     266 00000038 E700          MPYF32    R3H,R4H,R3H           ; [CPU_FPU] |439| 
         00000039 00E3 
     267 0000003a 7700          NOP       ; [CPU_ALU] 
     268 0000003b E710          ADDF32    R2H,R2H,R3H           ; [CPU_FPU] |439| 
         0000003c 00D2 
     269 0000003d D032          MOVB      XAR0,#50              ; [CPU_ALU] |439| 
     270 0000003e E203          MOV32     *+XAR4[AR0],R2H       ; [CPU_FPU] |439| 
         0000003f 0294 
     271                      .dwpsn  file "C:/ti/C2000Ware_MotorControl_SDK_5_04_00_00/c2000ware/driverlib/f28002x/driverlib/adc.h
     272 00000040 F5A9          MOV       AL,*(0:0x0b40)        ; [CPU_ALU] |918| 
         00000041 0B40 
     273                      .dwpsn  file "../sources/dual_axis_servo_drive_user_cpu.c",line 442,column 17,is_stmt,isa 0
     274 00000042 0EA9          MOVU      ACC,AL                ; [CPU_ALU] |442| 
     275 00000043 BDA9          MOV32     R3H,ACC               ; [CPU_FPU] |442| 
         00000044 0F1E 
     276 00000045 7700          NOP       ; [CPU_ALU] 
     277 00000046 7700          NOP       ; [CPU_ALU] 
     278 00000047 7700          NOP       ; [CPU_ALU] 
     279 00000048 D142          MOVB      XAR1,#66              ; [CPU_ALU] |442| 
     280 00000049 E68B          UI32TOF32 R3H,R3H               ; [CPU_FPU] |442| 
         0000004a 001B 
     281 0000004b D034          MOVB      XAR0,#52              ; [CPU_ALU] |442| 
     282              
     283 0000004c E306          MPYF32    R3H,R1H,R3H           ; [CPU_FPU] |442| 
         0000004d 5A94 
     284              ||      MOV32     R2H,*+XAR4[AR0]       ; [CPU_FPU] |442| 
     285              
     286 0000004e E304          MPYF32    R2H,R0H,R2H           ; [CPU_FPU] |442| 
         0000004f 149C 
     287              ||      MOV32     R4H,*+XAR4[AR1]       ; [CPU_FPU] |442| 
     288              
     289 00000050 E700          MPYF32    R3H,R4H,R3H           ; [CPU_FPU] |442| 
         00000051 00E3 
     290 00000052 7700          NOP       ; [CPU_ALU] 
     291 00000053 E710          ADDF32    R2H,R2H,R3H           ; [CPU_FPU] |442| 
         00000054 00D2 
     292 00000055 D034          MOVB      XAR0,#52              ; [CPU_ALU] |442| 
     293 00000056 E203          MOV32     *+XAR4[AR0],R2H       ; [CPU_FPU] |442| 
         00000057 0294 
     294                      .dwpsn  file "C:/ti/C2000Ware_MotorControl_SDK_5_04_00_00/c2000ware/driverlib/f28002x/driverlib/adc.h
     295 00000058 F5A9          MOV       AL,*(0:0x0b00)        ; [CPU_ALU] |918| 
         00000059 0B00 
     296                      .dwpsn  file "../sources/dual_axis_servo_drive_user_cpu.c",line 445,column 17,is_stmt,isa 0
     297 0000005a 0EA9          MOVU      ACC,AL                ; [CPU_ALU] |445| 
     298 0000005b BDA9          MOV32     R3H,ACC               ; [CPU_FPU] |445| 
TMS320C2000 Assembler PC v22.6.2 Thu Feb  5 15:43:43 2026

Copyright (c) 1996-2018 Texas Instruments Incorporated
dual_axis_servo_drive_user_cpu.asm                                   PAGE    7

         0000005c 0F1E 
     299 0000005d 7700          NOP       ; [CPU_ALU] 
     300 0000005e 7700          NOP       ; [CPU_ALU] 
     301 0000005f 7700          NOP       ; [CPU_ALU] 
     302 00000060 D142          MOVB      XAR1,#66              ; [CPU_ALU] |445| 
     303 00000061 E68B          UI32TOF32 R3H,R3H               ; [CPU_FPU] |445| 
         00000062 001B 
     304 00000063 D036          MOVB      XAR0,#54              ; [CPU_ALU] |445| 
     305              
     306 00000064 E306          MPYF32    R1H,R1H,R3H           ; [CPU_FPU] |445| 
         00000065 4A94 
     307              ||      MOV32     R2H,*+XAR4[AR0]       ; [CPU_FPU] |445| 
     308              
     309                      MOV32     R3H,*+XAR4[AR1]       ; [CPU_FPU] |445| 
     310 00000066 E304  ||      MPYF32    R0H,R0H,R2H           ; [CPU_FPU] |445| 
         00000067 039C 
     311              
     312 00000068 E700          MPYF32    R1H,R3H,R1H           ; [CPU_FPU] |445| 
         00000069 0059 
     313 0000006a 7700          NOP       ; [CPU_ALU] 
     314 0000006b E710          ADDF32    R0H,R0H,R1H           ; [CPU_FPU] |445| 
         0000006c 0040 
     315 0000006d D036          MOVB      XAR0,#54              ; [CPU_ALU] |445| 
     316 0000006e E203          MOV32     *+XAR4[AR0],R0H       ; [CPU_FPU] |445| 
         0000006f 0094 
     317 00000070       ||$C$L3||:    
     318                      .dwpsn  file "../sources/dual_axis_servo_drive_user_cpu.c",line 430,column 61,is_stmt,isa 0
     319 00000070 0A00!         INC       @||offsetCalCounter|| ; [CPU_ALU] |430| 
     320 00000071 1B00!         CMP       @||offsetCalCounter||,#10000 ; [CPU_ALU] |430| 
         00000072 2710 
     321 00000073 68A6          B         ||$C$L1||,LO          ; [CPU_ALU] |430| 
     322                      ; branchcc occurs ; [] |430| 
     323                      .dwpsn  file "C:/ti/C2000Ware_MotorControl_SDK_5_04_00_00/c2000ware/driverlib/f28002x/driverlib/adc.h
     324 00000074 D032          MOVB      XAR0,#50              ; [CPU_ALU] |1613| 
     325 00000075 E2AF          MOV32     R0H,*+XAR4[AR0]       ; [CPU_FPU] |1613| 
         00000076 0094 
     326                      .dwpsn  file "..\sources\dual_axis_servo_drive_cpu.h",line 304,column 5,is_stmt,isa 0
     327 00000077 8D00          MOVL      XAR0,#404             ; [CPU_ALU] |304| 
         00000078 0194 
     328 00000079 8394          MOVL      XAR5,*+XAR4[AR0]      ; [CPU_ALU] |304| 
     329                      .dwpsn  file "C:/ti/C2000Ware_MotorControl_SDK_5_04_00_00/c2000ware/driverlib/f28002x/driverlib/adc.h
     330 0000007a E851          MPYF32    R0H,R0H,#17792        ; [CPU_FPU] |1613| 
         0000007b 6000 
     331                      .dwpsn  file "../sources/dual_axis_servo_drive_user_cpu.c",line 453,column 9,is_stmt,isa 0
     332 0000007c 8D40          MOVL      XAR1,#380             ; [CPU_ALU] |453| 
         0000007d 017C 
     333                      .dwpsn  file "..\sources\dual_axis_servo_drive_cpu.h",line 304,column 5,is_stmt,isa 0
     334 0000007e D040          MOVB      XAR0,#64              ; [CPU_ALU] |304| 
     335                      .dwpsn  file "C:/ti/C2000Ware_MotorControl_SDK_5_04_00_00/c2000ware/driverlib/f28002x/driverlib/adc.h
     336 0000007f E68E          F32TOUI16 R0H,R0H               ; [CPU_FPU] |1613| 
         00000080 0000 
     337                      .dwpsn  file "..\sources\dual_axis_servo_drive_cpu.h",line 304,column 5,is_stmt,isa 0
     338 00000081 E2AF          MOV32     R4H,*+XAR4[AR0]       ; [CPU_FPU] |304| 
         00000082 0494 
     339 00000083 E2C4          UI16TOF32 R1H,*+XAR5[0]         ; [CPU_FPU] |304| 
TMS320C2000 Assembler PC v22.6.2 Thu Feb  5 15:43:43 2026

Copyright (c) 1996-2018 Texas Instruments Incorporated
dual_axis_servo_drive_user_cpu.asm                                   PAGE    8

         00000084 01C5 
     340                      .dwpsn  file "C:/ti/C2000Ware_MotorControl_SDK_5_04_00_00/c2000ware/driverlib/f28002x/driverlib/adc.h
     341 00000085 BFA9          MOV32     ACC,R0H               ; [CPU_FPU] |1613| 
         00000086 0F12 
     342                      .dwpsn  file "..\sources\dual_axis_servo_drive_cpu.h",line 304,column 5,is_stmt,isa 0
     343 00000087 E700          MPYF32    R0H,R4H,R1H           ; [CPU_FPU] |304| 
         00000088 0060 
     344                      .dwpsn  file "C:/ti/C2000Ware_MotorControl_SDK_5_04_00_00/c2000ware/driverlib/f28002x/driverlib/adc.h
     345 00000089 D034          MOVB      XAR0,#52              ; [CPU_ALU] |1613| 
     346                      .dwpsn  file "..\sources\dual_axis_servo_drive_cpu.h",line 308,column 9,is_stmt,isa 0
     347 0000008a E821          MAXF32    R0H,#16256            ; [CPU_FPU] |308| 
         0000008b FC00 
     348                      .dwpsn  file "../sources/dual_axis_servo_drive_user_cpu.c",line 453,column 9,is_stmt,isa 0
     349 0000008c E203          MOV32     *+XAR4[AR1],R0H       ; [CPU_FPU] |453| 
         0000008d 009C 
     350                      .dwpsn  file "C:/ti/C2000Ware_MotorControl_SDK_5_04_00_00/c2000ware/driverlib/f28002x/driverlib/adc.h
     351 0000008e F4A9          MOV       *(0:0x754b),AL        ; [CPU_ALU] |1613| 
         0000008f 754B 
     352 00000090 E2AF          MOV32     R0H,*+XAR4[AR0]       ; [CPU_FPU] |1613| 
         00000091 0094 
     353 00000092 E851          MPYF32    R0H,R0H,#17792        ; [CPU_FPU] |1613| 
         00000093 6000 
     354 00000094 7700          NOP       ; [CPU_ALU] 
     355 00000095 E68E          F32TOUI16 R0H,R0H               ; [CPU_FPU] |1613| 
         00000096 0000 
     356 00000097 7700          NOP       ; [CPU_ALU] 
     357 00000098 D036          MOVB      XAR0,#54              ; [CPU_ALU] |1613| 
     358 00000099 BFA9          MOV32     ACC,R0H               ; [CPU_FPU] |1613| 
         0000009a 0F12 
     359 0000009b F4A9          MOV       *(0:0x7543),AL        ; [CPU_ALU] |1613| 
         0000009c 7543 
     360 0000009d E2AF          MOV32     R0H,*+XAR4[AR0]       ; [CPU_FPU] |1613| 
         0000009e 0094 
     361 0000009f E851          MPYF32    R0H,R0H,#17792        ; [CPU_FPU] |1613| 
         000000a0 6000 
     362 000000a1 7700          NOP       ; [CPU_ALU] 
     363 000000a2 E68E          F32TOUI16 R0H,R0H               ; [CPU_FPU] |1613| 
         000000a3 0000 
     364 000000a4 7700          NOP       ; [CPU_ALU] 
     365 000000a5 7700          NOP       ; [CPU_ALU] 
     366 000000a6 BFA9          MOV32     ACC,R0H               ; [CPU_FPU] |1613| 
         000000a7 0F12 
     367 000000a8 9B00          MOVB      AH,#0                 ; [CPU_ALU] |1613| 
     368 000000a9 F4A9          MOV       *(0:0x7443),AL        ; [CPU_ALU] |1613| 
         000000aa 7443 
     369 000000ab F4A8          MOV       *(0:0x744b),AH        ; [CPU_ALU] |1613| 
         000000ac 744B 
     370 000000ad       ||$C$L4||:    
     371                      .dwpsn  file "../sources/dual_axis_servo_drive_user_cpu.c",line 511,column 5,is_stmt,isa 0
     372 000000ad 8D00          MOVL      XAR0,#455             ; [CPU_ALU] |511| 
         000000ae 01C7 
     373 000000af 56BF          MOVB      *+XAR4[AR0],#1,UNC    ; [CPU_ALU] |511| 
         000000b0 0194 
     374 000000b1 E2AF          MOV32     R4H,*--SP             ; [CPU_FPU] 
         000000b2 04BE 
TMS320C2000 Assembler PC v22.6.2 Thu Feb  5 15:43:43 2026

Copyright (c) 1996-2018 Texas Instruments Incorporated
dual_axis_servo_drive_user_cpu.asm                                   PAGE    9

     375                      .dwcfi  cfa_offset, -4
     376                      .dwcfi  restore_reg, 59
     377 000000b3 8BBE          MOVL      XAR1,*--SP            ; [CPU_ALU] 
     378                      .dwcfi  cfa_offset, -2
     379                      .dwcfi  restore_reg, 7
     380              $C$DW$24        .dwtag  DW_TAG_TI_branch
     381                      .dwattr $C$DW$24, DW_AT_low_pc(0x00)
     382                      .dwattr $C$DW$24, DW_AT_TI_return
     383              
     384 000000b4 0006          LRETR     ; [CPU_ALU] 
     385                      ; return occurs ; [] 
     386                      .dwattr $C$DW$20, DW_AT_TI_end_file("../sources/dual_axis_servo_drive_user_cpu.c")
     387                      .dwattr $C$DW$20, DW_AT_TI_end_line(0x202)
     388                      .dwattr $C$DW$20, DW_AT_TI_end_column(0x01)
     389                      .dwendentry
     390                      .dwendtag $C$DW$20
     391              
     392 00000000               .sect   ".text:resetControlVars"
     393                      .clink
     394                      .global ||resetControlVars||
     395              
     396              $C$DW$25        .dwtag  DW_TAG_subprogram
     397                      .dwattr $C$DW$25, DW_AT_name("resetControlVars")
     398                      .dwattr $C$DW$25, DW_AT_low_pc(||resetControlVars||)
     399                      .dwattr $C$DW$25, DW_AT_high_pc(0x00)
     400                      .dwattr $C$DW$25, DW_AT_linkage_name("resetControlVars")
     401                      .dwattr $C$DW$25, DW_AT_external
     402                      .dwattr $C$DW$25, DW_AT_decl_file("../sources/dual_axis_servo_drive_user_cpu.c")
     403                      .dwattr $C$DW$25, DW_AT_decl_line(0x18c)
     404                      .dwattr $C$DW$25, DW_AT_decl_column(0x06)
     405                      .dwattr $C$DW$25, DW_AT_TI_max_frame_size(-4)
     406                      .dwpsn  file "../sources/dual_axis_servo_drive_user_cpu.c",line 397,column 1,is_stmt,address ||resetC
     407              
     408                      .dwfde $C$DW$CIE, ||resetControlVars||
     409              $C$DW$26        .dwtag  DW_TAG_formal_parameter
     410                      .dwattr $C$DW$26, DW_AT_name("pMotor")
     411                      .dwattr $C$DW$26, DW_AT_type(*$C$DW$T$138)
     412                      .dwattr $C$DW$26, DW_AT_location[DW_OP_reg12]
     413              
     414              
     415              ;***************************************************************
     416              ;* FNAME: resetControlVars              FR SIZE:   2           *
     417              ;*                                                             *
     418              ;* FUNCTION ENVIRONMENT                                        *
     419              ;*                                                             *
     420              ;* FUNCTION PROPERTIES                                         *
     421              ;*                            0 Parameter,  0 Auto,  2 SOE     *
     422              ;***************************************************************
     423              
     424              ||resetControlVars||:
     425              ;* AR4   assigned to pMotor
     426              $C$DW$27        .dwtag  DW_TAG_variable
     427                      .dwattr $C$DW$27, DW_AT_name("pMotor")
     428                      .dwattr $C$DW$27, DW_AT_type(*$C$DW$T$139)
     429                      .dwattr $C$DW$27, DW_AT_location[DW_OP_reg12]
TMS320C2000 Assembler PC v22.6.2 Thu Feb  5 15:43:43 2026

Copyright (c) 1996-2018 Texas Instruments Incorporated
dual_axis_servo_drive_user_cpu.asm                                   PAGE   10

     430              
     431                      .dwcfi  cfa_offset, -2
     432                      .dwcfi  save_reg_to_mem, 26, 0
     433 00000000 B2BD          MOVL      *SP++,XAR1            ; [CPU_ALU] 
     434                      .dwcfi  save_reg_to_mem, 7, 2
     435                      .dwcfi  cfa_offset, -4
     436                      .dwpsn  file "../sources/dual_axis_servo_drive_user_cpu.c",line 403,column 5,is_stmt,isa 0
     437 00000001 8D00          MOVL      XAR0,#294             ; [CPU_ALU] |403| 
         00000002 0126 
     438 00000003 E590          ZERO      R0H                   ; [CPU_FPU] |403| 
     439                      .dwpsn  file "../sources/dual_axis_servo_drive_user_cpu.c",line 411,column 5,is_stmt,isa 0
     440 00000004 8D40          MOVL      XAR1,#348             ; [CPU_ALU] |411| 
         00000005 015C 
     441                      .dwpsn  file "../sources/dual_axis_servo_drive_user_cpu.c",line 403,column 5,is_stmt,isa 0
     442 00000006 E203          MOV32     *+XAR4[AR0],R0H       ; [CPU_FPU] |403| 
         00000007 0094 
     443                      .dwpsn  file "../sources/dual_axis_servo_drive_user_cpu.c",line 404,column 5,is_stmt,isa 0
     444 00000008 8D00          MOVL      XAR0,#292             ; [CPU_ALU] |404| 
         00000009 0124 
     445                      .dwpsn  file "../sources/dual_axis_servo_drive_user_cpu.c",line 401,column 5,is_stmt,isa 0
     446 0000000a E591          ZERO      R1H                   ; [CPU_FPU] |401| 
     447                      .dwpsn  file "../sources/dual_axis_servo_drive_user_cpu.c",line 404,column 5,is_stmt,isa 0
     448 0000000b E203          MOV32     *+XAR4[AR0],R0H       ; [CPU_FPU] |404| 
         0000000c 0094 
     449                      .dwpsn  file "../sources/dual_axis_servo_drive_user_cpu.c",line 405,column 5,is_stmt,isa 0
     450 0000000d 8D00          MOVL      XAR0,#290             ; [CPU_ALU] |405| 
         0000000e 0122 
     451                      .dwpsn  file "../sources/dual_axis_servo_drive_user_cpu.c",line 411,column 5,is_stmt,isa 0
     452 0000000f E203          MOV32     *+XAR4[AR1],R0H       ; [CPU_FPU] |411| 
         00000010 009C 
     453                      .dwpsn  file "../sources/dual_axis_servo_drive_user_cpu.c",line 405,column 5,is_stmt,isa 0
     454 00000011 E203          MOV32     *+XAR4[AR0],R0H       ; [CPU_FPU] |405| 
         00000012 0094 
     455                      .dwpsn  file "../sources/dual_axis_servo_drive_user_cpu.c",line 406,column 5,is_stmt,isa 0
     456 00000013 8D00          MOVL      XAR0,#316             ; [CPU_ALU] |406| 
         00000014 013C 
     457 00000015 E203          MOV32     *+XAR4[AR0],R0H       ; [CPU_FPU] |406| 
         00000016 0094 
     458                      .dwpsn  file "../sources/dual_axis_servo_drive_user_cpu.c",line 408,column 5,is_stmt,isa 0
     459 00000017 8D00          MOVL      XAR0,#326             ; [CPU_ALU] |408| 
         00000018 0146 
     460 00000019 E203          MOV32     *+XAR4[AR0],R0H       ; [CPU_FPU] |408| 
         0000001a 0094 
     461                      .dwpsn  file "../sources/dual_axis_servo_drive_user_cpu.c",line 409,column 5,is_stmt,isa 0
     462 0000001b 8D00          MOVL      XAR0,#324             ; [CPU_ALU] |409| 
         0000001c 0144 
     463 0000001d E203          MOV32     *+XAR4[AR0],R0H       ; [CPU_FPU] |409| 
         0000001e 0094 
     464                      .dwpsn  file "../sources/dual_axis_servo_drive_user_cpu.c",line 410,column 5,is_stmt,isa 0
     465 0000001f 8D00          MOVL      XAR0,#322             ; [CPU_ALU] |410| 
         00000020 0142 
     466 00000021 E203          MOV32     *+XAR4[AR0],R0H       ; [CPU_FPU] |410| 
         00000022 0094 
     467                      .dwpsn  file "../sources/dual_axis_servo_drive_user_cpu.c",line 398,column 5,is_stmt,isa 0
     468 00000023 8D00          MOVL      XAR0,#451             ; [CPU_ALU] |398| 
TMS320C2000 Assembler PC v22.6.2 Thu Feb  5 15:43:43 2026

Copyright (c) 1996-2018 Texas Instruments Incorporated
dual_axis_servo_drive_user_cpu.asm                                   PAGE   11

         00000024 01C3 
     469 00000025 2B94          MOV       *+XAR4[AR0],#0        ; [CPU_ALU] |398| 
     470                      .dwpsn  file "../sources/dual_axis_servo_drive_user_cpu.c",line 400,column 5,is_stmt,isa 0
     471 00000026 8D00          MOVL      XAR0,#448             ; [CPU_ALU] |400| 
         00000027 01C0 
     472 00000028 2B94          MOV       *+XAR4[AR0],#0        ; [CPU_ALU] |400| 
     473                      .dwpsn  file "../sources/dual_axis_servo_drive_user_cpu.c",line 401,column 5,is_stmt,isa 0
     474 00000029 D04E          MOVB      XAR0,#78              ; [CPU_ALU] |401| 
     475 0000002a E203          MOV32     *+XAR4[AR0],R1H       ; [CPU_FPU] |401| 
         0000002b 0194 
     476 0000002c 8BBE          MOVL      XAR1,*--SP            ; [CPU_ALU] 
     477                      .dwcfi  cfa_offset, -2
     478                      .dwcfi  restore_reg, 7
     479              $C$DW$28        .dwtag  DW_TAG_TI_branch
     480                      .dwattr $C$DW$28, DW_AT_low_pc(0x00)
     481                      .dwattr $C$DW$28, DW_AT_TI_return
     482              
     483 0000002d 0006          LRETR     ; [CPU_ALU] 
     484                      ; return occurs ; [] 
     485                      .dwattr $C$DW$25, DW_AT_TI_end_file("../sources/dual_axis_servo_drive_user_cpu.c")
     486                      .dwattr $C$DW$25, DW_AT_TI_end_line(0x19e)
     487                      .dwattr $C$DW$25, DW_AT_TI_end_column(0x01)
     488                      .dwendentry
     489                      .dwendtag $C$DW$25
     490              
     491 00000000               .sect   ".text:initMotorParameters"
     492                      .clink
     493                      .global ||initMotorParameters||
     494              
     495              $C$DW$29        .dwtag  DW_TAG_subprogram
     496                      .dwattr $C$DW$29, DW_AT_name("initMotorParameters")
     497                      .dwattr $C$DW$29, DW_AT_low_pc(||initMotorParameters||)
     498                      .dwattr $C$DW$29, DW_AT_high_pc(0x00)
     499                      .dwattr $C$DW$29, DW_AT_linkage_name("initMotorParameters")
     500                      .dwattr $C$DW$29, DW_AT_external
     501                      .dwattr $C$DW$29, DW_AT_decl_file("../sources/dual_axis_servo_drive_user_cpu.c")
     502                      .dwattr $C$DW$29, DW_AT_decl_line(0x40)
     503                      .dwattr $C$DW$29, DW_AT_decl_column(0x06)
     504                      .dwattr $C$DW$29, DW_AT_TI_max_frame_size(-14)
     505                      .dwpsn  file "../sources/dual_axis_servo_drive_user_cpu.c",line 65,column 1,is_stmt,address ||initMot
     506              
     507                      .dwfde $C$DW$CIE, ||initMotorParameters||
     508              $C$DW$30        .dwtag  DW_TAG_formal_parameter
     509                      .dwattr $C$DW$30, DW_AT_name("pMotor")
     510                      .dwattr $C$DW$30, DW_AT_type(*$C$DW$T$138)
     511                      .dwattr $C$DW$30, DW_AT_location[DW_OP_reg12]
     512              
     513              $C$DW$31        .dwtag  DW_TAG_formal_parameter
     514                      .dwattr $C$DW$31, DW_AT_name("mtrHandle")
     515                      .dwattr $C$DW$31, DW_AT_type(*$C$DW$T$134)
     516                      .dwattr $C$DW$31, DW_AT_location[DW_OP_reg14]
     517              
     518              
     519              ;***************************************************************
     520              ;* FNAME: initMotorParameters           FR SIZE:  12           *
TMS320C2000 Assembler PC v22.6.2 Thu Feb  5 15:43:43 2026

Copyright (c) 1996-2018 Texas Instruments Incorporated
dual_axis_servo_drive_user_cpu.asm                                   PAGE   12

     521              ;*                                                             *
     522              ;* FUNCTION ENVIRONMENT                                        *
     523              ;*                                                             *
     524              ;* FUNCTION PROPERTIES                                         *
     525              ;*                            5 Parameter,  0 Auto,  6 SOE     *
     526              ;***************************************************************
     527              
     528              ||initMotorParameters||:
     529              ;* AR2   assigned to pMotor
     530              $C$DW$32        .dwtag  DW_TAG_variable
     531                      .dwattr $C$DW$32, DW_AT_name("pMotor")
     532                      .dwattr $C$DW$32, DW_AT_type(*$C$DW$T$139)
     533                      .dwattr $C$DW$32, DW_AT_location[DW_OP_reg8]
     534              
     535              ;* AR3   assigned to mtrHandle
     536              $C$DW$33        .dwtag  DW_TAG_variable
     537                      .dwattr $C$DW$33, DW_AT_name("mtrHandle")
     538                      .dwattr $C$DW$33, DW_AT_type(*$C$DW$T$135)
     539                      .dwattr $C$DW$33, DW_AT_location[DW_OP_reg10]
     540              
     541                      .dwcfi  cfa_offset, -2
     542                      .dwcfi  save_reg_to_mem, 26, 0
     543 00000000 B2BD          MOVL      *SP++,XAR1            ; [CPU_ALU] 
     544                      .dwcfi  save_reg_to_mem, 7, 2
     545                      .dwcfi  cfa_offset, -4
     546 00000001 AABD          MOVL      *SP++,XAR2            ; [CPU_ALU] 
     547                      .dwcfi  save_reg_to_mem, 9, 4
     548                      .dwcfi  cfa_offset, -6
     549 00000002 A2BD          MOVL      *SP++,XAR3            ; [CPU_ALU] 
     550                      .dwcfi  save_reg_to_mem, 11, 6
     551                      .dwcfi  cfa_offset, -8
     552 00000003 FE06          ADDB      SP,#6                 ; [CPU_ARAU] 
     553                      .dwcfi  cfa_offset, -14
     554 00000004 86A4          MOVL      XAR2,XAR4             ; [CPU_ALU] |65| 
     555                      .dwpsn  file "../sources/dual_axis_servo_drive_user_cpu.c",line 68,column 5,is_stmt,isa 0
     556 00000005 8F00!         MOVL      XAR4,#||motorVars||   ; [CPU_ARAU] |68| 
         00000006 0000 
     557                      .dwpsn  file "../sources/dual_axis_servo_drive_user_cpu.c",line 65,column 1,is_stmt,isa 0
     558 00000007 82A5          MOVL      XAR3,XAR5             ; [CPU_ALU] |65| 
     559                      .dwpsn  file "../sources/dual_axis_servo_drive_user_cpu.c",line 68,column 5,is_stmt,isa 0
     560 00000008 A8A9          MOVL      ACC,XAR4              ; [CPU_ALU] |68| 
     561 00000009 0FA2          CMPL      ACC,XAR2              ; [CPU_ALU] |68| 
     562 0000000a FFE0          B         ||$C$L5||,NEQ         ; [CPU_ALU] |68| 
         0000000b 012E 
     563                      ; branchcc occurs ; [] |68| 
     564                      .dwpsn  file "../sources/dual_axis_servo_drive_user_cpu.c",line 114,column 9,is_stmt,isa 0
     565 0000000c E802          MOVIZ     R1H,#19565            ; [CPU_FPU] |114| 
         0000000d 6369 
     566                      .dwpsn  file "../sources/dual_axis_servo_drive_user_cpu.c",line 135,column 9,is_stmt,isa 0
     567 0000000e E801          MOVIZ     R0H,#16349            ; [CPU_FPU] |135| 
         0000000f FEE8 
     568                      .dwpsn  file "../sources/dual_axis_servo_drive_user_cpu.c",line 114,column 9,is_stmt,isa 0
     569 00000010 8D40          MOVL      XAR1,#350             ; [CPU_ALU] |114| 
         00000011 015E 
     570                      .dwpsn  file "../sources/dual_axis_servo_drive_user_cpu.c",line 135,column 9,is_stmt,isa 0
TMS320C2000 Assembler PC v22.6.2 Thu Feb  5 15:43:43 2026

Copyright (c) 1996-2018 Texas Instruments Incorporated
dual_axis_servo_drive_user_cpu.asm                                   PAGE   13

     571 00000012 8D00          MOVL      XAR0,#350             ; [CPU_ALU] |135| 
         00000013 015E 
     572                      .dwpsn  file "../sources/dual_axis_servo_drive_user_cpu.c",line 125,column 9,is_stmt,isa 0
     573 00000014 E805          MOVIZ     R3H,#47616            ; [CPU_FPU] |125| 
         00000015 D003 
     574                      .dwpsn  file "../sources/dual_axis_servo_drive_user_cpu.c",line 114,column 9,is_stmt,isa 0
     575 00000016 E80C          MOVXI     R1H,#32768            ; [CPU_FPU] |114| 
         00000017 0001 
     576                      .dwpsn  file "../sources/dual_axis_servo_drive_user_cpu.c",line 135,column 9,is_stmt,isa 0
     577 00000018 E80D          MOVXI     R0H,#46039            ; [CPU_FPU] |135| 
         00000019 9EB8 
     578                      .dwpsn  file "../sources/dual_axis_servo_drive_user_cpu.c",line 126,column 9,is_stmt,isa 0
     579 0000001a E805          MOVIZ     R2H,#47616            ; [CPU_FPU] |126| 
         0000001b D002 
     580                      .dwpsn  file "../sources/dual_axis_servo_drive_user_cpu.c",line 114,column 9,is_stmt,isa 0
     581 0000001c E203          MOV32     *+XAR2[AR1],R1H       ; [CPU_FPU] |114| 
         0000001d 019A 
     582                      .dwpsn  file "../sources/dual_axis_servo_drive_user_cpu.c",line 135,column 9,is_stmt,isa 0
     583 0000001e E2AF          MOV32     R1H,*+XAR2[AR0]       ; [CPU_FPU] |135| 
         0000001f 0192 
     584 00000020 E700          MPYF32    R0H,R0H,R1H           ; [CPU_FPU] |135| 
         00000021 0040 
     585 00000022 8D00          MOVL      XAR0,#358             ; [CPU_ALU] |135| 
         00000023 0166 
     586 00000024 E203          MOV32     *+XAR2[AR0],R0H       ; [CPU_FPU] |135| 
         00000025 0092 
     587                      .dwpsn  file "../sources/dual_axis_servo_drive_user_cpu.c",line 125,column 9,is_stmt,isa 0
     588 00000026 8D00          MOVL      XAR0,#352             ; [CPU_ALU] |125| 
         00000027 0160 
     589                      .dwpsn  file "../sources/dual_axis_servo_drive_user_cpu.c",line 127,column 9,is_stmt,isa 0
     590 00000028 E805          MOVIZ     R1H,#47744            ; [CPU_FPU] |127| 
         00000029 D401 
     591                      .dwpsn  file "../sources/dual_axis_servo_drive_user_cpu.c",line 125,column 9,is_stmt,isa 0
     592 0000002a E203          MOV32     *+XAR2[AR0],R3H       ; [CPU_FPU] |125| 
         0000002b 0392 
     593                      .dwpsn  file "../sources/dual_axis_servo_drive_user_cpu.c",line 126,column 9,is_stmt,isa 0
     594 0000002c 8D00          MOVL      XAR0,#354             ; [CPU_ALU] |126| 
         0000002d 0162 
     595                      .dwpsn  file "../sources/dual_axis_servo_drive_user_cpu.c",line 72,column 9,is_stmt,isa 0
     596 0000002e E802          MOVIZ     R0H,#17443            ; [CPU_FPU] |72| 
         0000002f 2118 
     597                      .dwpsn  file "../sources/dual_axis_servo_drive_user_cpu.c",line 126,column 9,is_stmt,isa 0
     598 00000030 E203          MOV32     *+XAR2[AR0],R2H       ; [CPU_FPU] |126| 
         00000031 0292 
     599                      .dwpsn  file "../sources/dual_axis_servo_drive_user_cpu.c",line 144,column 9,is_stmt,isa 0
     600 00000032 E802          MOVIZ     R3H,#16772            ; [CPU_FPU] |144| 
         00000033 0C23 
     601                      .dwpsn  file "../sources/dual_axis_servo_drive_user_cpu.c",line 127,column 9,is_stmt,isa 0
     602 00000034 8D00          MOVL      XAR0,#356             ; [CPU_ALU] |127| 
         00000035 0164 
     603 00000036 E203          MOV32     *+XAR2[AR0],R1H       ; [CPU_FPU] |127| 
         00000037 0192 
     604                      .dwpsn  file "../sources/dual_axis_servo_drive_user_cpu.c",line 73,column 9,is_stmt,isa 0
     605 00000038 E802          MOVIZ     R2H,#17530            ; [CPU_FPU] |73| 
         00000039 23D2 
TMS320C2000 Assembler PC v22.6.2 Thu Feb  5 15:43:43 2026

Copyright (c) 1996-2018 Texas Instruments Incorporated
dual_axis_servo_drive_user_cpu.asm                                   PAGE   14

     606                      .dwpsn  file "../sources/dual_axis_servo_drive_user_cpu.c",line 144,column 9,is_stmt,isa 0
     607 0000003a 8D00          MOVL      XAR0,#372             ; [CPU_ALU] |144| 
         0000003b 0174 
     608 0000003c E203          MOV32     *+XAR2[AR0],R3H       ; [CPU_FPU] |144| 
         0000003d 0392 
     609                      .dwpsn  file "../sources/dual_axis_servo_drive_user_cpu.c",line 75,column 9,is_stmt,isa 0
     610 0000003e E802          MOVIZ     R1H,#16736            ; [CPU_FPU] |75| 
         0000003f 0B01 
     611                      .dwpsn  file "../sources/dual_axis_servo_drive_user_cpu.c",line 73,column 9,is_stmt,isa 0
     612 00000040 D010          MOVB      XAR0,#16              ; [CPU_ALU] |73| 
     613                      .dwpsn  file "../sources/dual_axis_servo_drive_user_cpu.c",line 72,column 9,is_stmt,isa 0
     614 00000041 E80A          MOVXI     R0H,#21299            ; [CPU_FPU] |72| 
         00000042 9998 
     615                      .dwpsn  file "../sources/dual_axis_servo_drive_user_cpu.c",line 73,column 9,is_stmt,isa 0
     616 00000043 E203          MOV32     *+XAR2[AR0],R2H       ; [CPU_FPU] |73| 
         00000044 0292 
     617                      .dwpsn  file "../sources/dual_axis_servo_drive_user_cpu.c",line 80,column 9,is_stmt,isa 0
     618 00000045 E802          MOVIZ     R3H,#16912            ; [CPU_FPU] |80| 
         00000046 1083 
     619                      .dwpsn  file "../sources/dual_axis_servo_drive_user_cpu.c",line 75,column 9,is_stmt,isa 0
     620 00000047 D008          MOVB      XAR0,#8               ; [CPU_ALU] |75| 
     621 00000048 E203          MOV32     *+XAR2[AR0],R1H       ; [CPU_FPU] |75| 
         00000049 0192 
     622                      .dwpsn  file "../sources/dual_axis_servo_drive_user_cpu.c",line 81,column 9,is_stmt,isa 0
     623 0000004a E802          MOVIZ     R2H,#16624            ; [CPU_FPU] |81| 
         0000004b 0782 
     624                      .dwpsn  file "../sources/dual_axis_servo_drive_user_cpu.c",line 80,column 9,is_stmt,isa 0
     625 0000004c D012          MOVB      XAR0,#18              ; [CPU_ALU] |80| 
     626 0000004d E203          MOV32     *+XAR2[AR0],R3H       ; [CPU_FPU] |80| 
         0000004e 0392 
     627                      .dwpsn  file "../sources/dual_axis_servo_drive_user_cpu.c",line 87,column 9,is_stmt,isa 0
     628 0000004f E591          ZERO      R1H                   ; [CPU_FPU] |87| 
     629                      .dwpsn  file "../sources/dual_axis_servo_drive_user_cpu.c",line 81,column 9,is_stmt,isa 0
     630 00000050 D014          MOVB      XAR0,#20              ; [CPU_ALU] |81| 
     631 00000051 E203          MOV32     *+XAR2[AR0],R2H       ; [CPU_FPU] |81| 
         00000052 0292 
     632                      .dwpsn  file "../sources/dual_axis_servo_drive_user_cpu.c",line 88,column 9,is_stmt,isa 0
     633 00000053 E593          ZERO      R3H                   ; [CPU_FPU] |88| 
     634                      .dwpsn  file "../sources/dual_axis_servo_drive_user_cpu.c",line 165,column 9,is_stmt,isa 0
     635 00000054 8F40          MOVL      XAR5,#2880            ; [CPU_ARAU] |165| 
         00000055 0B40 
     636 00000056 8F00          MOVL      XAR4,#2816            ; [CPU_ARAU] |165| 
         00000057 0B00 
     637                      .dwpsn  file "../sources/dual_axis_servo_drive_user_cpu.c",line 87,column 9,is_stmt,isa 0
     638 00000058 D020          MOVB      XAR0,#32              ; [CPU_ALU] |87| 
     639                      .dwpsn  file "../sources/dual_axis_servo_drive_user_cpu.c",line 165,column 9,is_stmt,isa 0
     640 00000059 FF20          MOV       ACC,#29696            ; [CPU_ALU] |165| 
         0000005a 7400 
     641                      .dwpsn  file "../sources/dual_axis_servo_drive_user_cpu.c",line 87,column 9,is_stmt,isa 0
     642 0000005b E203          MOV32     *+XAR2[AR0],R1H       ; [CPU_FPU] |87| 
         0000005c 0192 
     643                      .dwpsn  file "../sources/dual_axis_servo_drive_user_cpu.c",line 96,column 9,is_stmt,isa 0
     644 0000005d E592          ZERO      R2H                   ; [CPU_FPU] |96| 
     645                      .dwpsn  file "../sources/dual_axis_servo_drive_user_cpu.c",line 88,column 9,is_stmt,isa 0
     646 0000005e D024          MOVB      XAR0,#36              ; [CPU_ALU] |88| 
TMS320C2000 Assembler PC v22.6.2 Thu Feb  5 15:43:43 2026

Copyright (c) 1996-2018 Texas Instruments Incorporated
dual_axis_servo_drive_user_cpu.asm                                   PAGE   15

     647 0000005f E203          MOV32     *+XAR2[AR0],R3H       ; [CPU_FPU] |88| 
         00000060 0392 
     648                      .dwpsn  file "../sources/dual_axis_servo_drive_user_cpu.c",line 101,column 9,is_stmt,isa 0
     649 00000061 E801          MOVIZ     R1H,#15364            ; [CPU_FPU] |101| 
         00000062 E021 
     650                      .dwpsn  file "../sources/dual_axis_servo_drive_user_cpu.c",line 96,column 9,is_stmt,isa 0
     651 00000063 D022          MOVB      XAR0,#34              ; [CPU_ALU] |96| 
     652 00000064 E203          MOV32     *+XAR2[AR0],R2H       ; [CPU_FPU] |96| 
         00000065 0292 
     653                      .dwpsn  file "../sources/dual_axis_servo_drive_user_cpu.c",line 102,column 9,is_stmt,isa 0
     654 00000066 E801          MOVIZ     R3H,#15523            ; [CPU_FPU] |102| 
         00000067 E51B 
     655                      .dwpsn  file "../sources/dual_axis_servo_drive_user_cpu.c",line 101,column 9,is_stmt,isa 0
     656 00000068 D03E          MOVB      XAR0,#62              ; [CPU_ALU] |101| 
     657 00000069 E203          MOV32     *+XAR2[AR0],R1H       ; [CPU_FPU] |101| 
         0000006a 0192 
     658                      .dwpsn  file "../sources/dual_axis_servo_drive_user_cpu.c",line 103,column 9,is_stmt,isa 0
     659 0000006b E801          MOVIZ     R2H,#14720            ; [CPU_FPU] |103| 
         0000006c CC02 
     660                      .dwpsn  file "../sources/dual_axis_servo_drive_user_cpu.c",line 102,column 9,is_stmt,isa 0
     661 0000006d D040          MOVB      XAR0,#64              ; [CPU_ALU] |102| 
     662 0000006e E203          MOV32     *+XAR2[AR0],R3H       ; [CPU_FPU] |102| 
         0000006f 0392 
     663                      .dwpsn  file "../sources/dual_axis_servo_drive_user_cpu.c",line 107,column 9,is_stmt,isa 0
     664 00000070 E802          MOVIZ     R1H,#16672            ; [CPU_FPU] |107| 
         00000071 0901 
     665                      .dwpsn  file "../sources/dual_axis_servo_drive_user_cpu.c",line 72,column 9,is_stmt,isa 0
     666 00000072 E203          MOV32     *+XAR2[6],R0H         ; [CPU_FPU] |72| 
         00000073 00F2 
     667                      .dwpsn  file "../sources/dual_axis_servo_drive_user_cpu.c",line 103,column 9,is_stmt,isa 0
     668 00000074 D042          MOVB      XAR0,#66              ; [CPU_ALU] |103| 
     669 00000075 E203          MOV32     *+XAR2[AR0],R2H       ; [CPU_FPU] |103| 
         00000076 0292 
     670                      .dwpsn  file "../sources/dual_axis_servo_drive_user_cpu.c",line 108,column 9,is_stmt,isa 0
     671 00000077 E802          MOVIZ     R3H,#16968            ; [CPU_FPU] |108| 
         00000078 1243 
     672                      .dwpsn  file "../sources/dual_axis_servo_drive_user_cpu.c",line 107,column 9,is_stmt,isa 0
     673 00000079 D054          MOVB      XAR0,#84              ; [CPU_ALU] |107| 
     674 0000007a E203          MOV32     *+XAR2[AR0],R1H       ; [CPU_FPU] |107| 
         0000007b 0192 
     675                      .dwpsn  file "../sources/dual_axis_servo_drive_user_cpu.c",line 109,column 9,is_stmt,isa 0
     676 0000007c E802          MOVIZ     R2H,#16672            ; [CPU_FPU] |109| 
         0000007d 0902 
     677                      .dwpsn  file "../sources/dual_axis_servo_drive_user_cpu.c",line 108,column 9,is_stmt,isa 0
     678 0000007e D056          MOVB      XAR0,#86              ; [CPU_ALU] |108| 
     679                      .dwpsn  file "../sources/dual_axis_servo_drive_user_cpu.c",line 138,column 9,is_stmt,isa 0
     680 0000007f E801          MOVIZ     R1H,#14375            ; [CPU_FPU] |138| 
         00000080 C139 
     681                      .dwpsn  file "../sources/dual_axis_servo_drive_user_cpu.c",line 108,column 9,is_stmt,isa 0
     682 00000081 E203          MOV32     *+XAR2[AR0],R3H       ; [CPU_FPU] |108| 
         00000082 0392 
     683                      .dwpsn  file "../sources/dual_axis_servo_drive_user_cpu.c",line 109,column 9,is_stmt,isa 0
     684 00000083 D058          MOVB      XAR0,#88              ; [CPU_ALU] |109| 
     685                      .dwpsn  file "../sources/dual_axis_servo_drive_user_cpu.c",line 139,column 9,is_stmt,isa 0
     686 00000084 E801          MOVIZ     R3H,#15745            ; [CPU_FPU] |139| 
TMS320C2000 Assembler PC v22.6.2 Thu Feb  5 15:43:43 2026

Copyright (c) 1996-2018 Texas Instruments Incorporated
dual_axis_servo_drive_user_cpu.asm                                   PAGE   16

         00000085 EC0B 
     687                      .dwpsn  file "../sources/dual_axis_servo_drive_user_cpu.c",line 138,column 9,is_stmt,isa 0
     688 00000086 E80E          MOVXI     R1H,#50604            ; [CPU_FPU] |138| 
         00000087 2D61 
     689                      .dwpsn  file "../sources/dual_axis_servo_drive_user_cpu.c",line 109,column 9,is_stmt,isa 0
     690 00000088 E203          MOV32     *+XAR2[AR0],R2H       ; [CPU_FPU] |109| 
         00000089 0292 
     691                      .dwpsn  file "../sources/dual_axis_servo_drive_user_cpu.c",line 138,column 9,is_stmt,isa 0
     692 0000008a 8D00          MOVL      XAR0,#360             ; [CPU_ALU] |138| 
         0000008b 0168 
     693                      .dwpsn  file "../sources/dual_axis_servo_drive_user_cpu.c",line 139,column 9,is_stmt,isa 0
     694 0000008c E808          MOVXI     R3H,#1573             ; [CPU_FPU] |139| 
         0000008d 312B 
     695                      .dwpsn  file "../sources/dual_axis_servo_drive_user_cpu.c",line 140,column 9,is_stmt,isa 0
     696 0000008e E801          MOVIZ     R2H,#15745            ; [CPU_FPU] |140| 
         0000008f EC0A 
     697                      .dwpsn  file "../sources/dual_axis_servo_drive_user_cpu.c",line 138,column 9,is_stmt,isa 0
     698 00000090 E203          MOV32     *+XAR2[AR0],R1H       ; [CPU_FPU] |138| 
         00000091 0192 
     699                      .dwpsn  file "../sources/dual_axis_servo_drive_user_cpu.c",line 139,column 9,is_stmt,isa 0
     700 00000092 8D00          MOVL      XAR0,#362             ; [CPU_ALU] |139| 
         00000093 016A 
     701                      .dwpsn  file "../sources/dual_axis_servo_drive_user_cpu.c",line 141,column 9,is_stmt,isa 0
     702 00000094 E801          MOVIZ     R1H,#14656            ; [CPU_FPU] |141| 
         00000095 CA01 
     703                      .dwpsn  file "../sources/dual_axis_servo_drive_user_cpu.c",line 140,column 9,is_stmt,isa 0
     704 00000096 E808          MOVXI     R2H,#1573             ; [CPU_FPU] |140| 
         00000097 312A 
     705                      .dwpsn  file "../sources/dual_axis_servo_drive_user_cpu.c",line 139,column 9,is_stmt,isa 0
     706 00000098 E203          MOV32     *+XAR2[AR0],R3H       ; [CPU_FPU] |139| 
         00000099 0392 
     707                      .dwpsn  file "../sources/dual_axis_servo_drive_user_cpu.c",line 140,column 9,is_stmt,isa 0
     708 0000009a 8D00          MOVL      XAR0,#364             ; [CPU_ALU] |140| 
         0000009b 016C 
     709                      .dwpsn  file "../sources/dual_axis_servo_drive_user_cpu.c",line 141,column 9,is_stmt,isa 0
     710 0000009c E80A          MOVXI     R1H,#16804            ; [CPU_FPU] |141| 
         0000009d 0D21 
     711                      .dwpsn  file "../sources/dual_axis_servo_drive_user_cpu.c",line 142,column 9,is_stmt,isa 0
     712 0000009e E801          MOVIZ     R3H,#14656            ; [CPU_FPU] |142| 
         0000009f CA03 
     713                      .dwpsn  file "../sources/dual_axis_servo_drive_user_cpu.c",line 140,column 9,is_stmt,isa 0
     714 000000a0 E203          MOV32     *+XAR2[AR0],R2H       ; [CPU_FPU] |140| 
         000000a1 0292 
     715                      .dwpsn  file "../sources/dual_axis_servo_drive_user_cpu.c",line 141,column 9,is_stmt,isa 0
     716 000000a2 8D00          MOVL      XAR0,#366             ; [CPU_ALU] |141| 
         000000a3 016E 
     717                      .dwpsn  file "../sources/dual_axis_servo_drive_user_cpu.c",line 143,column 9,is_stmt,isa 0
     718 000000a4 E801          MOVIZ     R2H,#15696            ; [CPU_FPU] |143| 
         000000a5 EA82 
     719                      .dwpsn  file "../sources/dual_axis_servo_drive_user_cpu.c",line 142,column 9,is_stmt,isa 0
     720 000000a6 E80A          MOVXI     R3H,#16804            ; [CPU_FPU] |142| 
         000000a7 0D23 
     721                      .dwpsn  file "../sources/dual_axis_servo_drive_user_cpu.c",line 141,column 9,is_stmt,isa 0
     722 000000a8 E203          MOV32     *+XAR2[AR0],R1H       ; [CPU_FPU] |141| 
         000000a9 0192 
TMS320C2000 Assembler PC v22.6.2 Thu Feb  5 15:43:43 2026

Copyright (c) 1996-2018 Texas Instruments Incorporated
dual_axis_servo_drive_user_cpu.asm                                   PAGE   17

     723                      .dwpsn  file "../sources/dual_axis_servo_drive_user_cpu.c",line 142,column 9,is_stmt,isa 0
     724 000000aa 8D00          MOVL      XAR0,#368             ; [CPU_ALU] |142| 
         000000ab 0170 
     725                      .dwpsn  file "../sources/dual_axis_servo_drive_user_cpu.c",line 143,column 9,is_stmt,isa 0
     726 000000ac E80F          MOVXI     R2H,#58720            ; [CPU_FPU] |143| 
         000000ad 2B02 
     727                      .dwpsn  file "../sources/dual_axis_servo_drive_user_cpu.c",line 145,column 9,is_stmt,isa 0
     728 000000ae E802          MOVIZ     R1H,#17792            ; [CPU_FPU] |145| 
         000000af 2C01 
     729                      .dwpsn  file "../sources/dual_axis_servo_drive_user_cpu.c",line 142,column 9,is_stmt,isa 0
     730 000000b0 E203          MOV32     *+XAR2[AR0],R3H       ; [CPU_FPU] |142| 
         000000b1 0392 
     731                      .dwpsn  file "../sources/dual_axis_servo_drive_user_cpu.c",line 143,column 9,is_stmt,isa 0
     732 000000b2 8D00          MOVL      XAR0,#382             ; [CPU_ALU] |143| 
         000000b3 017E 
     733                      .dwpsn  file "../sources/dual_axis_servo_drive_user_cpu.c",line 146,column 9,is_stmt,isa 0
     734 000000b4 E802          MOVIZ     R3H,#17604            ; [CPU_FPU] |146| 
         000000b5 2623 
     735                      .dwpsn  file "../sources/dual_axis_servo_drive_user_cpu.c",line 145,column 9,is_stmt,isa 0
     736 000000b6 E80A          MOVXI     R1H,#18033            ; [CPU_FPU] |145| 
         000000b7 3389 
     737                      .dwpsn  file "../sources/dual_axis_servo_drive_user_cpu.c",line 143,column 9,is_stmt,isa 0
     738 000000b8 E203          MOV32     *+XAR2[AR0],R2H       ; [CPU_FPU] |143| 
         000000b9 0292 
     739                      .dwpsn  file "../sources/dual_axis_servo_drive_user_cpu.c",line 145,column 9,is_stmt,isa 0
     740 000000ba 8D00          MOVL      XAR0,#384             ; [CPU_ALU] |145| 
         000000bb 0180 
     741                      .dwpsn  file "../sources/dual_axis_servo_drive_user_cpu.c",line 146,column 9,is_stmt,isa 0
     742 000000bc E80A          MOVXI     R3H,#22908            ; [CPU_FPU] |146| 
         000000bd CBE3 
     743                      .dwpsn  file "../sources/dual_axis_servo_drive_user_cpu.c",line 147,column 9,is_stmt,isa 0
     744 000000be E802          MOVIZ     R2H,#17604            ; [CPU_FPU] |147| 
         000000bf 2622 
     745                      .dwpsn  file "../sources/dual_axis_servo_drive_user_cpu.c",line 145,column 9,is_stmt,isa 0
     746 000000c0 E203          MOV32     *+XAR2[AR0],R1H       ; [CPU_FPU] |145| 
         000000c1 0192 
     747                      .dwpsn  file "../sources/dual_axis_servo_drive_user_cpu.c",line 146,column 9,is_stmt,isa 0
     748 000000c2 8D00          MOVL      XAR0,#376             ; [CPU_ALU] |146| 
         000000c3 0178 
     749                      .dwpsn  file "../sources/dual_axis_servo_drive_user_cpu.c",line 76,column 9,is_stmt,isa 0
     750 000000c4 E801          MOVIZ     R1H,#14851            ; [CPU_FPU] |76| 
         000000c5 D019 
     751                      .dwpsn  file "../sources/dual_axis_servo_drive_user_cpu.c",line 147,column 9,is_stmt,isa 0
     752 000000c6 E80A          MOVXI     R2H,#22908            ; [CPU_FPU] |147| 
         000000c7 CBE2 
     753                      .dwpsn  file "../sources/dual_axis_servo_drive_user_cpu.c",line 146,column 9,is_stmt,isa 0
     754 000000c8 E203          MOV32     *+XAR2[AR0],R3H       ; [CPU_FPU] |146| 
         000000c9 0392 
     755                      .dwpsn  file "../sources/dual_axis_servo_drive_user_cpu.c",line 147,column 9,is_stmt,isa 0
     756 000000ca 8D00          MOVL      XAR0,#378             ; [CPU_ALU] |147| 
         000000cb 017A 
     757                      .dwpsn  file "../sources/dual_axis_servo_drive_user_cpu.c",line 76,column 9,is_stmt,isa 0
     758 000000cc E808          MOVXI     R1H,#4719             ; [CPU_FPU] |76| 
         000000cd 9379 
     759                      .dwpsn  file "../sources/dual_axis_servo_drive_user_cpu.c",line 78,column 9,is_stmt,isa 0
TMS320C2000 Assembler PC v22.6.2 Thu Feb  5 15:43:43 2026

Copyright (c) 1996-2018 Texas Instruments Incorporated
dual_axis_servo_drive_user_cpu.asm                                   PAGE   18

     760 000000ce E801          MOVIZ     R3H,#14375            ; [CPU_FPU] |78| 
         000000cf C13B 
     761                      .dwpsn  file "../sources/dual_axis_servo_drive_user_cpu.c",line 147,column 9,is_stmt,isa 0
     762 000000d0 E203          MOV32     *+XAR2[AR0],R2H       ; [CPU_FPU] |147| 
         000000d1 0292 
     763                      .dwpsn  file "../sources/dual_axis_servo_drive_user_cpu.c",line 76,column 9,is_stmt,isa 0
     764 000000d2 D00A          MOVB      XAR0,#10              ; [CPU_ALU] |76| 
     765                      .dwpsn  file "../sources/dual_axis_servo_drive_user_cpu.c",line 82,column 9,is_stmt,isa 0
     766 000000d3 E801          MOVIZ     R2H,#15482            ; [CPU_FPU] |82| 
         000000d4 E3D2 
     767                      .dwpsn  file "../sources/dual_axis_servo_drive_user_cpu.c",line 78,column 9,is_stmt,isa 0
     768 000000d5 E80E          MOVXI     R3H,#50605            ; [CPU_FPU] |78| 
         000000d6 2D6B 
     769                      .dwpsn  file "../sources/dual_axis_servo_drive_user_cpu.c",line 76,column 9,is_stmt,isa 0
     770 000000d7 E203          MOV32     *+XAR2[AR0],R1H       ; [CPU_FPU] |76| 
         000000d8 0192 
     771                      .dwpsn  file "../sources/dual_axis_servo_drive_user_cpu.c",line 78,column 9,is_stmt,isa 0
     772 000000d9 D00C          MOVB      XAR0,#12              ; [CPU_ALU] |78| 
     773                      .dwpsn  file "../sources/dual_axis_servo_drive_user_cpu.c",line 82,column 9,is_stmt,isa 0
     774 000000da E80E          MOVXI     R2H,#51662            ; [CPU_FPU] |82| 
         000000db 4E72 
     775                      .dwpsn  file "../sources/dual_axis_servo_drive_user_cpu.c",line 83,column 9,is_stmt,isa 0
     776 000000dc E801          MOVIZ     R1H,#15939            ; [CPU_FPU] |83| 
         000000dd F219 
     777                      .dwpsn  file "../sources/dual_axis_servo_drive_user_cpu.c",line 78,column 9,is_stmt,isa 0
     778 000000de E203          MOV32     *+XAR2[AR0],R3H       ; [CPU_FPU] |78| 
         000000df 0392 
     779                      .dwpsn  file "../sources/dual_axis_servo_drive_user_cpu.c",line 82,column 9,is_stmt,isa 0
     780 000000e0 D016          MOVB      XAR0,#22              ; [CPU_ALU] |82| 
     781                      .dwpsn  file "../sources/dual_axis_servo_drive_user_cpu.c",line 86,column 9,is_stmt,isa 0
     782 000000e1 E801          MOVIZ     R3H,#15948            ; [CPU_FPU] |86| 
         000000e2 F263 
     783                      .dwpsn  file "../sources/dual_axis_servo_drive_user_cpu.c",line 83,column 9,is_stmt,isa 0
     784 000000e3 E80F          MOVXI     R1H,#60841            ; [CPU_FPU] |83| 
         000000e4 6D49 
     785                      .dwpsn  file "../sources/dual_axis_servo_drive_user_cpu.c",line 82,column 9,is_stmt,isa 0
     786 000000e5 E203          MOV32     *+XAR2[AR0],R2H       ; [CPU_FPU] |82| 
         000000e6 0292 
     787                      .dwpsn  file "../sources/dual_axis_servo_drive_user_cpu.c",line 83,column 9,is_stmt,isa 0
     788 000000e7 D018          MOVB      XAR0,#24              ; [CPU_ALU] |83| 
     789                      .dwpsn  file "../sources/dual_axis_servo_drive_user_cpu.c",line 86,column 9,is_stmt,isa 0
     790 000000e8 E80E          MOVXI     R3H,#52429            ; [CPU_FPU] |86| 
         000000e9 666B 
     791                      .dwpsn  file "../sources/dual_axis_servo_drive_user_cpu.c",line 97,column 9,is_stmt,isa 0
     792 000000ea E801          MOVIZ     R2H,#15820            ; [CPU_FPU] |97| 
         000000eb EE62 
     793                      .dwpsn  file "../sources/dual_axis_servo_drive_user_cpu.c",line 83,column 9,is_stmt,isa 0
     794 000000ec E203          MOV32     *+XAR2[AR0],R1H       ; [CPU_FPU] |83| 
         000000ed 0192 
     795                      .dwpsn  file "../sources/dual_axis_servo_drive_user_cpu.c",line 86,column 9,is_stmt,isa 0
     796 000000ee D01E          MOVB      XAR0,#30              ; [CPU_ALU] |86| 
     797                      .dwpsn  file "../sources/dual_axis_servo_drive_user_cpu.c",line 98,column 9,is_stmt,isa 0
     798 000000ef E801          MOVIZ     R1H,#15692            ; [CPU_FPU] |98| 
         000000f0 EA61 
     799                      .dwpsn  file "../sources/dual_axis_servo_drive_user_cpu.c",line 97,column 9,is_stmt,isa 0
TMS320C2000 Assembler PC v22.6.2 Thu Feb  5 15:43:43 2026

Copyright (c) 1996-2018 Texas Instruments Incorporated
dual_axis_servo_drive_user_cpu.asm                                   PAGE   19

     800 000000f1 E80E          MOVXI     R2H,#52429            ; [CPU_FPU] |97| 
         000000f2 666A 
     801                      .dwpsn  file "../sources/dual_axis_servo_drive_user_cpu.c",line 86,column 9,is_stmt,isa 0
     802 000000f3 E203          MOV32     *+XAR2[AR0],R3H       ; [CPU_FPU] |86| 
         000000f4 0392 
     803                      .dwpsn  file "../sources/dual_axis_servo_drive_user_cpu.c",line 97,column 9,is_stmt,isa 0
     804 000000f5 D02C          MOVB      XAR0,#44              ; [CPU_ALU] |97| 
     805                      .dwpsn  file "../sources/dual_axis_servo_drive_user_cpu.c",line 98,column 9,is_stmt,isa 0
     806 000000f6 E80E          MOVXI     R1H,#52429            ; [CPU_FPU] |98| 
         000000f7 6669 
     807                      .dwpsn  file "../sources/dual_axis_servo_drive_user_cpu.c",line 104,column 9,is_stmt,isa 0
     808 000000f8 E802          MOVIZ     R3H,#17144            ; [CPU_FPU] |104| 
         000000f9 17C3 
     809                      .dwpsn  file "../sources/dual_axis_servo_drive_user_cpu.c",line 97,column 9,is_stmt,isa 0
     810 000000fa E203          MOV32     *+XAR2[AR0],R2H       ; [CPU_FPU] |97| 
         000000fb 0292 
     811                      .dwpsn  file "../sources/dual_axis_servo_drive_user_cpu.c",line 98,column 9,is_stmt,isa 0
     812 000000fc D030          MOVB      XAR0,#48              ; [CPU_ALU] |98| 
     813                      .dwpsn  file "../sources/dual_axis_servo_drive_user_cpu.c",line 105,column 9,is_stmt,isa 0
     814 000000fd E802          MOVIZ     R2H,#16969            ; [CPU_FPU] |105| 
         000000fe 124A 
     815                      .dwpsn  file "../sources/dual_axis_servo_drive_user_cpu.c",line 104,column 9,is_stmt,isa 0
     816 000000ff E809          MOVXI     R3H,#15888            ; [CPU_FPU] |104| 
         00000100 F083 
     817                      .dwpsn  file "../sources/dual_axis_servo_drive_user_cpu.c",line 98,column 9,is_stmt,isa 0
     818 00000101 E203          MOV32     *+XAR2[AR0],R1H       ; [CPU_FPU] |98| 
         00000102 0192 
     819                      .dwpsn  file "../sources/dual_axis_servo_drive_user_cpu.c",line 104,column 9,is_stmt,isa 0
     820 00000103 D044          MOVB      XAR0,#68              ; [CPU_ALU] |104| 
     821                      .dwpsn  file "../sources/dual_axis_servo_drive_user_cpu.c",line 105,column 9,is_stmt,isa 0
     822 00000104 E808          MOVXI     R2H,#2010             ; [CPU_FPU] |105| 
         00000105 3ED2 
     823                      .dwpsn  file "../sources/dual_axis_servo_drive_user_cpu.c",line 112,column 9,is_stmt,isa 0
     824 00000106 E801          MOVIZ     R1H,#16243            ; [CPU_FPU] |112| 
         00000107 FB99 
     825                      .dwpsn  file "../sources/dual_axis_servo_drive_user_cpu.c",line 104,column 9,is_stmt,isa 0
     826 00000108 E203          MOV32     *+XAR2[AR0],R3H       ; [CPU_FPU] |104| 
         00000109 0392 
     827                      .dwpsn  file "../sources/dual_axis_servo_drive_user_cpu.c",line 105,column 9,is_stmt,isa 0
     828 0000010a D046          MOVB      XAR0,#70              ; [CPU_ALU] |105| 
     829                      .dwpsn  file "../sources/dual_axis_servo_drive_user_cpu.c",line 112,column 9,is_stmt,isa 0
     830 0000010b E809          MOVXI     R1H,#13107            ; [CPU_FPU] |112| 
         0000010c 9999 
     831                      .dwpsn  file "../sources/dual_axis_servo_drive_user_cpu.c",line 105,column 9,is_stmt,isa 0
     832 0000010d E203          MOV32     *+XAR2[AR0],R2H       ; [CPU_FPU] |105| 
         0000010e 0292 
     833                      .dwpsn  file "../sources/dual_axis_servo_drive_user_cpu.c",line 112,column 9,is_stmt,isa 0
     834 0000010f D00E          MOVB      XAR0,#14              ; [CPU_ALU] |112| 
     835 00000110 E203          MOV32     *+XAR2[AR0],R1H       ; [CPU_FPU] |112| 
         00000111 0192 
     836                      .dwpsn  file "../sources/dual_axis_servo_drive_user_cpu.c",line 70,column 9,is_stmt,isa 0
     837 00000112 8D00          MOVL      XAR0,#450             ; [CPU_ALU] |70| 
         00000113 01C2 
     838 00000114 2B92          MOV       *+XAR2[AR0],#0        ; [CPU_ALU] |70| 
     839                      .dwpsn  file "../sources/dual_axis_servo_drive_user_cpu.c",line 149,column 9,is_stmt,isa 0
TMS320C2000 Assembler PC v22.6.2 Thu Feb  5 15:43:43 2026

Copyright (c) 1996-2018 Texas Instruments Incorporated
dual_axis_servo_drive_user_cpu.asm                                   PAGE   20

     840 00000115 8D00          MOVL      XAR0,#442             ; [CPU_ALU] |149| 
         00000116 01BA 
     841 00000117 56BF          MOVB      *+XAR2[AR0],#23,UNC   ; [CPU_ALU] |149| 
         00000118 1792 
     842                      .dwpsn  file "../sources/dual_axis_servo_drive_user_cpu.c",line 150,column 9,is_stmt,isa 0
     843 00000119 8D00          MOVL      XAR0,#443             ; [CPU_ALU] |150| 
         0000011a 01BB 
     844 0000011b 56BF          MOVB      *+XAR2[AR0],#42,UNC   ; [CPU_ALU] |150| 
         0000011c 2A92 
     845                      .dwpsn  file "../sources/dual_axis_servo_drive_user_cpu.c",line 151,column 9,is_stmt,isa 0
     846 0000011d 8D00          MOVL      XAR0,#444             ; [CPU_ALU] |151| 
         0000011e 01BC 
     847 0000011f 56BF          MOVB      *+XAR2[AR0],#5,UNC    ; [CPU_ALU] |151| 
         00000120 0592 
     848                      .dwpsn  file "../sources/dual_axis_servo_drive_user_cpu.c",line 153,column 9,is_stmt,isa 0
     849 00000121 8D00          MOVL      XAR0,#440             ; [CPU_ALU] |153| 
         00000122 01B8 
     850 00000123 2892          MOV       *+XAR2[AR0],#2978     ; [CPU_ALU] |153| 
         00000124 0BA2 
     851                      .dwpsn  file "../sources/dual_axis_servo_drive_user_cpu.c",line 156,column 9,is_stmt,isa 0
     852 00000125 8D00          MOVL      XAR0,#441             ; [CPU_ALU] |156| 
         00000126 01B9 
     853 00000127 2892          MOV       *+XAR2[AR0],#1118     ; [CPU_ALU] |156| 
         00000128 045E 
     854                      .dwpsn  file "../sources/dual_axis_servo_drive_user_cpu.c",line 165,column 9,is_stmt,isa 0
     855 00000129 A042          MOVL      *-SP[2],XAR5          ; [CPU_ALU] |165| 
     856 0000012a D500          MOVB      XAR5,#0               ; [CPU_ALU] |165| 
     857 0000012b A844          MOVL      *-SP[4],XAR4          ; [CPU_ALU] |165| 
     858 0000012c 8AA2          MOVL      XAR4,XAR2             ; [CPU_ALU] |165| 
     859 0000012d 2B45          MOV       *-SP[5],#0            ; [CPU_ALU] |165| 
     860              $C$DW$34        .dwtag  DW_TAG_TI_branch
     861                      .dwattr $C$DW$34, DW_AT_low_pc(0x00)
     862                      .dwattr $C$DW$34, DW_AT_name("FCL_initADC_2In")
     863                      .dwattr $C$DW$34, DW_AT_TI_call
     864              
     865 0000012e 7640!         LCR       #||FCL_initADC_2In||  ; [CPU_ALU] |165| 
         0000012f 0000 
     866                      ; call occurs [#||FCL_initADC_2In||] ; [] |165| 
     867                      .dwpsn  file "../sources/dual_axis_servo_drive_user_cpu.c",line 169,column 9,is_stmt,isa 0
     868 00000130 8D40          MOVL      XAR1,#427             ; [CPU_ALU] |169| 
         00000131 01AB 
     869                      .dwpsn  file "../sources/dual_axis_servo_drive_user_cpu.c",line 171,column 9,is_stmt,isa 0
     870 00000132 8D00          MOVL      XAR0,#404             ; [CPU_ALU] |171| 
         00000133 0194 
     871 00000134 8F00          MOVL      XAR4,#2834            ; [CPU_ARAU] |171| 
         00000135 0B12 
     872                      .dwpsn  file "../sources/dual_axis_servo_drive_user_cpu.c",line 169,column 9,is_stmt,isa 0
     873 00000136 2B9A          MOV       *+XAR2[AR1],#0        ; [CPU_ALU] |169| 
     874                      .dwpsn  file "../sources/dual_axis_servo_drive_user_cpu.c",line 171,column 9,is_stmt,isa 0
     875 00000137 A892          MOVL      *+XAR2[AR0],XAR4      ; [CPU_ALU] |171| 
     876 00000138       ||$C$L5||:    
     877                      .dwpsn  file "../sources/dual_axis_servo_drive_user_cpu.c",line 286,column 5,is_stmt,isa 0
     878 00000138 06D3          MOVL      ACC,*+XAR3[2]         ; [CPU_ALU] |286| 
     879 00000139 1E42          MOVL      *-SP[2],ACC           ; [CPU_ALU] |286| 
     880 0000013a 8AA2          MOVL      XAR4,XAR2             ; [CPU_ALU] |286| 
TMS320C2000 Assembler PC v22.6.2 Thu Feb  5 15:43:43 2026

Copyright (c) 1996-2018 Texas Instruments Incorporated
dual_axis_servo_drive_user_cpu.asm                                   PAGE   21

     881 0000013b 06E3          MOVL      ACC,*+XAR3[4]         ; [CPU_ALU] |286| 
     882 0000013c 1E44          MOVL      *-SP[4],ACC           ; [CPU_ALU] |286| 
     883 0000013d 06C3          MOVL      ACC,*+XAR3[0]         ; [CPU_ALU] |286| 
     884              $C$DW$35        .dwtag  DW_TAG_TI_branch
     885                      .dwattr $C$DW$35, DW_AT_low_pc(0x00)
     886                      .dwattr $C$DW$35, DW_AT_name("FCL_initPWM")
     887                      .dwattr $C$DW$35, DW_AT_TI_call
     888              
     889 0000013e 7640!         LCR       #||FCL_initPWM||      ; [CPU_ALU] |286| 
         0000013f 0000 
     890                      ; call occurs [#||FCL_initPWM||] ; [] |286| 
     891                      .dwpsn  file "../sources/dual_axis_servo_drive_user_cpu.c",line 290,column 5,is_stmt,isa 0
     892 00000140 D00E          MOVB      XAR0,#14              ; [CPU_ALU] |290| 
     893 00000141 8AA2          MOVL      XAR4,XAR2             ; [CPU_ALU] |290| 
     894 00000142 0693          MOVL      ACC,*+XAR3[AR0]       ; [CPU_ALU] |290| 
     895              $C$DW$36        .dwtag  DW_TAG_TI_branch
     896                      .dwattr $C$DW$36, DW_AT_low_pc(0x00)
     897                      .dwattr $C$DW$36, DW_AT_name("FCL_initQEP")
     898                      .dwattr $C$DW$36, DW_AT_TI_call
     899              
     900 00000143 7640!         LCR       #||FCL_initQEP||      ; [CPU_ALU] |290| 
         00000144 0000 
     901                      ; call occurs [#||FCL_initQEP||] ; [] |290| 
     902 00000145 FE86          SUBB      SP,#6                 ; [CPU_ARAU] 
     903                      .dwcfi  cfa_offset, -8
     904 00000146 82BE          MOVL      XAR3,*--SP            ; [CPU_ALU] 
     905                      .dwcfi  cfa_offset, -6
     906                      .dwcfi  restore_reg, 11
     907 00000147 86BE          MOVL      XAR2,*--SP            ; [CPU_ALU] 
     908                      .dwcfi  cfa_offset, -4
     909                      .dwcfi  restore_reg, 9
     910 00000148 8BBE          MOVL      XAR1,*--SP            ; [CPU_ALU] 
     911                      .dwcfi  cfa_offset, -2
     912                      .dwcfi  restore_reg, 7
     913              $C$DW$37        .dwtag  DW_TAG_TI_branch
     914                      .dwattr $C$DW$37, DW_AT_low_pc(0x00)
     915                      .dwattr $C$DW$37, DW_AT_TI_return
     916              
     917 00000149 0006          LRETR     ; [CPU_ALU] 
     918                      ; return occurs ; [] 
     919                      .dwattr $C$DW$29, DW_AT_TI_end_file("../sources/dual_axis_servo_drive_user_cpu.c")
     920                      .dwattr $C$DW$29, DW_AT_TI_end_line(0x125)
     921                      .dwattr $C$DW$29, DW_AT_TI_end_column(0x01)
     922                      .dwendentry
     923                      .dwendtag $C$DW$29
     924              
     925 00000000               .sect   ".text:initControlVars"
     926                      .clink
     927                      .global ||initControlVars||
     928              
     929              $C$DW$38        .dwtag  DW_TAG_subprogram
     930                      .dwattr $C$DW$38, DW_AT_name("initControlVars")
     931                      .dwattr $C$DW$38, DW_AT_low_pc(||initControlVars||)
     932                      .dwattr $C$DW$38, DW_AT_high_pc(0x00)
     933                      .dwattr $C$DW$38, DW_AT_linkage_name("initControlVars")
TMS320C2000 Assembler PC v22.6.2 Thu Feb  5 15:43:43 2026

Copyright (c) 1996-2018 Texas Instruments Incorporated
dual_axis_servo_drive_user_cpu.asm                                   PAGE   22

     934                      .dwattr $C$DW$38, DW_AT_external
     935                      .dwattr $C$DW$38, DW_AT_decl_file("../sources/dual_axis_servo_drive_user_cpu.c")
     936                      .dwattr $C$DW$38, DW_AT_decl_line(0x12a)
     937                      .dwattr $C$DW$38, DW_AT_decl_column(0x06)
     938                      .dwattr $C$DW$38, DW_AT_TI_max_frame_size(-8)
     939                      .dwpsn  file "../sources/dual_axis_servo_drive_user_cpu.c",line 299,column 1,is_stmt,address ||initCo
     940              
     941                      .dwfde $C$DW$CIE, ||initControlVars||
     942              $C$DW$39        .dwtag  DW_TAG_formal_parameter
     943                      .dwattr $C$DW$39, DW_AT_name("pMotor")
     944                      .dwattr $C$DW$39, DW_AT_type(*$C$DW$T$138)
     945                      .dwattr $C$DW$39, DW_AT_location[DW_OP_reg12]
     946              
     947              
     948              ;***************************************************************
     949              ;* FNAME: initControlVars               FR SIZE:   6           *
     950              ;*                                                             *
     951              ;* FUNCTION ENVIRONMENT                                        *
     952              ;*                                                             *
     953              ;* FUNCTION PROPERTIES                                         *
     954              ;*                            0 Parameter,  0 Auto,  6 SOE     *
     955              ;***************************************************************
     956              
     957              ||initControlVars||:
     958              ;* AR4   assigned to pMotor
     959              $C$DW$40        .dwtag  DW_TAG_variable
     960                      .dwattr $C$DW$40, DW_AT_name("pMotor")
     961                      .dwattr $C$DW$40, DW_AT_type(*$C$DW$T$139)
     962                      .dwattr $C$DW$40, DW_AT_location[DW_OP_reg12]
     963              
     964                      .dwcfi  cfa_offset, -2
     965                      .dwcfi  save_reg_to_mem, 26, 0
     966 00000000 B2BD          MOVL      *SP++,XAR1            ; [CPU_ALU] 
     967                      .dwcfi  save_reg_to_mem, 7, 2
     968                      .dwcfi  cfa_offset, -4
     969                      .dwpsn  file "../sources/dual_axis_servo_drive_user_cpu.c",line 343,column 5,is_stmt,isa 0
     970 00000001 D00C          MOVB      XAR0,#12              ; [CPU_ALU] |343| 
     971 00000002 E203          MOV32     *SP++,R4H             ; [CPU_FPU] 
         00000003 04BD 
     972                      .dwcfi  save_reg_to_mem, 59, 4
     973                      .dwcfi  cfa_offset, -6
     974                      .dwpsn  file "../sources/dual_axis_servo_drive_user_cpu.c",line 351,column 5,is_stmt,isa 0
     975 00000004 8D40          MOVL      XAR1,#330             ; [CPU_ALU] |351| 
         00000005 014A 
     976 00000006 E203          MOV32     *SP++,R5H             ; [CPU_FPU] 
         00000007 05BD 
     977                      .dwcfi  save_reg_to_mem, 63, 6
     978                      .dwcfi  cfa_offset, -8
     979                      .dwpsn  file "../sources/dual_axis_servo_drive_user_cpu.c",line 343,column 5,is_stmt,isa 0
     980 00000008 E2AF          MOV32     R0H,*+XAR4[AR0]       ; [CPU_FPU] |343| 
         00000009 0094 
     981 0000000a E850          MPYF32    R0H,R0H,#16840        ; [CPU_FPU] |343| 
         0000000b 7200 
     982 0000000c 8D00          MOVL      XAR0,#298             ; [CPU_ALU] |343| 
         0000000d 012A 
TMS320C2000 Assembler PC v22.6.2 Thu Feb  5 15:43:43 2026

Copyright (c) 1996-2018 Texas Instruments Incorporated
dual_axis_servo_drive_user_cpu.asm                                   PAGE   23

     983 0000000e E203          MOV32     *+XAR4[AR0],R0H       ; [CPU_FPU] |343| 
         0000000f 0094 
     984                      .dwpsn  file "../sources/dual_axis_servo_drive_user_cpu.c",line 342,column 5,is_stmt,isa 0
     985 00000010 E801          MOVIZ     R0H,#16256            ; [CPU_FPU] |342| 
         00000011 FC00 
     986                      .dwpsn  file "../sources/dual_axis_servo_drive_user_cpu.c",line 351,column 5,is_stmt,isa 0
     987 00000012 0694          MOVL      ACC,*+XAR4[AR0]       ; [CPU_ALU] |351| 
     988                      .dwpsn  file "../sources/dual_axis_servo_drive_user_cpu.c",line 342,column 5,is_stmt,isa 0
     989 00000013 8D00          MOVL      XAR0,#296             ; [CPU_ALU] |342| 
         00000014 0128 
     990                      .dwpsn  file "../sources/dual_axis_servo_drive_user_cpu.c",line 351,column 5,is_stmt,isa 0
     991 00000015 1E9C          MOVL      *+XAR4[AR1],ACC       ; [CPU_ALU] |351| 
     992                      .dwpsn  file "../sources/dual_axis_servo_drive_user_cpu.c",line 342,column 5,is_stmt,isa 0
     993 00000016 E203          MOV32     *+XAR4[AR0],R0H       ; [CPU_FPU] |342| 
         00000017 0094 
     994                      .dwpsn  file "../sources/dual_axis_servo_drive_user_cpu.c",line 350,column 5,is_stmt,isa 0
     995 00000018 0694          MOVL      ACC,*+XAR4[AR0]       ; [CPU_ALU] |350| 
     996 00000019 8D00          MOVL      XAR0,#328             ; [CPU_ALU] |350| 
         0000001a 0148 
     997 0000001b 1E94          MOVL      *+XAR4[AR0],ACC       ; [CPU_ALU] |350| 
     998                      .dwpsn  file "../sources/dual_axis_servo_drive_user_cpu.c",line 352,column 5,is_stmt,isa 0
     999 0000001c 8D00          MOVL      XAR0,#330             ; [CPU_ALU] |352| 
         0000001d 014A 
    1000 0000001e E2AF          MOV32     R0H,*+XAR4[AR0]       ; [CPU_FPU] |352| 
         0000001f 0094 
    1001 00000020 8D00          MOVL      XAR0,#328             ; [CPU_ALU] |352| 
         00000021 0148 
    1002 00000022 E84F          MPYF32    R0H,R0H,#16128        ; [CPU_FPU] |352| 
         00000023 C000 
    1003 00000024 E2AF          MOV32     R1H,*+XAR4[AR0]       ; [CPU_FPU] |352| 
         00000025 0194 
    1004                      .dwpsn  file "../sources/dual_axis_servo_drive_user_cpu.c",line 355,column 5,is_stmt,isa 0
    1005 00000026 8D00          MOVL      XAR0,#330             ; [CPU_ALU] |355| 
         00000027 014A 
    1006                      .dwpsn  file "../sources/dual_axis_servo_drive_user_cpu.c",line 352,column 5,is_stmt,isa 0
    1007              
    1008                      MOV32     R1H,*+XAR4[AR0]       ; [CPU_FPU] |355| 
    1009 00000028 E312  ||      ADDF32    R0H,R0H,R1H           ; [CPU_FPU] |352| 
         00000029 0194 
    1010              
    1011                      .dwpsn  file "../sources/dual_axis_servo_drive_user_cpu.c",line 355,column 5,is_stmt,isa 0
    1012 0000002a 8D00          MOVL      XAR0,#328             ; [CPU_ALU] |355| 
         0000002b 0148 
    1013 0000002c E84F          MPYF32    R2H,R1H,#16128        ; [CPU_FPU] |355| 
         0000002d C00A 
    1014 0000002e E2AF          MOV32     R1H,*+XAR4[AR0]       ; [CPU_FPU] |355| 
         0000002f 0194 
    1015                      .dwpsn  file "../sources/dual_axis_servo_drive_user_cpu.c",line 352,column 5,is_stmt,isa 0
    1016 00000030 8D00          MOVL      XAR0,#332             ; [CPU_ALU] |352| 
         00000031 014C 
    1017 00000032 E203          MOV32     *+XAR4[AR0],R0H       ; [CPU_FPU] |352| 
         00000033 0094 
    1018                      .dwpsn  file "../sources/dual_axis_servo_drive_user_cpu.c",line 324,column 5,is_stmt,isa 0
    1019 00000034 D00C          MOVB      XAR0,#12              ; [CPU_ALU] |324| 
    1020 00000035 E2AF          MOV32     R0H,*+XAR4[6]         ; [CPU_FPU] |324| 
TMS320C2000 Assembler PC v22.6.2 Thu Feb  5 15:43:43 2026

Copyright (c) 1996-2018 Texas Instruments Incorporated
dual_axis_servo_drive_user_cpu.asm                                   PAGE   24

         00000036 00F4 
    1021              
    1022                      MOV32     R1H,*+XAR4[AR0]       ; [CPU_FPU] |324| 
    1023 00000037 E322  ||      SUBF32    R2H,R2H,R1H           ; [CPU_FPU] |355| 
         00000038 9194 
    1024              
    1025                      .dwpsn  file "../sources/dual_axis_servo_drive_user_cpu.c",line 344,column 5,is_stmt,isa 0
    1026 00000039 8D00          MOVL      XAR0,#298             ; [CPU_ALU] |344| 
         0000003a 012A 
    1027                      .dwpsn  file "../sources/dual_axis_servo_drive_user_cpu.c",line 324,column 5,is_stmt,isa 0
    1028              
    1029                      MOV32     R0H,*+XAR4[AR0]       ; [CPU_FPU] |344| 
    1030 0000003b E300  ||      MPYF32    R5H,R1H,R0H           ; [CPU_FPU] |324| 
         0000003c 6894 
    1031              
    1032                      .dwpsn  file "../sources/dual_axis_servo_drive_user_cpu.c",line 344,column 5,is_stmt,isa 0
    1033 0000003d 8D00          MOVL      XAR0,#296             ; [CPU_ALU] |344| 
         0000003e 0128 
    1034 0000003f E84F          MPYF32    R0H,R0H,#16128        ; [CPU_FPU] |344| 
         00000040 C000 
    1035 00000041 E2AF          MOV32     R1H,*+XAR4[AR0]       ; [CPU_FPU] |344| 
         00000042 0194 
    1036                      .dwpsn  file "../sources/dual_axis_servo_drive_user_cpu.c",line 345,column 5,is_stmt,isa 0
    1037 00000043 8D00          MOVL      XAR0,#298             ; [CPU_ALU] |345| 
         00000044 012A 
    1038                      .dwpsn  file "../sources/dual_axis_servo_drive_user_cpu.c",line 344,column 5,is_stmt,isa 0
    1039              
    1040                      MOV32     R0H,*+XAR4[AR0]       ; [CPU_FPU] |345| 
    1041 00000045 E310  ||      ADDF32    R4H,R1H,R0H           ; [CPU_FPU] |344| 
         00000046 6094 
    1042              
    1043                      .dwpsn  file "../sources/dual_axis_servo_drive_user_cpu.c",line 345,column 5,is_stmt,isa 0
    1044 00000047 8D00          MOVL      XAR0,#296             ; [CPU_ALU] |345| 
         00000048 0128 
    1045 00000049 E84F          MPYF32    R1H,R0H,#16128        ; [CPU_FPU] |345| 
         0000004a C001 
    1046 0000004b E2AF          MOV32     R0H,*+XAR4[AR0]       ; [CPU_FPU] |345| 
         0000004c 0094 
    1047                      .dwpsn  file "../sources/dual_axis_servo_drive_user_cpu.c",line 365,column 5,is_stmt,isa 0
    1048 0000004d D00C          MOVB      XAR0,#12              ; [CPU_ALU] |365| 
    1049                      .dwpsn  file "../sources/dual_axis_servo_drive_user_cpu.c",line 345,column 5,is_stmt,isa 0
    1050 0000004e E720          SUBF32    R3H,R1H,R0H           ; [CPU_FPU] |345| 
         0000004f 000B 
    1051                      .dwpsn  file "../sources/dual_axis_servo_drive_user_cpu.c",line 365,column 5,is_stmt,isa 0
    1052 00000050 E802          MOVIZ     R0H,#16585            ; [CPU_FPU] |365| 
         00000051 0648 
    1053 00000052 E808          MOVXI     R0H,#4059             ; [CPU_FPU] |365| 
         00000053 7ED8 
    1054 00000054 E2AF          MOV32     R1H,*+XAR4[AR0]       ; [CPU_FPU] |365| 
         00000055 0194 
    1055 00000056 E700          MPYF32    R0H,R0H,R1H           ; [CPU_FPU] |365| 
         00000057 0040 
    1056 00000058 7700          NOP       ; [CPU_ALU] 
    1057 00000059 E850          MPYF32    R0H,R0H,#16544        ; [CPU_FPU] |365| 
         0000005a 2800 
TMS320C2000 Assembler PC v22.6.2 Thu Feb  5 15:43:43 2026

Copyright (c) 1996-2018 Texas Instruments Incorporated
dual_axis_servo_drive_user_cpu.asm                                   PAGE   25

    1058 0000005b 7700          NOP       ; [CPU_ALU] 
    1059 0000005c E88F          ADDF32    R0H,R0H,#16256        ; [CPU_FPU] |365| 
         0000005d E000 
    1060 0000005e 7700          NOP       ; [CPU_ALU] 
    1061 0000005f E801          MOVIZ     R1H,#16256            ; [CPU_FPU] |365| 
         00000060 FC01 
    1062 00000061 E274          DIVF32    R0H,R1H,R0H           ; [CPU_FPU] |365| 
         00000062 0008 
    1063 00000063 7700          NOP       ; [CPU_ALU] 
    1064 00000064 7700          NOP       ; [CPU_ALU] 
    1065 00000065 7700          NOP       ; [CPU_ALU] 
    1066 00000066 D0BA          MOVB      XAR0,#186             ; [CPU_ALU] |365| 
    1067 00000067 E203          MOV32     *+XAR4[AR0],R0H       ; [CPU_FPU] |365| 
         00000068 0094 
    1068                      .dwpsn  file "../sources/dual_axis_servo_drive_user_cpu.c",line 358,column 5,is_stmt,isa 0
    1069 00000069 D00E          MOVB      XAR0,#14              ; [CPU_ALU] |358| 
    1070 0000006a E801          MOVIZ     R0H,#16204            ; [CPU_FPU] |358| 
         0000006b FA60 
    1071 0000006c E2AF          MOV32     R1H,*+XAR4[AR0]       ; [CPU_FPU] |358| 
         0000006d 0194 
    1072 0000006e E80E          MOVXI     R0H,#52429            ; [CPU_FPU] |358| 
         0000006f 6668 
    1073 00000070 E700          MPYF32    R0H,R0H,R1H           ; [CPU_FPU] |358| 
         00000071 0040 
    1074 00000072 8D00          MOVL      XAR0,#336             ; [CPU_ALU] |358| 
         00000073 0150 
    1075 00000074 E203          MOV32     *+XAR4[AR0],R0H       ; [CPU_FPU] |358| 
         00000075 0094 
    1076                      .dwpsn  file "../sources/dual_axis_servo_drive_user_cpu.c",line 359,column 5,is_stmt,isa 0
    1077 00000076 D00E          MOVB      XAR0,#14              ; [CPU_ALU] |359| 
    1078 00000077 E805          MOVIZ     R0H,#48972            ; [CPU_FPU] |359| 
         00000078 FA60 
    1079 00000079 E80E          MOVXI     R0H,#52429            ; [CPU_FPU] |359| 
         0000007a 6668 
    1080 0000007b E2AF          MOV32     R1H,*+XAR4[AR0]       ; [CPU_FPU] |359| 
         0000007c 0194 
    1081 0000007d E700          MPYF32    R0H,R0H,R1H           ; [CPU_FPU] |359| 
         0000007e 0040 
    1082 0000007f 8D00          MOVL      XAR0,#338             ; [CPU_ALU] |359| 
         00000080 0152 
    1083 00000081 E203          MOV32     *+XAR4[AR0],R0H       ; [CPU_FPU] |359| 
         00000082 0094 
    1084                      .dwpsn  file "../sources/dual_axis_servo_drive_user_cpu.c",line 324,column 5,is_stmt,isa 0
    1085 00000083 D05C          MOVB      XAR0,#92              ; [CPU_ALU] |324| 
    1086                      .dwpsn  file "../sources/dual_axis_servo_drive_user_cpu.c",line 362,column 5,is_stmt,isa 0
    1087 00000084 E2AF          MOV32     R0H,*+XAR4[6]         ; [CPU_FPU] |362| 
         00000085 00F4 
    1088                      .dwpsn  file "../sources/dual_axis_servo_drive_user_cpu.c",line 324,column 5,is_stmt,isa 0
    1089 00000086 E203          MOV32     *+XAR4[AR0],R5H       ; [CPU_FPU] |324| 
         00000087 0594 
    1090                      .dwpsn  file "../sources/dual_axis_servo_drive_user_cpu.c",line 362,column 5,is_stmt,isa 0
    1091 00000088 D00C          MOVB      XAR0,#12              ; [CPU_ALU] |362| 
    1092 00000089 E2AF          MOV32     R1H,*+XAR4[AR0]       ; [CPU_FPU] |362| 
         0000008a 0194 
    1093 0000008b E700          MPYF32    R0H,R1H,R0H           ; [CPU_FPU] |362| 
TMS320C2000 Assembler PC v22.6.2 Thu Feb  5 15:43:43 2026

Copyright (c) 1996-2018 Texas Instruments Incorporated
dual_axis_servo_drive_user_cpu.asm                                   PAGE   26

         0000008c 0008 
    1094 0000008d 7700          NOP       ; [CPU_ALU] 
    1095 0000008e E801          MOVIZ     R1H,#16256            ; [CPU_FPU] |362| 
         0000008f FC01 
    1096 00000090 E274          DIVF32    R0H,R1H,R0H           ; [CPU_FPU] |362| 
         00000091 0008 
    1097 00000092 7700          NOP       ; [CPU_ALU] 
    1098 00000093 7700          NOP       ; [CPU_ALU] 
    1099 00000094 7700          NOP       ; [CPU_ALU] 
    1100 00000095 D0B8          MOVB      XAR0,#184             ; [CPU_ALU] |362| 
    1101 00000096 E203          MOV32     *+XAR4[AR0],R0H       ; [CPU_FPU] |362| 
         00000097 0094 
    1102                      .dwpsn  file "../sources/dual_axis_servo_drive_user_cpu.c",line 367,column 5,is_stmt,isa 0
    1103 00000098 E2AF          MOV32     R0H,*+XAR4[6]         ; [CPU_FPU] |367| 
         00000099 00F4 
    1104 0000009a E850          MPYF32    R1H,R0H,#17008        ; [CPU_FPU] |367| 
         0000009b 9C01 
    1105 0000009c D008          MOVB      XAR0,#8               ; [CPU_ALU] |367| 
    1106 0000009d E2AF          MOV32     R0H,*+XAR4[AR0]       ; [CPU_FPU] |367| 
         0000009e 0094 
    1107 0000009f E274          DIVF32    R0H,R1H,R0H           ; [CPU_FPU] |367| 
         000000a0 0008 
    1108 000000a1 7700          NOP       ; [CPU_ALU] 
    1109                      .dwpsn  file "../sources/dual_axis_servo_drive_user_cpu.c",line 313,column 5,is_stmt,isa 0
    1110 000000a2 8F40          MOVL      XAR5,#2000            ; [CPU_ARAU] |313| 
         000000a3 07D0 
    1111                      .dwpsn  file "../sources/dual_axis_servo_drive_user_cpu.c",line 319,column 5,is_stmt,isa 0
    1112 000000a4 0201          MOVB      ACC,#1                ; [CPU_ALU] |319| 
    1113                      .dwpsn  file "../sources/dual_axis_servo_drive_user_cpu.c",line 313,column 5,is_stmt,isa 0
    1114 000000a5 A0D4          MOVL      *+XAR4[2],XAR5        ; [CPU_ALU] |313| 
    1115                      .dwpsn  file "../sources/dual_axis_servo_drive_user_cpu.c",line 367,column 5,is_stmt,isa 0
    1116 000000a6 E68A          F32TOUI32 R0H,R0H               ; [CPU_FPU] |367| 
         000000a7 0000 
    1117 000000a8 D0B6          MOVB      XAR0,#182             ; [CPU_ALU] |367| 
    1118 000000a9 E203          MOV32     *+XAR4[AR0],R0H       ; [CPU_FPU] |367| 
         000000aa 0094 
    1119                      .dwpsn  file "../sources/dual_axis_servo_drive_user_cpu.c",line 344,column 5,is_stmt,isa 0
    1120 000000ab 8D00          MOVL      XAR0,#300             ; [CPU_ALU] |344| 
         000000ac 012C 
    1121 000000ad E203          MOV32     *+XAR4[AR0],R4H       ; [CPU_FPU] |344| 
         000000ae 0494 
    1122                      .dwpsn  file "../sources/dual_axis_servo_drive_user_cpu.c",line 345,column 5,is_stmt,isa 0
    1123 000000af 8D00          MOVL      XAR0,#302             ; [CPU_ALU] |345| 
         000000b0 012E 
    1124 000000b1 E203          MOV32     *+XAR4[AR0],R3H       ; [CPU_FPU] |345| 
         000000b2 0394 
    1125                      .dwpsn  file "../sources/dual_axis_servo_drive_user_cpu.c",line 366,column 5,is_stmt,isa 0
    1126 000000b3 D0BA          MOVB      XAR0,#186             ; [CPU_ALU] |366| 
    1127 000000b4 E2AF          MOV32     R0H,*+XAR4[AR0]       ; [CPU_FPU] |366| 
         000000b5 0094 
    1128 000000b6 E8CF          SUBF32    R0H,#16256,R0H        ; [CPU_FPU] |366| 
         000000b7 E000 
    1129 000000b8 D0BC          MOVB      XAR0,#188             ; [CPU_ALU] |366| 
    1130 000000b9 E203          MOV32     *+XAR4[AR0],R0H       ; [CPU_FPU] |366| 
         000000ba 0094 
TMS320C2000 Assembler PC v22.6.2 Thu Feb  5 15:43:43 2026

Copyright (c) 1996-2018 Texas Instruments Incorporated
dual_axis_servo_drive_user_cpu.asm                                   PAGE   27

    1131                      .dwpsn  file "../sources/dual_axis_servo_drive_user_cpu.c",line 346,column 5,is_stmt,isa 0
    1132 000000bb D00E          MOVB      XAR0,#14              ; [CPU_ALU] |346| 
    1133 000000bc E2AF          MOV32     R0H,*+XAR4[AR0]       ; [CPU_FPU] |346| 
         000000bd 0094 
    1134 000000be E84F          MPYF32    R0H,R0H,#16128        ; [CPU_FPU] |346| 
         000000bf C000 
    1135 000000c0 8D00          MOVL      XAR0,#304             ; [CPU_ALU] |346| 
         000000c1 0130 
    1136 000000c2 E203          MOV32     *+XAR4[AR0],R0H       ; [CPU_FPU] |346| 
         000000c3 0094 
    1137                      .dwpsn  file "../sources/dual_axis_servo_drive_user_cpu.c",line 347,column 5,is_stmt,isa 0
    1138 000000c4 D00E          MOVB      XAR0,#14              ; [CPU_ALU] |347| 
    1139 000000c5 E2AF          MOV32     R0H,*+XAR4[AR0]       ; [CPU_FPU] |347| 
         000000c6 0094 
    1140 000000c7 E86F          MPYF32    R0H,R0H,#48896        ; [CPU_FPU] |347| 
         000000c8 C000 
    1141 000000c9 8D00          MOVL      XAR0,#306             ; [CPU_ALU] |347| 
         000000ca 0132 
    1142 000000cb E203          MOV32     *+XAR4[AR0],R0H       ; [CPU_FPU] |347| 
         000000cc 0094 
    1143                      .dwpsn  file "../sources/dual_axis_servo_drive_user_cpu.c",line 372,column 5,is_stmt,isa 0
    1144 000000cd D00C          MOVB      XAR0,#12              ; [CPU_ALU] |372| 
    1145 000000ce E2AF          MOV32     R0H,*+XAR4[AR0]       ; [CPU_FPU] |372| 
         000000cf 0094 
    1146 000000d0 E850          MPYF32    R0H,R0H,#16752        ; [CPU_FPU] |372| 
         000000d1 5C00 
    1147 000000d2 D0CC          MOVB      XAR0,#204             ; [CPU_ALU] |372| 
    1148 000000d3 E203          MOV32     *+XAR4[AR0],R0H       ; [CPU_FPU] |372| 
         000000d4 0094 
    1149                      .dwpsn  file "../sources/dual_axis_servo_drive_user_cpu.c",line 319,column 5,is_stmt,isa 0
    1150 000000d5 D068          MOVB      XAR0,#104             ; [CPU_ALU] |319| 
    1151                      .dwpsn  file "../sources/dual_axis_servo_drive_user_cpu.c",line 328,column 5,is_stmt,isa 0
    1152 000000d6 E801          MOVIZ     R0H,#16000            ; [CPU_FPU] |328| 
         000000d7 F400 
    1153                      .dwpsn  file "../sources/dual_axis_servo_drive_user_cpu.c",line 319,column 5,is_stmt,isa 0
    1154 000000d8 1E94          MOVL      *+XAR4[AR0],ACC       ; [CPU_ALU] |319| 
    1155                      .dwpsn  file "../sources/dual_axis_servo_drive_user_cpu.c",line 328,column 5,is_stmt,isa 0
    1156 000000d9 8D00          MOVL      XAR0,#268             ; [CPU_ALU] |328| 
         000000da 010C 
    1157 000000db E203          MOV32     *+XAR4[AR0],R0H       ; [CPU_FPU] |328| 
         000000dc 0094 
    1158                      .dwpsn  file "../sources/dual_axis_servo_drive_user_cpu.c",line 330,column 5,is_stmt,isa 0
    1159 000000dd 8D00          MOVL      XAR0,#272             ; [CPU_ALU] |330| 
         000000de 0110 
    1160 000000df E801          MOVIZ     R0H,#16256            ; [CPU_FPU] |330| 
         000000e0 FC00 
    1161 000000e1 E203          MOV32     *+XAR4[AR0],R0H       ; [CPU_FPU] |330| 
         000000e2 0094 
    1162                      .dwpsn  file "../sources/dual_axis_servo_drive_user_cpu.c",line 331,column 5,is_stmt,isa 0
    1163 000000e3 8D00          MOVL      XAR0,#274             ; [CPU_ALU] |331| 
         000000e4 0112 
    1164 000000e5 E805          MOVIZ     R0H,#49024            ; [CPU_FPU] |331| 
         000000e6 FC00 
    1165 000000e7 E203          MOV32     *+XAR4[AR0],R0H       ; [CPU_FPU] |331| 
         000000e8 0094 
TMS320C2000 Assembler PC v22.6.2 Thu Feb  5 15:43:43 2026

Copyright (c) 1996-2018 Texas Instruments Incorporated
dual_axis_servo_drive_user_cpu.asm                                   PAGE   28

    1166                      .dwpsn  file "../sources/dual_axis_servo_drive_user_cpu.c",line 320,column 5,is_stmt,isa 0
    1167 000000e9 D06A          MOVB      XAR0,#106             ; [CPU_ALU] |320| 
    1168 000000ea E805          MOVIZ     R0H,#49024            ; [CPU_FPU] |320| 
         000000eb FC00 
    1169 000000ec E203          MOV32     *+XAR4[AR0],R0H       ; [CPU_FPU] |320| 
         000000ed 0094 
    1170                      .dwpsn  file "../sources/dual_axis_servo_drive_user_cpu.c",line 321,column 5,is_stmt,isa 0
    1171 000000ee D06C          MOVB      XAR0,#108             ; [CPU_ALU] |321| 
    1172 000000ef E801          MOVIZ     R0H,#16256            ; [CPU_FPU] |321| 
         000000f0 FC00 
    1173 000000f1 E203          MOV32     *+XAR4[AR0],R0H       ; [CPU_FPU] |321| 
         000000f2 0094 
    1174                      .dwpsn  file "../sources/dual_axis_servo_drive_user_cpu.c",line 325,column 5,is_stmt,isa 0
    1175 000000f3 D060          MOVB      XAR0,#96              ; [CPU_ALU] |325| 
    1176 000000f4 E801          MOVIZ     R0H,#16256            ; [CPU_FPU] |325| 
         000000f5 FC00 
    1177 000000f6 E203          MOV32     *+XAR4[AR0],R0H       ; [CPU_FPU] |325| 
         000000f7 0094 
    1178                      .dwpsn  file "../sources/dual_axis_servo_drive_user_cpu.c",line 326,column 5,is_stmt,isa 0
    1179 000000f8 D064          MOVB      XAR0,#100             ; [CPU_ALU] |326| 
    1180 000000f9 E801          MOVIZ     R0H,#16256            ; [CPU_FPU] |326| 
         000000fa FC00 
    1181 000000fb E203          MOV32     *+XAR4[AR0],R0H       ; [CPU_FPU] |326| 
         000000fc 0094 
    1182                      .dwpsn  file "../sources/dual_axis_servo_drive_user_cpu.c",line 334,column 5,is_stmt,isa 0
    1183 000000fd D0EA          MOVB      XAR0,#234             ; [CPU_ALU] |334| 
    1184 000000fe E801          MOVIZ     R0H,#16000            ; [CPU_FPU] |334| 
         000000ff F400 
    1185 00000100 E203          MOV32     *+XAR4[AR0],R0H       ; [CPU_FPU] |334| 
         00000101 0094 
    1186                      .dwpsn  file "../sources/dual_axis_servo_drive_user_cpu.c",line 336,column 5,is_stmt,isa 0
    1187 00000102 D0EE          MOVB      XAR0,#238             ; [CPU_ALU] |336| 
    1188 00000103 E590          ZERO      R0H                   ; [CPU_FPU] |336| 
    1189 00000104 E203          MOV32     *+XAR4[AR0],R0H       ; [CPU_FPU] |336| 
         00000105 0094 
    1190                      .dwpsn  file "../sources/dual_axis_servo_drive_user_cpu.c",line 337,column 5,is_stmt,isa 0
    1191 00000106 D0E8          MOVB      XAR0,#232             ; [CPU_ALU] |337| 
    1192 00000107 E801          MOVIZ     R0H,#16256            ; [CPU_FPU] |337| 
         00000108 FC00 
    1193 00000109 E203          MOV32     *+XAR4[AR0],R0H       ; [CPU_FPU] |337| 
         0000010a 0094 
    1194                      .dwpsn  file "../sources/dual_axis_servo_drive_user_cpu.c",line 371,column 5,is_stmt,isa 0
    1195 0000010b D0CA          MOVB      XAR0,#202             ; [CPU_ALU] |371| 
    1196 0000010c E802          MOVIZ     R0H,#16752            ; [CPU_FPU] |371| 
         0000010d 0B80 
    1197 0000010e E203          MOV32     *+XAR4[AR0],R0H       ; [CPU_FPU] |371| 
         0000010f 0094 
    1198                      .dwpsn  file "../sources/dual_axis_servo_drive_user_cpu.c",line 373,column 5,is_stmt,isa 0
    1199 00000110 D0D0          MOVB      XAR0,#208             ; [CPU_ALU] |373| 
    1200 00000111 E801          MOVIZ     R0H,#16256            ; [CPU_FPU] |373| 
         00000112 FC00 
    1201 00000113 E203          MOV32     *+XAR4[AR0],R0H       ; [CPU_FPU] |373| 
         00000114 0094 
    1202                      .dwpsn  file "../sources/dual_axis_servo_drive_user_cpu.c",line 374,column 5,is_stmt,isa 0
    1203 00000115 D0D2          MOVB      XAR0,#210             ; [CPU_ALU] |374| 
TMS320C2000 Assembler PC v22.6.2 Thu Feb  5 15:43:43 2026

Copyright (c) 1996-2018 Texas Instruments Incorporated
dual_axis_servo_drive_user_cpu.asm                                   PAGE   29

    1204 00000116 E805          MOVIZ     R0H,#49024            ; [CPU_FPU] |374| 
         00000117 FC00 
    1205 00000118 E203          MOV32     *+XAR4[AR0],R0H       ; [CPU_FPU] |374| 
         00000119 0094 
    1206                      .dwpsn  file "../sources/dual_axis_servo_drive_user_cpu.c",line 375,column 5,is_stmt,isa 0
    1207 0000011a D0D6          MOVB      XAR0,#214             ; [CPU_ALU] |375| 
    1208 0000011b E590          ZERO      R0H                   ; [CPU_FPU] |375| 
    1209 0000011c E203          MOV32     *+XAR4[AR0],R0H       ; [CPU_FPU] |375| 
         0000011d 0094 
    1210                      .dwpsn  file "../sources/dual_axis_servo_drive_user_cpu.c",line 329,column 5,is_stmt,isa 0
    1211 0000011e 8D00          MOVL      XAR0,#270             ; [CPU_ALU] |329| 
         0000011f 010E 
    1212 00000120 E801          MOVIZ     R0H,#14979            ; [CPU_FPU] |329| 
         00000121 D418 
    1213 00000122 E808          MOVXI     R0H,#4719             ; [CPU_FPU] |329| 
         00000123 9378 
    1214 00000124 E203          MOV32     *+XAR4[AR0],R0H       ; [CPU_FPU] |329| 
         00000125 0094 
    1215                      .dwpsn  file "../sources/dual_axis_servo_drive_user_cpu.c",line 305,column 5,is_stmt,isa 0
    1216 00000126 D01E          MOVB      XAR0,#30              ; [CPU_ALU] |305| 
    1217 00000127 E801          MOVIZ     R0H,#15948            ; [CPU_FPU] |305| 
         00000128 F260 
    1218 00000129 E80E          MOVXI     R0H,#52429            ; [CPU_FPU] |305| 
         0000012a 6668 
    1219 0000012b E203          MOV32     *+XAR4[AR0],R0H       ; [CPU_FPU] |305| 
         0000012c 0094 
    1220                      .dwpsn  file "../sources/dual_axis_servo_drive_user_cpu.c",line 306,column 5,is_stmt,isa 0
    1221 0000012d D026          MOVB      XAR0,#38              ; [CPU_ALU] |306| 
    1222 0000012e E801          MOVIZ     R0H,#15820            ; [CPU_FPU] |306| 
         0000012f EE60 
    1223 00000130 E80E          MOVXI     R0H,#52429            ; [CPU_FPU] |306| 
         00000131 6668 
    1224 00000132 E203          MOV32     *+XAR4[AR0],R0H       ; [CPU_FPU] |306| 
         00000133 0094 
    1225                      .dwpsn  file "../sources/dual_axis_servo_drive_user_cpu.c",line 307,column 5,is_stmt,isa 0
    1226 00000134 D02C          MOVB      XAR0,#44              ; [CPU_ALU] |307| 
    1227 00000135 E801          MOVIZ     R0H,#15820            ; [CPU_FPU] |307| 
         00000136 EE60 
    1228 00000137 E80E          MOVXI     R0H,#52429            ; [CPU_FPU] |307| 
         00000138 6668 
    1229 00000139 E203          MOV32     *+XAR4[AR0],R0H       ; [CPU_FPU] |307| 
         0000013a 0094 
    1230                      .dwpsn  file "../sources/dual_axis_servo_drive_user_cpu.c",line 308,column 5,is_stmt,isa 0
    1231 0000013b D030          MOVB      XAR0,#48              ; [CPU_ALU] |308| 
    1232 0000013c E801          MOVIZ     R0H,#15523            ; [CPU_FPU] |308| 
         0000013d E518 
    1233 0000013e E80E          MOVXI     R0H,#55050            ; [CPU_FPU] |308| 
         0000013f B850 
    1234 00000140 E203          MOV32     *+XAR4[AR0],R0H       ; [CPU_FPU] |308| 
         00000141 0094 
    1235                      .dwpsn  file "../sources/dual_axis_servo_drive_user_cpu.c",line 335,column 5,is_stmt,isa 0
    1236 00000142 D0EC          MOVB      XAR0,#236             ; [CPU_ALU] |335| 
    1237 00000143 E801          MOVIZ     R0H,#14979            ; [CPU_FPU] |335| 
         00000144 D418 
    1238 00000145 E808          MOVXI     R0H,#4719             ; [CPU_FPU] |335| 
TMS320C2000 Assembler PC v22.6.2 Thu Feb  5 15:43:43 2026

Copyright (c) 1996-2018 Texas Instruments Incorporated
dual_axis_servo_drive_user_cpu.asm                                   PAGE   30

         00000146 9378 
    1239 00000147 E203          MOV32     *+XAR4[AR0],R0H       ; [CPU_FPU] |335| 
         00000148 0094 
    1240                      .dwpsn  file "../sources/dual_axis_servo_drive_user_cpu.c",line 338,column 5,is_stmt,isa 0
    1241 00000149 D0F2          MOVB      XAR0,#242             ; [CPU_ALU] |338| 
    1242 0000014a E801          MOVIZ     R0H,#16243            ; [CPU_FPU] |338| 
         0000014b FB98 
    1243 0000014c E809          MOVXI     R0H,#13107            ; [CPU_FPU] |338| 
         0000014d 9998 
    1244 0000014e E203          MOV32     *+XAR4[AR0],R0H       ; [CPU_FPU] |338| 
         0000014f 0094 
    1245                      .dwpsn  file "../sources/dual_axis_servo_drive_user_cpu.c",line 339,column 5,is_stmt,isa 0
    1246 00000150 D0F4          MOVB      XAR0,#244             ; [CPU_ALU] |339| 
    1247 00000151 E805          MOVIZ     R0H,#49011            ; [CPU_FPU] |339| 
         00000152 FB98 
    1248 00000153 E809          MOVXI     R0H,#13107            ; [CPU_FPU] |339| 
         00000154 9998 
    1249 00000155 E203          MOV32     *+XAR4[AR0],R0H       ; [CPU_FPU] |339| 
         00000156 0094 
    1250                      .dwpsn  file "../sources/dual_axis_servo_drive_user_cpu.c",line 300,column 5,is_stmt,isa 0
    1251 00000157 8D00          MOVL      XAR0,#446             ; [CPU_ALU] |300| 
         00000158 01BE 
    1252                      .dwpsn  file "../sources/dual_axis_servo_drive_user_cpu.c",line 314,column 5,is_stmt,isa 0
    1253 00000159 E801          MOVIZ     R0H,#15044            ; [CPU_FPU] |314| 
         0000015a D620 
    1254                      .dwpsn  file "../sources/dual_axis_servo_drive_user_cpu.c",line 300,column 5,is_stmt,isa 0
    1255 0000015b 2B94          MOV       *+XAR4[AR0],#0        ; [CPU_ALU] |300| 
    1256                      .dwpsn  file "../sources/dual_axis_servo_drive_user_cpu.c",line 301,column 5,is_stmt,isa 0
    1257 0000015c 8D00          MOVL      XAR0,#447             ; [CPU_ALU] |301| 
         0000015d 01BF 
    1258                      .dwpsn  file "../sources/dual_axis_servo_drive_user_cpu.c",line 314,column 5,is_stmt,isa 0
    1259 0000015e E80C          MOVXI     R0H,#39846            ; [CPU_FPU] |314| 
         0000015f DD30 
    1260                      .dwpsn  file "../sources/dual_axis_servo_drive_user_cpu.c",line 301,column 5,is_stmt,isa 0
    1261 00000160 2B94          MOV       *+XAR4[AR0],#0        ; [CPU_ALU] |301| 
    1262                      .dwpsn  file "../sources/dual_axis_servo_drive_user_cpu.c",line 302,column 5,is_stmt,isa 0
    1263 00000161 8D00          MOVL      XAR0,#445             ; [CPU_ALU] |302| 
         00000162 01BD 
    1264                      .dwpsn  file "../sources/dual_axis_servo_drive_user_cpu.c",line 314,column 5,is_stmt,isa 0
    1265 00000163 E203          MOV32     *+XAR4[4],R0H         ; [CPU_FPU] |314| 
         00000164 00E4 
    1266                      .dwpsn  file "../sources/dual_axis_servo_drive_user_cpu.c",line 302,column 5,is_stmt,isa 0
    1267 00000165 2B94          MOV       *+XAR4[AR0],#0        ; [CPU_ALU] |302| 
    1268                      .dwpsn  file "../sources/dual_axis_servo_drive_user_cpu.c",line 310,column 5,is_stmt,isa 0
    1269 00000166 8D00          MOVL      XAR0,#437             ; [CPU_ALU] |310| 
         00000167 01B5 
    1270 00000168 2894          MOV       *+XAR4[AR0],#2000     ; [CPU_ALU] |310| 
         00000169 07D0 
    1271                      .dwpsn  file "../sources/dual_axis_servo_drive_user_cpu.c",line 376,column 5,is_stmt,isa 0
    1272 0000016a E2AF          MOV32     R0H,*+XAR4[6]         ; [CPU_FPU] |376| 
         0000016b 00F4 
    1273                      .dwpsn  file "../sources/dual_axis_servo_drive_user_cpu.c",line 311,column 5,is_stmt,isa 0
    1274 0000016c 8D00          MOVL      XAR0,#438             ; [CPU_ALU] |311| 
         0000016d 01B6 
    1275 0000016e 56BF          MOVB      *+XAR4[AR0],#2,UNC    ; [CPU_ALU] |311| 
TMS320C2000 Assembler PC v22.6.2 Thu Feb  5 15:43:43 2026

Copyright (c) 1996-2018 Texas Instruments Incorporated
dual_axis_servo_drive_user_cpu.asm                                   PAGE   31

         0000016f 0294 
    1276                      .dwpsn  file "../sources/dual_axis_servo_drive_user_cpu.c",line 312,column 5,is_stmt,isa 0
    1277 00000170 8D00          MOVL      XAR0,#439             ; [CPU_ALU] |312| 
         00000171 01B7 
    1278 00000172 2B94          MOV       *+XAR4[AR0],#0        ; [CPU_ALU] |312| 
    1279                      .dwpsn  file "../sources/dual_axis_servo_drive_user_cpu.c",line 315,column 5,is_stmt,isa 0
    1280 00000173 8D00          MOVL      XAR0,#428             ; [CPU_ALU] |315| 
         00000174 01AC 
    1281 00000175 56BF          MOVB      *+XAR4[AR0],#1,UNC    ; [CPU_ALU] |315| 
         00000176 0194 
    1282                      .dwpsn  file "../sources/dual_axis_servo_drive_user_cpu.c",line 378,column 5,is_stmt,isa 0
    1283 00000177 8D00          MOVL      XAR0,#434             ; [CPU_ALU] |378| 
         00000178 01B2 
    1284 00000179 56BF          MOVB      *+XAR4[AR0],#10,UNC   ; [CPU_ALU] |378| 
         0000017a 0A94 
    1285                      .dwpsn  file "../sources/dual_axis_servo_drive_user_cpu.c",line 376,column 5,is_stmt,isa 0
    1286 0000017b D00C          MOVB      XAR0,#12              ; [CPU_ALU] |376| 
    1287 0000017c E2AF          MOV32     R1H,*+XAR4[AR0]       ; [CPU_FPU] |376| 
         0000017d 0194 
    1288 0000017e E700          MPYF32    R0H,R1H,R0H           ; [CPU_FPU] |376| 
         0000017f 0008 
    1289 00000180 D0DC          MOVB      XAR0,#220             ; [CPU_ALU] |376| 
    1290 00000181 E203          MOV32     *+XAR4[AR0],R0H       ; [CPU_FPU] |376| 
         00000182 0094 
    1291                      .dwpsn  file "../sources/dual_axis_servo_drive_user_cpu.c",line 355,column 5,is_stmt,isa 0
    1292 00000183 8D00          MOVL      XAR0,#334             ; [CPU_ALU] |355| 
         00000184 014E 
    1293 00000185 E203          MOV32     *+XAR4[AR0],R2H       ; [CPU_FPU] |355| 
         00000186 0294 
    1294 00000187 E2AF          MOV32     R5H,*--SP             ; [CPU_FPU] 
         00000188 05BE 
    1295                      .dwcfi  cfa_offset, -6
    1296                      .dwcfi  restore_reg, 63
    1297 00000189 E2AF          MOV32     R4H,*--SP             ; [CPU_FPU] 
         0000018a 04BE 
    1298                      .dwcfi  cfa_offset, -4
    1299                      .dwcfi  restore_reg, 59
    1300 0000018b 8BBE          MOVL      XAR1,*--SP            ; [CPU_ALU] 
    1301                      .dwcfi  cfa_offset, -2
    1302                      .dwcfi  restore_reg, 7
    1303              $C$DW$41        .dwtag  DW_TAG_TI_branch
    1304                      .dwattr $C$DW$41, DW_AT_low_pc(0x00)
    1305                      .dwattr $C$DW$41, DW_AT_TI_return
    1306              
    1307 0000018c 0006          LRETR     ; [CPU_ALU] 
    1308                      ; return occurs ; [] 
    1309                      .dwattr $C$DW$38, DW_AT_TI_end_file("../sources/dual_axis_servo_drive_user_cpu.c")
    1310                      .dwattr $C$DW$38, DW_AT_TI_end_line(0x186)
    1311                      .dwattr $C$DW$38, DW_AT_TI_end_column(0x01)
    1312                      .dwendentry
    1313                      .dwendtag $C$DW$38
    1314              
    1315 00000000               .sect   ".text:__signbitl"
    1316                      .clink
    1317                      .global ||__signbitl||
TMS320C2000 Assembler PC v22.6.2 Thu Feb  5 15:43:43 2026

Copyright (c) 1996-2018 Texas Instruments Incorporated
dual_axis_servo_drive_user_cpu.asm                                   PAGE   32

    1318              
    1319              $C$DW$42        .dwtag  DW_TAG_subprogram
    1320                      .dwattr $C$DW$42, DW_AT_name("__signbitl")
    1321                      .dwattr $C$DW$42, DW_AT_low_pc(||__signbitl||)
    1322                      .dwattr $C$DW$42, DW_AT_high_pc(0x00)
    1323                      .dwattr $C$DW$42, DW_AT_linkage_name("__signbitl")
    1324                      .dwattr $C$DW$42, DW_AT_external
    1325                      .dwattr $C$DW$42, DW_AT_type(*$C$DW$T$10)
    1326                      .dwattr $C$DW$42, DW_AT_decl_file("C:/ti/ccs2031/ccs/tools/compiler/ti-cgt-c2000_22.6.2.LTS/include/_
    1327                      .dwattr $C$DW$42, DW_AT_decl_line(0x16f)
    1328                      .dwattr $C$DW$42, DW_AT_decl_column(0x18)
    1329                      .dwattr $C$DW$42, DW_AT_TI_max_frame_size(-6)
    1330                      .dwpsn  file "C:/ti/ccs2031/ccs/tools/compiler/ti-cgt-c2000_22.6.2.LTS/include/_defs.h",line 368,colu
    1331              
    1332                      .dwfde $C$DW$CIE, ||__signbitl||
    1333              $C$DW$43        .dwtag  DW_TAG_formal_parameter
    1334                      .dwattr $C$DW$43, DW_AT_name("e")
    1335                      .dwattr $C$DW$43, DW_AT_type(*$C$DW$T$175)
    1336                      .dwattr $C$DW$43, DW_AT_location[DW_OP_reg12]
    1337              
    1338              
    1339              ;***************************************************************
    1340              ;* FNAME: __signbitl                    FR SIZE:   4           *
    1341              ;*                                                             *
    1342              ;* FUNCTION ENVIRONMENT                                        *
    1343              ;*                                                             *
    1344              ;* FUNCTION PROPERTIES                                         *
    1345              ;*                            4 Parameter,  0 Auto,  0 SOE     *
    1346              ;***************************************************************
    1347              
    1348              ||__signbitl||:
    1349              ;* AR4   assigned to e
    1350              $C$DW$44        .dwtag  DW_TAG_variable
    1351                      .dwattr $C$DW$44, DW_AT_name("e")
    1352                      .dwattr $C$DW$44, DW_AT_type(*$C$DW$T$176)
    1353                      .dwattr $C$DW$44, DW_AT_location[DW_OP_reg12]
    1354              
    1355                      .dwcfi  cfa_offset, -2
    1356                      .dwcfi  save_reg_to_mem, 26, 0
    1357 00000000 FE04          ADDB      SP,#4                 ; [CPU_ARAU] 
    1358                      .dwcfi  cfa_offset, -6
    1359                      .dwpsn  file "C:/ti/ccs2031/ccs/tools/compiler/ti-cgt-c2000_22.6.2.LTS/include/_defs.h",line 368,colu
    1360 00000001 0200          MOVB      ACC,#0                ; [CPU_ALU] |368| 
    1361 00000002 1E44          MOVL      *-SP[4],ACC           ; [CPU_ALU] |368| 
    1362 00000003 2B42          MOV       *-SP[2],#0            ; [CPU_ALU] |368| 
    1363 00000004 2B41          MOV       *-SP[1],#0            ; [CPU_ALU] |368| 
    1364 00000005 A3C4          MOVL      P,*+XAR4[0]           ; [CPU_ALU] |368| 
    1365 00000006 06D4          MOVL      ACC,*+XAR4[2]         ; [CPU_ALU] |368| 
    1366 00000007 18AB          AND       PL,#0                 ; [CPU_ALU] |368| 
         00000008 0000 
    1367 00000009 18AA          AND       PH,#0                 ; [CPU_ALU] |368| 
         0000000a 0000 
    1368 0000000b 9000          ANDB      AL,#0                 ; [CPU_ALU] |368| 
    1369 0000000c 18A8          AND       AH,#32768             ; [CPU_ALU] |368| 
         0000000d 8000 
TMS320C2000 Assembler PC v22.6.2 Thu Feb  5 15:43:43 2026

Copyright (c) 1996-2018 Texas Instruments Incorporated
dual_axis_servo_drive_user_cpu.asm                                   PAGE   33

    1370              $C$DW$45        .dwtag  DW_TAG_TI_branch
    1371                      .dwattr $C$DW$45, DW_AT_low_pc(0x00)
    1372                      .dwattr $C$DW$45, DW_AT_name("__c28xabi_cmpull")
    1373                      .dwattr $C$DW$45, DW_AT_TI_call
    1374              
    1375 0000000e 7640!         LCR       #||__c28xabi_cmpull|| ; [CPU_ALU] |368| 
         0000000f 0000 
    1376                      ; call occurs [#||__c28xabi_cmpull||] ; [] |368| 
    1377 00000010 9B00          MOVB      AH,#0                 ; [CPU_ALU] |368| 
    1378 00000011 5200          CMPB      AL,#0                 ; [CPU_ALU] |368| 
    1379 00000012 56B0          MOVB      AH,#1,NEQ             ; [CPU_ALU] |368| 
         00000013 01A8 
    1380 00000014 92A8          MOV       AL,AH                 ; [CPU_ALU] |368| 
    1381 00000015 FE84          SUBB      SP,#4                 ; [CPU_ARAU] 
    1382                      .dwcfi  cfa_offset, -2
    1383              $C$DW$46        .dwtag  DW_TAG_TI_branch
    1384                      .dwattr $C$DW$46, DW_AT_low_pc(0x00)
    1385                      .dwattr $C$DW$46, DW_AT_TI_return
    1386              
    1387 00000016 0006          LRETR     ; [CPU_ALU] 
    1388                      ; return occurs ; [] 
    1389                      .dwattr $C$DW$42, DW_AT_TI_end_file("C:/ti/ccs2031/ccs/tools/compiler/ti-cgt-c2000_22.6.2.LTS/include
    1390                      .dwattr $C$DW$42, DW_AT_TI_end_line(0x170)
    1391                      .dwattr $C$DW$42, DW_AT_TI_end_column(0x2b)
    1392                      .dwendentry
    1393                      .dwendtag $C$DW$42
    1394              
    1395 00000000               .sect   ".text:__signbitf"
    1396                      .clink
    1397                      .global ||__signbitf||
    1398              
    1399              $C$DW$47        .dwtag  DW_TAG_subprogram
    1400                      .dwattr $C$DW$47, DW_AT_name("__signbitf")
    1401                      .dwattr $C$DW$47, DW_AT_low_pc(||__signbitf||)
    1402                      .dwattr $C$DW$47, DW_AT_high_pc(0x00)
    1403                      .dwattr $C$DW$47, DW_AT_linkage_name("__signbitf")
    1404                      .dwattr $C$DW$47, DW_AT_external
    1405                      .dwattr $C$DW$47, DW_AT_type(*$C$DW$T$10)
    1406                      .dwattr $C$DW$47, DW_AT_decl_file("C:/ti/ccs2031/ccs/tools/compiler/ti-cgt-c2000_22.6.2.LTS/include/_
    1407                      .dwattr $C$DW$47, DW_AT_decl_line(0x16d)
    1408                      .dwattr $C$DW$47, DW_AT_decl_column(0x18)
    1409                      .dwattr $C$DW$47, DW_AT_TI_max_frame_size(-2)
    1410                      .dwpsn  file "C:/ti/ccs2031/ccs/tools/compiler/ti-cgt-c2000_22.6.2.LTS/include/_defs.h",line 366,colu
    1411              
    1412                      .dwfde $C$DW$CIE, ||__signbitf||
    1413              $C$DW$48        .dwtag  DW_TAG_formal_parameter
    1414                      .dwattr $C$DW$48, DW_AT_name("f")
    1415                      .dwattr $C$DW$48, DW_AT_type(*$C$DW$T$16)
    1416                      .dwattr $C$DW$48, DW_AT_location[DW_OP_regx 0x2b]
    1417              
    1418              
    1419              ;***************************************************************
    1420              ;* FNAME: __signbitf                    FR SIZE:   0           *
    1421              ;*                                                             *
    1422              ;* FUNCTION ENVIRONMENT                                        *
TMS320C2000 Assembler PC v22.6.2 Thu Feb  5 15:43:43 2026

Copyright (c) 1996-2018 Texas Instruments Incorporated
dual_axis_servo_drive_user_cpu.asm                                   PAGE   34

    1423              ;*                                                             *
    1424              ;* FUNCTION PROPERTIES                                         *
    1425              ;*                            0 Parameter,  0 Auto,  0 SOE     *
    1426              ;***************************************************************
    1427              
    1428              ||__signbitf||:
    1429              ;* R0    assigned to f
    1430              $C$DW$49        .dwtag  DW_TAG_variable
    1431                      .dwattr $C$DW$49, DW_AT_name("f")
    1432                      .dwattr $C$DW$49, DW_AT_type(*$C$DW$T$170)
    1433                      .dwattr $C$DW$49, DW_AT_location[DW_OP_regx 0x2b]
    1434              
    1435                      .dwcfi  cfa_offset, -2
    1436                      .dwcfi  save_reg_to_mem, 26, 0
    1437                      .dwpsn  file "C:/ti/ccs2031/ccs/tools/compiler/ti-cgt-c2000_22.6.2.LTS/include/_defs.h",line 366,colu
    1438 00000000 BFA9          MOV32     ACC,R0H               ; [CPU_FPU] |366| 
         00000001 0F12 
    1439 00000002 BE00          MOVB      XAR6,#0               ; [CPU_ALU] |366| 
    1440 00000003 9000          ANDB      AL,#0                 ; [CPU_ALU] |366| 
    1441 00000004 18A8          AND       AH,#32768             ; [CPU_ALU] |366| 
         00000005 8000 
    1442 00000006 FF58          TEST      ACC                   ; [CPU_ALU] |366| 
    1443 00000007 56B0          MOVB      XAR6,#1,NEQ           ; [CPU_ALU] |366| 
         00000008 01A6 
    1444 00000009 92A6          MOV       AL,AR6                ; [CPU_ALU] |366| 
    1445              $C$DW$50        .dwtag  DW_TAG_TI_branch
    1446                      .dwattr $C$DW$50, DW_AT_low_pc(0x00)
    1447                      .dwattr $C$DW$50, DW_AT_TI_return
    1448              
    1449 0000000a 0006          LRETR     ; [CPU_ALU] 
    1450                      ; return occurs ; [] 
    1451                      .dwattr $C$DW$47, DW_AT_TI_end_file("C:/ti/ccs2031/ccs/tools/compiler/ti-cgt-c2000_22.6.2.LTS/include
    1452                      .dwattr $C$DW$47, DW_AT_TI_end_line(0x16e)
    1453                      .dwattr $C$DW$47, DW_AT_TI_end_column(0x29)
    1454                      .dwendentry
    1455                      .dwendtag $C$DW$47
    1456              
    1457 00000000               .sect   ".text:__signbit"
    1458                      .clink
    1459                      .global ||__signbit||
    1460              
    1461              $C$DW$51        .dwtag  DW_TAG_subprogram
    1462                      .dwattr $C$DW$51, DW_AT_name("__signbit")
    1463                      .dwattr $C$DW$51, DW_AT_low_pc(||__signbit||)
    1464                      .dwattr $C$DW$51, DW_AT_high_pc(0x00)
    1465                      .dwattr $C$DW$51, DW_AT_linkage_name("__signbit")
    1466                      .dwattr $C$DW$51, DW_AT_external
    1467                      .dwattr $C$DW$51, DW_AT_type(*$C$DW$T$10)
    1468                      .dwattr $C$DW$51, DW_AT_decl_file("C:/ti/ccs2031/ccs/tools/compiler/ti-cgt-c2000_22.6.2.LTS/include/_
    1469                      .dwattr $C$DW$51, DW_AT_decl_line(0x16b)
    1470                      .dwattr $C$DW$51, DW_AT_decl_column(0x18)
    1471                      .dwattr $C$DW$51, DW_AT_TI_max_frame_size(-6)
    1472                      .dwpsn  file "C:/ti/ccs2031/ccs/tools/compiler/ti-cgt-c2000_22.6.2.LTS/include/_defs.h",line 364,colu
    1473              
    1474                      .dwfde $C$DW$CIE, ||__signbit||
TMS320C2000 Assembler PC v22.6.2 Thu Feb  5 15:43:43 2026

Copyright (c) 1996-2018 Texas Instruments Incorporated
dual_axis_servo_drive_user_cpu.asm                                   PAGE   35

    1475              $C$DW$52        .dwtag  DW_TAG_formal_parameter
    1476                      .dwattr $C$DW$52, DW_AT_name("d")
    1477                      .dwattr $C$DW$52, DW_AT_type(*$C$DW$T$172)
    1478                      .dwattr $C$DW$52, DW_AT_location[DW_OP_reg12]
    1479              
    1480              
    1481              ;***************************************************************
    1482              ;* FNAME: __signbit                     FR SIZE:   4           *
    1483              ;*                                                             *
    1484              ;* FUNCTION ENVIRONMENT                                        *
    1485              ;*                                                             *
    1486              ;* FUNCTION PROPERTIES                                         *
    1487              ;*                            4 Parameter,  0 Auto,  0 SOE     *
    1488              ;***************************************************************
    1489              
    1490              ||__signbit||:
    1491              ;* AR4   assigned to d
    1492              $C$DW$53        .dwtag  DW_TAG_variable
    1493                      .dwattr $C$DW$53, DW_AT_name("d")
    1494                      .dwattr $C$DW$53, DW_AT_type(*$C$DW$T$173)
    1495                      .dwattr $C$DW$53, DW_AT_location[DW_OP_reg12]
    1496              
    1497                      .dwcfi  cfa_offset, -2
    1498                      .dwcfi  save_reg_to_mem, 26, 0
    1499 00000000 FE04          ADDB      SP,#4                 ; [CPU_ARAU] 
    1500                      .dwcfi  cfa_offset, -6
    1501                      .dwpsn  file "C:/ti/ccs2031/ccs/tools/compiler/ti-cgt-c2000_22.6.2.LTS/include/_defs.h",line 364,colu
    1502 00000001 0200          MOVB      ACC,#0                ; [CPU_ALU] |364| 
    1503 00000002 1E44          MOVL      *-SP[4],ACC           ; [CPU_ALU] |364| 
    1504 00000003 2B42          MOV       *-SP[2],#0            ; [CPU_ALU] |364| 
    1505 00000004 2B41          MOV       *-SP[1],#0            ; [CPU_ALU] |364| 
    1506 00000005 A3C4          MOVL      P,*+XAR4[0]           ; [CPU_ALU] |364| 
    1507 00000006 06D4          MOVL      ACC,*+XAR4[2]         ; [CPU_ALU] |364| 
    1508 00000007 18AB          AND       PL,#0                 ; [CPU_ALU] |364| 
         00000008 0000 
    1509 00000009 18AA          AND       PH,#0                 ; [CPU_ALU] |364| 
         0000000a 0000 
    1510 0000000b 9000          ANDB      AL,#0                 ; [CPU_ALU] |364| 
    1511 0000000c 18A8          AND       AH,#32768             ; [CPU_ALU] |364| 
         0000000d 8000 
    1512              $C$DW$54        .dwtag  DW_TAG_TI_branch
    1513                      .dwattr $C$DW$54, DW_AT_low_pc(0x00)
    1514                      .dwattr $C$DW$54, DW_AT_name("__c28xabi_cmpull")
    1515                      .dwattr $C$DW$54, DW_AT_TI_call
    1516              
    1517 0000000e 7640!         LCR       #||__c28xabi_cmpull|| ; [CPU_ALU] |364| 
         0000000f 0000 
    1518                      ; call occurs [#||__c28xabi_cmpull||] ; [] |364| 
    1519 00000010 9B00          MOVB      AH,#0                 ; [CPU_ALU] |364| 
    1520 00000011 5200          CMPB      AL,#0                 ; [CPU_ALU] |364| 
    1521 00000012 56B0          MOVB      AH,#1,NEQ             ; [CPU_ALU] |364| 
         00000013 01A8 
    1522 00000014 92A8          MOV       AL,AH                 ; [CPU_ALU] |364| 
    1523 00000015 FE84          SUBB      SP,#4                 ; [CPU_ARAU] 
    1524                      .dwcfi  cfa_offset, -2
TMS320C2000 Assembler PC v22.6.2 Thu Feb  5 15:43:43 2026

Copyright (c) 1996-2018 Texas Instruments Incorporated
dual_axis_servo_drive_user_cpu.asm                                   PAGE   36

    1525              $C$DW$55        .dwtag  DW_TAG_TI_branch
    1526                      .dwattr $C$DW$55, DW_AT_low_pc(0x00)
    1527                      .dwattr $C$DW$55, DW_AT_TI_return
    1528              
    1529 00000016 0006          LRETR     ; [CPU_ALU] 
    1530                      ; return occurs ; [] 
    1531                      .dwattr $C$DW$51, DW_AT_TI_end_file("C:/ti/ccs2031/ccs/tools/compiler/ti-cgt-c2000_22.6.2.LTS/include
    1532                      .dwattr $C$DW$51, DW_AT_TI_end_line(0x16c)
    1533                      .dwattr $C$DW$51, DW_AT_TI_end_column(0x2a)
    1534                      .dwendentry
    1535                      .dwendtag $C$DW$51
    1536              
    1537 00000000               .sect   ".text:__relaxed_sqrtf"
    1538                      .clink
    1539                      .global ||__relaxed_sqrtf||
    1540              
    1541              $C$DW$56        .dwtag  DW_TAG_subprogram
    1542                      .dwattr $C$DW$56, DW_AT_name("__relaxed_sqrtf")
    1543                      .dwattr $C$DW$56, DW_AT_low_pc(||__relaxed_sqrtf||)
    1544                      .dwattr $C$DW$56, DW_AT_high_pc(0x00)
    1545                      .dwattr $C$DW$56, DW_AT_linkage_name("__relaxed_sqrtf")
    1546                      .dwattr $C$DW$56, DW_AT_external
    1547                      .dwattr $C$DW$56, DW_AT_type(*$C$DW$T$16)
    1548                      .dwattr $C$DW$56, DW_AT_decl_file("C:/ti/ccs2031/ccs/tools/compiler/ti-cgt-c2000_22.6.2.LTS/include/m
    1549                      .dwattr $C$DW$56, DW_AT_decl_line(0x103)
    1550                      .dwattr $C$DW$56, DW_AT_decl_column(0x10)
    1551                      .dwattr $C$DW$56, DW_AT_TI_max_frame_size(-2)
    1552                      .dwpsn  file "C:/ti/ccs2031/ccs/tools/compiler/ti-cgt-c2000_22.6.2.LTS/include/math.h",line 260,colum
    1553              
    1554                      .dwfde $C$DW$CIE, ||__relaxed_sqrtf||
    1555              $C$DW$57        .dwtag  DW_TAG_formal_parameter
    1556                      .dwattr $C$DW$57, DW_AT_name("x")
    1557                      .dwattr $C$DW$57, DW_AT_type(*$C$DW$T$16)
    1558                      .dwattr $C$DW$57, DW_AT_location[DW_OP_regx 0x2b]
    1559              
    1560              
    1561              ;***************************************************************
    1562              ;* FNAME: __relaxed_sqrtf               FR SIZE:   0           *
    1563              ;*                                                             *
    1564              ;* FUNCTION ENVIRONMENT                                        *
    1565              ;*                                                             *
    1566              ;* FUNCTION PROPERTIES                                         *
    1567              ;*                            0 Parameter,  0 Auto,  0 SOE     *
    1568              ;***************************************************************
    1569              
    1570              ||__relaxed_sqrtf||:
    1571              ;* R0    assigned to x
    1572              $C$DW$58        .dwtag  DW_TAG_variable
    1573                      .dwattr $C$DW$58, DW_AT_name("x")
    1574                      .dwattr $C$DW$58, DW_AT_type(*$C$DW$T$170)
    1575                      .dwattr $C$DW$58, DW_AT_location[DW_OP_regx 0x2b]
    1576              
    1577                      .dwcfi  cfa_offset, -2
    1578                      .dwcfi  save_reg_to_mem, 26, 0
    1579                      .dwpsn  file "C:/ti/ccs2031/ccs/tools/compiler/ti-cgt-c2000_22.6.2.LTS/include/math.h",line 261,colum
TMS320C2000 Assembler PC v22.6.2 Thu Feb  5 15:43:43 2026

Copyright (c) 1996-2018 Texas Instruments Incorporated
dual_axis_servo_drive_user_cpu.asm                                   PAGE   37

    1580 00000000 E277          SQRTF32   R0H,R0H               ; [CPU_FPU] |261| 
         00000001 0000 
    1581 00000002 7700          NOP       ; [CPU_ALU] 
    1582 00000003 7700          NOP       ; [CPU_ALU] 
    1583 00000004 7700          NOP       ; [CPU_ALU] 
    1584              $C$DW$59        .dwtag  DW_TAG_TI_branch
    1585                      .dwattr $C$DW$59, DW_AT_low_pc(0x00)
    1586                      .dwattr $C$DW$59, DW_AT_TI_return
    1587              
    1588 00000005 0006          LRETR     ; [CPU_ALU] 
    1589                      ; return occurs ; [] 
    1590                      .dwattr $C$DW$56, DW_AT_TI_end_file("C:/ti/ccs2031/ccs/tools/compiler/ti-cgt-c2000_22.6.2.LTS/include
    1591                      .dwattr $C$DW$56, DW_AT_TI_end_line(0x106)
    1592                      .dwattr $C$DW$56, DW_AT_TI_end_column(0x01)
    1593                      .dwendentry
    1594                      .dwendtag $C$DW$56
    1595              
    1596 00000000               .sect   ".text:__relaxed_sinf"
    1597                      .clink
    1598                      .global ||__relaxed_sinf||
    1599              
    1600              $C$DW$60        .dwtag  DW_TAG_subprogram
    1601                      .dwattr $C$DW$60, DW_AT_name("__relaxed_sinf")
    1602                      .dwattr $C$DW$60, DW_AT_low_pc(||__relaxed_sinf||)
    1603                      .dwattr $C$DW$60, DW_AT_high_pc(0x00)
    1604                      .dwattr $C$DW$60, DW_AT_linkage_name("__relaxed_sinf")
    1605                      .dwattr $C$DW$60, DW_AT_external
    1606                      .dwattr $C$DW$60, DW_AT_type(*$C$DW$T$16)
    1607                      .dwattr $C$DW$60, DW_AT_decl_file("C:/ti/ccs2031/ccs/tools/compiler/ti-cgt-c2000_22.6.2.LTS/include/m
    1608                      .dwattr $C$DW$60, DW_AT_decl_line(0x108)
    1609                      .dwattr $C$DW$60, DW_AT_decl_column(0x10)
    1610                      .dwattr $C$DW$60, DW_AT_TI_max_frame_size(-2)
    1611                      .dwpsn  file "C:/ti/ccs2031/ccs/tools/compiler/ti-cgt-c2000_22.6.2.LTS/include/math.h",line 265,colum
    1612              
    1613                      .dwfde $C$DW$CIE, ||__relaxed_sinf||
    1614              $C$DW$61        .dwtag  DW_TAG_formal_parameter
    1615                      .dwattr $C$DW$61, DW_AT_name("x")
    1616                      .dwattr $C$DW$61, DW_AT_type(*$C$DW$T$16)
    1617                      .dwattr $C$DW$61, DW_AT_location[DW_OP_regx 0x2b]
    1618              
    1619              
    1620              ;***************************************************************
    1621              ;* FNAME: __relaxed_sinf                FR SIZE:   0           *
    1622              ;*                                                             *
    1623              ;* FUNCTION ENVIRONMENT                                        *
    1624              ;*                                                             *
    1625              ;* FUNCTION PROPERTIES                                         *
    1626              ;*                            0 Parameter,  0 Auto,  0 SOE     *
    1627              ;***************************************************************
    1628              
    1629              ||__relaxed_sinf||:
    1630              ;* R0    assigned to x
    1631              $C$DW$62        .dwtag  DW_TAG_variable
    1632                      .dwattr $C$DW$62, DW_AT_name("x")
    1633                      .dwattr $C$DW$62, DW_AT_type(*$C$DW$T$170)
TMS320C2000 Assembler PC v22.6.2 Thu Feb  5 15:43:43 2026

Copyright (c) 1996-2018 Texas Instruments Incorporated
dual_axis_servo_drive_user_cpu.asm                                   PAGE   38

    1634                      .dwattr $C$DW$62, DW_AT_location[DW_OP_regx 0x2b]
    1635              
    1636                      .dwcfi  cfa_offset, -2
    1637                      .dwcfi  save_reg_to_mem, 26, 0
    1638                      .dwpsn  file "C:/ti/ccs2031/ccs/tools/compiler/ti-cgt-c2000_22.6.2.LTS/include/math.h",line 266,colum
    1639 00000000 E271          DIV2PIF32 R0H,R0H               ; [CPU_FPU] |266| 
         00000001 0000 
    1640 00000002 7700          NOP       ; [CPU_ALU] 
    1641 00000003 E278          SINPUF32  R0H,R0H               ; [CPU_FPU] |266| 
         00000004 0000 
    1642 00000005 7700          NOP       ; [CPU_ALU] 
    1643 00000006 7700          NOP       ; [CPU_ALU] 
    1644              $C$DW$63        .dwtag  DW_TAG_TI_branch
    1645                      .dwattr $C$DW$63, DW_AT_low_pc(0x00)
    1646                      .dwattr $C$DW$63, DW_AT_TI_return
    1647              
    1648 00000007 0006          LRETR     ; [CPU_ALU] 
    1649                      ; return occurs ; [] 
    1650                      .dwattr $C$DW$60, DW_AT_TI_end_file("C:/ti/ccs2031/ccs/tools/compiler/ti-cgt-c2000_22.6.2.LTS/include
    1651                      .dwattr $C$DW$60, DW_AT_TI_end_line(0x10b)
    1652                      .dwattr $C$DW$60, DW_AT_TI_end_column(0x01)
    1653                      .dwendentry
    1654                      .dwendtag $C$DW$60
    1655              
    1656 00000000               .sect   ".text:__relaxed_powf"
    1657                      .clink
    1658                      .global ||__relaxed_powf||
    1659              
    1660              $C$DW$64        .dwtag  DW_TAG_subprogram
    1661                      .dwattr $C$DW$64, DW_AT_name("__relaxed_powf")
    1662                      .dwattr $C$DW$64, DW_AT_low_pc(||__relaxed_powf||)
    1663                      .dwattr $C$DW$64, DW_AT_high_pc(0x00)
    1664                      .dwattr $C$DW$64, DW_AT_linkage_name("__relaxed_powf")
    1665                      .dwattr $C$DW$64, DW_AT_external
    1666                      .dwattr $C$DW$64, DW_AT_type(*$C$DW$T$16)
    1667                      .dwattr $C$DW$64, DW_AT_decl_file("C:/ti/ccs2031/ccs/tools/compiler/ti-cgt-c2000_22.6.2.LTS/include/m
    1668                      .dwattr $C$DW$64, DW_AT_decl_line(0x13b)
    1669                      .dwattr $C$DW$64, DW_AT_decl_column(0x10)
    1670                      .dwattr $C$DW$64, DW_AT_TI_max_frame_size(-4)
    1671                      .dwpsn  file "C:/ti/ccs2031/ccs/tools/compiler/ti-cgt-c2000_22.6.2.LTS/include/math.h",line 316,colum
    1672              
    1673                      .dwfde $C$DW$CIE, ||__relaxed_powf||
    1674              $C$DW$65        .dwtag  DW_TAG_formal_parameter
    1675                      .dwattr $C$DW$65, DW_AT_name("x")
    1676                      .dwattr $C$DW$65, DW_AT_type(*$C$DW$T$16)
    1677                      .dwattr $C$DW$65, DW_AT_location[DW_OP_regx 0x2b]
    1678              
    1679              $C$DW$66        .dwtag  DW_TAG_formal_parameter
    1680                      .dwattr $C$DW$66, DW_AT_name("y")
    1681                      .dwattr $C$DW$66, DW_AT_type(*$C$DW$T$16)
    1682                      .dwattr $C$DW$66, DW_AT_location[DW_OP_regx 0x2f]
    1683              
    1684              
    1685              ;***************************************************************
    1686              ;* FNAME: __relaxed_powf                FR SIZE:   2           *
TMS320C2000 Assembler PC v22.6.2 Thu Feb  5 15:43:43 2026

Copyright (c) 1996-2018 Texas Instruments Incorporated
dual_axis_servo_drive_user_cpu.asm                                   PAGE   39

    1687              ;*                                                             *
    1688              ;* FUNCTION ENVIRONMENT                                        *
    1689              ;*                                                             *
    1690              ;* FUNCTION PROPERTIES                                         *
    1691              ;*                            2 Parameter,  0 Auto,  0 SOE     *
    1692              ;***************************************************************
    1693              
    1694              ||__relaxed_powf||:
    1695              ;* R1    assigned to $O$C2
    1696              ;* R0    assigned to $O$K4
    1697              ;* R0    assigned to $O$R1
    1698              ;* R0    assigned to x
    1699              $C$DW$67        .dwtag  DW_TAG_variable
    1700                      .dwattr $C$DW$67, DW_AT_name("x")
    1701                      .dwattr $C$DW$67, DW_AT_type(*$C$DW$T$170)
    1702                      .dwattr $C$DW$67, DW_AT_location[DW_OP_regx 0x2b]
    1703              
    1704              ;* R1    assigned to y
    1705              $C$DW$68        .dwtag  DW_TAG_variable
    1706                      .dwattr $C$DW$68, DW_AT_name("y")
    1707                      .dwattr $C$DW$68, DW_AT_type(*$C$DW$T$170)
    1708                      .dwattr $C$DW$68, DW_AT_location[DW_OP_regx 0x2f]
    1709              
    1710              ;* R0    assigned to iexp2f
    1711              $C$DW$69        .dwtag  DW_TAG_variable
    1712                      .dwattr $C$DW$69, DW_AT_name("iexp2f")
    1713                      .dwattr $C$DW$69, DW_AT_type(*$C$DW$T$16)
    1714                      .dwattr $C$DW$69, DW_AT_location[DW_OP_regx 0x2b]
    1715              
    1716                      .dwcfi  cfa_offset, -2
    1717                      .dwcfi  save_reg_to_mem, 26, 0
    1718 00000000 FE02          ADDB      SP,#2                 ; [CPU_ARAU] 
    1719                      .dwcfi  cfa_offset, -4
    1720                      .dwpsn  file "C:/ti/ccs2031/ccs/tools/compiler/ti-cgt-c2000_22.6.2.LTS/include/math.h",line 298,colum
    1721 00000001 E272          LOG2F32   R0H,R0H               ; [CPU_FPU] |298| 
         00000002 0000 
    1722 00000003 7700          NOP       ; [CPU_ALU] 
    1723 00000004 7700          NOP       ; [CPU_ALU] 
    1724 00000005 7700          NOP       ; [CPU_ALU] 
    1725 00000006 E700          MPYF32    R1H,R1H,R0H           ; [CPU_FPU] |298| 
         00000007 0009 
    1726 00000008 7700          NOP       ; [CPU_ALU] 
    1727                      .dwpsn  file "C:/ti/ccs2031/ccs/tools/compiler/ti-cgt-c2000_22.6.2.LTS/include/math.h",line 299,colum
    1728 00000009 E5A1          CMPF32    R1H,#0                ; [CPU_FPU] |299| 
    1729 0000000a AD14          MOVST0    ZF, NF                ; [CPU_FPU] |299| 
    1730                      .dwpsn  file "C:/ti/ccs2031/ccs/tools/compiler/ti-cgt-c2000_22.6.2.LTS/include/math.h",line 298,colum
    1731 0000000b E273          IEXP2F32  R0H,R1H               ; [CPU_FPU] |298| 
         0000000c 0008 
    1732                      .dwpsn  file "C:/ti/ccs2031/ccs/tools/compiler/ti-cgt-c2000_22.6.2.LTS/include/math.h",line 299,colum
    1733 0000000d 6507          B         ||$C$L6||,LEQ         ; [CPU_ALU] |299| 
    1734                      ; branchcc occurs ; [] |299| 
    1735 0000000e E801          MOVIZ     R1H,#16256            ; [CPU_FPU] |299| 
         0000000f FC01 
    1736 00000010 E274          DIVF32    R0H,R1H,R0H           ; [CPU_FPU] |299| 
         00000011 0008 
TMS320C2000 Assembler PC v22.6.2 Thu Feb  5 15:43:43 2026

Copyright (c) 1996-2018 Texas Instruments Incorporated
dual_axis_servo_drive_user_cpu.asm                                   PAGE   40

    1737 00000012 7700          NOP       ; [CPU_ALU] 
    1738 00000013 7700          NOP       ; [CPU_ALU] 
    1739 00000014       ||$C$L6||:    
    1740 00000014 FE82          SUBB      SP,#2                 ; [CPU_ARAU] 
    1741                      .dwcfi  cfa_offset, -2
    1742              $C$DW$70        .dwtag  DW_TAG_TI_branch
    1743                      .dwattr $C$DW$70, DW_AT_low_pc(0x00)
    1744                      .dwattr $C$DW$70, DW_AT_TI_return
    1745              
    1746 00000015 0006          LRETR     ; [CPU_ALU] 
    1747                      ; return occurs ; [] 
    1748                      .dwattr $C$DW$64, DW_AT_TI_end_file("C:/ti/ccs2031/ccs/tools/compiler/ti-cgt-c2000_22.6.2.LTS/include
    1749                      .dwattr $C$DW$64, DW_AT_TI_end_line(0x141)
    1750                      .dwattr $C$DW$64, DW_AT_TI_end_column(0x01)
    1751                      .dwendentry
    1752                      .dwendtag $C$DW$64
    1753              
    1754 00000000               .sect   ".text:__relaxed_logf"
    1755                      .clink
    1756                      .global ||__relaxed_logf||
    1757              
    1758              $C$DW$71        .dwtag  DW_TAG_subprogram
    1759                      .dwattr $C$DW$71, DW_AT_name("__relaxed_logf")
    1760                      .dwattr $C$DW$71, DW_AT_low_pc(||__relaxed_logf||)
    1761                      .dwattr $C$DW$71, DW_AT_high_pc(0x00)
    1762                      .dwattr $C$DW$71, DW_AT_linkage_name("__relaxed_logf")
    1763                      .dwattr $C$DW$71, DW_AT_external
    1764                      .dwattr $C$DW$71, DW_AT_type(*$C$DW$T$16)
    1765                      .dwattr $C$DW$71, DW_AT_decl_file("C:/ti/ccs2031/ccs/tools/compiler/ti-cgt-c2000_22.6.2.LTS/include/m
    1766                      .dwattr $C$DW$71, DW_AT_decl_line(0x135)
    1767                      .dwattr $C$DW$71, DW_AT_decl_column(0x10)
    1768                      .dwattr $C$DW$71, DW_AT_TI_max_frame_size(-2)
    1769                      .dwpsn  file "C:/ti/ccs2031/ccs/tools/compiler/ti-cgt-c2000_22.6.2.LTS/include/math.h",line 310,colum
    1770              
    1771                      .dwfde $C$DW$CIE, ||__relaxed_logf||
    1772              $C$DW$72        .dwtag  DW_TAG_formal_parameter
    1773                      .dwattr $C$DW$72, DW_AT_name("x")
    1774                      .dwattr $C$DW$72, DW_AT_type(*$C$DW$T$16)
    1775                      .dwattr $C$DW$72, DW_AT_location[DW_OP_regx 0x2b]
    1776              
    1777              
    1778              ;***************************************************************
    1779              ;* FNAME: __relaxed_logf                FR SIZE:   0           *
    1780              ;*                                                             *
    1781              ;* FUNCTION ENVIRONMENT                                        *
    1782              ;*                                                             *
    1783              ;* FUNCTION PROPERTIES                                         *
    1784              ;*                            0 Parameter,  0 Auto,  0 SOE     *
    1785              ;***************************************************************
    1786              
    1787              ||__relaxed_logf||:
    1788              ;* R0    assigned to x
    1789              $C$DW$73        .dwtag  DW_TAG_variable
    1790                      .dwattr $C$DW$73, DW_AT_name("x")
    1791                      .dwattr $C$DW$73, DW_AT_type(*$C$DW$T$170)
TMS320C2000 Assembler PC v22.6.2 Thu Feb  5 15:43:43 2026

Copyright (c) 1996-2018 Texas Instruments Incorporated
dual_axis_servo_drive_user_cpu.asm                                   PAGE   41

    1792                      .dwattr $C$DW$73, DW_AT_location[DW_OP_regx 0x2b]
    1793              
    1794                      .dwcfi  cfa_offset, -2
    1795                      .dwcfi  save_reg_to_mem, 26, 0
    1796                      .dwpsn  file "C:/ti/ccs2031/ccs/tools/compiler/ti-cgt-c2000_22.6.2.LTS/include/math.h",line 312,colum
    1797 00000000 E272          LOG2F32   R1H,R0H               ; [CPU_FPU] |312| 
         00000001 0001 
    1798 00000002 7700          NOP       ; [CPU_ALU] 
    1799 00000003 E801          MOVIZ     R0H,#16177            ; [CPU_FPU] |312| 
         00000004 F988 
    1800 00000005 E80B          MOVXI     R0H,#29205            ; [CPU_FPU] |312| 
         00000006 90A8 
    1801 00000007 E700          MPYF32    R0H,R0H,R1H           ; [CPU_FPU] |312| 
         00000008 0040 
    1802              $C$DW$74        .dwtag  DW_TAG_TI_branch
    1803                      .dwattr $C$DW$74, DW_AT_low_pc(0x00)
    1804                      .dwattr $C$DW$74, DW_AT_TI_return
    1805              
    1806 00000009 0006          LRETR     ; [CPU_ALU] 
    1807                      ; return occurs ; [] 
    1808                      .dwattr $C$DW$71, DW_AT_TI_end_file("C:/ti/ccs2031/ccs/tools/compiler/ti-cgt-c2000_22.6.2.LTS/include
    1809                      .dwattr $C$DW$71, DW_AT_TI_end_line(0x139)
    1810                      .dwattr $C$DW$71, DW_AT_TI_end_column(0x01)
    1811                      .dwendentry
    1812                      .dwendtag $C$DW$71
    1813              
    1814 00000000               .sect   ".text:__relaxed_log2f"
    1815                      .clink
    1816                      .global ||__relaxed_log2f||
    1817              
    1818              $C$DW$75        .dwtag  DW_TAG_subprogram
    1819                      .dwattr $C$DW$75, DW_AT_name("__relaxed_log2f")
    1820                      .dwattr $C$DW$75, DW_AT_low_pc(||__relaxed_log2f||)
    1821                      .dwattr $C$DW$75, DW_AT_high_pc(0x00)
    1822                      .dwattr $C$DW$75, DW_AT_linkage_name("__relaxed_log2f")
    1823                      .dwattr $C$DW$75, DW_AT_external
    1824                      .dwattr $C$DW$75, DW_AT_type(*$C$DW$T$16)
    1825                      .dwattr $C$DW$75, DW_AT_decl_file("C:/ti/ccs2031/ccs/tools/compiler/ti-cgt-c2000_22.6.2.LTS/include/m
    1826                      .dwattr $C$DW$75, DW_AT_decl_line(0x123)
    1827                      .dwattr $C$DW$75, DW_AT_decl_column(0x10)
    1828                      .dwattr $C$DW$75, DW_AT_TI_max_frame_size(-2)
    1829                      .dwpsn  file "C:/ti/ccs2031/ccs/tools/compiler/ti-cgt-c2000_22.6.2.LTS/include/math.h",line 292,colum
    1830              
    1831                      .dwfde $C$DW$CIE, ||__relaxed_log2f||
    1832              $C$DW$76        .dwtag  DW_TAG_formal_parameter
    1833                      .dwattr $C$DW$76, DW_AT_name("x")
    1834                      .dwattr $C$DW$76, DW_AT_type(*$C$DW$T$16)
    1835                      .dwattr $C$DW$76, DW_AT_location[DW_OP_regx 0x2b]
    1836              
    1837              
    1838              ;***************************************************************
    1839              ;* FNAME: __relaxed_log2f               FR SIZE:   0           *
    1840              ;*                                                             *
    1841              ;* FUNCTION ENVIRONMENT                                        *
    1842              ;*                                                             *
TMS320C2000 Assembler PC v22.6.2 Thu Feb  5 15:43:43 2026

Copyright (c) 1996-2018 Texas Instruments Incorporated
dual_axis_servo_drive_user_cpu.asm                                   PAGE   42

    1843              ;* FUNCTION PROPERTIES                                         *
    1844              ;*                            0 Parameter,  0 Auto,  0 SOE     *
    1845              ;***************************************************************
    1846              
    1847              ||__relaxed_log2f||:
    1848              ;* R0    assigned to x
    1849              $C$DW$77        .dwtag  DW_TAG_variable
    1850                      .dwattr $C$DW$77, DW_AT_name("x")
    1851                      .dwattr $C$DW$77, DW_AT_type(*$C$DW$T$170)
    1852                      .dwattr $C$DW$77, DW_AT_location[DW_OP_regx 0x2b]
    1853              
    1854                      .dwcfi  cfa_offset, -2
    1855                      .dwcfi  save_reg_to_mem, 26, 0
    1856                      .dwpsn  file "C:/ti/ccs2031/ccs/tools/compiler/ti-cgt-c2000_22.6.2.LTS/include/math.h",line 293,colum
    1857 00000000 E272          LOG2F32   R0H,R0H               ; [CPU_FPU] |293| 
         00000001 0000 
    1858 00000002 7700          NOP       ; [CPU_ALU] 
    1859 00000003 7700          NOP       ; [CPU_ALU] 
    1860              $C$DW$78        .dwtag  DW_TAG_TI_branch
    1861                      .dwattr $C$DW$78, DW_AT_low_pc(0x00)
    1862                      .dwattr $C$DW$78, DW_AT_TI_return
    1863              
    1864 00000004 0006          LRETR     ; [CPU_ALU] 
    1865                      ; return occurs ; [] 
    1866                      .dwattr $C$DW$75, DW_AT_TI_end_file("C:/ti/ccs2031/ccs/tools/compiler/ti-cgt-c2000_22.6.2.LTS/include
    1867                      .dwattr $C$DW$75, DW_AT_TI_end_line(0x126)
    1868                      .dwattr $C$DW$75, DW_AT_TI_end_column(0x01)
    1869                      .dwendentry
    1870                      .dwendtag $C$DW$75
    1871              
    1872 00000000               .sect   ".text:__relaxed_fmodf"
    1873                      .clink
    1874                      .global ||__relaxed_fmodf||
    1875              
    1876              $C$DW$79        .dwtag  DW_TAG_subprogram
    1877                      .dwattr $C$DW$79, DW_AT_name("__relaxed_fmodf")
    1878                      .dwattr $C$DW$79, DW_AT_low_pc(||__relaxed_fmodf||)
    1879                      .dwattr $C$DW$79, DW_AT_high_pc(0x00)
    1880                      .dwattr $C$DW$79, DW_AT_linkage_name("__relaxed_fmodf")
    1881                      .dwattr $C$DW$79, DW_AT_external
    1882                      .dwattr $C$DW$79, DW_AT_type(*$C$DW$T$16)
    1883                      .dwattr $C$DW$79, DW_AT_decl_file("C:/ti/ccs2031/ccs/tools/compiler/ti-cgt-c2000_22.6.2.LTS/include/m
    1884                      .dwattr $C$DW$79, DW_AT_decl_line(0x11c)
    1885                      .dwattr $C$DW$79, DW_AT_decl_column(0x10)
    1886                      .dwattr $C$DW$79, DW_AT_TI_max_frame_size(-2)
    1887                      .dwpsn  file "C:/ti/ccs2031/ccs/tools/compiler/ti-cgt-c2000_22.6.2.LTS/include/math.h",line 285,colum
    1888              
    1889                      .dwfde $C$DW$CIE, ||__relaxed_fmodf||
    1890              $C$DW$80        .dwtag  DW_TAG_formal_parameter
    1891                      .dwattr $C$DW$80, DW_AT_name("y")
    1892                      .dwattr $C$DW$80, DW_AT_type(*$C$DW$T$16)
    1893                      .dwattr $C$DW$80, DW_AT_location[DW_OP_regx 0x2b]
    1894              
    1895              $C$DW$81        .dwtag  DW_TAG_formal_parameter
    1896                      .dwattr $C$DW$81, DW_AT_name("x")
TMS320C2000 Assembler PC v22.6.2 Thu Feb  5 15:43:43 2026

Copyright (c) 1996-2018 Texas Instruments Incorporated
dual_axis_servo_drive_user_cpu.asm                                   PAGE   43

    1897                      .dwattr $C$DW$81, DW_AT_type(*$C$DW$T$16)
    1898                      .dwattr $C$DW$81, DW_AT_location[DW_OP_regx 0x2f]
    1899              
    1900              
    1901              ;***************************************************************
    1902              ;* FNAME: __relaxed_fmodf               FR SIZE:   0           *
    1903              ;*                                                             *
    1904              ;* FUNCTION ENVIRONMENT                                        *
    1905              ;*                                                             *
    1906              ;* FUNCTION PROPERTIES                                         *
    1907              ;*                            0 Parameter,  0 Auto,  0 SOE     *
    1908              ;***************************************************************
    1909              
    1910              ||__relaxed_fmodf||:
    1911              ;* R0    assigned to y
    1912              $C$DW$82        .dwtag  DW_TAG_variable
    1913                      .dwattr $C$DW$82, DW_AT_name("y")
    1914                      .dwattr $C$DW$82, DW_AT_type(*$C$DW$T$170)
    1915                      .dwattr $C$DW$82, DW_AT_location[DW_OP_regx 0x2b]
    1916              
    1917              ;* R1    assigned to x
    1918              $C$DW$83        .dwtag  DW_TAG_variable
    1919                      .dwattr $C$DW$83, DW_AT_name("x")
    1920                      .dwattr $C$DW$83, DW_AT_type(*$C$DW$T$170)
    1921                      .dwattr $C$DW$83, DW_AT_location[DW_OP_regx 0x2f]
    1922              
    1923                      .dwcfi  cfa_offset, -2
    1924                      .dwcfi  save_reg_to_mem, 26, 0
    1925                      .dwpsn  file "C:/ti/ccs2031/ccs/tools/compiler/ti-cgt-c2000_22.6.2.LTS/include/math.h",line 286,colum
    1926 00000000 E274          DIVF32    R2H,R0H,R1H           ; [CPU_FPU] |286| 
         00000001 0042 
    1927 00000002 7700          NOP       ; [CPU_ALU] 
    1928 00000003 7700          NOP       ; [CPU_ALU] 
    1929 00000004 7700          NOP       ; [CPU_ALU] 
    1930 00000005 7700          NOP       ; [CPU_ALU] 
    1931 00000006 E688          F32TOI32  R2H,R2H               ; [CPU_FPU] |286| 
         00000007 0012 
    1932 00000008 7700          NOP       ; [CPU_ALU] 
    1933 00000009 E689          I32TOF32  R2H,R2H               ; [CPU_FPU] |286| 
         0000000a 0012 
    1934 0000000b 7700          NOP       ; [CPU_ALU] 
    1935 0000000c E700          MPYF32    R1H,R1H,R2H           ; [CPU_FPU] |286| 
         0000000d 0089 
    1936 0000000e 7700          NOP       ; [CPU_ALU] 
    1937 0000000f E720          SUBF32    R0H,R0H,R1H           ; [CPU_FPU] |286| 
         00000010 0040 
    1938              $C$DW$84        .dwtag  DW_TAG_TI_branch
    1939                      .dwattr $C$DW$84, DW_AT_low_pc(0x00)
    1940                      .dwattr $C$DW$84, DW_AT_TI_return
    1941              
    1942 00000011 0006          LRETR     ; [CPU_ALU] 
    1943                      ; return occurs ; [] 
    1944                      .dwattr $C$DW$79, DW_AT_TI_end_file("C:/ti/ccs2031/ccs/tools/compiler/ti-cgt-c2000_22.6.2.LTS/include
    1945                      .dwattr $C$DW$79, DW_AT_TI_end_line(0x11f)
    1946                      .dwattr $C$DW$79, DW_AT_TI_end_column(0x01)
TMS320C2000 Assembler PC v22.6.2 Thu Feb  5 15:43:43 2026

Copyright (c) 1996-2018 Texas Instruments Incorporated
dual_axis_servo_drive_user_cpu.asm                                   PAGE   44

    1947                      .dwendentry
    1948                      .dwendtag $C$DW$79
    1949              
    1950 00000000               .sect   ".text:__relaxed_fminf"
    1951                      .clink
    1952                      .global ||__relaxed_fminf||
    1953              
    1954              $C$DW$85        .dwtag  DW_TAG_subprogram
    1955                      .dwattr $C$DW$85, DW_AT_name("__relaxed_fminf")
    1956                      .dwattr $C$DW$85, DW_AT_low_pc(||__relaxed_fminf||)
    1957                      .dwattr $C$DW$85, DW_AT_high_pc(0x00)
    1958                      .dwattr $C$DW$85, DW_AT_linkage_name("__relaxed_fminf")
    1959                      .dwattr $C$DW$85, DW_AT_external
    1960                      .dwattr $C$DW$85, DW_AT_type(*$C$DW$T$16)
    1961                      .dwattr $C$DW$85, DW_AT_decl_file("C:/ti/ccs2031/ccs/tools/compiler/ti-cgt-c2000_22.6.2.LTS/include/m
    1962                      .dwattr $C$DW$85, DW_AT_decl_line(0xee)
    1963                      .dwattr $C$DW$85, DW_AT_decl_column(0x10)
    1964                      .dwattr $C$DW$85, DW_AT_TI_max_frame_size(-2)
    1965                      .dwpsn  file "C:/ti/ccs2031/ccs/tools/compiler/ti-cgt-c2000_22.6.2.LTS/include/math.h",line 239,colum
    1966              
    1967                      .dwfde $C$DW$CIE, ||__relaxed_fminf||
    1968              $C$DW$86        .dwtag  DW_TAG_formal_parameter
    1969                      .dwattr $C$DW$86, DW_AT_name("x")
    1970                      .dwattr $C$DW$86, DW_AT_type(*$C$DW$T$16)
    1971                      .dwattr $C$DW$86, DW_AT_location[DW_OP_regx 0x2b]
    1972              
    1973              $C$DW$87        .dwtag  DW_TAG_formal_parameter
    1974                      .dwattr $C$DW$87, DW_AT_name("y")
    1975                      .dwattr $C$DW$87, DW_AT_type(*$C$DW$T$16)
    1976                      .dwattr $C$DW$87, DW_AT_location[DW_OP_regx 0x2f]
    1977              
    1978              
    1979              ;***************************************************************
    1980              ;* FNAME: __relaxed_fminf               FR SIZE:   0           *
    1981              ;*                                                             *
    1982              ;* FUNCTION ENVIRONMENT                                        *
    1983              ;*                                                             *
    1984              ;* FUNCTION PROPERTIES                                         *
    1985              ;*                            0 Parameter,  0 Auto,  0 SOE     *
    1986              ;***************************************************************
    1987              
    1988              ||__relaxed_fminf||:
    1989              ;* R1    assigned to y
    1990              $C$DW$88        .dwtag  DW_TAG_variable
    1991                      .dwattr $C$DW$88, DW_AT_name("y")
    1992                      .dwattr $C$DW$88, DW_AT_type(*$C$DW$T$170)
    1993                      .dwattr $C$DW$88, DW_AT_location[DW_OP_regx 0x2f]
    1994              
    1995                      .dwcfi  cfa_offset, -2
    1996                      .dwcfi  save_reg_to_mem, 26, 0
    1997                      .dwpsn  file "C:/ti/ccs2031/ccs/tools/compiler/ti-cgt-c2000_22.6.2.LTS/include/math.h",line 240,colum
    1998 00000000 E697          MINF32    R0H,R1H               ; [CPU_FPU] |240| 
         00000001 0008 
    1999              $C$DW$89        .dwtag  DW_TAG_TI_branch
    2000                      .dwattr $C$DW$89, DW_AT_low_pc(0x00)
TMS320C2000 Assembler PC v22.6.2 Thu Feb  5 15:43:43 2026

Copyright (c) 1996-2018 Texas Instruments Incorporated
dual_axis_servo_drive_user_cpu.asm                                   PAGE   45

    2001                      .dwattr $C$DW$89, DW_AT_TI_return
    2002              
    2003 00000002 0006          LRETR     ; [CPU_ALU] 
    2004                      ; return occurs ; [] 
    2005                      .dwattr $C$DW$85, DW_AT_TI_end_file("C:/ti/ccs2031/ccs/tools/compiler/ti-cgt-c2000_22.6.2.LTS/include
    2006                      .dwattr $C$DW$85, DW_AT_TI_end_line(0xf1)
    2007                      .dwattr $C$DW$85, DW_AT_TI_end_column(0x01)
    2008                      .dwendentry
    2009                      .dwendtag $C$DW$85
    2010              
    2011 00000000               .sect   ".text:__relaxed_fmaxf"
    2012                      .clink
    2013                      .global ||__relaxed_fmaxf||
    2014              
    2015              $C$DW$90        .dwtag  DW_TAG_subprogram
    2016                      .dwattr $C$DW$90, DW_AT_name("__relaxed_fmaxf")
    2017                      .dwattr $C$DW$90, DW_AT_low_pc(||__relaxed_fmaxf||)
    2018                      .dwattr $C$DW$90, DW_AT_high_pc(0x00)
    2019                      .dwattr $C$DW$90, DW_AT_linkage_name("__relaxed_fmaxf")
    2020                      .dwattr $C$DW$90, DW_AT_external
    2021                      .dwattr $C$DW$90, DW_AT_type(*$C$DW$T$16)
    2022                      .dwattr $C$DW$90, DW_AT_decl_file("C:/ti/ccs2031/ccs/tools/compiler/ti-cgt-c2000_22.6.2.LTS/include/m
    2023                      .dwattr $C$DW$90, DW_AT_decl_line(0xe8)
    2024                      .dwattr $C$DW$90, DW_AT_decl_column(0x10)
    2025                      .dwattr $C$DW$90, DW_AT_TI_max_frame_size(-2)
    2026                      .dwpsn  file "C:/ti/ccs2031/ccs/tools/compiler/ti-cgt-c2000_22.6.2.LTS/include/math.h",line 233,colum
    2027              
    2028                      .dwfde $C$DW$CIE, ||__relaxed_fmaxf||
    2029              $C$DW$91        .dwtag  DW_TAG_formal_parameter
    2030                      .dwattr $C$DW$91, DW_AT_name("x")
    2031                      .dwattr $C$DW$91, DW_AT_type(*$C$DW$T$16)
    2032                      .dwattr $C$DW$91, DW_AT_location[DW_OP_regx 0x2b]
    2033              
    2034              $C$DW$92        .dwtag  DW_TAG_formal_parameter
    2035                      .dwattr $C$DW$92, DW_AT_name("y")
    2036                      .dwattr $C$DW$92, DW_AT_type(*$C$DW$T$16)
    2037                      .dwattr $C$DW$92, DW_AT_location[DW_OP_regx 0x2f]
    2038              
    2039              
    2040              ;***************************************************************
    2041              ;* FNAME: __relaxed_fmaxf               FR SIZE:   0           *
    2042              ;*                                                             *
    2043              ;* FUNCTION ENVIRONMENT                                        *
    2044              ;*                                                             *
    2045              ;* FUNCTION PROPERTIES                                         *
    2046              ;*                            0 Parameter,  0 Auto,  0 SOE     *
    2047              ;***************************************************************
    2048              
    2049              ||__relaxed_fmaxf||:
    2050              ;* R1    assigned to y
    2051              $C$DW$93        .dwtag  DW_TAG_variable
    2052                      .dwattr $C$DW$93, DW_AT_name("y")
    2053                      .dwattr $C$DW$93, DW_AT_type(*$C$DW$T$170)
    2054                      .dwattr $C$DW$93, DW_AT_location[DW_OP_regx 0x2f]
    2055              
TMS320C2000 Assembler PC v22.6.2 Thu Feb  5 15:43:43 2026

Copyright (c) 1996-2018 Texas Instruments Incorporated
dual_axis_servo_drive_user_cpu.asm                                   PAGE   46

    2056                      .dwcfi  cfa_offset, -2
    2057                      .dwcfi  save_reg_to_mem, 26, 0
    2058                      .dwpsn  file "C:/ti/ccs2031/ccs/tools/compiler/ti-cgt-c2000_22.6.2.LTS/include/math.h",line 234,colum
    2059 00000000 E696          MAXF32    R0H,R1H               ; [CPU_FPU] |234| 
         00000001 0008 
    2060              $C$DW$94        .dwtag  DW_TAG_TI_branch
    2061                      .dwattr $C$DW$94, DW_AT_low_pc(0x00)
    2062                      .dwattr $C$DW$94, DW_AT_TI_return
    2063              
    2064 00000002 0006          LRETR     ; [CPU_ALU] 
    2065                      ; return occurs ; [] 
    2066                      .dwattr $C$DW$90, DW_AT_TI_end_file("C:/ti/ccs2031/ccs/tools/compiler/ti-cgt-c2000_22.6.2.LTS/include
    2067                      .dwattr $C$DW$90, DW_AT_TI_end_line(0xeb)
    2068                      .dwattr $C$DW$90, DW_AT_TI_end_column(0x01)
    2069                      .dwendentry
    2070                      .dwendtag $C$DW$90
    2071              
    2072 00000000               .sect   ".text:__relaxed_expf"
    2073                      .clink
    2074                      .global ||__relaxed_expf||
    2075              
    2076              $C$DW$95        .dwtag  DW_TAG_subprogram
    2077                      .dwattr $C$DW$95, DW_AT_name("__relaxed_expf")
    2078                      .dwattr $C$DW$95, DW_AT_low_pc(||__relaxed_expf||)
    2079                      .dwattr $C$DW$95, DW_AT_high_pc(0x00)
    2080                      .dwattr $C$DW$95, DW_AT_linkage_name("__relaxed_expf")
    2081                      .dwattr $C$DW$95, DW_AT_external
    2082                      .dwattr $C$DW$95, DW_AT_type(*$C$DW$T$16)
    2083                      .dwattr $C$DW$95, DW_AT_decl_file("C:/ti/ccs2031/ccs/tools/compiler/ti-cgt-c2000_22.6.2.LTS/include/m
    2084                      .dwattr $C$DW$95, DW_AT_decl_line(0x12f)
    2085                      .dwattr $C$DW$95, DW_AT_decl_column(0x10)
    2086                      .dwattr $C$DW$95, DW_AT_TI_max_frame_size(-4)
    2087                      .dwpsn  file "C:/ti/ccs2031/ccs/tools/compiler/ti-cgt-c2000_22.6.2.LTS/include/math.h",line 304,colum
    2088              
    2089                      .dwfde $C$DW$CIE, ||__relaxed_expf||
    2090              $C$DW$96        .dwtag  DW_TAG_formal_parameter
    2091                      .dwattr $C$DW$96, DW_AT_name("x")
    2092                      .dwattr $C$DW$96, DW_AT_type(*$C$DW$T$16)
    2093                      .dwattr $C$DW$96, DW_AT_location[DW_OP_regx 0x2b]
    2094              
    2095              
    2096              ;***************************************************************
    2097              ;* FNAME: __relaxed_expf                FR SIZE:   2           *
    2098              ;*                                                             *
    2099              ;* FUNCTION ENVIRONMENT                                        *
    2100              ;*                                                             *
    2101              ;* FUNCTION PROPERTIES                                         *
    2102              ;*                            2 Parameter,  0 Auto,  0 SOE     *
    2103              ;***************************************************************
    2104              
    2105              ||__relaxed_expf||:
    2106              ;* R1    assigned to $O$C2
    2107              ;* R0    assigned to $O$K3
    2108              ;* R0    assigned to $O$R1
    2109              ;* R0    assigned to x
TMS320C2000 Assembler PC v22.6.2 Thu Feb  5 15:43:43 2026

Copyright (c) 1996-2018 Texas Instruments Incorporated
dual_axis_servo_drive_user_cpu.asm                                   PAGE   47

    2110              $C$DW$97        .dwtag  DW_TAG_variable
    2111                      .dwattr $C$DW$97, DW_AT_name("x")
    2112                      .dwattr $C$DW$97, DW_AT_type(*$C$DW$T$170)
    2113                      .dwattr $C$DW$97, DW_AT_location[DW_OP_regx 0x2b]
    2114              
    2115              ;* R0    assigned to iexp2f
    2116              $C$DW$98        .dwtag  DW_TAG_variable
    2117                      .dwattr $C$DW$98, DW_AT_name("iexp2f")
    2118                      .dwattr $C$DW$98, DW_AT_type(*$C$DW$T$16)
    2119                      .dwattr $C$DW$98, DW_AT_location[DW_OP_regx 0x2b]
    2120              
    2121                      .dwcfi  cfa_offset, -2
    2122                      .dwcfi  save_reg_to_mem, 26, 0
    2123 00000000 FE02          ADDB      SP,#2                 ; [CPU_ARAU] 
    2124                      .dwcfi  cfa_offset, -4
    2125                      .dwpsn  file "C:/ti/ccs2031/ccs/tools/compiler/ti-cgt-c2000_22.6.2.LTS/include/math.h",line 298,colum
    2126 00000001 E801          MOVIZ     R1H,#16312            ; [CPU_FPU] |298| 
         00000002 FDC1 
    2127 00000003 E80D          MOVXI     R1H,#43537            ; [CPU_FPU] |298| 
         00000004 5089 
    2128 00000005 E700          MPYF32    R1H,R1H,R0H           ; [CPU_FPU] |298| 
         00000006 0009 
    2129 00000007 7700          NOP       ; [CPU_ALU] 
    2130                      .dwpsn  file "C:/ti/ccs2031/ccs/tools/compiler/ti-cgt-c2000_22.6.2.LTS/include/math.h",line 299,colum
    2131 00000008 E5A1          CMPF32    R1H,#0                ; [CPU_FPU] |299| 
    2132 00000009 AD14          MOVST0    ZF, NF                ; [CPU_FPU] |299| 
    2133                      .dwpsn  file "C:/ti/ccs2031/ccs/tools/compiler/ti-cgt-c2000_22.6.2.LTS/include/math.h",line 298,colum
    2134 0000000a E273          IEXP2F32  R0H,R1H               ; [CPU_FPU] |298| 
         0000000b 0008 
    2135                      .dwpsn  file "C:/ti/ccs2031/ccs/tools/compiler/ti-cgt-c2000_22.6.2.LTS/include/math.h",line 299,colum
    2136 0000000c 6507          B         ||$C$L7||,LEQ         ; [CPU_ALU] |299| 
    2137                      ; branchcc occurs ; [] |299| 
    2138 0000000d E801          MOVIZ     R1H,#16256            ; [CPU_FPU] |299| 
         0000000e FC01 
    2139 0000000f E274          DIVF32    R0H,R1H,R0H           ; [CPU_FPU] |299| 
         00000010 0008 
    2140 00000011 7700          NOP       ; [CPU_ALU] 
    2141 00000012 7700          NOP       ; [CPU_ALU] 
    2142 00000013       ||$C$L7||:    
    2143 00000013 FE82          SUBB      SP,#2                 ; [CPU_ARAU] 
    2144                      .dwcfi  cfa_offset, -2
    2145              $C$DW$99        .dwtag  DW_TAG_TI_branch
    2146                      .dwattr $C$DW$99, DW_AT_low_pc(0x00)
    2147                      .dwattr $C$DW$99, DW_AT_TI_return
    2148              
    2149 00000014 0006          LRETR     ; [CPU_ALU] 
    2150                      ; return occurs ; [] 
    2151                      .dwattr $C$DW$95, DW_AT_TI_end_file("C:/ti/ccs2031/ccs/tools/compiler/ti-cgt-c2000_22.6.2.LTS/include
    2152                      .dwattr $C$DW$95, DW_AT_TI_end_line(0x133)
    2153                      .dwattr $C$DW$95, DW_AT_TI_end_column(0x01)
    2154                      .dwendentry
    2155                      .dwendtag $C$DW$95
    2156              
    2157 00000000               .sect   ".text:__relaxed_cosf"
    2158                      .clink
TMS320C2000 Assembler PC v22.6.2 Thu Feb  5 15:43:43 2026

Copyright (c) 1996-2018 Texas Instruments Incorporated
dual_axis_servo_drive_user_cpu.asm                                   PAGE   48

    2159                      .global ||__relaxed_cosf||
    2160              
    2161              $C$DW$100       .dwtag  DW_TAG_subprogram
    2162                      .dwattr $C$DW$100, DW_AT_name("__relaxed_cosf")
    2163                      .dwattr $C$DW$100, DW_AT_low_pc(||__relaxed_cosf||)
    2164                      .dwattr $C$DW$100, DW_AT_high_pc(0x00)
    2165                      .dwattr $C$DW$100, DW_AT_linkage_name("__relaxed_cosf")
    2166                      .dwattr $C$DW$100, DW_AT_external
    2167                      .dwattr $C$DW$100, DW_AT_type(*$C$DW$T$16)
    2168                      .dwattr $C$DW$100, DW_AT_decl_file("C:/ti/ccs2031/ccs/tools/compiler/ti-cgt-c2000_22.6.2.LTS/include/
    2169                      .dwattr $C$DW$100, DW_AT_decl_line(0x10d)
    2170                      .dwattr $C$DW$100, DW_AT_decl_column(0x10)
    2171                      .dwattr $C$DW$100, DW_AT_TI_max_frame_size(-2)
    2172                      .dwpsn  file "C:/ti/ccs2031/ccs/tools/compiler/ti-cgt-c2000_22.6.2.LTS/include/math.h",line 270,colum
    2173              
    2174                      .dwfde $C$DW$CIE, ||__relaxed_cosf||
    2175              $C$DW$101       .dwtag  DW_TAG_formal_parameter
    2176                      .dwattr $C$DW$101, DW_AT_name("x")
    2177                      .dwattr $C$DW$101, DW_AT_type(*$C$DW$T$16)
    2178                      .dwattr $C$DW$101, DW_AT_location[DW_OP_regx 0x2b]
    2179              
    2180              
    2181              ;***************************************************************
    2182              ;* FNAME: __relaxed_cosf                FR SIZE:   0           *
    2183              ;*                                                             *
    2184              ;* FUNCTION ENVIRONMENT                                        *
    2185              ;*                                                             *
    2186              ;* FUNCTION PROPERTIES                                         *
    2187              ;*                            0 Parameter,  0 Auto,  0 SOE     *
    2188              ;***************************************************************
    2189              
    2190              ||__relaxed_cosf||:
    2191              ;* R0    assigned to x
    2192              $C$DW$102       .dwtag  DW_TAG_variable
    2193                      .dwattr $C$DW$102, DW_AT_name("x")
    2194                      .dwattr $C$DW$102, DW_AT_type(*$C$DW$T$170)
    2195                      .dwattr $C$DW$102, DW_AT_location[DW_OP_regx 0x2b]
    2196              
    2197                      .dwcfi  cfa_offset, -2
    2198                      .dwcfi  save_reg_to_mem, 26, 0
    2199                      .dwpsn  file "C:/ti/ccs2031/ccs/tools/compiler/ti-cgt-c2000_22.6.2.LTS/include/math.h",line 271,colum
    2200 00000000 E271          DIV2PIF32 R0H,R0H               ; [CPU_FPU] |271| 
         00000001 0000 
    2201 00000002 7700          NOP       ; [CPU_ALU] 
    2202 00000003 E279          COSPUF32  R0H,R0H               ; [CPU_FPU] |271| 
         00000004 0000 
    2203 00000005 7700          NOP       ; [CPU_ALU] 
    2204 00000006 7700          NOP       ; [CPU_ALU] 
    2205              $C$DW$103       .dwtag  DW_TAG_TI_branch
    2206                      .dwattr $C$DW$103, DW_AT_low_pc(0x00)
    2207                      .dwattr $C$DW$103, DW_AT_TI_return
    2208              
    2209 00000007 0006          LRETR     ; [CPU_ALU] 
    2210                      ; return occurs ; [] 
    2211                      .dwattr $C$DW$100, DW_AT_TI_end_file("C:/ti/ccs2031/ccs/tools/compiler/ti-cgt-c2000_22.6.2.LTS/includ
TMS320C2000 Assembler PC v22.6.2 Thu Feb  5 15:43:43 2026

Copyright (c) 1996-2018 Texas Instruments Incorporated
dual_axis_servo_drive_user_cpu.asm                                   PAGE   49

    2212                      .dwattr $C$DW$100, DW_AT_TI_end_line(0x110)
    2213                      .dwattr $C$DW$100, DW_AT_TI_end_column(0x01)
    2214                      .dwendentry
    2215                      .dwendtag $C$DW$100
    2216              
    2217 00000000               .sect   ".text:__relaxed_atanf"
    2218                      .clink
    2219                      .global ||__relaxed_atanf||
    2220              
    2221              $C$DW$104       .dwtag  DW_TAG_subprogram
    2222                      .dwattr $C$DW$104, DW_AT_name("__relaxed_atanf")
    2223                      .dwattr $C$DW$104, DW_AT_low_pc(||__relaxed_atanf||)
    2224                      .dwattr $C$DW$104, DW_AT_high_pc(0x00)
    2225                      .dwattr $C$DW$104, DW_AT_linkage_name("__relaxed_atanf")
    2226                      .dwattr $C$DW$104, DW_AT_external
    2227                      .dwattr $C$DW$104, DW_AT_type(*$C$DW$T$16)
    2228                      .dwattr $C$DW$104, DW_AT_decl_file("C:/ti/ccs2031/ccs/tools/compiler/ti-cgt-c2000_22.6.2.LTS/include/
    2229                      .dwattr $C$DW$104, DW_AT_decl_line(0x112)
    2230                      .dwattr $C$DW$104, DW_AT_decl_column(0x10)
    2231                      .dwattr $C$DW$104, DW_AT_TI_max_frame_size(-2)
    2232                      .dwpsn  file "C:/ti/ccs2031/ccs/tools/compiler/ti-cgt-c2000_22.6.2.LTS/include/math.h",line 275,colum
    2233              
    2234                      .dwfde $C$DW$CIE, ||__relaxed_atanf||
    2235              $C$DW$105       .dwtag  DW_TAG_formal_parameter
    2236                      .dwattr $C$DW$105, DW_AT_name("x")
    2237                      .dwattr $C$DW$105, DW_AT_type(*$C$DW$T$16)
    2238                      .dwattr $C$DW$105, DW_AT_location[DW_OP_regx 0x2b]
    2239              
    2240              
    2241              ;***************************************************************
    2242              ;* FNAME: __relaxed_atanf               FR SIZE:   0           *
    2243              ;*                                                             *
    2244              ;* FUNCTION ENVIRONMENT                                        *
    2245              ;*                                                             *
    2246              ;* FUNCTION PROPERTIES                                         *
    2247              ;*                            0 Parameter,  0 Auto,  0 SOE     *
    2248              ;***************************************************************
    2249              
    2250              ||__relaxed_atanf||:
    2251              ;* R0    assigned to x
    2252              $C$DW$106       .dwtag  DW_TAG_variable
    2253                      .dwattr $C$DW$106, DW_AT_name("x")
    2254                      .dwattr $C$DW$106, DW_AT_type(*$C$DW$T$170)
    2255                      .dwattr $C$DW$106, DW_AT_location[DW_OP_regx 0x2b]
    2256              
    2257                      .dwcfi  cfa_offset, -2
    2258                      .dwcfi  save_reg_to_mem, 26, 0
    2259                      .dwpsn  file "C:/ti/ccs2031/ccs/tools/compiler/ti-cgt-c2000_22.6.2.LTS/include/math.h",line 276,colum
    2260 00000000 E801          MOVIZ     R1H,#16256            ; [CPU_FPU] |276| 
         00000001 FC01 
    2261 00000002 E27C          QUADF32   R1H,R0H,R0H,R1H       ; [CPU_FPU] |276| 
         00000003 0201 
    2262 00000004 7700          NOP       ; [CPU_ALU] 
    2263 00000005 7700          NOP       ; [CPU_ALU] 
    2264 00000006 7700          NOP       ; [CPU_ALU] 
TMS320C2000 Assembler PC v22.6.2 Thu Feb  5 15:43:43 2026

Copyright (c) 1996-2018 Texas Instruments Incorporated
dual_axis_servo_drive_user_cpu.asm                                   PAGE   50

    2265 00000007 7700          NOP       ; [CPU_ALU] 
    2266 00000008 E27A          ATANPUF32 R0H,R0H               ; [CPU_FPU] |276| 
         00000009 0000 
    2267 0000000a 7700          NOP       ; [CPU_ALU] 
    2268 0000000b 7700          NOP       ; [CPU_ALU] 
    2269 0000000c 7700          NOP       ; [CPU_ALU] 
    2270 0000000d E710          ADDF32    R0H,R0H,R1H           ; [CPU_FPU] |276| 
         0000000e 0040 
    2271 0000000f 7700          NOP       ; [CPU_ALU] 
    2272 00000010 7700          NOP       ; [CPU_ALU] 
    2273 00000011 E270          MPY2PIF32 R0H,R0H               ; [CPU_FPU] |276| 
         00000012 0000 
    2274 00000013 7700          NOP       ; [CPU_ALU] 
    2275              $C$DW$107       .dwtag  DW_TAG_TI_branch
    2276                      .dwattr $C$DW$107, DW_AT_low_pc(0x00)
    2277                      .dwattr $C$DW$107, DW_AT_TI_return
    2278              
    2279 00000014 0006          LRETR     ; [CPU_ALU] 
    2280                      ; return occurs ; [] 
    2281                      .dwattr $C$DW$104, DW_AT_TI_end_file("C:/ti/ccs2031/ccs/tools/compiler/ti-cgt-c2000_22.6.2.LTS/includ
    2282                      .dwattr $C$DW$104, DW_AT_TI_end_line(0x115)
    2283                      .dwattr $C$DW$104, DW_AT_TI_end_column(0x01)
    2284                      .dwendentry
    2285                      .dwendtag $C$DW$104
    2286              
    2287 00000000               .sect   ".text:__relaxed_atan2f"
    2288                      .clink
    2289                      .global ||__relaxed_atan2f||
    2290              
    2291              $C$DW$108       .dwtag  DW_TAG_subprogram
    2292                      .dwattr $C$DW$108, DW_AT_name("__relaxed_atan2f")
    2293                      .dwattr $C$DW$108, DW_AT_low_pc(||__relaxed_atan2f||)
    2294                      .dwattr $C$DW$108, DW_AT_high_pc(0x00)
    2295                      .dwattr $C$DW$108, DW_AT_linkage_name("__relaxed_atan2f")
    2296                      .dwattr $C$DW$108, DW_AT_external
    2297                      .dwattr $C$DW$108, DW_AT_type(*$C$DW$T$16)
    2298                      .dwattr $C$DW$108, DW_AT_decl_file("C:/ti/ccs2031/ccs/tools/compiler/ti-cgt-c2000_22.6.2.LTS/include/
    2299                      .dwattr $C$DW$108, DW_AT_decl_line(0x117)
    2300                      .dwattr $C$DW$108, DW_AT_decl_column(0x10)
    2301                      .dwattr $C$DW$108, DW_AT_TI_max_frame_size(-2)
    2302                      .dwpsn  file "C:/ti/ccs2031/ccs/tools/compiler/ti-cgt-c2000_22.6.2.LTS/include/math.h",line 280,colum
    2303              
    2304                      .dwfde $C$DW$CIE, ||__relaxed_atan2f||
    2305              $C$DW$109       .dwtag  DW_TAG_formal_parameter
    2306                      .dwattr $C$DW$109, DW_AT_name("y")
    2307                      .dwattr $C$DW$109, DW_AT_type(*$C$DW$T$16)
    2308                      .dwattr $C$DW$109, DW_AT_location[DW_OP_regx 0x2b]
    2309              
    2310              $C$DW$110       .dwtag  DW_TAG_formal_parameter
    2311                      .dwattr $C$DW$110, DW_AT_name("x")
    2312                      .dwattr $C$DW$110, DW_AT_type(*$C$DW$T$16)
    2313                      .dwattr $C$DW$110, DW_AT_location[DW_OP_regx 0x2f]
    2314              
    2315              
    2316              ;***************************************************************
TMS320C2000 Assembler PC v22.6.2 Thu Feb  5 15:43:43 2026

Copyright (c) 1996-2018 Texas Instruments Incorporated
dual_axis_servo_drive_user_cpu.asm                                   PAGE   51

    2317              ;* FNAME: __relaxed_atan2f              FR SIZE:   0           *
    2318              ;*                                                             *
    2319              ;* FUNCTION ENVIRONMENT                                        *
    2320              ;*                                                             *
    2321              ;* FUNCTION PROPERTIES                                         *
    2322              ;*                            0 Parameter,  0 Auto,  0 SOE     *
    2323              ;***************************************************************
    2324              
    2325              ||__relaxed_atan2f||:
    2326              ;* R0    assigned to y
    2327              $C$DW$111       .dwtag  DW_TAG_variable
    2328                      .dwattr $C$DW$111, DW_AT_name("y")
    2329                      .dwattr $C$DW$111, DW_AT_type(*$C$DW$T$170)
    2330                      .dwattr $C$DW$111, DW_AT_location[DW_OP_regx 0x2b]
    2331              
    2332              ;* R1    assigned to x
    2333              $C$DW$112       .dwtag  DW_TAG_variable
    2334                      .dwattr $C$DW$112, DW_AT_name("x")
    2335                      .dwattr $C$DW$112, DW_AT_type(*$C$DW$T$170)
    2336                      .dwattr $C$DW$112, DW_AT_location[DW_OP_regx 0x2f]
    2337              
    2338                      .dwcfi  cfa_offset, -2
    2339                      .dwcfi  save_reg_to_mem, 26, 0
    2340                      .dwpsn  file "C:/ti/ccs2031/ccs/tools/compiler/ti-cgt-c2000_22.6.2.LTS/include/math.h",line 281,colum
    2341 00000000 E27C          QUADF32   R1H,R0H,R0H,R1H       ; [CPU_FPU] |281| 
         00000001 0201 
    2342 00000002 7700          NOP       ; [CPU_ALU] 
    2343 00000003 7700          NOP       ; [CPU_ALU] 
    2344 00000004 7700          NOP       ; [CPU_ALU] 
    2345 00000005 7700          NOP       ; [CPU_ALU] 
    2346 00000006 E27A          ATANPUF32 R0H,R0H               ; [CPU_FPU] |281| 
         00000007 0000 
    2347 00000008 7700          NOP       ; [CPU_ALU] 
    2348 00000009 7700          NOP       ; [CPU_ALU] 
    2349 0000000a 7700          NOP       ; [CPU_ALU] 
    2350 0000000b E710          ADDF32    R0H,R0H,R1H           ; [CPU_FPU] |281| 
         0000000c 0040 
    2351 0000000d 7700          NOP       ; [CPU_ALU] 
    2352 0000000e 7700          NOP       ; [CPU_ALU] 
    2353 0000000f E270          MPY2PIF32 R0H,R0H               ; [CPU_FPU] |281| 
         00000010 0000 
    2354 00000011 7700          NOP       ; [CPU_ALU] 
    2355              $C$DW$113       .dwtag  DW_TAG_TI_branch
    2356                      .dwattr $C$DW$113, DW_AT_low_pc(0x00)
    2357                      .dwattr $C$DW$113, DW_AT_TI_return
    2358              
    2359 00000012 0006          LRETR     ; [CPU_ALU] 
    2360                      ; return occurs ; [] 
    2361                      .dwattr $C$DW$108, DW_AT_TI_end_file("C:/ti/ccs2031/ccs/tools/compiler/ti-cgt-c2000_22.6.2.LTS/includ
    2362                      .dwattr $C$DW$108, DW_AT_TI_end_line(0x11a)
    2363                      .dwattr $C$DW$108, DW_AT_TI_end_column(0x01)
    2364                      .dwendentry
    2365                      .dwendtag $C$DW$108
    2366              
    2367 00000000               .sect   ".text:__isnormall"
TMS320C2000 Assembler PC v22.6.2 Thu Feb  5 15:43:43 2026

Copyright (c) 1996-2018 Texas Instruments Incorporated
dual_axis_servo_drive_user_cpu.asm                                   PAGE   52

    2368                      .clink
    2369                      .global ||__isnormall||
    2370              
    2371              $C$DW$114       .dwtag  DW_TAG_subprogram
    2372                      .dwattr $C$DW$114, DW_AT_name("__isnormall")
    2373                      .dwattr $C$DW$114, DW_AT_low_pc(||__isnormall||)
    2374                      .dwattr $C$DW$114, DW_AT_high_pc(0x00)
    2375                      .dwattr $C$DW$114, DW_AT_linkage_name("__isnormall")
    2376                      .dwattr $C$DW$114, DW_AT_external
    2377                      .dwattr $C$DW$114, DW_AT_type(*$C$DW$T$10)
    2378                      .dwattr $C$DW$114, DW_AT_decl_file("C:/ti/ccs2031/ccs/tools/compiler/ti-cgt-c2000_22.6.2.LTS/include/
    2379                      .dwattr $C$DW$114, DW_AT_decl_line(0x167)
    2380                      .dwattr $C$DW$114, DW_AT_decl_column(0x18)
    2381                      .dwattr $C$DW$114, DW_AT_TI_max_frame_size(-6)
    2382                      .dwpsn  file "C:/ti/ccs2031/ccs/tools/compiler/ti-cgt-c2000_22.6.2.LTS/include/_defs.h",line 360,colu
    2383              
    2384                      .dwfde $C$DW$CIE, ||__isnormall||
    2385              $C$DW$115       .dwtag  DW_TAG_formal_parameter
    2386                      .dwattr $C$DW$115, DW_AT_name("e")
    2387                      .dwattr $C$DW$115, DW_AT_type(*$C$DW$T$175)
    2388                      .dwattr $C$DW$115, DW_AT_location[DW_OP_reg12]
    2389              
    2390              
    2391              ;***************************************************************
    2392              ;* FNAME: __isnormall                   FR SIZE:   4           *
    2393              ;*                                                             *
    2394              ;* FUNCTION ENVIRONMENT                                        *
    2395              ;*                                                             *
    2396              ;* FUNCTION PROPERTIES                                         *
    2397              ;*                            4 Parameter,  0 Auto,  0 SOE     *
    2398              ;***************************************************************
    2399              
    2400              ||__isnormall||:
    2401              ;* AR5   assigned to $O$C2
    2402              ;* AR6   assigned to $O$S1
    2403              ;* AR4   assigned to e
    2404              $C$DW$116       .dwtag  DW_TAG_variable
    2405                      .dwattr $C$DW$116, DW_AT_name("e")
    2406                      .dwattr $C$DW$116, DW_AT_type(*$C$DW$T$176)
    2407                      .dwattr $C$DW$116, DW_AT_location[DW_OP_reg12]
    2408              
    2409                      .dwcfi  cfa_offset, -2
    2410                      .dwcfi  save_reg_to_mem, 26, 0
    2411 00000000 FE04          ADDB      SP,#4                 ; [CPU_ARAU] 
    2412                      .dwcfi  cfa_offset, -6
    2413                      .dwpsn  file "C:/ti/ccs2031/ccs/tools/compiler/ti-cgt-c2000_22.6.2.LTS/include/_defs.h",line 360,colu
    2414 00000001 83C4          MOVL      XAR5,*+XAR4[0]        ; [CPU_ALU] |360| 
    2415 00000002 8AD4          MOVL      XAR4,*+XAR4[2]        ; [CPU_ALU] |360| 
    2416 00000003 BE00          MOVB      XAR6,#0               ; [CPU_ALU] |360| 
    2417 00000004 28AC          MOV       T,#52                 ; [CPU_ALU] |360| 
         00000005 0034 
    2418 00000006 A0AB          MOVL      P,XAR5                ; [CPU_ALU] |360| 
    2419 00000007 A8A9          MOVL      ACC,XAR4              ; [CPU_ALU] |360| 
    2420 00000008 C244          MOVL      *-SP[4],XAR6          ; [CPU_ALU] |360| 
    2421 00000009 2B42          MOV       *-SP[2],#0            ; [CPU_ALU] |360| 
TMS320C2000 Assembler PC v22.6.2 Thu Feb  5 15:43:43 2026

Copyright (c) 1996-2018 Texas Instruments Incorporated
dual_axis_servo_drive_user_cpu.asm                                   PAGE   53

    2422 0000000a 565B          LSR64     ACC:P,T               ; [CPU_ALU] |360| 
    2423 0000000b 2B41          MOV       *-SP[1],#0            ; [CPU_FPU] |360| 
    2424 0000000c 9000          ANDB      AL,#0                 ; [CPU_ALU] |360| 
    2425 0000000d 9100          ANDB      AH,#0                 ; [CPU_ALU] |360| 
    2426 0000000e 18AB          AND       PL,#2047              ; [CPU_ALU] |360| 
         0000000f 07FF 
    2427 00000010 18AA          AND       PH,#0                 ; [CPU_ALU] |360| 
         00000011 0000 
    2428              $C$DW$117       .dwtag  DW_TAG_TI_branch
    2429                      .dwattr $C$DW$117, DW_AT_low_pc(0x00)
    2430                      .dwattr $C$DW$117, DW_AT_name("__c28xabi_cmpull")
    2431                      .dwattr $C$DW$117, DW_AT_TI_call
    2432              
    2433 00000012 7640!         LCR       #||__c28xabi_cmpull|| ; [CPU_ALU] |360| 
         00000013 0000 
    2434                      ; call occurs [#||__c28xabi_cmpull||] ; [] |360| 
    2435 00000014 BE00          MOVB      XAR6,#0               ; [CPU_ALU] |360| 
    2436 00000015 5200          CMPB      AL,#0                 ; [CPU_ALU] |360| 
    2437 00000016 610E          B         ||$C$L8||,EQ          ; [CPU_ALU] |360| 
    2438                      ; branchcc occurs ; [] |360| 
    2439 00000017 A0AB          MOVL      P,XAR5                ; [CPU_ALU] |360| 
    2440 00000018 A8A9          MOVL      ACC,XAR4              ; [CPU_ALU] |360| 
    2441 00000019 28AC          MOV       T,#48                 ; [CPU_ALU] |360| 
         0000001a 0030 
    2442 0000001b 565B          LSR64     ACC:P,T               ; [CPU_ALU] |360| 
    2443 0000001c 18AB          AND       PL,#0x7ff0            ; [CPU_ALU] |360| 
         0000001d 7FF0 
    2444 0000001e 80AB          MOVZ      AR7,PL                ; [CPU_ALU] |360| 
    2445 0000001f FF20          MOV       ACC,#32752            ; [CPU_ALU] |360| 
         00000020 7FF0 
    2446 00000021 0FA7          CMPL      ACC,XAR7              ; [CPU_ALU] |360| 
    2447 00000022 56B0          MOVB      XAR6,#1,NEQ           ; [CPU_ALU] |360| 
         00000023 01A6 
    2448 00000024       ||$C$L8||:    
    2449 00000024 FE84          SUBB      SP,#4                 ; [CPU_ARAU] 
    2450                      .dwcfi  cfa_offset, -2
    2451 00000025 92A6          MOV       AL,AR6                ; [CPU_ALU] |360| 
    2452              $C$DW$118       .dwtag  DW_TAG_TI_branch
    2453                      .dwattr $C$DW$118, DW_AT_low_pc(0x00)
    2454                      .dwattr $C$DW$118, DW_AT_TI_return
    2455              
    2456 00000026 0006          LRETR     ; [CPU_ALU] 
    2457                      ; return occurs ; [] 
    2458                      .dwattr $C$DW$114, DW_AT_TI_end_file("C:/ti/ccs2031/ccs/tools/compiler/ti-cgt-c2000_22.6.2.LTS/includ
    2459                      .dwattr $C$DW$114, DW_AT_TI_end_line(0x169)
    2460                      .dwattr $C$DW$114, DW_AT_TI_end_column(0x31)
    2461                      .dwendentry
    2462                      .dwendtag $C$DW$114
    2463              
    2464 00000000               .sect   ".text:__isnormalf"
    2465                      .clink
    2466                      .global ||__isnormalf||
    2467              
    2468              $C$DW$119       .dwtag  DW_TAG_subprogram
    2469                      .dwattr $C$DW$119, DW_AT_name("__isnormalf")
TMS320C2000 Assembler PC v22.6.2 Thu Feb  5 15:43:43 2026

Copyright (c) 1996-2018 Texas Instruments Incorporated
dual_axis_servo_drive_user_cpu.asm                                   PAGE   54

    2470                      .dwattr $C$DW$119, DW_AT_low_pc(||__isnormalf||)
    2471                      .dwattr $C$DW$119, DW_AT_high_pc(0x00)
    2472                      .dwattr $C$DW$119, DW_AT_linkage_name("__isnormalf")
    2473                      .dwattr $C$DW$119, DW_AT_external
    2474                      .dwattr $C$DW$119, DW_AT_type(*$C$DW$T$10)
    2475                      .dwattr $C$DW$119, DW_AT_decl_file("C:/ti/ccs2031/ccs/tools/compiler/ti-cgt-c2000_22.6.2.LTS/include/
    2476                      .dwattr $C$DW$119, DW_AT_decl_line(0x163)
    2477                      .dwattr $C$DW$119, DW_AT_decl_column(0x18)
    2478                      .dwattr $C$DW$119, DW_AT_TI_max_frame_size(-2)
    2479                      .dwpsn  file "C:/ti/ccs2031/ccs/tools/compiler/ti-cgt-c2000_22.6.2.LTS/include/_defs.h",line 356,colu
    2480              
    2481                      .dwfde $C$DW$CIE, ||__isnormalf||
    2482              $C$DW$120       .dwtag  DW_TAG_formal_parameter
    2483                      .dwattr $C$DW$120, DW_AT_name("f")
    2484                      .dwattr $C$DW$120, DW_AT_type(*$C$DW$T$16)
    2485                      .dwattr $C$DW$120, DW_AT_location[DW_OP_regx 0x2b]
    2486              
    2487              
    2488              ;***************************************************************
    2489              ;* FNAME: __isnormalf                   FR SIZE:   0           *
    2490              ;*                                                             *
    2491              ;* FUNCTION ENVIRONMENT                                        *
    2492              ;*                                                             *
    2493              ;* FUNCTION PROPERTIES                                         *
    2494              ;*                            0 Parameter,  0 Auto,  0 SOE     *
    2495              ;***************************************************************
    2496              
    2497              ||__isnormalf||:
    2498              ;* PL    assigned to $O$K3
    2499              ;* AR6   assigned to $O$S1
    2500              ;* R0    assigned to f
    2501              $C$DW$121       .dwtag  DW_TAG_variable
    2502                      .dwattr $C$DW$121, DW_AT_name("f")
    2503                      .dwattr $C$DW$121, DW_AT_type(*$C$DW$T$170)
    2504                      .dwattr $C$DW$121, DW_AT_location[DW_OP_regx 0x2b]
    2505              
    2506                      .dwcfi  cfa_offset, -2
    2507                      .dwcfi  save_reg_to_mem, 26, 0
    2508                      .dwpsn  file "C:/ti/ccs2031/ccs/tools/compiler/ti-cgt-c2000_22.6.2.LTS/include/_defs.h",line 356,colu
    2509 00000000 BFAB          MOV32     P,R0H                 ; [CPU_FPU] |356| 
         00000001 0F12 
    2510 00000002 28AC          MOV       T,#23                 ; [CPU_ALU] |356| 
         00000003 0017 
    2511 00000004 A9A9          MOVL      ACC,P                 ; [CPU_ALU] |356| 
    2512 00000005 BE00          MOVB      XAR6,#0               ; [CPU_ALU] |356| 
    2513 00000006 5622          LSRL      ACC,T                 ; [CPU_ALU] |356| 
    2514 00000007 90FF          ANDB      AL,#0xff              ; [CPU_ALU] |356| 
    2515 00000008 6109          B         ||$C$L9||,EQ          ; [CPU_ALU] |356| 
    2516                      ; branchcc occurs ; [] |356| 
    2517 00000009 CCAA          AND       AL,PH,#0x7f80         ; [CPU_ALU] |356| 
         0000000a 7F80 
    2518 0000000b 80A9          MOVZ      AR7,AL                ; [CPU_ALU] |356| 
    2519 0000000c FF20          MOV       ACC,#32640            ; [CPU_ALU] |356| 
         0000000d 7F80 
    2520 0000000e 0FA7          CMPL      ACC,XAR7              ; [CPU_ALU] |356| 
TMS320C2000 Assembler PC v22.6.2 Thu Feb  5 15:43:43 2026

Copyright (c) 1996-2018 Texas Instruments Incorporated
dual_axis_servo_drive_user_cpu.asm                                   PAGE   55

    2521 0000000f 56B0          MOVB      XAR6,#1,NEQ           ; [CPU_ALU] |356| 
         00000010 01A6 
    2522 00000011       ||$C$L9||:    
    2523 00000011 92A6          MOV       AL,AR6                ; [CPU_ALU] |356| 
    2524              $C$DW$122       .dwtag  DW_TAG_TI_branch
    2525                      .dwattr $C$DW$122, DW_AT_low_pc(0x00)
    2526                      .dwattr $C$DW$122, DW_AT_TI_return
    2527              
    2528 00000012 0006          LRETR     ; [CPU_ALU] 
    2529                      ; return occurs ; [] 
    2530                      .dwattr $C$DW$119, DW_AT_TI_end_file("C:/ti/ccs2031/ccs/tools/compiler/ti-cgt-c2000_22.6.2.LTS/includ
    2531                      .dwattr $C$DW$119, DW_AT_TI_end_line(0x165)
    2532                      .dwattr $C$DW$119, DW_AT_TI_end_column(0x2f)
    2533                      .dwendentry
    2534                      .dwendtag $C$DW$119
    2535              
    2536 00000000               .sect   ".text:__isnormal"
    2537                      .clink
    2538                      .global ||__isnormal||
    2539              
    2540              $C$DW$123       .dwtag  DW_TAG_subprogram
    2541                      .dwattr $C$DW$123, DW_AT_name("__isnormal")
    2542                      .dwattr $C$DW$123, DW_AT_low_pc(||__isnormal||)
    2543                      .dwattr $C$DW$123, DW_AT_high_pc(0x00)
    2544                      .dwattr $C$DW$123, DW_AT_linkage_name("__isnormal")
    2545                      .dwattr $C$DW$123, DW_AT_external
    2546                      .dwattr $C$DW$123, DW_AT_type(*$C$DW$T$10)
    2547                      .dwattr $C$DW$123, DW_AT_decl_file("C:/ti/ccs2031/ccs/tools/compiler/ti-cgt-c2000_22.6.2.LTS/include/
    2548                      .dwattr $C$DW$123, DW_AT_decl_line(0x15f)
    2549                      .dwattr $C$DW$123, DW_AT_decl_column(0x18)
    2550                      .dwattr $C$DW$123, DW_AT_TI_max_frame_size(-6)
    2551                      .dwpsn  file "C:/ti/ccs2031/ccs/tools/compiler/ti-cgt-c2000_22.6.2.LTS/include/_defs.h",line 352,colu
    2552              
    2553                      .dwfde $C$DW$CIE, ||__isnormal||
    2554              $C$DW$124       .dwtag  DW_TAG_formal_parameter
    2555                      .dwattr $C$DW$124, DW_AT_name("d")
    2556                      .dwattr $C$DW$124, DW_AT_type(*$C$DW$T$172)
    2557                      .dwattr $C$DW$124, DW_AT_location[DW_OP_reg12]
    2558              
    2559              
    2560              ;***************************************************************
    2561              ;* FNAME: __isnormal                    FR SIZE:   4           *
    2562              ;*                                                             *
    2563              ;* FUNCTION ENVIRONMENT                                        *
    2564              ;*                                                             *
    2565              ;* FUNCTION PROPERTIES                                         *
    2566              ;*                            4 Parameter,  0 Auto,  0 SOE     *
    2567              ;***************************************************************
    2568              
    2569              ||__isnormal||:
    2570              ;* AR5   assigned to $O$C2
    2571              ;* AR6   assigned to $O$S1
    2572              ;* AR4   assigned to d
    2573              $C$DW$125       .dwtag  DW_TAG_variable
    2574                      .dwattr $C$DW$125, DW_AT_name("d")
TMS320C2000 Assembler PC v22.6.2 Thu Feb  5 15:43:43 2026

Copyright (c) 1996-2018 Texas Instruments Incorporated
dual_axis_servo_drive_user_cpu.asm                                   PAGE   56

    2575                      .dwattr $C$DW$125, DW_AT_type(*$C$DW$T$173)
    2576                      .dwattr $C$DW$125, DW_AT_location[DW_OP_reg12]
    2577              
    2578                      .dwcfi  cfa_offset, -2
    2579                      .dwcfi  save_reg_to_mem, 26, 0
    2580 00000000 FE04          ADDB      SP,#4                 ; [CPU_ARAU] 
    2581                      .dwcfi  cfa_offset, -6
    2582                      .dwpsn  file "C:/ti/ccs2031/ccs/tools/compiler/ti-cgt-c2000_22.6.2.LTS/include/_defs.h",line 352,colu
    2583 00000001 83C4          MOVL      XAR5,*+XAR4[0]        ; [CPU_ALU] |352| 
    2584 00000002 8AD4          MOVL      XAR4,*+XAR4[2]        ; [CPU_ALU] |352| 
    2585 00000003 BE00          MOVB      XAR6,#0               ; [CPU_ALU] |352| 
    2586 00000004 28AC          MOV       T,#52                 ; [CPU_ALU] |352| 
         00000005 0034 
    2587 00000006 A0AB          MOVL      P,XAR5                ; [CPU_ALU] |352| 
    2588 00000007 A8A9          MOVL      ACC,XAR4              ; [CPU_ALU] |352| 
    2589 00000008 C244          MOVL      *-SP[4],XAR6          ; [CPU_ALU] |352| 
    2590 00000009 2B42          MOV       *-SP[2],#0            ; [CPU_ALU] |352| 
    2591 0000000a 565B          LSR64     ACC:P,T               ; [CPU_ALU] |352| 
    2592 0000000b 2B41          MOV       *-SP[1],#0            ; [CPU_FPU] |352| 
    2593 0000000c 9000          ANDB      AL,#0                 ; [CPU_ALU] |352| 
    2594 0000000d 9100          ANDB      AH,#0                 ; [CPU_ALU] |352| 
    2595 0000000e 18AB          AND       PL,#2047              ; [CPU_ALU] |352| 
         0000000f 07FF 
    2596 00000010 18AA          AND       PH,#0                 ; [CPU_ALU] |352| 
         00000011 0000 
    2597              $C$DW$126       .dwtag  DW_TAG_TI_branch
    2598                      .dwattr $C$DW$126, DW_AT_low_pc(0x00)
    2599                      .dwattr $C$DW$126, DW_AT_name("__c28xabi_cmpull")
    2600                      .dwattr $C$DW$126, DW_AT_TI_call
    2601              
    2602 00000012 7640!         LCR       #||__c28xabi_cmpull|| ; [CPU_ALU] |352| 
         00000013 0000 
    2603                      ; call occurs [#||__c28xabi_cmpull||] ; [] |352| 
    2604 00000014 BE00          MOVB      XAR6,#0               ; [CPU_ALU] |352| 
    2605 00000015 5200          CMPB      AL,#0                 ; [CPU_ALU] |352| 
    2606 00000016 610E          B         ||$C$L10||,EQ         ; [CPU_ALU] |352| 
    2607                      ; branchcc occurs ; [] |352| 
    2608 00000017 A0AB          MOVL      P,XAR5                ; [CPU_ALU] |352| 
    2609 00000018 A8A9          MOVL      ACC,XAR4              ; [CPU_ALU] |352| 
    2610 00000019 28AC          MOV       T,#48                 ; [CPU_ALU] |352| 
         0000001a 0030 
    2611 0000001b 565B          LSR64     ACC:P,T               ; [CPU_ALU] |352| 
    2612 0000001c 18AB          AND       PL,#0x7ff0            ; [CPU_ALU] |352| 
         0000001d 7FF0 
    2613 0000001e 80AB          MOVZ      AR7,PL                ; [CPU_ALU] |352| 
    2614 0000001f FF20          MOV       ACC,#32752            ; [CPU_ALU] |352| 
         00000020 7FF0 
    2615 00000021 0FA7          CMPL      ACC,XAR7              ; [CPU_ALU] |352| 
    2616 00000022 56B0          MOVB      XAR6,#1,NEQ           ; [CPU_ALU] |352| 
         00000023 01A6 
    2617 00000024       ||$C$L10||:    
    2618 00000024 FE84          SUBB      SP,#4                 ; [CPU_ARAU] 
    2619                      .dwcfi  cfa_offset, -2
    2620 00000025 92A6          MOV       AL,AR6                ; [CPU_ALU] |352| 
    2621              $C$DW$127       .dwtag  DW_TAG_TI_branch
TMS320C2000 Assembler PC v22.6.2 Thu Feb  5 15:43:43 2026

Copyright (c) 1996-2018 Texas Instruments Incorporated
dual_axis_servo_drive_user_cpu.asm                                   PAGE   57

    2622                      .dwattr $C$DW$127, DW_AT_low_pc(0x00)
    2623                      .dwattr $C$DW$127, DW_AT_TI_return
    2624              
    2625 00000026 0006          LRETR     ; [CPU_ALU] 
    2626                      ; return occurs ; [] 
    2627                      .dwattr $C$DW$123, DW_AT_TI_end_file("C:/ti/ccs2031/ccs/tools/compiler/ti-cgt-c2000_22.6.2.LTS/includ
    2628                      .dwattr $C$DW$123, DW_AT_TI_end_line(0x161)
    2629                      .dwattr $C$DW$123, DW_AT_TI_end_column(0x30)
    2630                      .dwendentry
    2631                      .dwendtag $C$DW$123
    2632              
    2633 00000000               .sect   ".text:__isnanl"
    2634                      .clink
    2635                      .global ||__isnanl||
    2636              
    2637              $C$DW$128       .dwtag  DW_TAG_subprogram
    2638                      .dwattr $C$DW$128, DW_AT_name("__isnanl")
    2639                      .dwattr $C$DW$128, DW_AT_low_pc(||__isnanl||)
    2640                      .dwattr $C$DW$128, DW_AT_high_pc(0x00)
    2641                      .dwattr $C$DW$128, DW_AT_linkage_name("__isnanl")
    2642                      .dwattr $C$DW$128, DW_AT_external
    2643                      .dwattr $C$DW$128, DW_AT_type(*$C$DW$T$10)
    2644                      .dwattr $C$DW$128, DW_AT_decl_file("C:/ti/ccs2031/ccs/tools/compiler/ti-cgt-c2000_22.6.2.LTS/include/
    2645                      .dwattr $C$DW$128, DW_AT_decl_line(0x15b)
    2646                      .dwattr $C$DW$128, DW_AT_decl_column(0x18)
    2647                      .dwattr $C$DW$128, DW_AT_TI_max_frame_size(-6)
    2648                      .dwpsn  file "C:/ti/ccs2031/ccs/tools/compiler/ti-cgt-c2000_22.6.2.LTS/include/_defs.h",line 348,colu
    2649              
    2650                      .dwfde $C$DW$CIE, ||__isnanl||
    2651              $C$DW$129       .dwtag  DW_TAG_formal_parameter
    2652                      .dwattr $C$DW$129, DW_AT_name("e")
    2653                      .dwattr $C$DW$129, DW_AT_type(*$C$DW$T$175)
    2654                      .dwattr $C$DW$129, DW_AT_location[DW_OP_reg12]
    2655              
    2656              
    2657              ;***************************************************************
    2658              ;* FNAME: __isnanl                      FR SIZE:   4           *
    2659              ;*                                                             *
    2660              ;* FUNCTION ENVIRONMENT                                        *
    2661              ;*                                                             *
    2662              ;* FUNCTION PROPERTIES                                         *
    2663              ;*                            4 Parameter,  0 Auto,  0 SOE     *
    2664              ;***************************************************************
    2665              
    2666              ||__isnanl||:
    2667              ;* AR7   assigned to $O$C2
    2668              ;* AR4   assigned to $O$S1
    2669              ;* AR4   assigned to e
    2670              $C$DW$130       .dwtag  DW_TAG_variable
    2671                      .dwattr $C$DW$130, DW_AT_name("e")
    2672                      .dwattr $C$DW$130, DW_AT_type(*$C$DW$T$176)
    2673                      .dwattr $C$DW$130, DW_AT_location[DW_OP_reg12]
    2674              
    2675                      .dwcfi  cfa_offset, -2
    2676                      .dwcfi  save_reg_to_mem, 26, 0
TMS320C2000 Assembler PC v22.6.2 Thu Feb  5 15:43:43 2026

Copyright (c) 1996-2018 Texas Instruments Incorporated
dual_axis_servo_drive_user_cpu.asm                                   PAGE   58

    2677 00000000 FE04          ADDB      SP,#4                 ; [CPU_ARAU] 
    2678                      .dwcfi  cfa_offset, -6
    2679                      .dwpsn  file "C:/ti/ccs2031/ccs/tools/compiler/ti-cgt-c2000_22.6.2.LTS/include/_defs.h",line 348,colu
    2680 00000001 C5C4          MOVL      XAR7,*+XAR4[0]        ; [CPU_ALU] |348| 
    2681 00000002 06D4          MOVL      ACC,*+XAR4[2]         ; [CPU_ALU] |348| 
    2682 00000003 28AC          MOV       T,#48                 ; [CPU_ALU] |348| 
         00000004 0030 
    2683 00000005 1EA6          MOVL      XAR6,ACC              ; [CPU_ALU] |348| 
    2684 00000006 A3A7          MOVL      P,XAR7                ; [CPU_ALU] |348| 
    2685 00000007 D400          MOVB      XAR4,#0               ; [CPU_ALU] |348| 
    2686 00000008 565B          LSR64     ACC:P,T               ; [CPU_ALU] |348| 
    2687 00000009 2BAA          MOV       PH,#0                 ; [CPU_ALU] |348| 
    2688 0000000a 18AB          AND       PL,#0x7ff0            ; [CPU_ALU] |348| 
         0000000b 7FF0 
    2689 0000000c FF20          MOV       ACC,#32752            ; [CPU_ALU] |348| 
         0000000d 7FF0 
    2690 0000000e 0FAB          CMPL      ACC,P                 ; [CPU_ALU] |348| 
    2691 0000000f 6013          B         ||$C$L11||,NEQ        ; [CPU_ALU] |348| 
    2692                      ; branchcc occurs ; [] |348| 
    2693 00000010 06A6          MOVL      ACC,XAR6              ; [CPU_ALU] |348| 
    2694 00000011 A3A7          MOVL      P,XAR7                ; [CPU_ALU] |348| 
    2695 00000012 BE00          MOVB      XAR6,#0               ; [CPU_ALU] |348| 
    2696 00000013 18A9          AND       AL,#65535             ; [CPU_ALU] |348| 
         00000014 FFFF 
    2697 00000015 910F          ANDB      AH,#15                ; [CPU_ALU] |348| 
    2698 00000016 18AB          AND       PL,#65535             ; [CPU_ALU] |348| 
         00000017 FFFF 
    2699 00000018 18AA          AND       PH,#65535             ; [CPU_ALU] |348| 
         00000019 FFFF 
    2700 0000001a C244          MOVL      *-SP[4],XAR6          ; [CPU_FPU] |348| 
    2701 0000001b 2B42          MOV       *-SP[2],#0            ; [CPU_FPU] |348| 
    2702 0000001c 2B41          MOV       *-SP[1],#0            ; [CPU_FPU] |348| 
    2703              $C$DW$131       .dwtag  DW_TAG_TI_branch
    2704                      .dwattr $C$DW$131, DW_AT_low_pc(0x00)
    2705                      .dwattr $C$DW$131, DW_AT_name("__c28xabi_cmpull")
    2706                      .dwattr $C$DW$131, DW_AT_TI_call
    2707              
    2708 0000001d 7640!         LCR       #||__c28xabi_cmpull|| ; [CPU_ALU] |348| 
         0000001e 0000 
    2709                      ; call occurs [#||__c28xabi_cmpull||] ; [] |348| 
    2710 0000001f 5200          CMPB      AL,#0                 ; [CPU_ALU] |348| 
    2711 00000020 56B0          MOVB      XAR4,#1,NEQ           ; [CPU_ALU] |348| 
         00000021 01A4 
    2712 00000022       ||$C$L11||:    
    2713 00000022 FE84          SUBB      SP,#4                 ; [CPU_ARAU] 
    2714                      .dwcfi  cfa_offset, -2
    2715 00000023 92A4          MOV       AL,AR4                ; [CPU_ALU] |348| 
    2716              $C$DW$132       .dwtag  DW_TAG_TI_branch
    2717                      .dwattr $C$DW$132, DW_AT_low_pc(0x00)
    2718                      .dwattr $C$DW$132, DW_AT_TI_return
    2719              
    2720 00000024 0006          LRETR     ; [CPU_ALU] 
    2721                      ; return occurs ; [] 
    2722                      .dwattr $C$DW$128, DW_AT_TI_end_file("C:/ti/ccs2031/ccs/tools/compiler/ti-cgt-c2000_22.6.2.LTS/includ
    2723                      .dwattr $C$DW$128, DW_AT_TI_end_line(0x15d)
TMS320C2000 Assembler PC v22.6.2 Thu Feb  5 15:43:43 2026

Copyright (c) 1996-2018 Texas Instruments Incorporated
dual_axis_servo_drive_user_cpu.asm                                   PAGE   59

    2724                      .dwattr $C$DW$128, DW_AT_TI_end_column(0x30)
    2725                      .dwendentry
    2726                      .dwendtag $C$DW$128
    2727              
    2728 00000000               .sect   ".text:__isnanf"
    2729                      .clink
    2730                      .global ||__isnanf||
    2731              
    2732              $C$DW$133       .dwtag  DW_TAG_subprogram
    2733                      .dwattr $C$DW$133, DW_AT_name("__isnanf")
    2734                      .dwattr $C$DW$133, DW_AT_low_pc(||__isnanf||)
    2735                      .dwattr $C$DW$133, DW_AT_high_pc(0x00)
    2736                      .dwattr $C$DW$133, DW_AT_linkage_name("__isnanf")
    2737                      .dwattr $C$DW$133, DW_AT_external
    2738                      .dwattr $C$DW$133, DW_AT_type(*$C$DW$T$10)
    2739                      .dwattr $C$DW$133, DW_AT_decl_file("C:/ti/ccs2031/ccs/tools/compiler/ti-cgt-c2000_22.6.2.LTS/include/
    2740                      .dwattr $C$DW$133, DW_AT_decl_line(0x158)
    2741                      .dwattr $C$DW$133, DW_AT_decl_column(0x18)
    2742                      .dwattr $C$DW$133, DW_AT_TI_max_frame_size(-2)
    2743                      .dwpsn  file "C:/ti/ccs2031/ccs/tools/compiler/ti-cgt-c2000_22.6.2.LTS/include/_defs.h",line 345,colu
    2744              
    2745                      .dwfde $C$DW$CIE, ||__isnanf||
    2746              $C$DW$134       .dwtag  DW_TAG_formal_parameter
    2747                      .dwattr $C$DW$134, DW_AT_name("f")
    2748                      .dwattr $C$DW$134, DW_AT_type(*$C$DW$T$16)
    2749                      .dwattr $C$DW$134, DW_AT_location[DW_OP_regx 0x2b]
    2750              
    2751              
    2752              ;***************************************************************
    2753              ;* FNAME: __isnanf                      FR SIZE:   0           *
    2754              ;*                                                             *
    2755              ;* FUNCTION ENVIRONMENT                                        *
    2756              ;*                                                             *
    2757              ;* FUNCTION PROPERTIES                                         *
    2758              ;*                            0 Parameter,  0 Auto,  0 SOE     *
    2759              ;***************************************************************
    2760              
    2761              ||__isnanf||:
    2762              ;* PL    assigned to $O$K3
    2763              ;* AR6   assigned to $O$S1
    2764              ;* R0    assigned to f
    2765              $C$DW$135       .dwtag  DW_TAG_variable
    2766                      .dwattr $C$DW$135, DW_AT_name("f")
    2767                      .dwattr $C$DW$135, DW_AT_type(*$C$DW$T$170)
    2768                      .dwattr $C$DW$135, DW_AT_location[DW_OP_regx 0x2b]
    2769              
    2770                      .dwcfi  cfa_offset, -2
    2771                      .dwcfi  save_reg_to_mem, 26, 0
    2772                      .dwpsn  file "C:/ti/ccs2031/ccs/tools/compiler/ti-cgt-c2000_22.6.2.LTS/include/_defs.h",line 345,colu
    2773 00000000 BFAB          MOV32     P,R0H                 ; [CPU_FPU] |345| 
         00000001 0F12 
    2774 00000002 CCAA          AND       AL,PH,#0x7f80         ; [CPU_ALU] |345| 
         00000003 7F80 
    2775 00000004 80A9          MOVZ      AR7,AL                ; [CPU_ALU] |345| 
    2776 00000005 BE00          MOVB      XAR6,#0               ; [CPU_ALU] |345| 
TMS320C2000 Assembler PC v22.6.2 Thu Feb  5 15:43:43 2026

Copyright (c) 1996-2018 Texas Instruments Incorporated
dual_axis_servo_drive_user_cpu.asm                                   PAGE   60

    2777 00000006 FF20          MOV       ACC,#32640            ; [CPU_ALU] |345| 
         00000007 7F80 
    2778 00000008 0FA7          CMPL      ACC,XAR7              ; [CPU_ALU] |345| 
    2779 00000009 6006          B         ||$C$L12||,NEQ        ; [CPU_ALU] |345| 
    2780                      ; branchcc occurs ; [] |345| 
    2781 0000000a A9A9          MOVL      ACC,P                 ; [CPU_ALU] |345| 
    2782 0000000b 917F          ANDB      AH,#127               ; [CPU_ALU] |345| 
    2783 0000000c FF58          TEST      ACC                   ; [CPU_ALU] |345| 
    2784 0000000d 56B0          MOVB      XAR6,#1,NEQ           ; [CPU_ALU] |345| 
         0000000e 01A6 
    2785 0000000f       ||$C$L12||:    
    2786 0000000f 92A6          MOV       AL,AR6                ; [CPU_ALU] |345| 
    2787              $C$DW$136       .dwtag  DW_TAG_TI_branch
    2788                      .dwattr $C$DW$136, DW_AT_low_pc(0x00)
    2789                      .dwattr $C$DW$136, DW_AT_TI_return
    2790              
    2791 00000010 0006          LRETR     ; [CPU_ALU] 
    2792                      ; return occurs ; [] 
    2793                      .dwattr $C$DW$133, DW_AT_TI_end_file("C:/ti/ccs2031/ccs/tools/compiler/ti-cgt-c2000_22.6.2.LTS/includ
    2794                      .dwattr $C$DW$133, DW_AT_TI_end_line(0x15a)
    2795                      .dwattr $C$DW$133, DW_AT_TI_end_column(0x2e)
    2796                      .dwendentry
    2797                      .dwendtag $C$DW$133
    2798              
    2799 00000000               .sect   ".text:__isnan"
    2800                      .clink
    2801                      .global ||__isnan||
    2802              
    2803              $C$DW$137       .dwtag  DW_TAG_subprogram
    2804                      .dwattr $C$DW$137, DW_AT_name("__isnan")
    2805                      .dwattr $C$DW$137, DW_AT_low_pc(||__isnan||)
    2806                      .dwattr $C$DW$137, DW_AT_high_pc(0x00)
    2807                      .dwattr $C$DW$137, DW_AT_linkage_name("__isnan")
    2808                      .dwattr $C$DW$137, DW_AT_external
    2809                      .dwattr $C$DW$137, DW_AT_type(*$C$DW$T$10)
    2810                      .dwattr $C$DW$137, DW_AT_decl_file("C:/ti/ccs2031/ccs/tools/compiler/ti-cgt-c2000_22.6.2.LTS/include/
    2811                      .dwattr $C$DW$137, DW_AT_decl_line(0x155)
    2812                      .dwattr $C$DW$137, DW_AT_decl_column(0x18)
    2813                      .dwattr $C$DW$137, DW_AT_TI_max_frame_size(-6)
    2814                      .dwpsn  file "C:/ti/ccs2031/ccs/tools/compiler/ti-cgt-c2000_22.6.2.LTS/include/_defs.h",line 342,colu
    2815              
    2816                      .dwfde $C$DW$CIE, ||__isnan||
    2817              $C$DW$138       .dwtag  DW_TAG_formal_parameter
    2818                      .dwattr $C$DW$138, DW_AT_name("d")
    2819                      .dwattr $C$DW$138, DW_AT_type(*$C$DW$T$172)
    2820                      .dwattr $C$DW$138, DW_AT_location[DW_OP_reg12]
    2821              
    2822              
    2823              ;***************************************************************
    2824              ;* FNAME: __isnan                       FR SIZE:   4           *
    2825              ;*                                                             *
    2826              ;* FUNCTION ENVIRONMENT                                        *
    2827              ;*                                                             *
    2828              ;* FUNCTION PROPERTIES                                         *
    2829              ;*                            4 Parameter,  0 Auto,  0 SOE     *
TMS320C2000 Assembler PC v22.6.2 Thu Feb  5 15:43:43 2026

Copyright (c) 1996-2018 Texas Instruments Incorporated
dual_axis_servo_drive_user_cpu.asm                                   PAGE   61

    2830              ;***************************************************************
    2831              
    2832              ||__isnan||:
    2833              ;* AR7   assigned to $O$C2
    2834              ;* AR4   assigned to $O$S1
    2835              ;* AR4   assigned to d
    2836              $C$DW$139       .dwtag  DW_TAG_variable
    2837                      .dwattr $C$DW$139, DW_AT_name("d")
    2838                      .dwattr $C$DW$139, DW_AT_type(*$C$DW$T$173)
    2839                      .dwattr $C$DW$139, DW_AT_location[DW_OP_reg12]
    2840              
    2841                      .dwcfi  cfa_offset, -2
    2842                      .dwcfi  save_reg_to_mem, 26, 0
    2843 00000000 FE04          ADDB      SP,#4                 ; [CPU_ARAU] 
    2844                      .dwcfi  cfa_offset, -6
    2845                      .dwpsn  file "C:/ti/ccs2031/ccs/tools/compiler/ti-cgt-c2000_22.6.2.LTS/include/_defs.h",line 342,colu
    2846 00000001 C5C4          MOVL      XAR7,*+XAR4[0]        ; [CPU_ALU] |342| 
    2847 00000002 06D4          MOVL      ACC,*+XAR4[2]         ; [CPU_ALU] |342| 
    2848 00000003 28AC          MOV       T,#48                 ; [CPU_ALU] |342| 
         00000004 0030 
    2849 00000005 1EA6          MOVL      XAR6,ACC              ; [CPU_ALU] |342| 
    2850 00000006 A3A7          MOVL      P,XAR7                ; [CPU_ALU] |342| 
    2851 00000007 D400          MOVB      XAR4,#0               ; [CPU_ALU] |342| 
    2852 00000008 565B          LSR64     ACC:P,T               ; [CPU_ALU] |342| 
    2853 00000009 2BAA          MOV       PH,#0                 ; [CPU_ALU] |342| 
    2854 0000000a 18AB          AND       PL,#0x7ff0            ; [CPU_ALU] |342| 
         0000000b 7FF0 
    2855 0000000c FF20          MOV       ACC,#32752            ; [CPU_ALU] |342| 
         0000000d 7FF0 
    2856 0000000e 0FAB          CMPL      ACC,P                 ; [CPU_ALU] |342| 
    2857 0000000f 6013          B         ||$C$L13||,NEQ        ; [CPU_ALU] |342| 
    2858                      ; branchcc occurs ; [] |342| 
    2859 00000010 06A6          MOVL      ACC,XAR6              ; [CPU_ALU] |342| 
    2860 00000011 A3A7          MOVL      P,XAR7                ; [CPU_ALU] |342| 
    2861 00000012 BE00          MOVB      XAR6,#0               ; [CPU_ALU] |342| 
    2862 00000013 18A9          AND       AL,#65535             ; [CPU_ALU] |342| 
         00000014 FFFF 
    2863 00000015 910F          ANDB      AH,#15                ; [CPU_ALU] |342| 
    2864 00000016 18AB          AND       PL,#65535             ; [CPU_ALU] |342| 
         00000017 FFFF 
    2865 00000018 18AA          AND       PH,#65535             ; [CPU_ALU] |342| 
         00000019 FFFF 
    2866 0000001a C244          MOVL      *-SP[4],XAR6          ; [CPU_FPU] |342| 
    2867 0000001b 2B42          MOV       *-SP[2],#0            ; [CPU_FPU] |342| 
    2868 0000001c 2B41          MOV       *-SP[1],#0            ; [CPU_FPU] |342| 
    2869              $C$DW$140       .dwtag  DW_TAG_TI_branch
    2870                      .dwattr $C$DW$140, DW_AT_low_pc(0x00)
    2871                      .dwattr $C$DW$140, DW_AT_name("__c28xabi_cmpull")
    2872                      .dwattr $C$DW$140, DW_AT_TI_call
    2873              
    2874 0000001d 7640!         LCR       #||__c28xabi_cmpull|| ; [CPU_ALU] |342| 
         0000001e 0000 
    2875                      ; call occurs [#||__c28xabi_cmpull||] ; [] |342| 
    2876 0000001f 5200          CMPB      AL,#0                 ; [CPU_ALU] |342| 
    2877 00000020 56B0          MOVB      XAR4,#1,NEQ           ; [CPU_ALU] |342| 
TMS320C2000 Assembler PC v22.6.2 Thu Feb  5 15:43:43 2026

Copyright (c) 1996-2018 Texas Instruments Incorporated
dual_axis_servo_drive_user_cpu.asm                                   PAGE   62

         00000021 01A4 
    2878 00000022       ||$C$L13||:    
    2879 00000022 FE84          SUBB      SP,#4                 ; [CPU_ARAU] 
    2880                      .dwcfi  cfa_offset, -2
    2881 00000023 92A4          MOV       AL,AR4                ; [CPU_ALU] |342| 
    2882              $C$DW$141       .dwtag  DW_TAG_TI_branch
    2883                      .dwattr $C$DW$141, DW_AT_low_pc(0x00)
    2884                      .dwattr $C$DW$141, DW_AT_TI_return
    2885              
    2886 00000024 0006          LRETR     ; [CPU_ALU] 
    2887                      ; return occurs ; [] 
    2888                      .dwattr $C$DW$137, DW_AT_TI_end_file("C:/ti/ccs2031/ccs/tools/compiler/ti-cgt-c2000_22.6.2.LTS/includ
    2889                      .dwattr $C$DW$137, DW_AT_TI_end_line(0x157)
    2890                      .dwattr $C$DW$137, DW_AT_TI_end_column(0x2f)
    2891                      .dwendentry
    2892                      .dwendtag $C$DW$137
    2893              
    2894 00000000               .sect   ".text:__isinfl"
    2895                      .clink
    2896                      .global ||__isinfl||
    2897              
    2898              $C$DW$142       .dwtag  DW_TAG_subprogram
    2899                      .dwattr $C$DW$142, DW_AT_name("__isinfl")
    2900                      .dwattr $C$DW$142, DW_AT_low_pc(||__isinfl||)
    2901                      .dwattr $C$DW$142, DW_AT_high_pc(0x00)
    2902                      .dwattr $C$DW$142, DW_AT_linkage_name("__isinfl")
    2903                      .dwattr $C$DW$142, DW_AT_external
    2904                      .dwattr $C$DW$142, DW_AT_type(*$C$DW$T$10)
    2905                      .dwattr $C$DW$142, DW_AT_decl_file("C:/ti/ccs2031/ccs/tools/compiler/ti-cgt-c2000_22.6.2.LTS/include/
    2906                      .dwattr $C$DW$142, DW_AT_decl_line(0x17a)
    2907                      .dwattr $C$DW$142, DW_AT_decl_column(0x18)
    2908                      .dwattr $C$DW$142, DW_AT_TI_max_frame_size(-6)
    2909                      .dwpsn  file "C:/ti/ccs2031/ccs/tools/compiler/ti-cgt-c2000_22.6.2.LTS/include/_defs.h",line 379,colu
    2910              
    2911                      .dwfde $C$DW$CIE, ||__isinfl||
    2912              $C$DW$143       .dwtag  DW_TAG_formal_parameter
    2913                      .dwattr $C$DW$143, DW_AT_name("e")
    2914                      .dwattr $C$DW$143, DW_AT_type(*$C$DW$T$175)
    2915                      .dwattr $C$DW$143, DW_AT_location[DW_OP_reg12]
    2916              
    2917              
    2918              ;***************************************************************
    2919              ;* FNAME: __isinfl                      FR SIZE:   4           *
    2920              ;*                                                             *
    2921              ;* FUNCTION ENVIRONMENT                                        *
    2922              ;*                                                             *
    2923              ;* FUNCTION PROPERTIES                                         *
    2924              ;*                            4 Parameter,  0 Auto,  0 SOE     *
    2925              ;***************************************************************
    2926              
    2927              ||__isinfl||:
    2928              ;* AR7   assigned to $O$C2
    2929              ;* AR4   assigned to $O$S1
    2930              ;* AR4   assigned to e
    2931              $C$DW$144       .dwtag  DW_TAG_variable
TMS320C2000 Assembler PC v22.6.2 Thu Feb  5 15:43:43 2026

Copyright (c) 1996-2018 Texas Instruments Incorporated
dual_axis_servo_drive_user_cpu.asm                                   PAGE   63

    2932                      .dwattr $C$DW$144, DW_AT_name("e")
    2933                      .dwattr $C$DW$144, DW_AT_type(*$C$DW$T$176)
    2934                      .dwattr $C$DW$144, DW_AT_location[DW_OP_reg12]
    2935              
    2936                      .dwcfi  cfa_offset, -2
    2937                      .dwcfi  save_reg_to_mem, 26, 0
    2938 00000000 FE04          ADDB      SP,#4                 ; [CPU_ARAU] 
    2939                      .dwcfi  cfa_offset, -6
    2940                      .dwpsn  file "C:/ti/ccs2031/ccs/tools/compiler/ti-cgt-c2000_22.6.2.LTS/include/_defs.h",line 379,colu
    2941 00000001 C5C4          MOVL      XAR7,*+XAR4[0]        ; [CPU_ALU] |379| 
    2942 00000002 06D4          MOVL      ACC,*+XAR4[2]         ; [CPU_ALU] |379| 
    2943 00000003 28AC          MOV       T,#48                 ; [CPU_ALU] |379| 
         00000004 0030 
    2944 00000005 1EA6          MOVL      XAR6,ACC              ; [CPU_ALU] |379| 
    2945 00000006 A3A7          MOVL      P,XAR7                ; [CPU_ALU] |379| 
    2946 00000007 D400          MOVB      XAR4,#0               ; [CPU_ALU] |379| 
    2947 00000008 565B          LSR64     ACC:P,T               ; [CPU_ALU] |379| 
    2948 00000009 2BAA          MOV       PH,#0                 ; [CPU_ALU] |379| 
    2949 0000000a 18AB          AND       PL,#0x7ff0            ; [CPU_ALU] |379| 
         0000000b 7FF0 
    2950 0000000c FF20          MOV       ACC,#32752            ; [CPU_ALU] |379| 
         0000000d 7FF0 
    2951 0000000e 0FAB          CMPL      ACC,P                 ; [CPU_ALU] |379| 
    2952 0000000f 6013          B         ||$C$L14||,NEQ        ; [CPU_ALU] |379| 
    2953                      ; branchcc occurs ; [] |379| 
    2954 00000010 06A6          MOVL      ACC,XAR6              ; [CPU_ALU] |379| 
    2955 00000011 A3A7          MOVL      P,XAR7                ; [CPU_ALU] |379| 
    2956 00000012 BE00          MOVB      XAR6,#0               ; [CPU_ALU] |379| 
    2957 00000013 18A9          AND       AL,#65535             ; [CPU_ALU] |379| 
         00000014 FFFF 
    2958 00000015 910F          ANDB      AH,#15                ; [CPU_ALU] |379| 
    2959 00000016 18AB          AND       PL,#65535             ; [CPU_ALU] |379| 
         00000017 FFFF 
    2960 00000018 18AA          AND       PH,#65535             ; [CPU_ALU] |379| 
         00000019 FFFF 
    2961 0000001a C244          MOVL      *-SP[4],XAR6          ; [CPU_FPU] |379| 
    2962 0000001b 2B42          MOV       *-SP[2],#0            ; [CPU_FPU] |379| 
    2963 0000001c 2B41          MOV       *-SP[1],#0            ; [CPU_FPU] |379| 
    2964              $C$DW$145       .dwtag  DW_TAG_TI_branch
    2965                      .dwattr $C$DW$145, DW_AT_low_pc(0x00)
    2966                      .dwattr $C$DW$145, DW_AT_name("__c28xabi_cmpull")
    2967                      .dwattr $C$DW$145, DW_AT_TI_call
    2968              
    2969 0000001d 7640!         LCR       #||__c28xabi_cmpull|| ; [CPU_ALU] |379| 
         0000001e 0000 
    2970                      ; call occurs [#||__c28xabi_cmpull||] ; [] |379| 
    2971 0000001f 5200          CMPB      AL,#0                 ; [CPU_ALU] |379| 
    2972 00000020 56B1          MOVB      XAR4,#1,EQ            ; [CPU_ALU] |379| 
         00000021 01A4 
    2973 00000022       ||$C$L14||:    
    2974 00000022 FE84          SUBB      SP,#4                 ; [CPU_ARAU] 
    2975                      .dwcfi  cfa_offset, -2
    2976 00000023 92A4          MOV       AL,AR4                ; [CPU_ALU] |379| 
    2977              $C$DW$146       .dwtag  DW_TAG_TI_branch
    2978                      .dwattr $C$DW$146, DW_AT_low_pc(0x00)
TMS320C2000 Assembler PC v22.6.2 Thu Feb  5 15:43:43 2026

Copyright (c) 1996-2018 Texas Instruments Incorporated
dual_axis_servo_drive_user_cpu.asm                                   PAGE   64

    2979                      .dwattr $C$DW$146, DW_AT_TI_return
    2980              
    2981 00000024 0006          LRETR     ; [CPU_ALU] 
    2982                      ; return occurs ; [] 
    2983                      .dwattr $C$DW$142, DW_AT_TI_end_file("C:/ti/ccs2031/ccs/tools/compiler/ti-cgt-c2000_22.6.2.LTS/includ
    2984                      .dwattr $C$DW$142, DW_AT_TI_end_line(0x17b)
    2985                      .dwattr $C$DW$142, DW_AT_TI_end_column(0x4c)
    2986                      .dwendentry
    2987                      .dwendtag $C$DW$142
    2988              
    2989 00000000               .sect   ".text:__isinff"
    2990                      .clink
    2991                      .global ||__isinff||
    2992              
    2993              $C$DW$147       .dwtag  DW_TAG_subprogram
    2994                      .dwattr $C$DW$147, DW_AT_name("__isinff")
    2995                      .dwattr $C$DW$147, DW_AT_low_pc(||__isinff||)
    2996                      .dwattr $C$DW$147, DW_AT_high_pc(0x00)
    2997                      .dwattr $C$DW$147, DW_AT_linkage_name("__isinff")
    2998                      .dwattr $C$DW$147, DW_AT_external
    2999                      .dwattr $C$DW$147, DW_AT_type(*$C$DW$T$10)
    3000                      .dwattr $C$DW$147, DW_AT_decl_file("C:/ti/ccs2031/ccs/tools/compiler/ti-cgt-c2000_22.6.2.LTS/include/
    3001                      .dwattr $C$DW$147, DW_AT_decl_line(0x176)
    3002                      .dwattr $C$DW$147, DW_AT_decl_column(0x18)
    3003                      .dwattr $C$DW$147, DW_AT_TI_max_frame_size(-2)
    3004                      .dwpsn  file "C:/ti/ccs2031/ccs/tools/compiler/ti-cgt-c2000_22.6.2.LTS/include/_defs.h",line 375,colu
    3005              
    3006                      .dwfde $C$DW$CIE, ||__isinff||
    3007              $C$DW$148       .dwtag  DW_TAG_formal_parameter
    3008                      .dwattr $C$DW$148, DW_AT_name("f")
    3009                      .dwattr $C$DW$148, DW_AT_type(*$C$DW$T$16)
    3010                      .dwattr $C$DW$148, DW_AT_location[DW_OP_regx 0x2b]
    3011              
    3012              
    3013              ;***************************************************************
    3014              ;* FNAME: __isinff                      FR SIZE:   0           *
    3015              ;*                                                             *
    3016              ;* FUNCTION ENVIRONMENT                                        *
    3017              ;*                                                             *
    3018              ;* FUNCTION PROPERTIES                                         *
    3019              ;*                            0 Parameter,  0 Auto,  0 SOE     *
    3020              ;***************************************************************
    3021              
    3022              ||__isinff||:
    3023              ;* PL    assigned to $O$K3
    3024              ;* AR6   assigned to $O$S1
    3025              ;* R0    assigned to f
    3026              $C$DW$149       .dwtag  DW_TAG_variable
    3027                      .dwattr $C$DW$149, DW_AT_name("f")
    3028                      .dwattr $C$DW$149, DW_AT_type(*$C$DW$T$170)
    3029                      .dwattr $C$DW$149, DW_AT_location[DW_OP_regx 0x2b]
    3030              
    3031                      .dwcfi  cfa_offset, -2
    3032                      .dwcfi  save_reg_to_mem, 26, 0
    3033                      .dwpsn  file "C:/ti/ccs2031/ccs/tools/compiler/ti-cgt-c2000_22.6.2.LTS/include/_defs.h",line 375,colu
TMS320C2000 Assembler PC v22.6.2 Thu Feb  5 15:43:43 2026

Copyright (c) 1996-2018 Texas Instruments Incorporated
dual_axis_servo_drive_user_cpu.asm                                   PAGE   65

    3034 00000000 BFAB          MOV32     P,R0H                 ; [CPU_FPU] |375| 
         00000001 0F12 
    3035 00000002 CCAA          AND       AL,PH,#0x7f80         ; [CPU_ALU] |375| 
         00000003 7F80 
    3036 00000004 80A9          MOVZ      AR7,AL                ; [CPU_ALU] |375| 
    3037 00000005 BE00          MOVB      XAR6,#0               ; [CPU_ALU] |375| 
    3038 00000006 FF20          MOV       ACC,#32640            ; [CPU_ALU] |375| 
         00000007 7F80 
    3039 00000008 0FA7          CMPL      ACC,XAR7              ; [CPU_ALU] |375| 
    3040 00000009 6006          B         ||$C$L15||,NEQ        ; [CPU_ALU] |375| 
    3041                      ; branchcc occurs ; [] |375| 
    3042 0000000a A9A9          MOVL      ACC,P                 ; [CPU_ALU] |375| 
    3043 0000000b 917F          ANDB      AH,#127               ; [CPU_ALU] |375| 
    3044 0000000c FF58          TEST      ACC                   ; [CPU_ALU] |375| 
    3045 0000000d 56B1          MOVB      XAR6,#1,EQ            ; [CPU_ALU] |375| 
         0000000e 01A6 
    3046 0000000f       ||$C$L15||:    
    3047 0000000f 92A6          MOV       AL,AR6                ; [CPU_ALU] |375| 
    3048              $C$DW$150       .dwtag  DW_TAG_TI_branch
    3049                      .dwattr $C$DW$150, DW_AT_low_pc(0x00)
    3050                      .dwattr $C$DW$150, DW_AT_TI_return
    3051              
    3052 00000010 0006          LRETR     ; [CPU_ALU] 
    3053                      ; return occurs ; [] 
    3054                      .dwattr $C$DW$147, DW_AT_TI_end_file("C:/ti/ccs2031/ccs/tools/compiler/ti-cgt-c2000_22.6.2.LTS/includ
    3055                      .dwattr $C$DW$147, DW_AT_TI_end_line(0x177)
    3056                      .dwattr $C$DW$147, DW_AT_TI_end_column(0x48)
    3057                      .dwendentry
    3058                      .dwendtag $C$DW$147
    3059              
    3060 00000000               .sect   ".text:__isinf"
    3061                      .clink
    3062                      .global ||__isinf||
    3063              
    3064              $C$DW$151       .dwtag  DW_TAG_subprogram
    3065                      .dwattr $C$DW$151, DW_AT_name("__isinf")
    3066                      .dwattr $C$DW$151, DW_AT_low_pc(||__isinf||)
    3067                      .dwattr $C$DW$151, DW_AT_high_pc(0x00)
    3068                      .dwattr $C$DW$151, DW_AT_linkage_name("__isinf")
    3069                      .dwattr $C$DW$151, DW_AT_external
    3070                      .dwattr $C$DW$151, DW_AT_type(*$C$DW$T$10)
    3071                      .dwattr $C$DW$151, DW_AT_decl_file("C:/ti/ccs2031/ccs/tools/compiler/ti-cgt-c2000_22.6.2.LTS/include/
    3072                      .dwattr $C$DW$151, DW_AT_decl_line(0x178)
    3073                      .dwattr $C$DW$151, DW_AT_decl_column(0x18)
    3074                      .dwattr $C$DW$151, DW_AT_TI_max_frame_size(-6)
    3075                      .dwpsn  file "C:/ti/ccs2031/ccs/tools/compiler/ti-cgt-c2000_22.6.2.LTS/include/_defs.h",line 377,colu
    3076              
    3077                      .dwfde $C$DW$CIE, ||__isinf||
    3078              $C$DW$152       .dwtag  DW_TAG_formal_parameter
    3079                      .dwattr $C$DW$152, DW_AT_name("d")
    3080                      .dwattr $C$DW$152, DW_AT_type(*$C$DW$T$172)
    3081                      .dwattr $C$DW$152, DW_AT_location[DW_OP_reg12]
    3082              
    3083              
    3084              ;***************************************************************
TMS320C2000 Assembler PC v22.6.2 Thu Feb  5 15:43:43 2026

Copyright (c) 1996-2018 Texas Instruments Incorporated
dual_axis_servo_drive_user_cpu.asm                                   PAGE   66

    3085              ;* FNAME: __isinf                       FR SIZE:   4           *
    3086              ;*                                                             *
    3087              ;* FUNCTION ENVIRONMENT                                        *
    3088              ;*                                                             *
    3089              ;* FUNCTION PROPERTIES                                         *
    3090              ;*                            4 Parameter,  0 Auto,  0 SOE     *
    3091              ;***************************************************************
    3092              
    3093              ||__isinf||:
    3094              ;* AR7   assigned to $O$C2
    3095              ;* AR4   assigned to $O$S1
    3096              ;* AR4   assigned to d
    3097              $C$DW$153       .dwtag  DW_TAG_variable
    3098                      .dwattr $C$DW$153, DW_AT_name("d")
    3099                      .dwattr $C$DW$153, DW_AT_type(*$C$DW$T$173)
    3100                      .dwattr $C$DW$153, DW_AT_location[DW_OP_reg12]
    3101              
    3102                      .dwcfi  cfa_offset, -2
    3103                      .dwcfi  save_reg_to_mem, 26, 0
    3104 00000000 FE04          ADDB      SP,#4                 ; [CPU_ARAU] 
    3105                      .dwcfi  cfa_offset, -6
    3106                      .dwpsn  file "C:/ti/ccs2031/ccs/tools/compiler/ti-cgt-c2000_22.6.2.LTS/include/_defs.h",line 377,colu
    3107 00000001 C5C4          MOVL      XAR7,*+XAR4[0]        ; [CPU_ALU] |377| 
    3108 00000002 06D4          MOVL      ACC,*+XAR4[2]         ; [CPU_ALU] |377| 
    3109 00000003 28AC          MOV       T,#48                 ; [CPU_ALU] |377| 
         00000004 0030 
    3110 00000005 1EA6          MOVL      XAR6,ACC              ; [CPU_ALU] |377| 
    3111 00000006 A3A7          MOVL      P,XAR7                ; [CPU_ALU] |377| 
    3112 00000007 D400          MOVB      XAR4,#0               ; [CPU_ALU] |377| 
    3113 00000008 565B          LSR64     ACC:P,T               ; [CPU_ALU] |377| 
    3114 00000009 2BAA          MOV       PH,#0                 ; [CPU_ALU] |377| 
    3115 0000000a 18AB          AND       PL,#0x7ff0            ; [CPU_ALU] |377| 
         0000000b 7FF0 
    3116 0000000c FF20          MOV       ACC,#32752            ; [CPU_ALU] |377| 
         0000000d 7FF0 
    3117 0000000e 0FAB          CMPL      ACC,P                 ; [CPU_ALU] |377| 
    3118 0000000f 6013          B         ||$C$L16||,NEQ        ; [CPU_ALU] |377| 
    3119                      ; branchcc occurs ; [] |377| 
    3120 00000010 06A6          MOVL      ACC,XAR6              ; [CPU_ALU] |377| 
    3121 00000011 A3A7          MOVL      P,XAR7                ; [CPU_ALU] |377| 
    3122 00000012 BE00          MOVB      XAR6,#0               ; [CPU_ALU] |377| 
    3123 00000013 18A9          AND       AL,#65535             ; [CPU_ALU] |377| 
         00000014 FFFF 
    3124 00000015 910F          ANDB      AH,#15                ; [CPU_ALU] |377| 
    3125 00000016 18AB          AND       PL,#65535             ; [CPU_ALU] |377| 
         00000017 FFFF 
    3126 00000018 18AA          AND       PH,#65535             ; [CPU_ALU] |377| 
         00000019 FFFF 
    3127 0000001a C244          MOVL      *-SP[4],XAR6          ; [CPU_FPU] |377| 
    3128 0000001b 2B42          MOV       *-SP[2],#0            ; [CPU_FPU] |377| 
    3129 0000001c 2B41          MOV       *-SP[1],#0            ; [CPU_FPU] |377| 
    3130              $C$DW$154       .dwtag  DW_TAG_TI_branch
    3131                      .dwattr $C$DW$154, DW_AT_low_pc(0x00)
    3132                      .dwattr $C$DW$154, DW_AT_name("__c28xabi_cmpull")
    3133                      .dwattr $C$DW$154, DW_AT_TI_call
TMS320C2000 Assembler PC v22.6.2 Thu Feb  5 15:43:43 2026

Copyright (c) 1996-2018 Texas Instruments Incorporated
dual_axis_servo_drive_user_cpu.asm                                   PAGE   67

    3134              
    3135 0000001d 7640!         LCR       #||__c28xabi_cmpull|| ; [CPU_ALU] |377| 
         0000001e 0000 
    3136                      ; call occurs [#||__c28xabi_cmpull||] ; [] |377| 
    3137 0000001f 5200          CMPB      AL,#0                 ; [CPU_ALU] |377| 
    3138 00000020 56B1          MOVB      XAR4,#1,EQ            ; [CPU_ALU] |377| 
         00000021 01A4 
    3139 00000022       ||$C$L16||:    
    3140 00000022 FE84          SUBB      SP,#4                 ; [CPU_ARAU] 
    3141                      .dwcfi  cfa_offset, -2
    3142 00000023 92A4          MOV       AL,AR4                ; [CPU_ALU] |377| 
    3143              $C$DW$155       .dwtag  DW_TAG_TI_branch
    3144                      .dwattr $C$DW$155, DW_AT_low_pc(0x00)
    3145                      .dwattr $C$DW$155, DW_AT_TI_return
    3146              
    3147 00000024 0006          LRETR     ; [CPU_ALU] 
    3148                      ; return occurs ; [] 
    3149                      .dwattr $C$DW$151, DW_AT_TI_end_file("C:/ti/ccs2031/ccs/tools/compiler/ti-cgt-c2000_22.6.2.LTS/includ
    3150                      .dwattr $C$DW$151, DW_AT_TI_end_line(0x179)
    3151                      .dwattr $C$DW$151, DW_AT_TI_end_column(0x4a)
    3152                      .dwendentry
    3153                      .dwendtag $C$DW$151
    3154              
    3155 00000000               .sect   ".text:__isfinitel"
    3156                      .clink
    3157                      .global ||__isfinitel||
    3158              
    3159              $C$DW$156       .dwtag  DW_TAG_subprogram
    3160                      .dwattr $C$DW$156, DW_AT_name("__isfinitel")
    3161                      .dwattr $C$DW$156, DW_AT_low_pc(||__isfinitel||)
    3162                      .dwattr $C$DW$156, DW_AT_high_pc(0x00)
    3163                      .dwattr $C$DW$156, DW_AT_linkage_name("__isfinitel")
    3164                      .dwattr $C$DW$156, DW_AT_external
    3165                      .dwattr $C$DW$156, DW_AT_type(*$C$DW$T$10)
    3166                      .dwattr $C$DW$156, DW_AT_decl_file("C:/ti/ccs2031/ccs/tools/compiler/ti-cgt-c2000_22.6.2.LTS/include/
    3167                      .dwattr $C$DW$156, DW_AT_decl_line(0x152)
    3168                      .dwattr $C$DW$156, DW_AT_decl_column(0x18)
    3169                      .dwattr $C$DW$156, DW_AT_TI_max_frame_size(-2)
    3170                      .dwpsn  file "C:/ti/ccs2031/ccs/tools/compiler/ti-cgt-c2000_22.6.2.LTS/include/_defs.h",line 339,colu
    3171              
    3172                      .dwfde $C$DW$CIE, ||__isfinitel||
    3173              $C$DW$157       .dwtag  DW_TAG_formal_parameter
    3174                      .dwattr $C$DW$157, DW_AT_name("e")
    3175                      .dwattr $C$DW$157, DW_AT_type(*$C$DW$T$175)
    3176                      .dwattr $C$DW$157, DW_AT_location[DW_OP_reg12]
    3177              
    3178              
    3179              ;***************************************************************
    3180              ;* FNAME: __isfinitel                   FR SIZE:   0           *
    3181              ;*                                                             *
    3182              ;* FUNCTION ENVIRONMENT                                        *
    3183              ;*                                                             *
    3184              ;* FUNCTION PROPERTIES                                         *
    3185              ;*                            0 Parameter,  0 Auto,  0 SOE     *
    3186              ;***************************************************************
TMS320C2000 Assembler PC v22.6.2 Thu Feb  5 15:43:43 2026

Copyright (c) 1996-2018 Texas Instruments Incorporated
dual_axis_servo_drive_user_cpu.asm                                   PAGE   68

    3187              
    3188              ||__isfinitel||:
    3189              ;* AR4   assigned to e
    3190              $C$DW$158       .dwtag  DW_TAG_variable
    3191                      .dwattr $C$DW$158, DW_AT_name("e")
    3192                      .dwattr $C$DW$158, DW_AT_type(*$C$DW$T$176)
    3193                      .dwattr $C$DW$158, DW_AT_location[DW_OP_reg12]
    3194              
    3195                      .dwcfi  cfa_offset, -2
    3196                      .dwcfi  save_reg_to_mem, 26, 0
    3197                      .dwpsn  file "C:/ti/ccs2031/ccs/tools/compiler/ti-cgt-c2000_22.6.2.LTS/include/_defs.h",line 339,colu
    3198 00000000 A3C4          MOVL      P,*+XAR4[0]           ; [CPU_ALU] |339| 
    3199 00000001 06D4          MOVL      ACC,*+XAR4[2]         ; [CPU_ALU] |339| 
    3200 00000002 28AC          MOV       T,#48                 ; [CPU_ALU] |339| 
         00000003 0030 
    3201 00000004 565B          LSR64     ACC:P,T               ; [CPU_ALU] |339| 
    3202 00000005 18AB          AND       PL,#0x7ff0            ; [CPU_ALU] |339| 
         00000006 7FF0 
    3203 00000007 80AB          MOVZ      AR7,PL                ; [CPU_ALU] |339| 
    3204 00000008 FF20          MOV       ACC,#32752            ; [CPU_ALU] |339| 
         00000009 7FF0 
    3205 0000000a BE00          MOVB      XAR6,#0               ; [CPU_ALU] |339| 
    3206 0000000b 0FA7          CMPL      ACC,XAR7              ; [CPU_ALU] |339| 
    3207 0000000c 56B0          MOVB      XAR6,#1,NEQ           ; [CPU_ALU] |339| 
         0000000d 01A6 
    3208 0000000e 92A6          MOV       AL,AR6                ; [CPU_ALU] |339| 
    3209              $C$DW$159       .dwtag  DW_TAG_TI_branch
    3210                      .dwattr $C$DW$159, DW_AT_low_pc(0x00)
    3211                      .dwattr $C$DW$159, DW_AT_TI_return
    3212              
    3213 0000000f 0006          LRETR     ; [CPU_ALU] 
    3214                      ; return occurs ; [] 
    3215                      .dwattr $C$DW$156, DW_AT_TI_end_file("C:/ti/ccs2031/ccs/tools/compiler/ti-cgt-c2000_22.6.2.LTS/includ
    3216                      .dwattr $C$DW$156, DW_AT_TI_end_line(0x153)
    3217                      .dwattr $C$DW$156, DW_AT_TI_end_column(0x2f)
    3218                      .dwendentry
    3219                      .dwendtag $C$DW$156
    3220              
    3221 00000000               .sect   ".text:__isfinitef"
    3222                      .clink
    3223                      .global ||__isfinitef||
    3224              
    3225              $C$DW$160       .dwtag  DW_TAG_subprogram
    3226                      .dwattr $C$DW$160, DW_AT_name("__isfinitef")
    3227                      .dwattr $C$DW$160, DW_AT_low_pc(||__isfinitef||)
    3228                      .dwattr $C$DW$160, DW_AT_high_pc(0x00)
    3229                      .dwattr $C$DW$160, DW_AT_linkage_name("__isfinitef")
    3230                      .dwattr $C$DW$160, DW_AT_external
    3231                      .dwattr $C$DW$160, DW_AT_type(*$C$DW$T$10)
    3232                      .dwattr $C$DW$160, DW_AT_decl_file("C:/ti/ccs2031/ccs/tools/compiler/ti-cgt-c2000_22.6.2.LTS/include/
    3233                      .dwattr $C$DW$160, DW_AT_decl_line(0x150)
    3234                      .dwattr $C$DW$160, DW_AT_decl_column(0x18)
    3235                      .dwattr $C$DW$160, DW_AT_TI_max_frame_size(-2)
    3236                      .dwpsn  file "C:/ti/ccs2031/ccs/tools/compiler/ti-cgt-c2000_22.6.2.LTS/include/_defs.h",line 337,colu
    3237              
TMS320C2000 Assembler PC v22.6.2 Thu Feb  5 15:43:43 2026

Copyright (c) 1996-2018 Texas Instruments Incorporated
dual_axis_servo_drive_user_cpu.asm                                   PAGE   69

    3238                      .dwfde $C$DW$CIE, ||__isfinitef||
    3239              $C$DW$161       .dwtag  DW_TAG_formal_parameter
    3240                      .dwattr $C$DW$161, DW_AT_name("f")
    3241                      .dwattr $C$DW$161, DW_AT_type(*$C$DW$T$16)
    3242                      .dwattr $C$DW$161, DW_AT_location[DW_OP_regx 0x2b]
    3243              
    3244              
    3245              ;***************************************************************
    3246              ;* FNAME: __isfinitef                   FR SIZE:   0           *
    3247              ;*                                                             *
    3248              ;* FUNCTION ENVIRONMENT                                        *
    3249              ;*                                                             *
    3250              ;* FUNCTION PROPERTIES                                         *
    3251              ;*                            0 Parameter,  0 Auto,  0 SOE     *
    3252              ;***************************************************************
    3253              
    3254              ||__isfinitef||:
    3255              ;* R0    assigned to f
    3256              $C$DW$162       .dwtag  DW_TAG_variable
    3257                      .dwattr $C$DW$162, DW_AT_name("f")
    3258                      .dwattr $C$DW$162, DW_AT_type(*$C$DW$T$170)
    3259                      .dwattr $C$DW$162, DW_AT_location[DW_OP_regx 0x2b]
    3260              
    3261                      .dwcfi  cfa_offset, -2
    3262                      .dwcfi  save_reg_to_mem, 26, 0
    3263                      .dwpsn  file "C:/ti/ccs2031/ccs/tools/compiler/ti-cgt-c2000_22.6.2.LTS/include/_defs.h",line 337,colu
    3264 00000000 BFAB          MOV32     P,R0H                 ; [CPU_FPU] |337| 
         00000001 0F12 
    3265 00000002 18AA          AND       PH,#0x7f80            ; [CPU_ALU] |337| 
         00000003 7F80 
    3266 00000004 80AA          MOVZ      AR7,PH                ; [CPU_ALU] |337| 
    3267 00000005 FF20          MOV       ACC,#32640            ; [CPU_ALU] |337| 
         00000006 7F80 
    3268 00000007 BE00          MOVB      XAR6,#0               ; [CPU_ALU] |337| 
    3269 00000008 0FA7          CMPL      ACC,XAR7              ; [CPU_ALU] |337| 
    3270 00000009 56B0          MOVB      XAR6,#1,NEQ           ; [CPU_ALU] |337| 
         0000000a 01A6 
    3271 0000000b 92A6          MOV       AL,AR6                ; [CPU_ALU] |337| 
    3272              $C$DW$163       .dwtag  DW_TAG_TI_branch
    3273                      .dwattr $C$DW$163, DW_AT_low_pc(0x00)
    3274                      .dwattr $C$DW$163, DW_AT_TI_return
    3275              
    3276 0000000c 0006          LRETR     ; [CPU_ALU] 
    3277                      ; return occurs ; [] 
    3278                      .dwattr $C$DW$160, DW_AT_TI_end_file("C:/ti/ccs2031/ccs/tools/compiler/ti-cgt-c2000_22.6.2.LTS/includ
    3279                      .dwattr $C$DW$160, DW_AT_TI_end_line(0x151)
    3280                      .dwattr $C$DW$160, DW_AT_TI_end_column(0x2d)
    3281                      .dwendentry
    3282                      .dwendtag $C$DW$160
    3283              
    3284 00000000               .sect   ".text:__isfinite"
    3285                      .clink
    3286                      .global ||__isfinite||
    3287              
    3288              $C$DW$164       .dwtag  DW_TAG_subprogram
TMS320C2000 Assembler PC v22.6.2 Thu Feb  5 15:43:43 2026

Copyright (c) 1996-2018 Texas Instruments Incorporated
dual_axis_servo_drive_user_cpu.asm                                   PAGE   70

    3289                      .dwattr $C$DW$164, DW_AT_name("__isfinite")
    3290                      .dwattr $C$DW$164, DW_AT_low_pc(||__isfinite||)
    3291                      .dwattr $C$DW$164, DW_AT_high_pc(0x00)
    3292                      .dwattr $C$DW$164, DW_AT_linkage_name("__isfinite")
    3293                      .dwattr $C$DW$164, DW_AT_external
    3294                      .dwattr $C$DW$164, DW_AT_type(*$C$DW$T$10)
    3295                      .dwattr $C$DW$164, DW_AT_decl_file("C:/ti/ccs2031/ccs/tools/compiler/ti-cgt-c2000_22.6.2.LTS/include/
    3296                      .dwattr $C$DW$164, DW_AT_decl_line(0x14e)
    3297                      .dwattr $C$DW$164, DW_AT_decl_column(0x18)
    3298                      .dwattr $C$DW$164, DW_AT_TI_max_frame_size(-2)
    3299                      .dwpsn  file "C:/ti/ccs2031/ccs/tools/compiler/ti-cgt-c2000_22.6.2.LTS/include/_defs.h",line 335,colu
    3300              
    3301                      .dwfde $C$DW$CIE, ||__isfinite||
    3302              $C$DW$165       .dwtag  DW_TAG_formal_parameter
    3303                      .dwattr $C$DW$165, DW_AT_name("d")
    3304                      .dwattr $C$DW$165, DW_AT_type(*$C$DW$T$172)
    3305                      .dwattr $C$DW$165, DW_AT_location[DW_OP_reg12]
    3306              
    3307              
    3308              ;***************************************************************
    3309              ;* FNAME: __isfinite                    FR SIZE:   0           *
    3310              ;*                                                             *
    3311              ;* FUNCTION ENVIRONMENT                                        *
    3312              ;*                                                             *
    3313              ;* FUNCTION PROPERTIES                                         *
    3314              ;*                            0 Parameter,  0 Auto,  0 SOE     *
    3315              ;***************************************************************
    3316              
    3317              ||__isfinite||:
    3318              ;* AR4   assigned to d
    3319              $C$DW$166       .dwtag  DW_TAG_variable
    3320                      .dwattr $C$DW$166, DW_AT_name("d")
    3321                      .dwattr $C$DW$166, DW_AT_type(*$C$DW$T$173)
    3322                      .dwattr $C$DW$166, DW_AT_location[DW_OP_reg12]
    3323              
    3324                      .dwcfi  cfa_offset, -2
    3325                      .dwcfi  save_reg_to_mem, 26, 0
    3326                      .dwpsn  file "C:/ti/ccs2031/ccs/tools/compiler/ti-cgt-c2000_22.6.2.LTS/include/_defs.h",line 335,colu
    3327 00000000 A3C4          MOVL      P,*+XAR4[0]           ; [CPU_ALU] |335| 
    3328 00000001 06D4          MOVL      ACC,*+XAR4[2]         ; [CPU_ALU] |335| 
    3329 00000002 28AC          MOV       T,#48                 ; [CPU_ALU] |335| 
         00000003 0030 
    3330 00000004 565B          LSR64     ACC:P,T               ; [CPU_ALU] |335| 
    3331 00000005 18AB          AND       PL,#0x7ff0            ; [CPU_ALU] |335| 
         00000006 7FF0 
    3332 00000007 80AB          MOVZ      AR7,PL                ; [CPU_ALU] |335| 
    3333 00000008 FF20          MOV       ACC,#32752            ; [CPU_ALU] |335| 
         00000009 7FF0 
    3334 0000000a BE00          MOVB      XAR6,#0               ; [CPU_ALU] |335| 
    3335 0000000b 0FA7          CMPL      ACC,XAR7              ; [CPU_ALU] |335| 
    3336 0000000c 56B0          MOVB      XAR6,#1,NEQ           ; [CPU_ALU] |335| 
         0000000d 01A6 
    3337 0000000e 92A6          MOV       AL,AR6                ; [CPU_ALU] |335| 
    3338              $C$DW$167       .dwtag  DW_TAG_TI_branch
    3339                      .dwattr $C$DW$167, DW_AT_low_pc(0x00)
TMS320C2000 Assembler PC v22.6.2 Thu Feb  5 15:43:43 2026

Copyright (c) 1996-2018 Texas Instruments Incorporated
dual_axis_servo_drive_user_cpu.asm                                   PAGE   71

    3340                      .dwattr $C$DW$167, DW_AT_TI_return
    3341              
    3342 0000000f 0006          LRETR     ; [CPU_ALU] 
    3343                      ; return occurs ; [] 
    3344                      .dwattr $C$DW$164, DW_AT_TI_end_file("C:/ti/ccs2031/ccs/tools/compiler/ti-cgt-c2000_22.6.2.LTS/includ
    3345                      .dwattr $C$DW$164, DW_AT_TI_end_line(0x14f)
    3346                      .dwattr $C$DW$164, DW_AT_TI_end_column(0x2e)
    3347                      .dwendentry
    3348                      .dwendtag $C$DW$164
    3349              
    3350 00000000               .sect   ".text:__fpclassifyl"
    3351                      .clink
    3352                      .global ||__fpclassifyl||
    3353              
    3354              $C$DW$168       .dwtag  DW_TAG_subprogram
    3355                      .dwattr $C$DW$168, DW_AT_name("__fpclassifyl")
    3356                      .dwattr $C$DW$168, DW_AT_low_pc(||__fpclassifyl||)
    3357                      .dwattr $C$DW$168, DW_AT_high_pc(0x00)
    3358                      .dwattr $C$DW$168, DW_AT_linkage_name("__fpclassifyl")
    3359                      .dwattr $C$DW$168, DW_AT_external
    3360                      .dwattr $C$DW$168, DW_AT_type(*$C$DW$T$10)
    3361                      .dwattr $C$DW$168, DW_AT_decl_file("C:/ti/ccs2031/ccs/tools/compiler/ti-cgt-c2000_22.6.2.LTS/include/
    3362                      .dwattr $C$DW$168, DW_AT_decl_line(0x1ae)
    3363                      .dwattr $C$DW$168, DW_AT_decl_column(0x18)
    3364                      .dwattr $C$DW$168, DW_AT_TI_max_frame_size(-10)
    3365                      .dwpsn  file "C:/ti/ccs2031/ccs/tools/compiler/ti-cgt-c2000_22.6.2.LTS/include/_defs.h",line 431,colu
    3366              
    3367                      .dwfde $C$DW$CIE, ||__fpclassifyl||
    3368              $C$DW$169       .dwtag  DW_TAG_formal_parameter
    3369                      .dwattr $C$DW$169, DW_AT_name("e")
    3370                      .dwattr $C$DW$169, DW_AT_type(*$C$DW$T$175)
    3371                      .dwattr $C$DW$169, DW_AT_location[DW_OP_reg12]
    3372              
    3373              
    3374              ;***************************************************************
    3375              ;* FNAME: __fpclassifyl                 FR SIZE:   8           *
    3376              ;*                                                             *
    3377              ;* FUNCTION ENVIRONMENT                                        *
    3378              ;*                                                             *
    3379              ;* FUNCTION PROPERTIES                                         *
    3380              ;*                            4 Parameter,  4 Auto,  0 SOE     *
    3381              ;***************************************************************
    3382              
    3383              ||__fpclassifyl||:
    3384              $C$DW$170       .dwtag  DW_TAG_variable
    3385                      .dwattr $C$DW$170, DW_AT_name("e")
    3386                      .dwattr $C$DW$170, DW_AT_type(*$C$DW$T$18)
    3387                      .dwattr $C$DW$170, DW_AT_location[DW_OP_breg20 -8]
    3388              
    3389              ;* AR5   assigned to $O$C1
    3390              ;* AR4   assigned to e
    3391              $C$DW$171       .dwtag  DW_TAG_variable
    3392                      .dwattr $C$DW$171, DW_AT_name("e")
    3393                      .dwattr $C$DW$171, DW_AT_type(*$C$DW$T$176)
    3394                      .dwattr $C$DW$171, DW_AT_location[DW_OP_reg12]
TMS320C2000 Assembler PC v22.6.2 Thu Feb  5 15:43:43 2026

Copyright (c) 1996-2018 Texas Instruments Incorporated
dual_axis_servo_drive_user_cpu.asm                                   PAGE   72

    3395              
    3396                      .dwcfi  cfa_offset, -2
    3397                      .dwcfi  save_reg_to_mem, 26, 0
    3398 00000000 FE08          ADDB      SP,#8                 ; [CPU_ARAU] 
    3399                      .dwcfi  cfa_offset, -10
    3400 00000001 C4D4          MOVL      XAR6,*+XAR4[2]        ; [CPU_ALU] |431| 
    3401 00000002 06C4          MOVL      ACC,*+XAR4[0]         ; [CPU_ALU] |431| 
    3402 00000003 1E48          MOVL      *-SP[8],ACC           ; [CPU_ALU] |431| 
    3403 00000004 C246          MOVL      *-SP[6],XAR6          ; [CPU_ALU] |431| 
    3404                      .dwpsn  file "C:/ti/ccs2031/ccs/tools/compiler/ti-cgt-c2000_22.6.2.LTS/include/_defs.h",line 432,colu
    3405 00000005 8348          MOVL      XAR5,*-SP[8]          ; [CPU_ALU] |432| 
    3406 00000006 8A46          MOVL      XAR4,*-SP[6]          ; [CPU_ALU] |432| 
    3407                      .dwpsn  file "C:/ti/ccs2031/ccs/tools/compiler/ti-cgt-c2000_22.6.2.LTS/include/_defs.h",line 436,colu
    3408 00000007 28AC          MOV       T,#48                 ; [CPU_ALU] |436| 
         00000008 0030 
    3409 00000009 A0AB          MOVL      P,XAR5                ; [CPU_ALU] |436| 
    3410 0000000a A8A9          MOVL      ACC,XAR4              ; [CPU_ALU] |436| 
    3411 0000000b 565B          LSR64     ACC:P,T               ; [CPU_ALU] |436| 
    3412 0000000c 18AB          AND       PL,#0x7ff0            ; [CPU_ALU] |436| 
         0000000d 7FF0 
    3413 0000000e 88AB          MOVZ      AR6,PL                ; [CPU_ALU] |436| 
    3414 0000000f FF20          MOV       ACC,#32752            ; [CPU_ALU] |436| 
         00000010 7FF0 
    3415 00000011 0FA6          CMPL      ACC,XAR6              ; [CPU_ALU] |436| 
    3416 00000012 6016          B         ||$C$L18||,NEQ        ; [CPU_ALU] |436| 
    3417                      ; branchcc occurs ; [] |436| 
    3418 00000013 0200          MOVB      ACC,#0                ; [CPU_ALU] |436| 
    3419 00000014 1E44          MOVL      *-SP[4],ACC           ; [CPU_ALU] |436| 
    3420 00000015 2B42          MOV       *-SP[2],#0            ; [CPU_ALU] |436| 
    3421 00000016 2B41          MOV       *-SP[1],#0            ; [CPU_ALU] |436| 
    3422 00000017 A348          MOVL      P,*-SP[8]             ; [CPU_ALU] |436| 
    3423 00000018 0646          MOVL      ACC,*-SP[6]           ; [CPU_ALU] |436| 
    3424 00000019 18AB          AND       PL,#65535             ; [CPU_ALU] |436| 
         0000001a FFFF 
    3425 0000001b 18AA          AND       PH,#65535             ; [CPU_ALU] |436| 
         0000001c FFFF 
    3426 0000001d 18A9          AND       AL,#65535             ; [CPU_ALU] |436| 
         0000001e FFFF 
    3427 0000001f 910F          ANDB      AH,#15                ; [CPU_ALU] |436| 
    3428              $C$DW$172       .dwtag  DW_TAG_TI_branch
    3429                      .dwattr $C$DW$172, DW_AT_low_pc(0x00)
    3430                      .dwattr $C$DW$172, DW_AT_name("__c28xabi_cmpull")
    3431                      .dwattr $C$DW$172, DW_AT_TI_call
    3432              
    3433 00000020 7640!         LCR       #||__c28xabi_cmpull|| ; [CPU_ALU] |436| 
         00000021 0000 
    3434                      ; call occurs [#||__c28xabi_cmpull||] ; [] |436| 
    3435 00000022 5200          CMPB      AL,#0                 ; [CPU_ALU] |436| 
    3436 00000023 6103          B         ||$C$L17||,EQ         ; [CPU_ALU] |436| 
    3437                      ; branchcc occurs ; [] |436| 
    3438 00000024 9A02          MOVB      AL,#2                 ; [CPU_ALU] |436| 
    3439 00000025 6F2D          B         ||$C$L21||,UNC        ; [CPU_ALU] |436| 
    3440                      ; branch occurs ; [] |436| 
    3441 00000026       ||$C$L17||:    
    3442 00000026 9A01          MOVB      AL,#1                 ; [CPU_ALU] |436| 
TMS320C2000 Assembler PC v22.6.2 Thu Feb  5 15:43:43 2026

Copyright (c) 1996-2018 Texas Instruments Incorporated
dual_axis_servo_drive_user_cpu.asm                                   PAGE   73

    3443 00000027 6F2B          B         ||$C$L21||,UNC        ; [CPU_ALU] |436| 
    3444                      ; branch occurs ; [] |436| 
    3445 00000028       ||$C$L18||:    
    3446 00000028 BE00          MOVB      XAR6,#0               ; [CPU_ALU] |436| 
    3447 00000029 A0AB          MOVL      P,XAR5                ; [CPU_ALU] |436| 
    3448 0000002a A8A9          MOVL      ACC,XAR4              ; [CPU_ALU] |436| 
    3449 0000002b 28AC          MOV       T,#52                 ; [CPU_ALU] |436| 
         0000002c 0034 
    3450 0000002d C244          MOVL      *-SP[4],XAR6          ; [CPU_ALU] |436| 
    3451 0000002e 2B42          MOV       *-SP[2],#0            ; [CPU_ALU] |436| 
    3452 0000002f 565B          LSR64     ACC:P,T               ; [CPU_ALU] |436| 
    3453 00000030 2B41          MOV       *-SP[1],#0            ; [CPU_FPU] |436| 
    3454 00000031 9000          ANDB      AL,#0                 ; [CPU_ALU] |436| 
    3455 00000032 9100          ANDB      AH,#0                 ; [CPU_ALU] |436| 
    3456 00000033 18AB          AND       PL,#2047              ; [CPU_ALU] |436| 
         00000034 07FF 
    3457 00000035 18AA          AND       PH,#0                 ; [CPU_ALU] |436| 
         00000036 0000 
    3458              $C$DW$173       .dwtag  DW_TAG_TI_branch
    3459                      .dwattr $C$DW$173, DW_AT_low_pc(0x00)
    3460                      .dwattr $C$DW$173, DW_AT_name("__c28xabi_cmpull")
    3461                      .dwattr $C$DW$173, DW_AT_TI_call
    3462              
    3463 00000037 7640!         LCR       #||__c28xabi_cmpull|| ; [CPU_ALU] |436| 
         00000038 0000 
    3464                      ; call occurs [#||__c28xabi_cmpull||] ; [] |436| 
    3465 00000039 5200          CMPB      AL,#0                 ; [CPU_ALU] |436| 
    3466 0000003a 6104          B         ||$C$L19||,EQ         ; [CPU_ALU] |436| 
    3467                      ; branchcc occurs ; [] |436| 
    3468 0000003b 28A9          MOV       AL,#-1                ; [CPU_ALU] |436| 
         0000003c FFFF 
    3469 0000003d 6F15          B         ||$C$L21||,UNC        ; [CPU_ALU] |436| 
    3470                      ; branch occurs ; [] |436| 
    3471 0000003e       ||$C$L19||:    
    3472 0000003e C244          MOVL      *-SP[4],XAR6          ; [CPU_ALU] |436| 
    3473 0000003f A8A9          MOVL      ACC,XAR4              ; [CPU_ALU] |436| 
    3474 00000040 A0AB          MOVL      P,XAR5                ; [CPU_ALU] |436| 
    3475 00000041 2B42          MOV       *-SP[2],#0            ; [CPU_ALU] |436| 
    3476 00000042 18A9          AND       AL,#65535             ; [CPU_ALU] |436| 
         00000043 FFFF 
    3477 00000044 910F          ANDB      AH,#15                ; [CPU_ALU] |436| 
    3478 00000045 18AB          AND       PL,#65535             ; [CPU_ALU] |436| 
         00000046 FFFF 
    3479 00000047 18AA          AND       PH,#65535             ; [CPU_ALU] |436| 
         00000048 FFFF 
    3480 00000049 2B41          MOV       *-SP[1],#0            ; [CPU_FPU] |436| 
    3481              $C$DW$174       .dwtag  DW_TAG_TI_branch
    3482                      .dwattr $C$DW$174, DW_AT_low_pc(0x00)
    3483                      .dwattr $C$DW$174, DW_AT_name("__c28xabi_cmpull")
    3484                      .dwattr $C$DW$174, DW_AT_TI_call
    3485              
    3486 0000004a 7640!         LCR       #||__c28xabi_cmpull|| ; [CPU_ALU] |436| 
         0000004b 0000 
    3487                      ; call occurs [#||__c28xabi_cmpull||] ; [] |436| 
    3488 0000004c 5200          CMPB      AL,#0                 ; [CPU_ALU] |436| 
TMS320C2000 Assembler PC v22.6.2 Thu Feb  5 15:43:43 2026

Copyright (c) 1996-2018 Texas Instruments Incorporated
dual_axis_servo_drive_user_cpu.asm                                   PAGE   74

    3489 0000004d 6104          B         ||$C$L20||,EQ         ; [CPU_ALU] |436| 
    3490                      ; branchcc occurs ; [] |436| 
    3491 0000004e 28A9          MOV       AL,#-2                ; [CPU_ALU] |436| 
         0000004f FFFE 
    3492 00000050 6F02          B         ||$C$L21||,UNC        ; [CPU_ALU] |436| 
    3493                      ; branch occurs ; [] |436| 
    3494 00000051       ||$C$L20||:    
    3495 00000051 9A00          MOVB      AL,#0                 ; [CPU_ALU] |436| 
    3496 00000052       ||$C$L21||:    
    3497 00000052 FE88          SUBB      SP,#8                 ; [CPU_ARAU] 
    3498                      .dwcfi  cfa_offset, -2
    3499              $C$DW$175       .dwtag  DW_TAG_TI_branch
    3500                      .dwattr $C$DW$175, DW_AT_low_pc(0x00)
    3501                      .dwattr $C$DW$175, DW_AT_TI_return
    3502              
    3503 00000053 0006          LRETR     ; [CPU_ALU] 
    3504                      ; return occurs ; [] 
    3505                      .dwattr $C$DW$168, DW_AT_TI_end_file("C:/ti/ccs2031/ccs/tools/compiler/ti-cgt-c2000_22.6.2.LTS/includ
    3506                      .dwattr $C$DW$168, DW_AT_TI_end_line(0x1bd)
    3507                      .dwattr $C$DW$168, DW_AT_TI_end_column(0x01)
    3508                      .dwendentry
    3509                      .dwendtag $C$DW$168
    3510              
    3511 00000000               .sect   ".text:__fpclassifyf"
    3512                      .clink
    3513                      .global ||__fpclassifyf||
    3514              
    3515              $C$DW$176       .dwtag  DW_TAG_subprogram
    3516                      .dwattr $C$DW$176, DW_AT_name("__fpclassifyf")
    3517                      .dwattr $C$DW$176, DW_AT_low_pc(||__fpclassifyf||)
    3518                      .dwattr $C$DW$176, DW_AT_high_pc(0x00)
    3519                      .dwattr $C$DW$176, DW_AT_linkage_name("__fpclassifyf")
    3520                      .dwattr $C$DW$176, DW_AT_external
    3521                      .dwattr $C$DW$176, DW_AT_type(*$C$DW$T$10)
    3522                      .dwattr $C$DW$176, DW_AT_decl_file("C:/ti/ccs2031/ccs/tools/compiler/ti-cgt-c2000_22.6.2.LTS/include/
    3523                      .dwattr $C$DW$176, DW_AT_decl_line(0x18c)
    3524                      .dwattr $C$DW$176, DW_AT_decl_column(0x18)
    3525                      .dwattr $C$DW$176, DW_AT_TI_max_frame_size(-2)
    3526                      .dwpsn  file "C:/ti/ccs2031/ccs/tools/compiler/ti-cgt-c2000_22.6.2.LTS/include/_defs.h",line 397,colu
    3527              
    3528                      .dwfde $C$DW$CIE, ||__fpclassifyf||
    3529              $C$DW$177       .dwtag  DW_TAG_formal_parameter
    3530                      .dwattr $C$DW$177, DW_AT_name("f")
    3531                      .dwattr $C$DW$177, DW_AT_type(*$C$DW$T$16)
    3532                      .dwattr $C$DW$177, DW_AT_location[DW_OP_regx 0x2b]
    3533              
    3534              
    3535              ;***************************************************************
    3536              ;* FNAME: __fpclassifyf                 FR SIZE:   0           *
    3537              ;*                                                             *
    3538              ;* FUNCTION ENVIRONMENT                                        *
    3539              ;*                                                             *
    3540              ;* FUNCTION PROPERTIES                                         *
    3541              ;*                            0 Parameter,  0 Auto,  0 SOE     *
    3542              ;***************************************************************
TMS320C2000 Assembler PC v22.6.2 Thu Feb  5 15:43:43 2026

Copyright (c) 1996-2018 Texas Instruments Incorporated
dual_axis_servo_drive_user_cpu.asm                                   PAGE   75

    3543              
    3544              ||__fpclassifyf||:
    3545              ;* PL    assigned to $O$K1
    3546              ;* R0    assigned to f
    3547              $C$DW$178       .dwtag  DW_TAG_variable
    3548                      .dwattr $C$DW$178, DW_AT_name("f")
    3549                      .dwattr $C$DW$178, DW_AT_type(*$C$DW$T$170)
    3550                      .dwattr $C$DW$178, DW_AT_location[DW_OP_regx 0x2b]
    3551              
    3552                      .dwcfi  cfa_offset, -2
    3553                      .dwcfi  save_reg_to_mem, 26, 0
    3554                      .dwpsn  file "C:/ti/ccs2031/ccs/tools/compiler/ti-cgt-c2000_22.6.2.LTS/include/_defs.h",line 398,colu
    3555 00000000 BFAB          MOV32     P,R0H                 ; [CPU_FPU] |398| 
         00000001 0F12 
    3556                      .dwpsn  file "C:/ti/ccs2031/ccs/tools/compiler/ti-cgt-c2000_22.6.2.LTS/include/_defs.h",line 402,colu
    3557 00000002 CCAA          AND       AL,PH,#0x7f80         ; [CPU_ALU] |402| 
         00000003 7F80 
    3558 00000004 88A9          MOVZ      AR6,AL                ; [CPU_ALU] |402| 
    3559 00000005 FF20          MOV       ACC,#32640            ; [CPU_ALU] |402| 
         00000006 7F80 
    3560 00000007 0FA6          CMPL      ACC,XAR6              ; [CPU_ALU] |402| 
    3561 00000008 6009          B         ||$C$L23||,NEQ        ; [CPU_ALU] |402| 
    3562                      ; branchcc occurs ; [] |402| 
    3563 00000009 A9A9          MOVL      ACC,P                 ; [CPU_ALU] |402| 
    3564 0000000a 917F          ANDB      AH,#127               ; [CPU_ALU] |402| 
    3565 0000000b FF58          TEST      ACC                   ; [CPU_ALU] |402| 
    3566 0000000c 6103          B         ||$C$L22||,EQ         ; [CPU_ALU] |402| 
    3567                      ; branchcc occurs ; [] |402| 
    3568                      .dwcfi  remember_state
    3569 0000000d 9A02          MOVB      AL,#2                 ; [CPU_ALU] |402| 
    3570              $C$DW$179       .dwtag  DW_TAG_TI_branch
    3571                      .dwattr $C$DW$179, DW_AT_low_pc(0x00)
    3572                      .dwattr $C$DW$179, DW_AT_TI_return
    3573              
    3574 0000000e 0006          LRETR     ; [CPU_ALU] 
    3575                      ; return occurs ; [] 
    3576                      .dwcfi  restore_state
    3577 0000000f       ||$C$L22||:    
    3578                      .dwcfi  remember_state
    3579 0000000f 9A01          MOVB      AL,#1                 ; [CPU_ALU] |402| 
    3580              $C$DW$180       .dwtag  DW_TAG_TI_branch
    3581                      .dwattr $C$DW$180, DW_AT_low_pc(0x00)
    3582                      .dwattr $C$DW$180, DW_AT_TI_return
    3583              
    3584 00000010 0006          LRETR     ; [CPU_ALU] 
    3585                      ; return occurs ; [] 
    3586                      .dwcfi  restore_state
    3587 00000011       ||$C$L23||:    
    3588 00000011 A9A9          MOVL      ACC,P                 ; [CPU_ALU] |402| 
    3589 00000012 28AC          MOV       T,#23                 ; [CPU_ALU] |402| 
         00000013 0017 
    3590 00000014 5622          LSRL      ACC,T                 ; [CPU_ALU] |402| 
    3591 00000015 90FF          ANDB      AL,#0xff              ; [CPU_ALU] |402| 
    3592 00000016 6104          B         ||$C$L24||,EQ         ; [CPU_ALU] |402| 
    3593                      ; branchcc occurs ; [] |402| 
TMS320C2000 Assembler PC v22.6.2 Thu Feb  5 15:43:43 2026

Copyright (c) 1996-2018 Texas Instruments Incorporated
dual_axis_servo_drive_user_cpu.asm                                   PAGE   76

    3594                      .dwcfi  remember_state
    3595 00000017 28A9          MOV       AL,#-1                ; [CPU_ALU] |402| 
         00000018 FFFF 
    3596              $C$DW$181       .dwtag  DW_TAG_TI_branch
    3597                      .dwattr $C$DW$181, DW_AT_low_pc(0x00)
    3598                      .dwattr $C$DW$181, DW_AT_TI_return
    3599              
    3600 00000019 0006          LRETR     ; [CPU_ALU] 
    3601                      ; return occurs ; [] 
    3602                      .dwcfi  restore_state
    3603 0000001a       ||$C$L24||:    
    3604 0000001a A9A9          MOVL      ACC,P                 ; [CPU_ALU] |402| 
    3605 0000001b 917F          ANDB      AH,#127               ; [CPU_ALU] |402| 
    3606 0000001c FF58          TEST      ACC                   ; [CPU_ALU] |402| 
    3607 0000001d 6104          B         ||$C$L25||,EQ         ; [CPU_ALU] |402| 
    3608                      ; branchcc occurs ; [] |402| 
    3609                      .dwcfi  remember_state
    3610 0000001e 28A9          MOV       AL,#-2                ; [CPU_ALU] |402| 
         0000001f FFFE 
    3611              $C$DW$182       .dwtag  DW_TAG_TI_branch
    3612                      .dwattr $C$DW$182, DW_AT_low_pc(0x00)
    3613                      .dwattr $C$DW$182, DW_AT_TI_return
    3614              
    3615 00000020 0006          LRETR     ; [CPU_ALU] 
    3616                      ; return occurs ; [] 
    3617                      .dwcfi  restore_state
    3618 00000021       ||$C$L25||:    
    3619 00000021 9A00          MOVB      AL,#0                 ; [CPU_ALU] |402| 
    3620              $C$DW$183       .dwtag  DW_TAG_TI_branch
    3621                      .dwattr $C$DW$183, DW_AT_low_pc(0x00)
    3622                      .dwattr $C$DW$183, DW_AT_TI_return
    3623              
    3624 00000022 0006          LRETR     ; [CPU_ALU] 
    3625                      ; return occurs ; [] 
    3626                      .dwattr $C$DW$176, DW_AT_TI_end_file("C:/ti/ccs2031/ccs/tools/compiler/ti-cgt-c2000_22.6.2.LTS/includ
    3627                      .dwattr $C$DW$176, DW_AT_TI_end_line(0x19b)
    3628                      .dwattr $C$DW$176, DW_AT_TI_end_column(0x01)
    3629                      .dwendentry
    3630                      .dwendtag $C$DW$176
    3631              
    3632 00000000               .sect   ".text:__fpclassify"
    3633                      .clink
    3634                      .global ||__fpclassify||
    3635              
    3636              $C$DW$184       .dwtag  DW_TAG_subprogram
    3637                      .dwattr $C$DW$184, DW_AT_name("__fpclassify")
    3638                      .dwattr $C$DW$184, DW_AT_low_pc(||__fpclassify||)
    3639                      .dwattr $C$DW$184, DW_AT_high_pc(0x00)
    3640                      .dwattr $C$DW$184, DW_AT_linkage_name("__fpclassify")
    3641                      .dwattr $C$DW$184, DW_AT_external
    3642                      .dwattr $C$DW$184, DW_AT_type(*$C$DW$T$10)
    3643                      .dwattr $C$DW$184, DW_AT_decl_file("C:/ti/ccs2031/ccs/tools/compiler/ti-cgt-c2000_22.6.2.LTS/include/
    3644                      .dwattr $C$DW$184, DW_AT_decl_line(0x19d)
    3645                      .dwattr $C$DW$184, DW_AT_decl_column(0x18)
    3646                      .dwattr $C$DW$184, DW_AT_TI_max_frame_size(-10)
TMS320C2000 Assembler PC v22.6.2 Thu Feb  5 15:43:43 2026

Copyright (c) 1996-2018 Texas Instruments Incorporated
dual_axis_servo_drive_user_cpu.asm                                   PAGE   77

    3647                      .dwpsn  file "C:/ti/ccs2031/ccs/tools/compiler/ti-cgt-c2000_22.6.2.LTS/include/_defs.h",line 414,colu
    3648              
    3649                      .dwfde $C$DW$CIE, ||__fpclassify||
    3650              $C$DW$185       .dwtag  DW_TAG_formal_parameter
    3651                      .dwattr $C$DW$185, DW_AT_name("d")
    3652                      .dwattr $C$DW$185, DW_AT_type(*$C$DW$T$172)
    3653                      .dwattr $C$DW$185, DW_AT_location[DW_OP_reg12]
    3654              
    3655              
    3656              ;***************************************************************
    3657              ;* FNAME: __fpclassify                  FR SIZE:   8           *
    3658              ;*                                                             *
    3659              ;* FUNCTION ENVIRONMENT                                        *
    3660              ;*                                                             *
    3661              ;* FUNCTION PROPERTIES                                         *
    3662              ;*                            4 Parameter,  4 Auto,  0 SOE     *
    3663              ;***************************************************************
    3664              
    3665              ||__fpclassify||:
    3666              $C$DW$186       .dwtag  DW_TAG_variable
    3667                      .dwattr $C$DW$186, DW_AT_name("d")
    3668                      .dwattr $C$DW$186, DW_AT_type(*$C$DW$T$17)
    3669                      .dwattr $C$DW$186, DW_AT_location[DW_OP_breg20 -8]
    3670              
    3671              ;* AR5   assigned to $O$C1
    3672              ;* AR4   assigned to d
    3673              $C$DW$187       .dwtag  DW_TAG_variable
    3674                      .dwattr $C$DW$187, DW_AT_name("d")
    3675                      .dwattr $C$DW$187, DW_AT_type(*$C$DW$T$173)
    3676                      .dwattr $C$DW$187, DW_AT_location[DW_OP_reg12]
    3677              
    3678                      .dwcfi  cfa_offset, -2
    3679                      .dwcfi  save_reg_to_mem, 26, 0
    3680 00000000 FE08          ADDB      SP,#8                 ; [CPU_ARAU] 
    3681                      .dwcfi  cfa_offset, -10
    3682 00000001 C4D4          MOVL      XAR6,*+XAR4[2]        ; [CPU_ALU] |414| 
    3683 00000002 06C4          MOVL      ACC,*+XAR4[0]         ; [CPU_ALU] |414| 
    3684 00000003 1E48          MOVL      *-SP[8],ACC           ; [CPU_ALU] |414| 
    3685 00000004 C246          MOVL      *-SP[6],XAR6          ; [CPU_ALU] |414| 
    3686                      .dwpsn  file "C:/ti/ccs2031/ccs/tools/compiler/ti-cgt-c2000_22.6.2.LTS/include/_defs.h",line 415,colu
    3687 00000005 8348          MOVL      XAR5,*-SP[8]          ; [CPU_ALU] |415| 
    3688 00000006 8A46          MOVL      XAR4,*-SP[6]          ; [CPU_ALU] |415| 
    3689                      .dwpsn  file "C:/ti/ccs2031/ccs/tools/compiler/ti-cgt-c2000_22.6.2.LTS/include/_defs.h",line 419,colu
    3690 00000007 28AC          MOV       T,#48                 ; [CPU_ALU] |419| 
         00000008 0030 
    3691 00000009 A0AB          MOVL      P,XAR5                ; [CPU_ALU] |419| 
    3692 0000000a A8A9          MOVL      ACC,XAR4              ; [CPU_ALU] |419| 
    3693 0000000b 565B          LSR64     ACC:P,T               ; [CPU_ALU] |419| 
    3694 0000000c 18AB          AND       PL,#0x7ff0            ; [CPU_ALU] |419| 
         0000000d 7FF0 
    3695 0000000e 88AB          MOVZ      AR6,PL                ; [CPU_ALU] |419| 
    3696 0000000f FF20          MOV       ACC,#32752            ; [CPU_ALU] |419| 
         00000010 7FF0 
    3697 00000011 0FA6          CMPL      ACC,XAR6              ; [CPU_ALU] |419| 
    3698 00000012 6016          B         ||$C$L27||,NEQ        ; [CPU_ALU] |419| 
TMS320C2000 Assembler PC v22.6.2 Thu Feb  5 15:43:43 2026

Copyright (c) 1996-2018 Texas Instruments Incorporated
dual_axis_servo_drive_user_cpu.asm                                   PAGE   78

    3699                      ; branchcc occurs ; [] |419| 
    3700 00000013 0200          MOVB      ACC,#0                ; [CPU_ALU] |419| 
    3701 00000014 1E44          MOVL      *-SP[4],ACC           ; [CPU_ALU] |419| 
    3702 00000015 2B42          MOV       *-SP[2],#0            ; [CPU_ALU] |419| 
    3703 00000016 2B41          MOV       *-SP[1],#0            ; [CPU_ALU] |419| 
    3704 00000017 A348          MOVL      P,*-SP[8]             ; [CPU_ALU] |419| 
    3705 00000018 0646          MOVL      ACC,*-SP[6]           ; [CPU_ALU] |419| 
    3706 00000019 18AB          AND       PL,#65535             ; [CPU_ALU] |419| 
         0000001a FFFF 
    3707 0000001b 18AA          AND       PH,#65535             ; [CPU_ALU] |419| 
         0000001c FFFF 
    3708 0000001d 18A9          AND       AL,#65535             ; [CPU_ALU] |419| 
         0000001e FFFF 
    3709 0000001f 910F          ANDB      AH,#15                ; [CPU_ALU] |419| 
    3710              $C$DW$188       .dwtag  DW_TAG_TI_branch
    3711                      .dwattr $C$DW$188, DW_AT_low_pc(0x00)
    3712                      .dwattr $C$DW$188, DW_AT_name("__c28xabi_cmpull")
    3713                      .dwattr $C$DW$188, DW_AT_TI_call
    3714              
    3715 00000020 7640!         LCR       #||__c28xabi_cmpull|| ; [CPU_ALU] |419| 
         00000021 0000 
    3716                      ; call occurs [#||__c28xabi_cmpull||] ; [] |419| 
    3717 00000022 5200          CMPB      AL,#0                 ; [CPU_ALU] |419| 
    3718 00000023 6103          B         ||$C$L26||,EQ         ; [CPU_ALU] |419| 
    3719                      ; branchcc occurs ; [] |419| 
    3720 00000024 9A02          MOVB      AL,#2                 ; [CPU_ALU] |419| 
    3721 00000025 6F2D          B         ||$C$L30||,UNC        ; [CPU_ALU] |419| 
    3722                      ; branch occurs ; [] |419| 
    3723 00000026       ||$C$L26||:    
    3724 00000026 9A01          MOVB      AL,#1                 ; [CPU_ALU] |419| 
    3725 00000027 6F2B          B         ||$C$L30||,UNC        ; [CPU_ALU] |419| 
    3726                      ; branch occurs ; [] |419| 
    3727 00000028       ||$C$L27||:    
    3728 00000028 BE00          MOVB      XAR6,#0               ; [CPU_ALU] |419| 
    3729 00000029 A0AB          MOVL      P,XAR5                ; [CPU_ALU] |419| 
    3730 0000002a A8A9          MOVL      ACC,XAR4              ; [CPU_ALU] |419| 
    3731 0000002b 28AC          MOV       T,#52                 ; [CPU_ALU] |419| 
         0000002c 0034 
    3732 0000002d C244          MOVL      *-SP[4],XAR6          ; [CPU_ALU] |419| 
    3733 0000002e 2B42          MOV       *-SP[2],#0            ; [CPU_ALU] |419| 
    3734 0000002f 565B          LSR64     ACC:P,T               ; [CPU_ALU] |419| 
    3735 00000030 2B41          MOV       *-SP[1],#0            ; [CPU_FPU] |419| 
    3736 00000031 9000          ANDB      AL,#0                 ; [CPU_ALU] |419| 
    3737 00000032 9100          ANDB      AH,#0                 ; [CPU_ALU] |419| 
    3738 00000033 18AB          AND       PL,#2047              ; [CPU_ALU] |419| 
         00000034 07FF 
    3739 00000035 18AA          AND       PH,#0                 ; [CPU_ALU] |419| 
         00000036 0000 
    3740              $C$DW$189       .dwtag  DW_TAG_TI_branch
    3741                      .dwattr $C$DW$189, DW_AT_low_pc(0x00)
    3742                      .dwattr $C$DW$189, DW_AT_name("__c28xabi_cmpull")
    3743                      .dwattr $C$DW$189, DW_AT_TI_call
    3744              
    3745 00000037 7640!         LCR       #||__c28xabi_cmpull|| ; [CPU_ALU] |419| 
         00000038 0000 
TMS320C2000 Assembler PC v22.6.2 Thu Feb  5 15:43:43 2026

Copyright (c) 1996-2018 Texas Instruments Incorporated
dual_axis_servo_drive_user_cpu.asm                                   PAGE   79

    3746                      ; call occurs [#||__c28xabi_cmpull||] ; [] |419| 
    3747 00000039 5200          CMPB      AL,#0                 ; [CPU_ALU] |419| 
    3748 0000003a 6104          B         ||$C$L28||,EQ         ; [CPU_ALU] |419| 
    3749                      ; branchcc occurs ; [] |419| 
    3750 0000003b 28A9          MOV       AL,#-1                ; [CPU_ALU] |419| 
         0000003c FFFF 
    3751 0000003d 6F15          B         ||$C$L30||,UNC        ; [CPU_ALU] |419| 
    3752                      ; branch occurs ; [] |419| 
    3753 0000003e       ||$C$L28||:    
    3754 0000003e C244          MOVL      *-SP[4],XAR6          ; [CPU_ALU] |419| 
    3755 0000003f A8A9          MOVL      ACC,XAR4              ; [CPU_ALU] |419| 
    3756 00000040 A0AB          MOVL      P,XAR5                ; [CPU_ALU] |419| 
    3757 00000041 2B42          MOV       *-SP[2],#0            ; [CPU_ALU] |419| 
    3758 00000042 18A9          AND       AL,#65535             ; [CPU_ALU] |419| 
         00000043 FFFF 
    3759 00000044 910F          ANDB      AH,#15                ; [CPU_ALU] |419| 
    3760 00000045 18AB          AND       PL,#65535             ; [CPU_ALU] |419| 
         00000046 FFFF 
    3761 00000047 18AA          AND       PH,#65535             ; [CPU_ALU] |419| 
         00000048 FFFF 
    3762 00000049 2B41          MOV       *-SP[1],#0            ; [CPU_FPU] |419| 
    3763              $C$DW$190       .dwtag  DW_TAG_TI_branch
    3764                      .dwattr $C$DW$190, DW_AT_low_pc(0x00)
    3765                      .dwattr $C$DW$190, DW_AT_name("__c28xabi_cmpull")
    3766                      .dwattr $C$DW$190, DW_AT_TI_call
    3767              
    3768 0000004a 7640!         LCR       #||__c28xabi_cmpull|| ; [CPU_ALU] |419| 
         0000004b 0000 
    3769                      ; call occurs [#||__c28xabi_cmpull||] ; [] |419| 
    3770 0000004c 5200          CMPB      AL,#0                 ; [CPU_ALU] |419| 
    3771 0000004d 6104          B         ||$C$L29||,EQ         ; [CPU_ALU] |419| 
    3772                      ; branchcc occurs ; [] |419| 
    3773 0000004e 28A9          MOV       AL,#-2                ; [CPU_ALU] |419| 
         0000004f FFFE 
    3774 00000050 6F02          B         ||$C$L30||,UNC        ; [CPU_ALU] |419| 
    3775                      ; branch occurs ; [] |419| 
    3776 00000051       ||$C$L29||:    
    3777 00000051 9A00          MOVB      AL,#0                 ; [CPU_ALU] |419| 
    3778 00000052       ||$C$L30||:    
    3779 00000052 FE88          SUBB      SP,#8                 ; [CPU_ARAU] 
    3780                      .dwcfi  cfa_offset, -2
    3781              $C$DW$191       .dwtag  DW_TAG_TI_branch
    3782                      .dwattr $C$DW$191, DW_AT_low_pc(0x00)
    3783                      .dwattr $C$DW$191, DW_AT_TI_return
    3784              
    3785 00000053 0006          LRETR     ; [CPU_ALU] 
    3786                      ; return occurs ; [] 
    3787                      .dwattr $C$DW$184, DW_AT_TI_end_file("C:/ti/ccs2031/ccs/tools/compiler/ti-cgt-c2000_22.6.2.LTS/includ
    3788                      .dwattr $C$DW$184, DW_AT_TI_end_line(0x1ac)
    3789                      .dwattr $C$DW$184, DW_AT_TI_end_column(0x01)
    3790                      .dwendentry
    3791                      .dwendtag $C$DW$184
    3792              
    3793 00000000               .sect   ".text:__fast_lldiv"
    3794                      .clink
TMS320C2000 Assembler PC v22.6.2 Thu Feb  5 15:43:43 2026

Copyright (c) 1996-2018 Texas Instruments Incorporated
dual_axis_servo_drive_user_cpu.asm                                   PAGE   80

    3795                      .global ||__fast_lldiv||
    3796              
    3797              $C$DW$192       .dwtag  DW_TAG_subprogram
    3798                      .dwattr $C$DW$192, DW_AT_name("__fast_lldiv")
    3799                      .dwattr $C$DW$192, DW_AT_low_pc(||__fast_lldiv||)
    3800                      .dwattr $C$DW$192, DW_AT_high_pc(0x00)
    3801                      .dwattr $C$DW$192, DW_AT_linkage_name("__fast_lldiv")
    3802                      .dwattr $C$DW$192, DW_AT_external
    3803                      .dwattr $C$DW$192, DW_AT_type(*$C$DW$T$126)
    3804                      .dwattr $C$DW$192, DW_AT_decl_file("C:/ti/ccs2031/ccs/tools/compiler/ti-cgt-c2000_22.6.2.LTS/include/
    3805                      .dwattr $C$DW$192, DW_AT_decl_line(0x1ab)
    3806                      .dwattr $C$DW$192, DW_AT_decl_column(0x12)
    3807                      .dwattr $C$DW$192, DW_AT_TI_max_frame_size(-14)
    3808                      .dwpsn  file "C:/ti/ccs2031/ccs/tools/compiler/ti-cgt-c2000_22.6.2.LTS/include/stdlib.h",line 428,col
    3809              
    3810                      .dwfde $C$DW$CIE, ||__fast_lldiv||
    3811              $C$DW$193       .dwtag  DW_TAG_formal_parameter
    3812                      .dwattr $C$DW$193, DW_AT_name("_numer")
    3813                      .dwattr $C$DW$193, DW_AT_type(*$C$DW$T$14)
    3814                      .dwattr $C$DW$193, DW_AT_location[DW_OP_reg2]
    3815              
    3816              $C$DW$194       .dwtag  DW_TAG_formal_parameter
    3817                      .dwattr $C$DW$194, DW_AT_name("_denom")
    3818                      .dwattr $C$DW$194, DW_AT_type(*$C$DW$T$14)
    3819                      .dwattr $C$DW$194, DW_AT_location[DW_OP_breg20 -18]
    3820              
    3821              
    3822              ;***************************************************************
    3823              ;* FNAME: __fast_lldiv                  FR SIZE:  12           *
    3824              ;*                                                             *
    3825              ;* FUNCTION ENVIRONMENT                                        *
    3826              ;*                                                             *
    3827              ;* FUNCTION PROPERTIES                                         *
    3828              ;*                            0 Parameter,  8 Auto,  4 SOE     *
    3829              ;***************************************************************
    3830              
    3831 00000000       ||__fast_lldiv||:
    3832                      .dwcfi  cfa_offset, -2
    3833                      .dwcfi  save_reg_to_mem, 26, 0
    3834 00000000 E203          MOV32     *SP++,R4H             ; [CPU_FPU] 
         00000001 04BD 
    3835                      .dwcfi  save_reg_to_mem, 59, 2
    3836                      .dwcfi  cfa_offset, -4
    3837 00000002 E203          MOV32     *SP++,R5H             ; [CPU_FPU] 
         00000003 05BD 
    3838                      .dwcfi  save_reg_to_mem, 63, 4
    3839                      .dwcfi  cfa_offset, -6
    3840 00000004 FE08          ADDB      SP,#8                 ; [CPU_ARAU] 
    3841                      .dwcfi  cfa_offset, -14
    3842 00000005 1EA7          MOVL      XAR7,ACC              ; [CPU_ALU] |428| 
    3843 00000006 5CAD          MOVZ      AR4,SP                ; [CPU_ALU] |428| 
    3844 00000007 06A6          MOVL      ACC,XAR6              ; [CPU_ALU] |428| 
    3845                      .dwpsn  file "C:/ti/ccs2031/ccs/tools/compiler/ti-cgt-c2000_22.6.2.LTS/include/stdlib.h",line 429,col
    3846 00000008 C4A7          MOVL      XAR6,XAR7             ; [CPU_ALU] |429| 
    3847                      .dwpsn  file "C:/ti/ccs2031/ccs/tools/compiler/ti-cgt-c2000_22.6.2.LTS/include/stdlib.h",line 428,col
TMS320C2000 Assembler PC v22.6.2 Thu Feb  5 15:43:43 2026

Copyright (c) 1996-2018 Texas Instruments Incorporated
dual_axis_servo_drive_user_cpu.asm                                   PAGE   81

    3848 00000009 DC92          SUBB      XAR4,#18              ; [CPU_ARAU] |428| 
    3849                      .dwpsn  file "C:/ti/ccs2031/ccs/tools/compiler/ti-cgt-c2000_22.6.2.LTS/include/stdlib.h",line 429,col
    3850 0000000a E2AF          MOV32     R3H,*+XAR4[2]         ; [CPU_FPU] |429| 
         0000000b 03D4 
    3851 0000000c BDA6          MOV32     R1H,XAR6              ; [CPU_FPU] |429| 
         0000000d 0F16 
    3852 0000000e BDAB          MOV32     R0H,P                 ; [CPU_FPU] |429| 
         0000000f 0F12 
    3853 00000010 E2AF          MOV32     R5H,*+XAR4[0]         ; [CPU_FPU] |429| 
         00000011 05C4 
    3854 00000012 5CAD          MOVZ      AR4,SP                ; [CPU_ALU] |429| 
    3855 00000013 DC88          SUBB      XAR4,#8               ; [CPU_ARAU] |429| 
    3856 00000014 80A4          MOVZ      AR7,AR4               ; [CPU_ALU] |429| 
    3857 00000015 E5B8          ABSI64DIV64 R2H:R4H,R1H:R0H,R3H:R5H ; [CPU_FPU] |429| 
    3858 00000016 E565          SUBC2UI64 R2H:R4H,R1H:R0H,R3H:R5H ; [CPU_FPU] |429| 
    3859 00000017 E565          SUBC2UI64 R2H:R4H,R1H:R0H,R3H:R5H ; [CPU_FPU] |429| 
    3860 00000018 E565          SUBC2UI64 R2H:R4H,R1H:R0H,R3H:R5H ; [CPU_FPU] |429| 
    3861 00000019 E565          SUBC2UI64 R2H:R4H,R1H:R0H,R3H:R5H ; [CPU_FPU] |429| 
    3862 0000001a E565          SUBC2UI64 R2H:R4H,R1H:R0H,R3H:R5H ; [CPU_FPU] |429| 
    3863 0000001b E565          SUBC2UI64 R2H:R4H,R1H:R0H,R3H:R5H ; [CPU_FPU] |429| 
    3864 0000001c E565          SUBC2UI64 R2H:R4H,R1H:R0H,R3H:R5H ; [CPU_FPU] |429| 
    3865 0000001d E565          SUBC2UI64 R2H:R4H,R1H:R0H,R3H:R5H ; [CPU_FPU] |429| 
    3866 0000001e E565          SUBC2UI64 R2H:R4H,R1H:R0H,R3H:R5H ; [CPU_FPU] |429| 
    3867 0000001f E565          SUBC2UI64 R2H:R4H,R1H:R0H,R3H:R5H ; [CPU_FPU] |429| 
    3868 00000020 E565          SUBC2UI64 R2H:R4H,R1H:R0H,R3H:R5H ; [CPU_FPU] |429| 
    3869 00000021 E565          SUBC2UI64 R2H:R4H,R1H:R0H,R3H:R5H ; [CPU_FPU] |429| 
    3870 00000022 E565          SUBC2UI64 R2H:R4H,R1H:R0H,R3H:R5H ; [CPU_FPU] |429| 
    3871 00000023 E565          SUBC2UI64 R2H:R4H,R1H:R0H,R3H:R5H ; [CPU_FPU] |429| 
    3872 00000024 E565          SUBC2UI64 R2H:R4H,R1H:R0H,R3H:R5H ; [CPU_FPU] |429| 
    3873 00000025 E565          SUBC2UI64 R2H:R4H,R1H:R0H,R3H:R5H ; [CPU_FPU] |429| 
    3874 00000026 E565          SUBC2UI64 R2H:R4H,R1H:R0H,R3H:R5H ; [CPU_FPU] |429| 
    3875 00000027 E565          SUBC2UI64 R2H:R4H,R1H:R0H,R3H:R5H ; [CPU_FPU] |429| 
    3876 00000028 E565          SUBC2UI64 R2H:R4H,R1H:R0H,R3H:R5H ; [CPU_FPU] |429| 
    3877 00000029 E565          SUBC2UI64 R2H:R4H,R1H:R0H,R3H:R5H ; [CPU_FPU] |429| 
    3878 0000002a E565          SUBC2UI64 R2H:R4H,R1H:R0H,R3H:R5H ; [CPU_FPU] |429| 
    3879 0000002b E565          SUBC2UI64 R2H:R4H,R1H:R0H,R3H:R5H ; [CPU_FPU] |429| 
    3880 0000002c E565          SUBC2UI64 R2H:R4H,R1H:R0H,R3H:R5H ; [CPU_FPU] |429| 
    3881 0000002d E565          SUBC2UI64 R2H:R4H,R1H:R0H,R3H:R5H ; [CPU_FPU] |429| 
    3882 0000002e E565          SUBC2UI64 R2H:R4H,R1H:R0H,R3H:R5H ; [CPU_FPU] |429| 
    3883 0000002f E565          SUBC2UI64 R2H:R4H,R1H:R0H,R3H:R5H ; [CPU_FPU] |429| 
    3884 00000030 E565          SUBC2UI64 R2H:R4H,R1H:R0H,R3H:R5H ; [CPU_FPU] |429| 
    3885 00000031 E565          SUBC2UI64 R2H:R4H,R1H:R0H,R3H:R5H ; [CPU_FPU] |429| 
    3886 00000032 E565          SUBC2UI64 R2H:R4H,R1H:R0H,R3H:R5H ; [CPU_FPU] |429| 
    3887 00000033 E565          SUBC2UI64 R2H:R4H,R1H:R0H,R3H:R5H ; [CPU_FPU] |429| 
    3888 00000034 E565          SUBC2UI64 R2H:R4H,R1H:R0H,R3H:R5H ; [CPU_FPU] |429| 
    3889 00000035 E565          SUBC2UI64 R2H:R4H,R1H:R0H,R3H:R5H ; [CPU_FPU] |429| 
    3890 00000036 E5BA          NEGI64DIV64 R1H:R0H,R2H:R4H     ; [CPU_FPU] |429| 
    3891 00000037 E203          MOV32     *-SP[6],R1H           ; [CPU_FPU] |429| 
         00000038 0146 
    3892 00000039 E203          MOV32     *-SP[8],R0H           ; [CPU_FPU] |429| 
         0000003a 0048 
    3893 0000003b E203          MOV32     *-SP[2],R2H           ; [CPU_FPU] |429| 
         0000003c 0242 
    3894 0000003d E203          MOV32     *-SP[4],R4H           ; [CPU_FPU] |429| 
         0000003e 0444 
TMS320C2000 Assembler PC v22.6.2 Thu Feb  5 15:43:43 2026

Copyright (c) 1996-2018 Texas Instruments Incorporated
dual_axis_servo_drive_user_cpu.asm                                   PAGE   82

    3895 0000003f 6104          B         ||$C$L31||,EQ         ; [CPU_ALU] |429| 
    3896                      ; branchcc occurs ; [] |429| 
    3897 00000040 8AA9          MOVL      XAR4,ACC              ; [CPU_ALU] |429| 
    3898 00000041 F607          RPT       #7
    3899 00000042 2484  ||     PREAD     *XAR4++,*XAR7         ; [CPU_ALU] |429| 
    3900 00000043       ||$C$L31||:    
    3901 00000043 FE88          SUBB      SP,#8                 ; [CPU_ARAU] 
    3902                      .dwcfi  cfa_offset, -6
    3903 00000044 E2AF          MOV32     R5H,*--SP             ; [CPU_FPU] 
         00000045 05BE 
    3904                      .dwcfi  cfa_offset, -4
    3905                      .dwcfi  restore_reg, 63
    3906 00000046 E2AF          MOV32     R4H,*--SP             ; [CPU_FPU] 
         00000047 04BE 
    3907                      .dwcfi  cfa_offset, -2
    3908                      .dwcfi  restore_reg, 59
    3909              $C$DW$195       .dwtag  DW_TAG_TI_branch
    3910                      .dwattr $C$DW$195, DW_AT_low_pc(0x00)
    3911                      .dwattr $C$DW$195, DW_AT_TI_return
    3912              
    3913 00000048 0006          LRETR     ; [CPU_ALU] 
    3914                      ; return occurs ; [] 
    3915                      .dwattr $C$DW$192, DW_AT_TI_end_file("C:/ti/ccs2031/ccs/tools/compiler/ti-cgt-c2000_22.6.2.LTS/includ
    3916                      .dwattr $C$DW$192, DW_AT_TI_end_line(0x1ae)
    3917                      .dwattr $C$DW$192, DW_AT_TI_end_column(0x01)
    3918                      .dwendentry
    3919                      .dwendtag $C$DW$192
    3920              
    3921 00000000               .sect   ".text:__fast_ldiv"
    3922                      .clink
    3923                      .global ||__fast_ldiv||
    3924              
    3925              $C$DW$196       .dwtag  DW_TAG_subprogram
    3926                      .dwattr $C$DW$196, DW_AT_name("__fast_ldiv")
    3927                      .dwattr $C$DW$196, DW_AT_low_pc(||__fast_ldiv||)
    3928                      .dwattr $C$DW$196, DW_AT_high_pc(0x00)
    3929                      .dwattr $C$DW$196, DW_AT_linkage_name("__fast_ldiv")
    3930                      .dwattr $C$DW$196, DW_AT_external
    3931                      .dwattr $C$DW$196, DW_AT_type(*$C$DW$T$123)
    3932                      .dwattr $C$DW$196, DW_AT_decl_file("C:/ti/ccs2031/ccs/tools/compiler/ti-cgt-c2000_22.6.2.LTS/include/
    3933                      .dwattr $C$DW$196, DW_AT_decl_line(0x1a4)
    3934                      .dwattr $C$DW$196, DW_AT_decl_column(0x11)
    3935                      .dwattr $C$DW$196, DW_AT_TI_max_frame_size(-6)
    3936                      .dwpsn  file "C:/ti/ccs2031/ccs/tools/compiler/ti-cgt-c2000_22.6.2.LTS/include/stdlib.h",line 421,col
    3937              
    3938                      .dwfde $C$DW$CIE, ||__fast_ldiv||
    3939              $C$DW$197       .dwtag  DW_TAG_formal_parameter
    3940                      .dwattr $C$DW$197, DW_AT_name("_numer")
    3941                      .dwattr $C$DW$197, DW_AT_type(*$C$DW$T$12)
    3942                      .dwattr $C$DW$197, DW_AT_location[DW_OP_reg0]
    3943              
    3944              $C$DW$198       .dwtag  DW_TAG_formal_parameter
    3945                      .dwattr $C$DW$198, DW_AT_name("_denom")
    3946                      .dwattr $C$DW$198, DW_AT_type(*$C$DW$T$12)
    3947                      .dwattr $C$DW$198, DW_AT_location[DW_OP_breg20 -8]
TMS320C2000 Assembler PC v22.6.2 Thu Feb  5 15:43:43 2026

Copyright (c) 1996-2018 Texas Instruments Incorporated
dual_axis_servo_drive_user_cpu.asm                                   PAGE   83

    3948              
    3949              
    3950              ;***************************************************************
    3951              ;* FNAME: __fast_ldiv                   FR SIZE:   4           *
    3952              ;*                                                             *
    3953              ;* FUNCTION ENVIRONMENT                                        *
    3954              ;*                                                             *
    3955              ;* FUNCTION PROPERTIES                                         *
    3956              ;*                            0 Parameter,  4 Auto,  0 SOE     *
    3957              ;***************************************************************
    3958              
    3959              ||__fast_ldiv||:
    3960              ;* AR7   assigned to _numer
    3961              $C$DW$199       .dwtag  DW_TAG_variable
    3962                      .dwattr $C$DW$199, DW_AT_name("_numer")
    3963                      .dwattr $C$DW$199, DW_AT_type(*$C$DW$T$162)
    3964                      .dwattr $C$DW$199, DW_AT_location[DW_OP_reg18]
    3965              
    3966                      .dwcfi  cfa_offset, -2
    3967                      .dwcfi  save_reg_to_mem, 26, 0
    3968 00000000 FE04          ADDB      SP,#4                 ; [CPU_ARAU] 
    3969                      .dwcfi  cfa_offset, -6
    3970 00000001 1EA7          MOVL      XAR7,ACC              ; [CPU_ALU] |421| 
    3971                      .dwpsn  file "C:/ti/ccs2031/ccs/tools/compiler/ti-cgt-c2000_22.6.2.LTS/include/stdlib.h",line 422,col
    3972 00000002 5CAD          MOVZ      AR4,SP                ; [CPU_ALU] |422| 
    3973 00000003 BDA7          MOV32     R1H,XAR7              ; [CPU_FPU] |422| 
         00000004 0F16 
    3974 00000005 E2AF          MOV32     R3H,*-SP[8]           ; [CPU_FPU] |422| 
         00000006 0348 
    3975 00000007 DC84          SUBB      XAR4,#4               ; [CPU_ARAU] |422| 
    3976                      .dwpsn  file "C:/ti/ccs2031/ccs/tools/compiler/ti-cgt-c2000_22.6.2.LTS/include/stdlib.h",line 421,col
    3977 00000008 06A6          MOVL      ACC,XAR6              ; [CPU_ALU] |421| 
    3978                      .dwpsn  file "C:/ti/ccs2031/ccs/tools/compiler/ti-cgt-c2000_22.6.2.LTS/include/stdlib.h",line 422,col
    3979 00000009 80A4          MOVZ      AR7,AR4               ; [CPU_ALU] |422| 
    3980 0000000a E568          ABSI32DIV32 R2H,R1H,R3H         ; [CPU_FPU] |422| 
    3981 0000000b E564          SUBC4UI32 R2H,R1H,R3H           ; [CPU_FPU] |422| 
    3982 0000000c E564          SUBC4UI32 R2H,R1H,R3H           ; [CPU_FPU] |422| 
    3983 0000000d E564          SUBC4UI32 R2H,R1H,R3H           ; [CPU_FPU] |422| 
    3984 0000000e E564          SUBC4UI32 R2H,R1H,R3H           ; [CPU_FPU] |422| 
    3985 0000000f E564          SUBC4UI32 R2H,R1H,R3H           ; [CPU_FPU] |422| 
    3986 00000010 E564          SUBC4UI32 R2H,R1H,R3H           ; [CPU_FPU] |422| 
    3987 00000011 E564          SUBC4UI32 R2H,R1H,R3H           ; [CPU_FPU] |422| 
    3988 00000012 E564          SUBC4UI32 R2H,R1H,R3H           ; [CPU_FPU] |422| 
    3989 00000013 E56A          NEGI32DIV32 R1H,R2H             ; [CPU_FPU] |422| 
    3990 00000014 E203          MOV32     *-SP[4],R1H           ; [CPU_FPU] |422| 
         00000015 0144 
    3991 00000016 E203          MOV32     *-SP[2],R2H           ; [CPU_FPU] |422| 
         00000017 0242 
    3992 00000018 6104          B         ||$C$L32||,EQ         ; [CPU_ALU] |422| 
    3993                      ; branchcc occurs ; [] |422| 
    3994 00000019 8AA9          MOVL      XAR4,ACC              ; [CPU_ALU] |422| 
    3995 0000001a F603          RPT       #3
    3996 0000001b 2484  ||     PREAD     *XAR4++,*XAR7         ; [CPU_ALU] |422| 
    3997 0000001c       ||$C$L32||:    
    3998 0000001c FE84          SUBB      SP,#4                 ; [CPU_ARAU] 
TMS320C2000 Assembler PC v22.6.2 Thu Feb  5 15:43:43 2026

Copyright (c) 1996-2018 Texas Instruments Incorporated
dual_axis_servo_drive_user_cpu.asm                                   PAGE   84

    3999                      .dwcfi  cfa_offset, -2
    4000              $C$DW$200       .dwtag  DW_TAG_TI_branch
    4001                      .dwattr $C$DW$200, DW_AT_low_pc(0x00)
    4002                      .dwattr $C$DW$200, DW_AT_TI_return
    4003              
    4004 0000001d 0006          LRETR     ; [CPU_ALU] 
    4005                      ; return occurs ; [] 
    4006                      .dwattr $C$DW$196, DW_AT_TI_end_file("C:/ti/ccs2031/ccs/tools/compiler/ti-cgt-c2000_22.6.2.LTS/includ
    4007                      .dwattr $C$DW$196, DW_AT_TI_end_line(0x1a7)
    4008                      .dwattr $C$DW$196, DW_AT_TI_end_column(0x01)
    4009                      .dwendentry
    4010                      .dwendtag $C$DW$196
    4011              
    4012              ;**************************************************************
    4013              ;* UNDEFINED EXTERNAL REFERENCES                              *
    4014              ;**************************************************************
    4015                      .global ||FCL_initADC_2In||
    4016                      .global ||FCL_initPWM||
    4017                      .global ||FCL_initQEP||
    4018                      .global ||motorVars||
    4019                      .global ||__c28xabi_cmpull||
    4020              ;**************************************************************
    4021              ;* SECTION GROUPS                                             *
    4022              ;**************************************************************
    4023                      .group    "__fast_ldiv", 1
    4024                      .gmember  ".text:__fast_ldiv"
    4025                      .endgroup
    4026                      .group    "__fast_lldiv", 1
    4027                      .gmember  ".text:__fast_lldiv"
    4028                      .endgroup
    4029                      .group    "__fpclassify", 1
    4030                      .gmember  ".text:__fpclassify"
    4031                      .endgroup
    4032                      .group    "__fpclassifyf", 1
    4033                      .gmember  ".text:__fpclassifyf"
    4034                      .endgroup
    4035                      .group    "__fpclassifyl", 1
    4036                      .gmember  ".text:__fpclassifyl"
    4037                      .endgroup
    4038                      .group    "__isfinite", 1
    4039                      .gmember  ".text:__isfinite"
    4040                      .endgroup
    4041                      .group    "__isfinitef", 1
    4042                      .gmember  ".text:__isfinitef"
    4043                      .endgroup
    4044                      .group    "__isfinitel", 1
    4045                      .gmember  ".text:__isfinitel"
    4046                      .endgroup
    4047                      .group    "__isinf", 1
    4048                      .gmember  ".text:__isinf"
    4049                      .endgroup
    4050                      .group    "__isinff", 1
    4051                      .gmember  ".text:__isinff"
    4052                      .endgroup
    4053                      .group    "__isinfl", 1
TMS320C2000 Assembler PC v22.6.2 Thu Feb  5 15:43:43 2026

Copyright (c) 1996-2018 Texas Instruments Incorporated
dual_axis_servo_drive_user_cpu.asm                                   PAGE   85

    4054                      .gmember  ".text:__isinfl"
    4055                      .endgroup
    4056                      .group    "__isnan", 1
    4057                      .gmember  ".text:__isnan"
    4058                      .endgroup
    4059                      .group    "__isnanf", 1
    4060                      .gmember  ".text:__isnanf"
    4061                      .endgroup
    4062                      .group    "__isnanl", 1
    4063                      .gmember  ".text:__isnanl"
    4064                      .endgroup
    4065                      .group    "__isnormal", 1
    4066                      .gmember  ".text:__isnormal"
    4067                      .endgroup
    4068                      .group    "__isnormalf", 1
    4069                      .gmember  ".text:__isnormalf"
    4070                      .endgroup
    4071                      .group    "__isnormall", 1
    4072                      .gmember  ".text:__isnormall"
    4073                      .endgroup
    4074                      .group    "__relaxed_atan2f", 1
    4075                      .gmember  ".text:__relaxed_atan2f"
    4076                      .endgroup
    4077                      .group    "__relaxed_atanf", 1
    4078                      .gmember  ".text:__relaxed_atanf"
    4079                      .endgroup
    4080                      .group    "__relaxed_cosf", 1
    4081                      .gmember  ".text:__relaxed_cosf"
    4082                      .endgroup
    4083                      .group    "__relaxed_expf", 1
    4084                      .gmember  ".text:__relaxed_expf"
    4085                      .endgroup
    4086                      .group    "__relaxed_fmaxf", 1
    4087                      .gmember  ".text:__relaxed_fmaxf"
    4088                      .endgroup
    4089                      .group    "__relaxed_fminf", 1
    4090                      .gmember  ".text:__relaxed_fminf"
    4091                      .endgroup
    4092                      .group    "__relaxed_fmodf", 1
    4093                      .gmember  ".text:__relaxed_fmodf"
    4094                      .endgroup
    4095                      .group    "__relaxed_log2f", 1
    4096                      .gmember  ".text:__relaxed_log2f"
    4097                      .endgroup
    4098                      .group    "__relaxed_logf", 1
    4099                      .gmember  ".text:__relaxed_logf"
    4100                      .endgroup
    4101                      .group    "__relaxed_powf", 1
    4102                      .gmember  ".text:__relaxed_powf"
    4103                      .endgroup
    4104                      .group    "__relaxed_sinf", 1
    4105                      .gmember  ".text:__relaxed_sinf"
    4106                      .endgroup
    4107                      .group    "__relaxed_sqrtf", 1
    4108                      .gmember  ".text:__relaxed_sqrtf"
TMS320C2000 Assembler PC v22.6.2 Thu Feb  5 15:43:43 2026

Copyright (c) 1996-2018 Texas Instruments Incorporated
dual_axis_servo_drive_user_cpu.asm                                   PAGE   86

    4109                      .endgroup
    4110                      .group    "__signbit", 1
    4111                      .gmember  ".text:__signbit"
    4112                      .endgroup
    4113                      .group    "__signbitf", 1
    4114                      .gmember  ".text:__signbitf"
    4115                      .endgroup
    4116                      .group    "__signbitl", 1
    4117                      .gmember  ".text:__signbitl"
    4118                      .endgroup
    4119              
    4120              
    4121              ;***************************************************************
    4122              ;* BUILD ATTRIBUTES                                            *
    4123              ;***************************************************************
    4124                      .battr "c28xabi", Tag_File, 1, Tag_float_args(1)
    4125                      .battr "c28xabi", Tag_File, 1, Tag_double_args(1)
    4126                      .dwattr $C$DW$CU, DW_AT_language(DW_LANG_C)
    4127              
    4128              ;***************************************************************
    4129              ;* DWARF CIE ENTRIES                                           *
    4130              ;***************************************************************
    4131              
    4132              $C$DW$CIE       .dwcie 26
    4133                      .dwcfi  cfa_register, 20
    4134                      .dwcfi  cfa_offset, 0
    4135                      .dwcfi  same_value, 28
    4136                      .dwcfi  same_value, 6
    4137                      .dwcfi  same_value, 7
    4138                      .dwcfi  same_value, 8
    4139                      .dwcfi  same_value, 9
    4140                      .dwcfi  same_value, 10
    4141                      .dwcfi  same_value, 11
    4142                      .dwcfi  same_value, 59
    4143                      .dwcfi  same_value, 63
    4144                      .dwcfi  same_value, 67
    4145                      .dwcfi  same_value, 71
    4146                      .dwendentry
    4147                      .dwendtag $C$DW$CU
    4148              
    4149              
    4150              ;***************************************************************
    4151              ;* TYPE INFORMATION                                            *
    4152              ;***************************************************************
    4153              
    4154              $C$DW$TU$84     .dwtag  DW_TAG_type_unit
    4155                      .dwmtype  $C$DW$T$84
    4156              
    4157              $C$DW$T$84      .dwtag  DW_TAG_enumeration_type
    4158                      .dwattr $C$DW$T$84, DW_AT_byte_size(0x01)
    4159              $C$DW$201       .dwtag  DW_TAG_enumerator
    4160                      .dwattr $C$DW$201, DW_AT_name("MTR_1")
    4161                      .dwattr $C$DW$201, DW_AT_const_value(0x00)
    4162                      .dwattr $C$DW$201, DW_AT_decl_file("..\sources\dual_axis_servo_drive_hal.h")
    4163                      .dwattr $C$DW$201, DW_AT_decl_line(0x87)
TMS320C2000 Assembler PC v22.6.2 Thu Feb  5 15:43:43 2026

Copyright (c) 1996-2018 Texas Instruments Incorporated
dual_axis_servo_drive_user_cpu.asm                                   PAGE   87

    4164                      .dwattr $C$DW$201, DW_AT_decl_column(0x05)
    4165              
    4166              $C$DW$202       .dwtag  DW_TAG_enumerator
    4167                      .dwattr $C$DW$202, DW_AT_name("MTR_2")
    4168                      .dwattr $C$DW$202, DW_AT_const_value(0x01)
    4169                      .dwattr $C$DW$202, DW_AT_decl_file("..\sources\dual_axis_servo_drive_hal.h")
    4170                      .dwattr $C$DW$202, DW_AT_decl_line(0x88)
    4171                      .dwattr $C$DW$202, DW_AT_decl_column(0x05)
    4172              
    4173                      .dwattr $C$DW$T$84, DW_AT_decl_file("..\sources\dual_axis_servo_drive_hal.h")
    4174                      .dwattr $C$DW$T$84, DW_AT_decl_line(0x86)
    4175                      .dwattr $C$DW$T$84, DW_AT_decl_column(0x01)
    4176                      .dwendtag $C$DW$T$84
    4177              
    4178                      .dwendtag $C$DW$TU$84
    4179              
    4180              
    4181              $C$DW$TU$85     .dwtag  DW_TAG_type_unit
    4182                      .dwmtype  $C$DW$T$85
    4183              $C$DW$T$85      .dwtag  DW_TAG_typedef
    4184                      .dwattr $C$DW$T$85, DW_AT_name("MotorNum_e")
    4185                      .dwattr $C$DW$T$85, DW_AT_type(*$C$DW$T$84)
    4186                      .dwattr $C$DW$T$85, DW_AT_decl_file("..\sources\dual_axis_servo_drive_hal.h")
    4187                      .dwattr $C$DW$T$85, DW_AT_decl_line(0x89)
    4188                      .dwattr $C$DW$T$85, DW_AT_decl_column(0x03)
    4189              
    4190                      .dwendtag $C$DW$TU$85
    4191              
    4192              
    4193              $C$DW$TU$106    .dwtag  DW_TAG_type_unit
    4194                      .dwmtype  $C$DW$T$106
    4195              
    4196              $C$DW$T$106     .dwtag  DW_TAG_enumeration_type
    4197                      .dwattr $C$DW$T$106, DW_AT_byte_size(0x01)
    4198              $C$DW$203       .dwtag  DW_TAG_enumerator
    4199                      .dwattr $C$DW$203, DW_AT_name("ADC_PPB_NUMBER1")
    4200                      .dwattr $C$DW$203, DW_AT_const_value(0x00)
    4201                      .dwattr $C$DW$203, DW_AT_decl_file("C:/ti/C2000Ware_MotorControl_SDK_5_04_00_00/c2000ware/driverlib/f
    4202                      .dwattr $C$DW$203, DW_AT_decl_line(0xf7)
    4203                      .dwattr $C$DW$203, DW_AT_decl_column(0x05)
    4204              
    4205              $C$DW$204       .dwtag  DW_TAG_enumerator
    4206                      .dwattr $C$DW$204, DW_AT_name("ADC_PPB_NUMBER2")
    4207                      .dwattr $C$DW$204, DW_AT_const_value(0x01)
    4208                      .dwattr $C$DW$204, DW_AT_decl_file("C:/ti/C2000Ware_MotorControl_SDK_5_04_00_00/c2000ware/driverlib/f
    4209                      .dwattr $C$DW$204, DW_AT_decl_line(0xf8)
    4210                      .dwattr $C$DW$204, DW_AT_decl_column(0x05)
    4211              
    4212              $C$DW$205       .dwtag  DW_TAG_enumerator
    4213                      .dwattr $C$DW$205, DW_AT_name("ADC_PPB_NUMBER3")
    4214                      .dwattr $C$DW$205, DW_AT_const_value(0x02)
    4215                      .dwattr $C$DW$205, DW_AT_decl_file("C:/ti/C2000Ware_MotorControl_SDK_5_04_00_00/c2000ware/driverlib/f
    4216                      .dwattr $C$DW$205, DW_AT_decl_line(0xf9)
    4217                      .dwattr $C$DW$205, DW_AT_decl_column(0x05)
    4218              
TMS320C2000 Assembler PC v22.6.2 Thu Feb  5 15:43:43 2026

Copyright (c) 1996-2018 Texas Instruments Incorporated
dual_axis_servo_drive_user_cpu.asm                                   PAGE   88

    4219              $C$DW$206       .dwtag  DW_TAG_enumerator
    4220                      .dwattr $C$DW$206, DW_AT_name("ADC_PPB_NUMBER4")
    4221                      .dwattr $C$DW$206, DW_AT_const_value(0x03)
    4222                      .dwattr $C$DW$206, DW_AT_decl_file("C:/ti/C2000Ware_MotorControl_SDK_5_04_00_00/c2000ware/driverlib/f
    4223                      .dwattr $C$DW$206, DW_AT_decl_line(0xfa)
    4224                      .dwattr $C$DW$206, DW_AT_decl_column(0x05)
    4225              
    4226                      .dwattr $C$DW$T$106, DW_AT_decl_file("C:/ti/C2000Ware_MotorControl_SDK_5_04_00_00/c2000ware/driverlib
    4227                      .dwattr $C$DW$T$106, DW_AT_decl_line(0xf6)
    4228                      .dwattr $C$DW$T$106, DW_AT_decl_column(0x01)
    4229                      .dwendtag $C$DW$T$106
    4230              
    4231                      .dwendtag $C$DW$TU$106
    4232              
    4233              
    4234              $C$DW$TU$107    .dwtag  DW_TAG_type_unit
    4235                      .dwmtype  $C$DW$T$107
    4236              $C$DW$T$107     .dwtag  DW_TAG_typedef
    4237                      .dwattr $C$DW$T$107, DW_AT_name("ADC_PPBNumber")
    4238                      .dwattr $C$DW$T$107, DW_AT_type(*$C$DW$T$106)
    4239                      .dwattr $C$DW$T$107, DW_AT_decl_file("C:/ti/C2000Ware_MotorControl_SDK_5_04_00_00/c2000ware/driverlib
    4240                      .dwattr $C$DW$T$107, DW_AT_decl_line(0xfb)
    4241                      .dwattr $C$DW$T$107, DW_AT_decl_column(0x03)
    4242              
    4243                      .dwendtag $C$DW$TU$107
    4244              
    4245              
    4246              $C$DW$TU$108    .dwtag  DW_TAG_type_unit
    4247                      .dwmtype  $C$DW$T$108
    4248              
    4249              $C$DW$T$108     .dwtag  DW_TAG_enumeration_type
    4250                      .dwattr $C$DW$T$108, DW_AT_byte_size(0x01)
    4251              $C$DW$207       .dwtag  DW_TAG_enumerator
    4252                      .dwattr $C$DW$207, DW_AT_name("ADC_INT_NUMBER1")
    4253                      .dwattr $C$DW$207, DW_AT_const_value(0x00)
    4254                      .dwattr $C$DW$207, DW_AT_decl_file("C:/ti/C2000Ware_MotorControl_SDK_5_04_00_00/c2000ware/driverlib/f
    4255                      .dwattr $C$DW$207, DW_AT_decl_line(0xe9)
    4256                      .dwattr $C$DW$207, DW_AT_decl_column(0x05)
    4257              
    4258              $C$DW$208       .dwtag  DW_TAG_enumerator
    4259                      .dwattr $C$DW$208, DW_AT_name("ADC_INT_NUMBER2")
    4260                      .dwattr $C$DW$208, DW_AT_const_value(0x01)
    4261                      .dwattr $C$DW$208, DW_AT_decl_file("C:/ti/C2000Ware_MotorControl_SDK_5_04_00_00/c2000ware/driverlib/f
    4262                      .dwattr $C$DW$208, DW_AT_decl_line(0xea)
    4263                      .dwattr $C$DW$208, DW_AT_decl_column(0x05)
    4264              
    4265              $C$DW$209       .dwtag  DW_TAG_enumerator
    4266                      .dwattr $C$DW$209, DW_AT_name("ADC_INT_NUMBER3")
    4267                      .dwattr $C$DW$209, DW_AT_const_value(0x02)
    4268                      .dwattr $C$DW$209, DW_AT_decl_file("C:/ti/C2000Ware_MotorControl_SDK_5_04_00_00/c2000ware/driverlib/f
    4269                      .dwattr $C$DW$209, DW_AT_decl_line(0xeb)
    4270                      .dwattr $C$DW$209, DW_AT_decl_column(0x05)
    4271              
    4272              $C$DW$210       .dwtag  DW_TAG_enumerator
    4273                      .dwattr $C$DW$210, DW_AT_name("ADC_INT_NUMBER4")
TMS320C2000 Assembler PC v22.6.2 Thu Feb  5 15:43:43 2026

Copyright (c) 1996-2018 Texas Instruments Incorporated
dual_axis_servo_drive_user_cpu.asm                                   PAGE   89

    4274                      .dwattr $C$DW$210, DW_AT_const_value(0x03)
    4275                      .dwattr $C$DW$210, DW_AT_decl_file("C:/ti/C2000Ware_MotorControl_SDK_5_04_00_00/c2000ware/driverlib/f
    4276                      .dwattr $C$DW$210, DW_AT_decl_line(0xec)
    4277                      .dwattr $C$DW$210, DW_AT_decl_column(0x05)
    4278              
    4279                      .dwattr $C$DW$T$108, DW_AT_decl_file("C:/ti/C2000Ware_MotorControl_SDK_5_04_00_00/c2000ware/driverlib
    4280                      .dwattr $C$DW$T$108, DW_AT_decl_line(0xe8)
    4281                      .dwattr $C$DW$T$108, DW_AT_decl_column(0x01)
    4282                      .dwendtag $C$DW$T$108
    4283              
    4284                      .dwendtag $C$DW$TU$108
    4285              
    4286              
    4287              $C$DW$TU$109    .dwtag  DW_TAG_type_unit
    4288                      .dwmtype  $C$DW$T$109
    4289              $C$DW$T$109     .dwtag  DW_TAG_typedef
    4290                      .dwattr $C$DW$T$109, DW_AT_name("ADC_IntNumber")
    4291                      .dwattr $C$DW$T$109, DW_AT_type(*$C$DW$T$108)
    4292                      .dwattr $C$DW$T$109, DW_AT_decl_file("C:/ti/C2000Ware_MotorControl_SDK_5_04_00_00/c2000ware/driverlib
    4293                      .dwattr $C$DW$T$109, DW_AT_decl_line(0xed)
    4294                      .dwattr $C$DW$T$109, DW_AT_decl_column(0x03)
    4295              
    4296                      .dwendtag $C$DW$TU$109
    4297              
    4298              
    4299              $C$DW$TU$110    .dwtag  DW_TAG_type_unit
    4300                      .dwmtype  $C$DW$T$110
    4301              
    4302              $C$DW$T$110     .dwtag  DW_TAG_enumeration_type
    4303                      .dwattr $C$DW$T$110, DW_AT_byte_size(0x01)
    4304              $C$DW$211       .dwtag  DW_TAG_enumerator
    4305                      .dwattr $C$DW$211, DW_AT_name("ENC_ALIGNMENT")
    4306                      .dwattr $C$DW$211, DW_AT_const_value(0x00)
    4307                      .dwattr $C$DW$211, DW_AT_decl_file("C:/ti/C2000Ware_MotorControl_SDK_5_04_00_00/libraries/position_se
    4308                      .dwattr $C$DW$211, DW_AT_decl_line(0x40)
    4309                      .dwattr $C$DW$211, DW_AT_decl_column(0x05)
    4310              
    4311              $C$DW$212       .dwtag  DW_TAG_enumerator
    4312                      .dwattr $C$DW$212, DW_AT_name("ENC_WAIT_FOR_INDEX")
    4313                      .dwattr $C$DW$212, DW_AT_const_value(0x01)
    4314                      .dwattr $C$DW$212, DW_AT_decl_file("C:/ti/C2000Ware_MotorControl_SDK_5_04_00_00/libraries/position_se
    4315                      .dwattr $C$DW$212, DW_AT_decl_line(0x41)
    4316                      .dwattr $C$DW$212, DW_AT_decl_column(0x05)
    4317              
    4318              $C$DW$213       .dwtag  DW_TAG_enumerator
    4319                      .dwattr $C$DW$213, DW_AT_name("ENC_CALIBRATION_DONE")
    4320                      .dwattr $C$DW$213, DW_AT_const_value(0x02)
    4321                      .dwattr $C$DW$213, DW_AT_decl_file("C:/ti/C2000Ware_MotorControl_SDK_5_04_00_00/libraries/position_se
    4322                      .dwattr $C$DW$213, DW_AT_decl_line(0x42)
    4323                      .dwattr $C$DW$213, DW_AT_decl_column(0x05)
    4324              
    4325                      .dwattr $C$DW$T$110, DW_AT_decl_file("C:/ti/C2000Ware_MotorControl_SDK_5_04_00_00/libraries/position_
    4326                      .dwattr $C$DW$T$110, DW_AT_decl_line(0x3f)
    4327                      .dwattr $C$DW$T$110, DW_AT_decl_column(0x01)
    4328                      .dwendtag $C$DW$T$110
TMS320C2000 Assembler PC v22.6.2 Thu Feb  5 15:43:43 2026

Copyright (c) 1996-2018 Texas Instruments Incorporated
dual_axis_servo_drive_user_cpu.asm                                   PAGE   90

    4329              
    4330                      .dwendtag $C$DW$TU$110
    4331              
    4332              
    4333              $C$DW$TU$111    .dwtag  DW_TAG_type_unit
    4334                      .dwmtype  $C$DW$T$111
    4335              $C$DW$T$111     .dwtag  DW_TAG_typedef
    4336                      .dwattr $C$DW$T$111, DW_AT_name("ENC_Status_e")
    4337                      .dwattr $C$DW$T$111, DW_AT_type(*$C$DW$T$110)
    4338                      .dwattr $C$DW$T$111, DW_AT_decl_file("C:/ti/C2000Ware_MotorControl_SDK_5_04_00_00/libraries/position_
    4339                      .dwattr $C$DW$T$111, DW_AT_decl_line(0x43)
    4340                      .dwattr $C$DW$T$111, DW_AT_decl_column(0x03)
    4341              
    4342                      .dwendtag $C$DW$TU$111
    4343              
    4344              
    4345              $C$DW$TU$112    .dwtag  DW_TAG_type_unit
    4346                      .dwmtype  $C$DW$T$112
    4347              
    4348              $C$DW$T$112     .dwtag  DW_TAG_enumeration_type
    4349                      .dwattr $C$DW$T$112, DW_AT_byte_size(0x01)
    4350              $C$DW$214       .dwtag  DW_TAG_enumerator
    4351                      .dwattr $C$DW$214, DW_AT_name("PWW_CMP_CTR_ZERO")
    4352                      .dwattr $C$DW$214, DW_AT_const_value(0x00)
    4353                      .dwattr $C$DW$214, DW_AT_decl_file("C:/ti/C2000Ware_MotorControl_SDK_5_04_00_00/solutions/common/sens
    4354                      .dwattr $C$DW$214, DW_AT_decl_line(0x34)
    4355                      .dwattr $C$DW$214, DW_AT_decl_column(0x05)
    4356              
    4357              $C$DW$215       .dwtag  DW_TAG_enumerator
    4358                      .dwattr $C$DW$215, DW_AT_name("PWW_CMP_CTR_PRD")
    4359                      .dwattr $C$DW$215, DW_AT_const_value(0x01)
    4360                      .dwattr $C$DW$215, DW_AT_decl_file("C:/ti/C2000Ware_MotorControl_SDK_5_04_00_00/solutions/common/sens
    4361                      .dwattr $C$DW$215, DW_AT_decl_line(0x35)
    4362                      .dwattr $C$DW$215, DW_AT_decl_column(0x05)
    4363              
    4364              $C$DW$216       .dwtag  DW_TAG_enumerator
    4365                      .dwattr $C$DW$216, DW_AT_name("PWW_CMP_CTR_BOTH")
    4366                      .dwattr $C$DW$216, DW_AT_const_value(0x02)
    4367                      .dwattr $C$DW$216, DW_AT_decl_file("C:/ti/C2000Ware_MotorControl_SDK_5_04_00_00/solutions/common/sens
    4368                      .dwattr $C$DW$216, DW_AT_decl_line(0x36)
    4369                      .dwattr $C$DW$216, DW_AT_decl_column(0x05)
    4370              
    4371              $C$DW$217       .dwtag  DW_TAG_enumerator
    4372                      .dwattr $C$DW$217, DW_AT_name("PWW_CMP_IMMEDIATE")
    4373                      .dwattr $C$DW$217, DW_AT_const_value(0x03)
    4374                      .dwattr $C$DW$217, DW_AT_decl_file("C:/ti/C2000Ware_MotorControl_SDK_5_04_00_00/solutions/common/sens
    4375                      .dwattr $C$DW$217, DW_AT_decl_line(0x37)
    4376                      .dwattr $C$DW$217, DW_AT_decl_column(0x05)
    4377              
    4378                      .dwattr $C$DW$T$112, DW_AT_decl_file("C:/ti/C2000Ware_MotorControl_SDK_5_04_00_00/solutions/common/se
    4379                      .dwattr $C$DW$T$112, DW_AT_decl_line(0x33)
    4380                      .dwattr $C$DW$T$112, DW_AT_decl_column(0x01)
    4381                      .dwendtag $C$DW$T$112
    4382              
    4383                      .dwendtag $C$DW$TU$112
TMS320C2000 Assembler PC v22.6.2 Thu Feb  5 15:43:43 2026

Copyright (c) 1996-2018 Texas Instruments Incorporated
dual_axis_servo_drive_user_cpu.asm                                   PAGE   91

    4384              
    4385              
    4386              $C$DW$TU$113    .dwtag  DW_TAG_type_unit
    4387                      .dwmtype  $C$DW$T$113
    4388              $C$DW$T$113     .dwtag  DW_TAG_typedef
    4389                      .dwattr $C$DW$T$113, DW_AT_name("PWMUpdateMode_e")
    4390                      .dwattr $C$DW$T$113, DW_AT_type(*$C$DW$T$112)
    4391                      .dwattr $C$DW$T$113, DW_AT_decl_file("C:/ti/C2000Ware_MotorControl_SDK_5_04_00_00/solutions/common/se
    4392                      .dwattr $C$DW$T$113, DW_AT_decl_line(0x38)
    4393                      .dwattr $C$DW$T$113, DW_AT_decl_column(0x03)
    4394              
    4395                      .dwendtag $C$DW$TU$113
    4396              
    4397              
    4398              $C$DW$TU$114    .dwtag  DW_TAG_type_unit
    4399                      .dwmtype  $C$DW$T$114
    4400              
    4401              $C$DW$T$114     .dwtag  DW_TAG_enumeration_type
    4402                      .dwattr $C$DW$T$114, DW_AT_byte_size(0x01)
    4403              $C$DW$218       .dwtag  DW_TAG_enumerator
    4404                      .dwattr $C$DW$218, DW_AT_name("MOTOR_STOP")
    4405                      .dwattr $C$DW$218, DW_AT_const_value(0x00)
    4406                      .dwattr $C$DW$218, DW_AT_decl_file("C:/ti/C2000Ware_MotorControl_SDK_5_04_00_00/solutions/common/sens
    4407                      .dwattr $C$DW$218, DW_AT_decl_line(0x4a)
    4408                      .dwattr $C$DW$218, DW_AT_decl_column(0x05)
    4409              
    4410              $C$DW$219       .dwtag  DW_TAG_enumerator
    4411                      .dwattr $C$DW$219, DW_AT_name("MOTOR_RUN")
    4412                      .dwattr $C$DW$219, DW_AT_const_value(0x01)
    4413                      .dwattr $C$DW$219, DW_AT_decl_file("C:/ti/C2000Ware_MotorControl_SDK_5_04_00_00/solutions/common/sens
    4414                      .dwattr $C$DW$219, DW_AT_decl_line(0x4b)
    4415                      .dwattr $C$DW$219, DW_AT_decl_column(0x05)
    4416              
    4417                      .dwattr $C$DW$T$114, DW_AT_decl_file("C:/ti/C2000Ware_MotorControl_SDK_5_04_00_00/solutions/common/se
    4418                      .dwattr $C$DW$T$114, DW_AT_decl_line(0x49)
    4419                      .dwattr $C$DW$T$114, DW_AT_decl_column(0x01)
    4420                      .dwendtag $C$DW$T$114
    4421              
    4422                      .dwendtag $C$DW$TU$114
    4423              
    4424              
    4425              $C$DW$TU$115    .dwtag  DW_TAG_type_unit
    4426                      .dwmtype  $C$DW$T$115
    4427              $C$DW$T$115     .dwtag  DW_TAG_typedef
    4428                      .dwattr $C$DW$T$115, DW_AT_name("MotorRunStop_e")
    4429                      .dwattr $C$DW$T$115, DW_AT_type(*$C$DW$T$114)
    4430                      .dwattr $C$DW$T$115, DW_AT_decl_file("C:/ti/C2000Ware_MotorControl_SDK_5_04_00_00/solutions/common/se
    4431                      .dwattr $C$DW$T$115, DW_AT_decl_line(0x4c)
    4432                      .dwattr $C$DW$T$115, DW_AT_decl_column(0x03)
    4433              
    4434                      .dwendtag $C$DW$TU$115
    4435              
    4436              
    4437              $C$DW$TU$116    .dwtag  DW_TAG_type_unit
    4438                      .dwmtype  $C$DW$T$116
TMS320C2000 Assembler PC v22.6.2 Thu Feb  5 15:43:43 2026

Copyright (c) 1996-2018 Texas Instruments Incorporated
dual_axis_servo_drive_user_cpu.asm                                   PAGE   92

    4439              
    4440              $C$DW$T$116     .dwtag  DW_TAG_enumeration_type
    4441                      .dwattr $C$DW$T$116, DW_AT_byte_size(0x01)
    4442              $C$DW$220       .dwtag  DW_TAG_enumerator
    4443                      .dwattr $C$DW$220, DW_AT_name("CTRL_STOP")
    4444                      .dwattr $C$DW$220, DW_AT_const_value(0x00)
    4445                      .dwattr $C$DW$220, DW_AT_decl_file("C:/ti/C2000Ware_MotorControl_SDK_5_04_00_00/solutions/common/sens
    4446                      .dwattr $C$DW$220, DW_AT_decl_line(0x64)
    4447                      .dwattr $C$DW$220, DW_AT_decl_column(0x05)
    4448              
    4449              $C$DW$221       .dwtag  DW_TAG_enumerator
    4450                      .dwattr $C$DW$221, DW_AT_name("CTRL_RUN")
    4451                      .dwattr $C$DW$221, DW_AT_const_value(0x01)
    4452                      .dwattr $C$DW$221, DW_AT_decl_file("C:/ti/C2000Ware_MotorControl_SDK_5_04_00_00/solutions/common/sens
    4453                      .dwattr $C$DW$221, DW_AT_decl_line(0x65)
    4454                      .dwattr $C$DW$221, DW_AT_decl_column(0x05)
    4455              
    4456              $C$DW$222       .dwtag  DW_TAG_enumerator
    4457                      .dwattr $C$DW$222, DW_AT_name("CTRL_BRAKE")
    4458                      .dwattr $C$DW$222, DW_AT_const_value(0x02)
    4459                      .dwattr $C$DW$222, DW_AT_decl_file("C:/ti/C2000Ware_MotorControl_SDK_5_04_00_00/solutions/common/sens
    4460                      .dwattr $C$DW$222, DW_AT_decl_line(0x66)
    4461                      .dwattr $C$DW$222, DW_AT_decl_column(0x05)
    4462              
    4463              $C$DW$223       .dwtag  DW_TAG_enumerator
    4464                      .dwattr $C$DW$223, DW_AT_name("CTRL_RESET")
    4465                      .dwattr $C$DW$223, DW_AT_const_value(0x03)
    4466                      .dwattr $C$DW$223, DW_AT_decl_file("C:/ti/C2000Ware_MotorControl_SDK_5_04_00_00/solutions/common/sens
    4467                      .dwattr $C$DW$223, DW_AT_decl_line(0x67)
    4468                      .dwattr $C$DW$223, DW_AT_decl_column(0x05)
    4469              
    4470              $C$DW$224       .dwtag  DW_TAG_enumerator
    4471                      .dwattr $C$DW$224, DW_AT_name("CTRL_FAULT")
    4472                      .dwattr $C$DW$224, DW_AT_const_value(0x04)
    4473                      .dwattr $C$DW$224, DW_AT_decl_file("C:/ti/C2000Ware_MotorControl_SDK_5_04_00_00/solutions/common/sens
    4474                      .dwattr $C$DW$224, DW_AT_decl_line(0x68)
    4475                      .dwattr $C$DW$224, DW_AT_decl_column(0x05)
    4476              
    4477                      .dwattr $C$DW$T$116, DW_AT_decl_file("C:/ti/C2000Ware_MotorControl_SDK_5_04_00_00/solutions/common/se
    4478                      .dwattr $C$DW$T$116, DW_AT_decl_line(0x63)
    4479                      .dwattr $C$DW$T$116, DW_AT_decl_column(0x01)
    4480                      .dwendtag $C$DW$T$116
    4481              
    4482                      .dwendtag $C$DW$TU$116
    4483              
    4484              
    4485              $C$DW$TU$117    .dwtag  DW_TAG_type_unit
    4486                      .dwmtype  $C$DW$T$117
    4487              $C$DW$T$117     .dwtag  DW_TAG_typedef
    4488                      .dwattr $C$DW$T$117, DW_AT_name("CtrlState_e")
    4489                      .dwattr $C$DW$T$117, DW_AT_type(*$C$DW$T$116)
    4490                      .dwattr $C$DW$T$117, DW_AT_decl_file("C:/ti/C2000Ware_MotorControl_SDK_5_04_00_00/solutions/common/se
    4491                      .dwattr $C$DW$T$117, DW_AT_decl_line(0x69)
    4492                      .dwattr $C$DW$T$117, DW_AT_decl_column(0x03)
    4493              
TMS320C2000 Assembler PC v22.6.2 Thu Feb  5 15:43:43 2026

Copyright (c) 1996-2018 Texas Instruments Incorporated
dual_axis_servo_drive_user_cpu.asm                                   PAGE   93

    4494                      .dwendtag $C$DW$TU$117
    4495              
    4496              
    4497              $C$DW$TU$120    .dwtag  DW_TAG_type_unit
    4498                      .dwmtype  $C$DW$T$120
    4499              
    4500              $C$DW$T$120     .dwtag  DW_TAG_enumeration_type
    4501                      .dwattr $C$DW$T$120, DW_AT_byte_size(0x01)
    4502              $C$DW$225       .dwtag  DW_TAG_enumerator
    4503                      .dwattr $C$DW$225, DW_AT_name("ADC_SOC_NUMBER0")
    4504                      .dwattr $C$DW$225, DW_AT_const_value(0x00)
    4505                      .dwattr $C$DW$225, DW_AT_decl_file("C:/ti/C2000Ware_MotorControl_SDK_5_04_00_00/c2000ware/driverlib/f
    4506                      .dwattr $C$DW$225, DW_AT_decl_line(0x108)
    4507                      .dwattr $C$DW$225, DW_AT_decl_column(0x05)
    4508              
    4509              $C$DW$226       .dwtag  DW_TAG_enumerator
    4510                      .dwattr $C$DW$226, DW_AT_name("ADC_SOC_NUMBER1")
    4511                      .dwattr $C$DW$226, DW_AT_const_value(0x01)
    4512                      .dwattr $C$DW$226, DW_AT_decl_file("C:/ti/C2000Ware_MotorControl_SDK_5_04_00_00/c2000ware/driverlib/f
    4513                      .dwattr $C$DW$226, DW_AT_decl_line(0x109)
    4514                      .dwattr $C$DW$226, DW_AT_decl_column(0x05)
    4515              
    4516              $C$DW$227       .dwtag  DW_TAG_enumerator
    4517                      .dwattr $C$DW$227, DW_AT_name("ADC_SOC_NUMBER2")
    4518                      .dwattr $C$DW$227, DW_AT_const_value(0x02)
    4519                      .dwattr $C$DW$227, DW_AT_decl_file("C:/ti/C2000Ware_MotorControl_SDK_5_04_00_00/c2000ware/driverlib/f
    4520                      .dwattr $C$DW$227, DW_AT_decl_line(0x10a)
    4521                      .dwattr $C$DW$227, DW_AT_decl_column(0x05)
    4522              
    4523              $C$DW$228       .dwtag  DW_TAG_enumerator
    4524                      .dwattr $C$DW$228, DW_AT_name("ADC_SOC_NUMBER3")
    4525                      .dwattr $C$DW$228, DW_AT_const_value(0x03)
    4526                      .dwattr $C$DW$228, DW_AT_decl_file("C:/ti/C2000Ware_MotorControl_SDK_5_04_00_00/c2000ware/driverlib/f
    4527                      .dwattr $C$DW$228, DW_AT_decl_line(0x10b)
    4528                      .dwattr $C$DW$228, DW_AT_decl_column(0x05)
    4529              
    4530              $C$DW$229       .dwtag  DW_TAG_enumerator
    4531                      .dwattr $C$DW$229, DW_AT_name("ADC_SOC_NUMBER4")
    4532                      .dwattr $C$DW$229, DW_AT_const_value(0x04)
    4533                      .dwattr $C$DW$229, DW_AT_decl_file("C:/ti/C2000Ware_MotorControl_SDK_5_04_00_00/c2000ware/driverlib/f
    4534                      .dwattr $C$DW$229, DW_AT_decl_line(0x10c)
    4535                      .dwattr $C$DW$229, DW_AT_decl_column(0x05)
    4536              
    4537              $C$DW$230       .dwtag  DW_TAG_enumerator
    4538                      .dwattr $C$DW$230, DW_AT_name("ADC_SOC_NUMBER5")
    4539                      .dwattr $C$DW$230, DW_AT_const_value(0x05)
    4540                      .dwattr $C$DW$230, DW_AT_decl_file("C:/ti/C2000Ware_MotorControl_SDK_5_04_00_00/c2000ware/driverlib/f
    4541                      .dwattr $C$DW$230, DW_AT_decl_line(0x10d)
    4542                      .dwattr $C$DW$230, DW_AT_decl_column(0x05)
    4543              
    4544              $C$DW$231       .dwtag  DW_TAG_enumerator
    4545                      .dwattr $C$DW$231, DW_AT_name("ADC_SOC_NUMBER6")
    4546                      .dwattr $C$DW$231, DW_AT_const_value(0x06)
    4547                      .dwattr $C$DW$231, DW_AT_decl_file("C:/ti/C2000Ware_MotorControl_SDK_5_04_00_00/c2000ware/driverlib/f
    4548                      .dwattr $C$DW$231, DW_AT_decl_line(0x10e)
TMS320C2000 Assembler PC v22.6.2 Thu Feb  5 15:43:43 2026

Copyright (c) 1996-2018 Texas Instruments Incorporated
dual_axis_servo_drive_user_cpu.asm                                   PAGE   94

    4549                      .dwattr $C$DW$231, DW_AT_decl_column(0x05)
    4550              
    4551              $C$DW$232       .dwtag  DW_TAG_enumerator
    4552                      .dwattr $C$DW$232, DW_AT_name("ADC_SOC_NUMBER7")
    4553                      .dwattr $C$DW$232, DW_AT_const_value(0x07)
    4554                      .dwattr $C$DW$232, DW_AT_decl_file("C:/ti/C2000Ware_MotorControl_SDK_5_04_00_00/c2000ware/driverlib/f
    4555                      .dwattr $C$DW$232, DW_AT_decl_line(0x10f)
    4556                      .dwattr $C$DW$232, DW_AT_decl_column(0x05)
    4557              
    4558              $C$DW$233       .dwtag  DW_TAG_enumerator
    4559                      .dwattr $C$DW$233, DW_AT_name("ADC_SOC_NUMBER8")
    4560                      .dwattr $C$DW$233, DW_AT_const_value(0x08)
    4561                      .dwattr $C$DW$233, DW_AT_decl_file("C:/ti/C2000Ware_MotorControl_SDK_5_04_00_00/c2000ware/driverlib/f
    4562                      .dwattr $C$DW$233, DW_AT_decl_line(0x110)
    4563                      .dwattr $C$DW$233, DW_AT_decl_column(0x05)
    4564              
    4565              $C$DW$234       .dwtag  DW_TAG_enumerator
    4566                      .dwattr $C$DW$234, DW_AT_name("ADC_SOC_NUMBER9")
    4567                      .dwattr $C$DW$234, DW_AT_const_value(0x09)
    4568                      .dwattr $C$DW$234, DW_AT_decl_file("C:/ti/C2000Ware_MotorControl_SDK_5_04_00_00/c2000ware/driverlib/f
    4569                      .dwattr $C$DW$234, DW_AT_decl_line(0x111)
    4570                      .dwattr $C$DW$234, DW_AT_decl_column(0x05)
    4571              
    4572              $C$DW$235       .dwtag  DW_TAG_enumerator
    4573                      .dwattr $C$DW$235, DW_AT_name("ADC_SOC_NUMBER10")
    4574                      .dwattr $C$DW$235, DW_AT_const_value(0x0a)
    4575                      .dwattr $C$DW$235, DW_AT_decl_file("C:/ti/C2000Ware_MotorControl_SDK_5_04_00_00/c2000ware/driverlib/f
    4576                      .dwattr $C$DW$235, DW_AT_decl_line(0x112)
    4577                      .dwattr $C$DW$235, DW_AT_decl_column(0x05)
    4578              
    4579              $C$DW$236       .dwtag  DW_TAG_enumerator
    4580                      .dwattr $C$DW$236, DW_AT_name("ADC_SOC_NUMBER11")
    4581                      .dwattr $C$DW$236, DW_AT_const_value(0x0b)
    4582                      .dwattr $C$DW$236, DW_AT_decl_file("C:/ti/C2000Ware_MotorControl_SDK_5_04_00_00/c2000ware/driverlib/f
    4583                      .dwattr $C$DW$236, DW_AT_decl_line(0x113)
    4584                      .dwattr $C$DW$236, DW_AT_decl_column(0x05)
    4585              
    4586              $C$DW$237       .dwtag  DW_TAG_enumerator
    4587                      .dwattr $C$DW$237, DW_AT_name("ADC_SOC_NUMBER12")
    4588                      .dwattr $C$DW$237, DW_AT_const_value(0x0c)
    4589                      .dwattr $C$DW$237, DW_AT_decl_file("C:/ti/C2000Ware_MotorControl_SDK_5_04_00_00/c2000ware/driverlib/f
    4590                      .dwattr $C$DW$237, DW_AT_decl_line(0x114)
    4591                      .dwattr $C$DW$237, DW_AT_decl_column(0x05)
    4592              
    4593              $C$DW$238       .dwtag  DW_TAG_enumerator
    4594                      .dwattr $C$DW$238, DW_AT_name("ADC_SOC_NUMBER13")
    4595                      .dwattr $C$DW$238, DW_AT_const_value(0x0d)
    4596                      .dwattr $C$DW$238, DW_AT_decl_file("C:/ti/C2000Ware_MotorControl_SDK_5_04_00_00/c2000ware/driverlib/f
    4597                      .dwattr $C$DW$238, DW_AT_decl_line(0x115)
    4598                      .dwattr $C$DW$238, DW_AT_decl_column(0x05)
    4599              
    4600              $C$DW$239       .dwtag  DW_TAG_enumerator
    4601                      .dwattr $C$DW$239, DW_AT_name("ADC_SOC_NUMBER14")
    4602                      .dwattr $C$DW$239, DW_AT_const_value(0x0e)
    4603                      .dwattr $C$DW$239, DW_AT_decl_file("C:/ti/C2000Ware_MotorControl_SDK_5_04_00_00/c2000ware/driverlib/f
TMS320C2000 Assembler PC v22.6.2 Thu Feb  5 15:43:43 2026

Copyright (c) 1996-2018 Texas Instruments Incorporated
dual_axis_servo_drive_user_cpu.asm                                   PAGE   95

    4604                      .dwattr $C$DW$239, DW_AT_decl_line(0x116)
    4605                      .dwattr $C$DW$239, DW_AT_decl_column(0x05)
    4606              
    4607              $C$DW$240       .dwtag  DW_TAG_enumerator
    4608                      .dwattr $C$DW$240, DW_AT_name("ADC_SOC_NUMBER15")
    4609                      .dwattr $C$DW$240, DW_AT_const_value(0x0f)
    4610                      .dwattr $C$DW$240, DW_AT_decl_file("C:/ti/C2000Ware_MotorControl_SDK_5_04_00_00/c2000ware/driverlib/f
    4611                      .dwattr $C$DW$240, DW_AT_decl_line(0x117)
    4612                      .dwattr $C$DW$240, DW_AT_decl_column(0x05)
    4613              
    4614                      .dwattr $C$DW$T$120, DW_AT_decl_file("C:/ti/C2000Ware_MotorControl_SDK_5_04_00_00/c2000ware/driverlib
    4615                      .dwattr $C$DW$T$120, DW_AT_decl_line(0x107)
    4616                      .dwattr $C$DW$T$120, DW_AT_decl_column(0x01)
    4617                      .dwendtag $C$DW$T$120
    4618              
    4619                      .dwendtag $C$DW$TU$120
    4620              
    4621              
    4622              $C$DW$TU$121    .dwtag  DW_TAG_type_unit
    4623                      .dwmtype  $C$DW$T$121
    4624              $C$DW$T$121     .dwtag  DW_TAG_typedef
    4625                      .dwattr $C$DW$T$121, DW_AT_name("ADC_SOCNumber")
    4626                      .dwattr $C$DW$T$121, DW_AT_type(*$C$DW$T$120)
    4627                      .dwattr $C$DW$T$121, DW_AT_decl_file("C:/ti/C2000Ware_MotorControl_SDK_5_04_00_00/c2000ware/driverlib
    4628                      .dwattr $C$DW$T$121, DW_AT_decl_line(0x118)
    4629                      .dwattr $C$DW$T$121, DW_AT_decl_column(0x03)
    4630              
    4631                      .dwendtag $C$DW$TU$121
    4632              
    4633              
    4634              $C$DW$TU$19     .dwtag  DW_TAG_type_unit
    4635                      .dwmtype  $C$DW$T$19
    4636              
    4637              $C$DW$T$19      .dwtag  DW_TAG_structure_type
    4638                      .dwattr $C$DW$T$19, DW_AT_byte_size(0x04)
    4639              $C$DW$241       .dwtag  DW_TAG_member
    4640                      .dwattr $C$DW$241, DW_AT_type(*$C$DW$T$12)
    4641                      .dwattr $C$DW$241, DW_AT_name("quot")
    4642                      .dwattr $C$DW$241, DW_AT_accessibility(DW_ACCESS_public)
    4643                      .dwattr $C$DW$241, DW_AT_decl_file("C:/ti/ccs2031/ccs/tools/compiler/ti-cgt-c2000_22.6.2.LTS/include/
    4644                      .dwattr $C$DW$241, DW_AT_decl_line(0x59)
    4645                      .dwattr $C$DW$241, DW_AT_decl_column(0x17)
    4646              
    4647              $C$DW$242       .dwtag  DW_TAG_member
    4648                      .dwattr $C$DW$242, DW_AT_type(*$C$DW$T$12)
    4649                      .dwattr $C$DW$242, DW_AT_name("rem")
    4650                      .dwattr $C$DW$242, DW_AT_data_member_location[DW_OP_plus_uconst 0x2]
    4651                      .dwattr $C$DW$242, DW_AT_accessibility(DW_ACCESS_public)
    4652                      .dwattr $C$DW$242, DW_AT_decl_file("C:/ti/ccs2031/ccs/tools/compiler/ti-cgt-c2000_22.6.2.LTS/include/
    4653                      .dwattr $C$DW$242, DW_AT_decl_line(0x59)
    4654                      .dwattr $C$DW$242, DW_AT_decl_column(0x1d)
    4655              
    4656                      .dwattr $C$DW$T$19, DW_AT_decl_file("C:/ti/ccs2031/ccs/tools/compiler/ti-cgt-c2000_22.6.2.LTS/include
    4657                      .dwattr $C$DW$T$19, DW_AT_decl_line(0x59)
    4658                      .dwattr $C$DW$T$19, DW_AT_decl_column(0x10)
TMS320C2000 Assembler PC v22.6.2 Thu Feb  5 15:43:43 2026

Copyright (c) 1996-2018 Texas Instruments Incorporated
dual_axis_servo_drive_user_cpu.asm                                   PAGE   96

    4659                      .dwendtag $C$DW$T$19
    4660              
    4661                      .dwendtag $C$DW$TU$19
    4662              
    4663              
    4664              $C$DW$TU$123    .dwtag  DW_TAG_type_unit
    4665                      .dwmtype  $C$DW$T$123
    4666              $C$DW$T$123     .dwtag  DW_TAG_typedef
    4667                      .dwattr $C$DW$T$123, DW_AT_name("ldiv_t")
    4668                      .dwattr $C$DW$T$123, DW_AT_type(*$C$DW$T$19)
    4669                      .dwattr $C$DW$T$123, DW_AT_decl_file("C:/ti/ccs2031/ccs/tools/compiler/ti-cgt-c2000_22.6.2.LTS/includ
    4670                      .dwattr $C$DW$T$123, DW_AT_decl_line(0x59)
    4671                      .dwattr $C$DW$T$123, DW_AT_decl_column(0x24)
    4672              
    4673                      .dwendtag $C$DW$TU$123
    4674              
    4675              
    4676              $C$DW$TU$20     .dwtag  DW_TAG_type_unit
    4677                      .dwmtype  $C$DW$T$20
    4678              
    4679              $C$DW$T$20      .dwtag  DW_TAG_structure_type
    4680                      .dwattr $C$DW$T$20, DW_AT_byte_size(0x08)
    4681              $C$DW$243       .dwtag  DW_TAG_member
    4682                      .dwattr $C$DW$243, DW_AT_type(*$C$DW$T$14)
    4683                      .dwattr $C$DW$243, DW_AT_name("quot")
    4684                      .dwattr $C$DW$243, DW_AT_accessibility(DW_ACCESS_public)
    4685                      .dwattr $C$DW$243, DW_AT_decl_file("C:/ti/ccs2031/ccs/tools/compiler/ti-cgt-c2000_22.6.2.LTS/include/
    4686                      .dwattr $C$DW$243, DW_AT_decl_line(0x63)
    4687                      .dwattr $C$DW$243, DW_AT_decl_column(0x1c)
    4688              
    4689              $C$DW$244       .dwtag  DW_TAG_member
    4690                      .dwattr $C$DW$244, DW_AT_type(*$C$DW$T$14)
    4691                      .dwattr $C$DW$244, DW_AT_name("rem")
    4692                      .dwattr $C$DW$244, DW_AT_data_member_location[DW_OP_plus_uconst 0x4]
    4693                      .dwattr $C$DW$244, DW_AT_accessibility(DW_ACCESS_public)
    4694                      .dwattr $C$DW$244, DW_AT_decl_file("C:/ti/ccs2031/ccs/tools/compiler/ti-cgt-c2000_22.6.2.LTS/include/
    4695                      .dwattr $C$DW$244, DW_AT_decl_line(0x63)
    4696                      .dwattr $C$DW$244, DW_AT_decl_column(0x22)
    4697              
    4698                      .dwattr $C$DW$T$20, DW_AT_decl_file("C:/ti/ccs2031/ccs/tools/compiler/ti-cgt-c2000_22.6.2.LTS/include
    4699                      .dwattr $C$DW$T$20, DW_AT_decl_line(0x63)
    4700                      .dwattr $C$DW$T$20, DW_AT_decl_column(0x10)
    4701                      .dwendtag $C$DW$T$20
    4702              
    4703                      .dwendtag $C$DW$TU$20
    4704              
    4705              
    4706              $C$DW$TU$126    .dwtag  DW_TAG_type_unit
    4707                      .dwmtype  $C$DW$T$126
    4708              $C$DW$T$126     .dwtag  DW_TAG_typedef
    4709                      .dwattr $C$DW$T$126, DW_AT_name("lldiv_t")
    4710                      .dwattr $C$DW$T$126, DW_AT_type(*$C$DW$T$20)
    4711                      .dwattr $C$DW$T$126, DW_AT_decl_file("C:/ti/ccs2031/ccs/tools/compiler/ti-cgt-c2000_22.6.2.LTS/includ
    4712                      .dwattr $C$DW$T$126, DW_AT_decl_line(0x63)
    4713                      .dwattr $C$DW$T$126, DW_AT_decl_column(0x29)
TMS320C2000 Assembler PC v22.6.2 Thu Feb  5 15:43:43 2026

Copyright (c) 1996-2018 Texas Instruments Incorporated
dual_axis_servo_drive_user_cpu.asm                                   PAGE   97

    4714              
    4715                      .dwendtag $C$DW$TU$126
    4716              
    4717              
    4718              $C$DW$TU$22     .dwtag  DW_TAG_type_unit
    4719                      .dwmtype  $C$DW$T$22
    4720              
    4721              $C$DW$T$22      .dwtag  DW_TAG_structure_type
    4722                      .dwattr $C$DW$T$22, DW_AT_byte_size(0x0c)
    4723              $C$DW$245       .dwtag  DW_TAG_member
    4724                      .dwattr $C$DW$245, DW_AT_type(*$C$DW$T$21)
    4725                      .dwattr $C$DW$245, DW_AT_name("Freq")
    4726                      .dwattr $C$DW$245, DW_AT_accessibility(DW_ACCESS_public)
    4727                      .dwattr $C$DW$245, DW_AT_decl_file("C:/ti/C2000Ware_MotorControl_SDK_5_04_00_00/libraries/utilities/m
    4728                      .dwattr $C$DW$245, DW_AT_decl_line(0x29)
    4729                      .dwattr $C$DW$245, DW_AT_decl_column(0x1d)
    4730              
    4731              $C$DW$246       .dwtag  DW_TAG_member
    4732                      .dwattr $C$DW$246, DW_AT_type(*$C$DW$T$21)
    4733                      .dwattr $C$DW$246, DW_AT_name("StepAngleMax")
    4734                      .dwattr $C$DW$246, DW_AT_data_member_location[DW_OP_plus_uconst 0x2]
    4735                      .dwattr $C$DW$246, DW_AT_accessibility(DW_ACCESS_public)
    4736                      .dwattr $C$DW$246, DW_AT_decl_file("C:/ti/C2000Ware_MotorControl_SDK_5_04_00_00/libraries/utilities/m
    4737                      .dwattr $C$DW$246, DW_AT_decl_line(0x2a)
    4738                      .dwattr $C$DW$246, DW_AT_decl_column(0x11)
    4739              
    4740              $C$DW$247       .dwtag  DW_TAG_member
    4741                      .dwattr $C$DW$247, DW_AT_type(*$C$DW$T$21)
    4742                      .dwattr $C$DW$247, DW_AT_name("Angle")
    4743                      .dwattr $C$DW$247, DW_AT_data_member_location[DW_OP_plus_uconst 0x4]
    4744                      .dwattr $C$DW$247, DW_AT_accessibility(DW_ACCESS_public)
    4745                      .dwattr $C$DW$247, DW_AT_decl_file("C:/ti/C2000Ware_MotorControl_SDK_5_04_00_00/libraries/utilities/m
    4746                      .dwattr $C$DW$247, DW_AT_decl_line(0x2b)
    4747                      .dwattr $C$DW$247, DW_AT_decl_column(0x11)
    4748              
    4749              $C$DW$248       .dwtag  DW_TAG_member
    4750                      .dwattr $C$DW$248, DW_AT_type(*$C$DW$T$21)
    4751                      .dwattr $C$DW$248, DW_AT_name("Gain")
    4752                      .dwattr $C$DW$248, DW_AT_data_member_location[DW_OP_plus_uconst 0x6]
    4753                      .dwattr $C$DW$248, DW_AT_accessibility(DW_ACCESS_public)
    4754                      .dwattr $C$DW$248, DW_AT_decl_file("C:/ti/C2000Ware_MotorControl_SDK_5_04_00_00/libraries/utilities/m
    4755                      .dwattr $C$DW$248, DW_AT_decl_line(0x2c)
    4756                      .dwattr $C$DW$248, DW_AT_decl_column(0x11)
    4757              
    4758              $C$DW$249       .dwtag  DW_TAG_member
    4759                      .dwattr $C$DW$249, DW_AT_type(*$C$DW$T$21)
    4760                      .dwattr $C$DW$249, DW_AT_name("Out")
    4761                      .dwattr $C$DW$249, DW_AT_data_member_location[DW_OP_plus_uconst 0x8]
    4762                      .dwattr $C$DW$249, DW_AT_accessibility(DW_ACCESS_public)
    4763                      .dwattr $C$DW$249, DW_AT_decl_file("C:/ti/C2000Ware_MotorControl_SDK_5_04_00_00/libraries/utilities/m
    4764                      .dwattr $C$DW$249, DW_AT_decl_line(0x2d)
    4765                      .dwattr $C$DW$249, DW_AT_decl_column(0x11)
    4766              
    4767              $C$DW$250       .dwtag  DW_TAG_member
    4768                      .dwattr $C$DW$250, DW_AT_type(*$C$DW$T$21)
TMS320C2000 Assembler PC v22.6.2 Thu Feb  5 15:43:43 2026

Copyright (c) 1996-2018 Texas Instruments Incorporated
dual_axis_servo_drive_user_cpu.asm                                   PAGE   98

    4769                      .dwattr $C$DW$250, DW_AT_name("Offset")
    4770                      .dwattr $C$DW$250, DW_AT_data_member_location[DW_OP_plus_uconst 0xa]
    4771                      .dwattr $C$DW$250, DW_AT_accessibility(DW_ACCESS_public)
    4772                      .dwattr $C$DW$250, DW_AT_decl_file("C:/ti/C2000Ware_MotorControl_SDK_5_04_00_00/libraries/utilities/m
    4773                      .dwattr $C$DW$250, DW_AT_decl_line(0x2e)
    4774                      .dwattr $C$DW$250, DW_AT_decl_column(0x11)
    4775              
    4776                      .dwattr $C$DW$T$22, DW_AT_decl_file("C:/ti/C2000Ware_MotorControl_SDK_5_04_00_00/libraries/utilities/
    4777                      .dwattr $C$DW$T$22, DW_AT_decl_line(0x29)
    4778                      .dwattr $C$DW$T$22, DW_AT_decl_column(0x10)
    4779                      .dwendtag $C$DW$T$22
    4780              
    4781                      .dwendtag $C$DW$TU$22
    4782              
    4783              
    4784              $C$DW$TU$88     .dwtag  DW_TAG_type_unit
    4785                      .dwmtype  $C$DW$T$88
    4786              $C$DW$T$88      .dwtag  DW_TAG_typedef
    4787                      .dwattr $C$DW$T$88, DW_AT_name("RAMPGEN")
    4788                      .dwattr $C$DW$T$88, DW_AT_type(*$C$DW$T$22)
    4789                      .dwattr $C$DW$T$88, DW_AT_decl_file("C:/ti/C2000Ware_MotorControl_SDK_5_04_00_00/libraries/utilities/
    4790                      .dwattr $C$DW$T$88, DW_AT_decl_line(0x2f)
    4791                      .dwattr $C$DW$T$88, DW_AT_decl_column(0x0d)
    4792              
    4793                      .dwendtag $C$DW$TU$88
    4794              
    4795              
    4796              $C$DW$TU$25     .dwtag  DW_TAG_type_unit
    4797                      .dwmtype  $C$DW$T$25
    4798              
    4799              $C$DW$T$25      .dwtag  DW_TAG_structure_type
    4800                      .dwattr $C$DW$T$25, DW_AT_byte_size(0x10)
    4801              $C$DW$251       .dwtag  DW_TAG_member
    4802                      .dwattr $C$DW$251, DW_AT_type(*$C$DW$T$21)
    4803                      .dwattr $C$DW$251, DW_AT_name("TargetValue")
    4804                      .dwattr $C$DW$251, DW_AT_accessibility(DW_ACCESS_public)
    4805                      .dwattr $C$DW$251, DW_AT_decl_file("C:/ti/C2000Ware_MotorControl_SDK_5_04_00_00/libraries/utilities/m
    4806                      .dwattr $C$DW$251, DW_AT_decl_line(0x2b)
    4807                      .dwattr $C$DW$251, DW_AT_decl_column(0x0f)
    4808              
    4809              $C$DW$252       .dwtag  DW_TAG_member
    4810                      .dwattr $C$DW$252, DW_AT_type(*$C$DW$T$24)
    4811                      .dwattr $C$DW$252, DW_AT_name("RampDelayMax")
    4812                      .dwattr $C$DW$252, DW_AT_data_member_location[DW_OP_plus_uconst 0x2]
    4813                      .dwattr $C$DW$252, DW_AT_accessibility(DW_ACCESS_public)
    4814                      .dwattr $C$DW$252, DW_AT_decl_file("C:/ti/C2000Ware_MotorControl_SDK_5_04_00_00/libraries/utilities/m
    4815                      .dwattr $C$DW$252, DW_AT_decl_line(0x2c)
    4816                      .dwattr $C$DW$252, DW_AT_decl_column(0x0f)
    4817              
    4818              $C$DW$253       .dwtag  DW_TAG_member
    4819                      .dwattr $C$DW$253, DW_AT_type(*$C$DW$T$21)
    4820                      .dwattr $C$DW$253, DW_AT_name("RampLowLimit")
    4821                      .dwattr $C$DW$253, DW_AT_data_member_location[DW_OP_plus_uconst 0x4]
    4822                      .dwattr $C$DW$253, DW_AT_accessibility(DW_ACCESS_public)
    4823                      .dwattr $C$DW$253, DW_AT_decl_file("C:/ti/C2000Ware_MotorControl_SDK_5_04_00_00/libraries/utilities/m
TMS320C2000 Assembler PC v22.6.2 Thu Feb  5 15:43:43 2026

Copyright (c) 1996-2018 Texas Instruments Incorporated
dual_axis_servo_drive_user_cpu.asm                                   PAGE   99

    4824                      .dwattr $C$DW$253, DW_AT_decl_line(0x2d)
    4825                      .dwattr $C$DW$253, DW_AT_decl_column(0x0f)
    4826              
    4827              $C$DW$254       .dwtag  DW_TAG_member
    4828                      .dwattr $C$DW$254, DW_AT_type(*$C$DW$T$21)
    4829                      .dwattr $C$DW$254, DW_AT_name("RampHighLimit")
    4830                      .dwattr $C$DW$254, DW_AT_data_member_location[DW_OP_plus_uconst 0x6]
    4831                      .dwattr $C$DW$254, DW_AT_accessibility(DW_ACCESS_public)
    4832                      .dwattr $C$DW$254, DW_AT_decl_file("C:/ti/C2000Ware_MotorControl_SDK_5_04_00_00/libraries/utilities/m
    4833                      .dwattr $C$DW$254, DW_AT_decl_line(0x2e)
    4834                      .dwattr $C$DW$254, DW_AT_decl_column(0x0f)
    4835              
    4836              $C$DW$255       .dwtag  DW_TAG_member
    4837                      .dwattr $C$DW$255, DW_AT_type(*$C$DW$T$24)
    4838                      .dwattr $C$DW$255, DW_AT_name("RampDelayCount")
    4839                      .dwattr $C$DW$255, DW_AT_data_member_location[DW_OP_plus_uconst 0x8]
    4840                      .dwattr $C$DW$255, DW_AT_accessibility(DW_ACCESS_public)
    4841                      .dwattr $C$DW$255, DW_AT_decl_file("C:/ti/C2000Ware_MotorControl_SDK_5_04_00_00/libraries/utilities/m
    4842                      .dwattr $C$DW$255, DW_AT_decl_line(0x2f)
    4843                      .dwattr $C$DW$255, DW_AT_decl_column(0x0c)
    4844              
    4845              $C$DW$256       .dwtag  DW_TAG_member
    4846                      .dwattr $C$DW$256, DW_AT_type(*$C$DW$T$21)
    4847                      .dwattr $C$DW$256, DW_AT_name("SetpointValue")
    4848                      .dwattr $C$DW$256, DW_AT_data_member_location[DW_OP_plus_uconst 0xa]
    4849                      .dwattr $C$DW$256, DW_AT_accessibility(DW_ACCESS_public)
    4850                      .dwattr $C$DW$256, DW_AT_decl_file("C:/ti/C2000Ware_MotorControl_SDK_5_04_00_00/libraries/utilities/m
    4851                      .dwattr $C$DW$256, DW_AT_decl_line(0x30)
    4852                      .dwattr $C$DW$256, DW_AT_decl_column(0x0c)
    4853              
    4854              $C$DW$257       .dwtag  DW_TAG_member
    4855                      .dwattr $C$DW$257, DW_AT_type(*$C$DW$T$24)
    4856                      .dwattr $C$DW$257, DW_AT_name("EqualFlag")
    4857                      .dwattr $C$DW$257, DW_AT_data_member_location[DW_OP_plus_uconst 0xc]
    4858                      .dwattr $C$DW$257, DW_AT_accessibility(DW_ACCESS_public)
    4859                      .dwattr $C$DW$257, DW_AT_decl_file("C:/ti/C2000Ware_MotorControl_SDK_5_04_00_00/libraries/utilities/m
    4860                      .dwattr $C$DW$257, DW_AT_decl_line(0x31)
    4861                      .dwattr $C$DW$257, DW_AT_decl_column(0x0c)
    4862              
    4863              $C$DW$258       .dwtag  DW_TAG_member
    4864                      .dwattr $C$DW$258, DW_AT_type(*$C$DW$T$21)
    4865                      .dwattr $C$DW$258, DW_AT_name("Tmp")
    4866                      .dwattr $C$DW$258, DW_AT_data_member_location[DW_OP_plus_uconst 0xe]
    4867                      .dwattr $C$DW$258, DW_AT_accessibility(DW_ACCESS_public)
    4868                      .dwattr $C$DW$258, DW_AT_decl_file("C:/ti/C2000Ware_MotorControl_SDK_5_04_00_00/libraries/utilities/m
    4869                      .dwattr $C$DW$258, DW_AT_decl_line(0x32)
    4870                      .dwattr $C$DW$258, DW_AT_decl_column(0x0c)
    4871              
    4872                      .dwattr $C$DW$T$25, DW_AT_decl_file("C:/ti/C2000Ware_MotorControl_SDK_5_04_00_00/libraries/utilities/
    4873                      .dwattr $C$DW$T$25, DW_AT_decl_line(0x2a)
    4874                      .dwattr $C$DW$T$25, DW_AT_decl_column(0x10)
    4875                      .dwendtag $C$DW$T$25
    4876              
    4877                      .dwendtag $C$DW$TU$25
    4878              
TMS320C2000 Assembler PC v22.6.2 Thu Feb  5 15:43:43 2026

Copyright (c) 1996-2018 Texas Instruments Incorporated
dual_axis_servo_drive_user_cpu.asm                                   PAGE  100

    4879              
    4880              $C$DW$TU$89     .dwtag  DW_TAG_type_unit
    4881                      .dwmtype  $C$DW$T$89
    4882              $C$DW$T$89      .dwtag  DW_TAG_typedef
    4883                      .dwattr $C$DW$T$89, DW_AT_name("RMPCNTL")
    4884                      .dwattr $C$DW$T$89, DW_AT_type(*$C$DW$T$25)
    4885                      .dwattr $C$DW$T$89, DW_AT_decl_file("C:/ti/C2000Ware_MotorControl_SDK_5_04_00_00/libraries/utilities/
    4886                      .dwattr $C$DW$T$89, DW_AT_decl_line(0x33)
    4887                      .dwattr $C$DW$T$89, DW_AT_decl_column(0x03)
    4888              
    4889                      .dwendtag $C$DW$TU$89
    4890              
    4891              
    4892              $C$DW$TU$26     .dwtag  DW_TAG_type_unit
    4893                      .dwmtype  $C$DW$T$26
    4894              
    4895              $C$DW$T$26      .dwtag  DW_TAG_structure_type
    4896                      .dwattr $C$DW$T$26, DW_AT_byte_size(0x0a)
    4897              $C$DW$259       .dwtag  DW_TAG_member
    4898                      .dwattr $C$DW$259, DW_AT_type(*$C$DW$T$21)
    4899                      .dwattr $C$DW$259, DW_AT_name("As")
    4900                      .dwattr $C$DW$259, DW_AT_accessibility(DW_ACCESS_public)
    4901                      .dwattr $C$DW$259, DW_AT_decl_file("C:/ti/C2000Ware_MotorControl_SDK_5_04_00_00/libraries/utilities/m
    4902                      .dwattr $C$DW$259, DW_AT_decl_line(0x2a)
    4903                      .dwattr $C$DW$259, DW_AT_decl_column(0x1e)
    4904              
    4905              $C$DW$260       .dwtag  DW_TAG_member
    4906                      .dwattr $C$DW$260, DW_AT_type(*$C$DW$T$21)
    4907                      .dwattr $C$DW$260, DW_AT_name("Bs")
    4908                      .dwattr $C$DW$260, DW_AT_data_member_location[DW_OP_plus_uconst 0x2]
    4909                      .dwattr $C$DW$260, DW_AT_accessibility(DW_ACCESS_public)
    4910                      .dwattr $C$DW$260, DW_AT_decl_file("C:/ti/C2000Ware_MotorControl_SDK_5_04_00_00/libraries/utilities/m
    4911                      .dwattr $C$DW$260, DW_AT_decl_line(0x2b)
    4912                      .dwattr $C$DW$260, DW_AT_decl_column(0x12)
    4913              
    4914              $C$DW$261       .dwtag  DW_TAG_member
    4915                      .dwattr $C$DW$261, DW_AT_type(*$C$DW$T$21)
    4916                      .dwattr $C$DW$261, DW_AT_name("Cs")
    4917                      .dwattr $C$DW$261, DW_AT_data_member_location[DW_OP_plus_uconst 0x4]
    4918                      .dwattr $C$DW$261, DW_AT_accessibility(DW_ACCESS_public)
    4919                      .dwattr $C$DW$261, DW_AT_decl_file("C:/ti/C2000Ware_MotorControl_SDK_5_04_00_00/libraries/utilities/m
    4920                      .dwattr $C$DW$261, DW_AT_decl_line(0x2c)
    4921                      .dwattr $C$DW$261, DW_AT_decl_column(0x12)
    4922              
    4923              $C$DW$262       .dwtag  DW_TAG_member
    4924                      .dwattr $C$DW$262, DW_AT_type(*$C$DW$T$21)
    4925                      .dwattr $C$DW$262, DW_AT_name("Alpha")
    4926                      .dwattr $C$DW$262, DW_AT_data_member_location[DW_OP_plus_uconst 0x6]
    4927                      .dwattr $C$DW$262, DW_AT_accessibility(DW_ACCESS_public)
    4928                      .dwattr $C$DW$262, DW_AT_decl_file("C:/ti/C2000Ware_MotorControl_SDK_5_04_00_00/libraries/utilities/m
    4929                      .dwattr $C$DW$262, DW_AT_decl_line(0x2d)
    4930                      .dwattr $C$DW$262, DW_AT_decl_column(0x12)
    4931              
    4932              $C$DW$263       .dwtag  DW_TAG_member
    4933                      .dwattr $C$DW$263, DW_AT_type(*$C$DW$T$21)
TMS320C2000 Assembler PC v22.6.2 Thu Feb  5 15:43:43 2026

Copyright (c) 1996-2018 Texas Instruments Incorporated
dual_axis_servo_drive_user_cpu.asm                                   PAGE  101

    4934                      .dwattr $C$DW$263, DW_AT_name("Beta")
    4935                      .dwattr $C$DW$263, DW_AT_data_member_location[DW_OP_plus_uconst 0x8]
    4936                      .dwattr $C$DW$263, DW_AT_accessibility(DW_ACCESS_public)
    4937                      .dwattr $C$DW$263, DW_AT_decl_file("C:/ti/C2000Ware_MotorControl_SDK_5_04_00_00/libraries/utilities/m
    4938                      .dwattr $C$DW$263, DW_AT_decl_line(0x2e)
    4939                      .dwattr $C$DW$263, DW_AT_decl_column(0x12)
    4940              
    4941                      .dwattr $C$DW$T$26, DW_AT_decl_file("C:/ti/C2000Ware_MotorControl_SDK_5_04_00_00/libraries/utilities/
    4942                      .dwattr $C$DW$T$26, DW_AT_decl_line(0x2a)
    4943                      .dwattr $C$DW$T$26, DW_AT_decl_column(0x10)
    4944                      .dwendtag $C$DW$T$26
    4945              
    4946                      .dwendtag $C$DW$TU$26
    4947              
    4948              
    4949              $C$DW$TU$90     .dwtag  DW_TAG_type_unit
    4950                      .dwmtype  $C$DW$T$90
    4951              $C$DW$T$90      .dwtag  DW_TAG_typedef
    4952                      .dwattr $C$DW$T$90, DW_AT_name("CLARKE")
    4953                      .dwattr $C$DW$T$90, DW_AT_type(*$C$DW$T$26)
    4954                      .dwattr $C$DW$T$90, DW_AT_decl_file("C:/ti/C2000Ware_MotorControl_SDK_5_04_00_00/libraries/utilities/
    4955                      .dwattr $C$DW$T$90, DW_AT_decl_line(0x2f)
    4956                      .dwattr $C$DW$T$90, DW_AT_decl_column(0x09)
    4957              
    4958                      .dwendtag $C$DW$TU$90
    4959              
    4960              
    4961              $C$DW$TU$27     .dwtag  DW_TAG_type_unit
    4962                      .dwmtype  $C$DW$T$27
    4963              
    4964              $C$DW$T$27      .dwtag  DW_TAG_structure_type
    4965                      .dwattr $C$DW$T$27, DW_AT_byte_size(0x0e)
    4966              $C$DW$264       .dwtag  DW_TAG_member
    4967                      .dwattr $C$DW$264, DW_AT_type(*$C$DW$T$21)
    4968                      .dwattr $C$DW$264, DW_AT_name("Alpha")
    4969                      .dwattr $C$DW$264, DW_AT_accessibility(DW_ACCESS_public)
    4970                      .dwattr $C$DW$264, DW_AT_decl_file("C:/ti/C2000Ware_MotorControl_SDK_5_04_00_00/libraries/utilities/m
    4971                      .dwattr $C$DW$264, DW_AT_decl_line(0x29)
    4972                      .dwattr $C$DW$264, DW_AT_decl_column(0x1e)
    4973              
    4974              $C$DW$265       .dwtag  DW_TAG_member
    4975                      .dwattr $C$DW$265, DW_AT_type(*$C$DW$T$21)
    4976                      .dwattr $C$DW$265, DW_AT_name("Beta")
    4977                      .dwattr $C$DW$265, DW_AT_data_member_location[DW_OP_plus_uconst 0x2]
    4978                      .dwattr $C$DW$265, DW_AT_accessibility(DW_ACCESS_public)
    4979                      .dwattr $C$DW$265, DW_AT_decl_file("C:/ti/C2000Ware_MotorControl_SDK_5_04_00_00/libraries/utilities/m
    4980                      .dwattr $C$DW$265, DW_AT_decl_line(0x2a)
    4981                      .dwattr $C$DW$265, DW_AT_decl_column(0x12)
    4982              
    4983              $C$DW$266       .dwtag  DW_TAG_member
    4984                      .dwattr $C$DW$266, DW_AT_type(*$C$DW$T$21)
    4985                      .dwattr $C$DW$266, DW_AT_name("Angle")
    4986                      .dwattr $C$DW$266, DW_AT_data_member_location[DW_OP_plus_uconst 0x4]
    4987                      .dwattr $C$DW$266, DW_AT_accessibility(DW_ACCESS_public)
    4988                      .dwattr $C$DW$266, DW_AT_decl_file("C:/ti/C2000Ware_MotorControl_SDK_5_04_00_00/libraries/utilities/m
TMS320C2000 Assembler PC v22.6.2 Thu Feb  5 15:43:43 2026

Copyright (c) 1996-2018 Texas Instruments Incorporated
dual_axis_servo_drive_user_cpu.asm                                   PAGE  102

    4989                      .dwattr $C$DW$266, DW_AT_decl_line(0x2b)
    4990                      .dwattr $C$DW$266, DW_AT_decl_column(0x12)
    4991              
    4992              $C$DW$267       .dwtag  DW_TAG_member
    4993                      .dwattr $C$DW$267, DW_AT_type(*$C$DW$T$21)
    4994                      .dwattr $C$DW$267, DW_AT_name("Ds")
    4995                      .dwattr $C$DW$267, DW_AT_data_member_location[DW_OP_plus_uconst 0x6]
    4996                      .dwattr $C$DW$267, DW_AT_accessibility(DW_ACCESS_public)
    4997                      .dwattr $C$DW$267, DW_AT_decl_file("C:/ti/C2000Ware_MotorControl_SDK_5_04_00_00/libraries/utilities/m
    4998                      .dwattr $C$DW$267, DW_AT_decl_line(0x2c)
    4999                      .dwattr $C$DW$267, DW_AT_decl_column(0x12)
    5000              
    5001              $C$DW$268       .dwtag  DW_TAG_member
    5002                      .dwattr $C$DW$268, DW_AT_type(*$C$DW$T$21)
    5003                      .dwattr $C$DW$268, DW_AT_name("Qs")
    5004                      .dwattr $C$DW$268, DW_AT_data_member_location[DW_OP_plus_uconst 0x8]
    5005                      .dwattr $C$DW$268, DW_AT_accessibility(DW_ACCESS_public)
    5006                      .dwattr $C$DW$268, DW_AT_decl_file("C:/ti/C2000Ware_MotorControl_SDK_5_04_00_00/libraries/utilities/m
    5007                      .dwattr $C$DW$268, DW_AT_decl_line(0x2d)
    5008                      .dwattr $C$DW$268, DW_AT_decl_column(0x12)
    5009              
    5010              $C$DW$269       .dwtag  DW_TAG_member
    5011                      .dwattr $C$DW$269, DW_AT_type(*$C$DW$T$21)
    5012                      .dwattr $C$DW$269, DW_AT_name("Sine")
    5013                      .dwattr $C$DW$269, DW_AT_data_member_location[DW_OP_plus_uconst 0xa]
    5014                      .dwattr $C$DW$269, DW_AT_accessibility(DW_ACCESS_public)
    5015                      .dwattr $C$DW$269, DW_AT_decl_file("C:/ti/C2000Ware_MotorControl_SDK_5_04_00_00/libraries/utilities/m
    5016                      .dwattr $C$DW$269, DW_AT_decl_line(0x2e)
    5017                      .dwattr $C$DW$269, DW_AT_decl_column(0x12)
    5018              
    5019              $C$DW$270       .dwtag  DW_TAG_member
    5020                      .dwattr $C$DW$270, DW_AT_type(*$C$DW$T$21)
    5021                      .dwattr $C$DW$270, DW_AT_name("Cosine")
    5022                      .dwattr $C$DW$270, DW_AT_data_member_location[DW_OP_plus_uconst 0xc]
    5023                      .dwattr $C$DW$270, DW_AT_accessibility(DW_ACCESS_public)
    5024                      .dwattr $C$DW$270, DW_AT_decl_file("C:/ti/C2000Ware_MotorControl_SDK_5_04_00_00/libraries/utilities/m
    5025                      .dwattr $C$DW$270, DW_AT_decl_line(0x2f)
    5026                      .dwattr $C$DW$270, DW_AT_decl_column(0x12)
    5027              
    5028                      .dwattr $C$DW$T$27, DW_AT_decl_file("C:/ti/C2000Ware_MotorControl_SDK_5_04_00_00/libraries/utilities/
    5029                      .dwattr $C$DW$T$27, DW_AT_decl_line(0x29)
    5030                      .dwattr $C$DW$T$27, DW_AT_decl_column(0x10)
    5031                      .dwendtag $C$DW$T$27
    5032              
    5033                      .dwendtag $C$DW$TU$27
    5034              
    5035              
    5036              $C$DW$TU$91     .dwtag  DW_TAG_type_unit
    5037                      .dwmtype  $C$DW$T$91
    5038              $C$DW$T$91      .dwtag  DW_TAG_typedef
    5039                      .dwattr $C$DW$T$91, DW_AT_name("PARK")
    5040                      .dwattr $C$DW$T$91, DW_AT_type(*$C$DW$T$27)
    5041                      .dwattr $C$DW$T$91, DW_AT_decl_file("C:/ti/C2000Ware_MotorControl_SDK_5_04_00_00/libraries/utilities/
    5042                      .dwattr $C$DW$T$91, DW_AT_decl_line(0x30)
    5043                      .dwattr $C$DW$T$91, DW_AT_decl_column(0x09)
TMS320C2000 Assembler PC v22.6.2 Thu Feb  5 15:43:43 2026

Copyright (c) 1996-2018 Texas Instruments Incorporated
dual_axis_servo_drive_user_cpu.asm                                   PAGE  103

    5044              
    5045                      .dwendtag $C$DW$TU$91
    5046              
    5047              
    5048              $C$DW$TU$28     .dwtag  DW_TAG_type_unit
    5049                      .dwmtype  $C$DW$T$28
    5050              
    5051              $C$DW$T$28      .dwtag  DW_TAG_structure_type
    5052                      .dwattr $C$DW$T$28, DW_AT_byte_size(0x0e)
    5053              $C$DW$271       .dwtag  DW_TAG_member
    5054                      .dwattr $C$DW$271, DW_AT_type(*$C$DW$T$21)
    5055                      .dwattr $C$DW$271, DW_AT_name("Alpha")
    5056                      .dwattr $C$DW$271, DW_AT_accessibility(DW_ACCESS_public)
    5057                      .dwattr $C$DW$271, DW_AT_decl_file("C:/ti/C2000Ware_MotorControl_SDK_5_04_00_00/libraries/utilities/m
    5058                      .dwattr $C$DW$271, DW_AT_decl_line(0x29)
    5059                      .dwattr $C$DW$271, DW_AT_decl_column(0x1e)
    5060              
    5061              $C$DW$272       .dwtag  DW_TAG_member
    5062                      .dwattr $C$DW$272, DW_AT_type(*$C$DW$T$21)
    5063                      .dwattr $C$DW$272, DW_AT_name("Beta")
    5064                      .dwattr $C$DW$272, DW_AT_data_member_location[DW_OP_plus_uconst 0x2]
    5065                      .dwattr $C$DW$272, DW_AT_accessibility(DW_ACCESS_public)
    5066                      .dwattr $C$DW$272, DW_AT_decl_file("C:/ti/C2000Ware_MotorControl_SDK_5_04_00_00/libraries/utilities/m
    5067                      .dwattr $C$DW$272, DW_AT_decl_line(0x2a)
    5068                      .dwattr $C$DW$272, DW_AT_decl_column(0x12)
    5069              
    5070              $C$DW$273       .dwtag  DW_TAG_member
    5071                      .dwattr $C$DW$273, DW_AT_type(*$C$DW$T$21)
    5072                      .dwattr $C$DW$273, DW_AT_name("Angle")
    5073                      .dwattr $C$DW$273, DW_AT_data_member_location[DW_OP_plus_uconst 0x4]
    5074                      .dwattr $C$DW$273, DW_AT_accessibility(DW_ACCESS_public)
    5075                      .dwattr $C$DW$273, DW_AT_decl_file("C:/ti/C2000Ware_MotorControl_SDK_5_04_00_00/libraries/utilities/m
    5076                      .dwattr $C$DW$273, DW_AT_decl_line(0x2b)
    5077                      .dwattr $C$DW$273, DW_AT_decl_column(0x12)
    5078              
    5079              $C$DW$274       .dwtag  DW_TAG_member
    5080                      .dwattr $C$DW$274, DW_AT_type(*$C$DW$T$21)
    5081                      .dwattr $C$DW$274, DW_AT_name("Ds")
    5082                      .dwattr $C$DW$274, DW_AT_data_member_location[DW_OP_plus_uconst 0x6]
    5083                      .dwattr $C$DW$274, DW_AT_accessibility(DW_ACCESS_public)
    5084                      .dwattr $C$DW$274, DW_AT_decl_file("C:/ti/C2000Ware_MotorControl_SDK_5_04_00_00/libraries/utilities/m
    5085                      .dwattr $C$DW$274, DW_AT_decl_line(0x2c)
    5086                      .dwattr $C$DW$274, DW_AT_decl_column(0x12)
    5087              
    5088              $C$DW$275       .dwtag  DW_TAG_member
    5089                      .dwattr $C$DW$275, DW_AT_type(*$C$DW$T$21)
    5090                      .dwattr $C$DW$275, DW_AT_name("Qs")
    5091                      .dwattr $C$DW$275, DW_AT_data_member_location[DW_OP_plus_uconst 0x8]
    5092                      .dwattr $C$DW$275, DW_AT_accessibility(DW_ACCESS_public)
    5093                      .dwattr $C$DW$275, DW_AT_decl_file("C:/ti/C2000Ware_MotorControl_SDK_5_04_00_00/libraries/utilities/m
    5094                      .dwattr $C$DW$275, DW_AT_decl_line(0x2d)
    5095                      .dwattr $C$DW$275, DW_AT_decl_column(0x12)
    5096              
    5097              $C$DW$276       .dwtag  DW_TAG_member
    5098                      .dwattr $C$DW$276, DW_AT_type(*$C$DW$T$21)
TMS320C2000 Assembler PC v22.6.2 Thu Feb  5 15:43:43 2026

Copyright (c) 1996-2018 Texas Instruments Incorporated
dual_axis_servo_drive_user_cpu.asm                                   PAGE  104

    5099                      .dwattr $C$DW$276, DW_AT_name("Sine")
    5100                      .dwattr $C$DW$276, DW_AT_data_member_location[DW_OP_plus_uconst 0xa]
    5101                      .dwattr $C$DW$276, DW_AT_accessibility(DW_ACCESS_public)
    5102                      .dwattr $C$DW$276, DW_AT_decl_file("C:/ti/C2000Ware_MotorControl_SDK_5_04_00_00/libraries/utilities/m
    5103                      .dwattr $C$DW$276, DW_AT_decl_line(0x2e)
    5104                      .dwattr $C$DW$276, DW_AT_decl_column(0x12)
    5105              
    5106              $C$DW$277       .dwtag  DW_TAG_member
    5107                      .dwattr $C$DW$277, DW_AT_type(*$C$DW$T$21)
    5108                      .dwattr $C$DW$277, DW_AT_name("Cosine")
    5109                      .dwattr $C$DW$277, DW_AT_data_member_location[DW_OP_plus_uconst 0xc]
    5110                      .dwattr $C$DW$277, DW_AT_accessibility(DW_ACCESS_public)
    5111                      .dwattr $C$DW$277, DW_AT_decl_file("C:/ti/C2000Ware_MotorControl_SDK_5_04_00_00/libraries/utilities/m
    5112                      .dwattr $C$DW$277, DW_AT_decl_line(0x2f)
    5113                      .dwattr $C$DW$277, DW_AT_decl_column(0x12)
    5114              
    5115                      .dwattr $C$DW$T$28, DW_AT_decl_file("C:/ti/C2000Ware_MotorControl_SDK_5_04_00_00/libraries/utilities/
    5116                      .dwattr $C$DW$T$28, DW_AT_decl_line(0x29)
    5117                      .dwattr $C$DW$T$28, DW_AT_decl_column(0x10)
    5118                      .dwendtag $C$DW$T$28
    5119              
    5120                      .dwendtag $C$DW$TU$28
    5121              
    5122              
    5123              $C$DW$TU$92     .dwtag  DW_TAG_type_unit
    5124                      .dwmtype  $C$DW$T$92
    5125              $C$DW$T$92      .dwtag  DW_TAG_typedef
    5126                      .dwattr $C$DW$T$92, DW_AT_name("IPARK")
    5127                      .dwattr $C$DW$T$92, DW_AT_type(*$C$DW$T$28)
    5128                      .dwattr $C$DW$T$92, DW_AT_decl_file("C:/ti/C2000Ware_MotorControl_SDK_5_04_00_00/libraries/utilities/
    5129                      .dwattr $C$DW$T$92, DW_AT_decl_line(0x30)
    5130                      .dwattr $C$DW$T$92, DW_AT_decl_column(0x0b)
    5131              
    5132                      .dwendtag $C$DW$TU$92
    5133              
    5134              
    5135              $C$DW$TU$31     .dwtag  DW_TAG_type_unit
    5136                      .dwmtype  $C$DW$T$31
    5137              
    5138              $C$DW$T$31      .dwtag  DW_TAG_structure_type
    5139                      .dwattr $C$DW$T$31, DW_AT_byte_size(0x12)
    5140              $C$DW$278       .dwtag  DW_TAG_member
    5141                      .dwattr $C$DW$278, DW_AT_type(*$C$DW$T$21)
    5142                      .dwattr $C$DW$278, DW_AT_name("Ualpha")
    5143                      .dwattr $C$DW$278, DW_AT_accessibility(DW_ACCESS_public)
    5144                      .dwattr $C$DW$278, DW_AT_decl_file("C:/ti/C2000Ware_MotorControl_SDK_5_04_00_00/libraries/utilities/m
    5145                      .dwattr $C$DW$278, DW_AT_decl_line(0x2b)
    5146                      .dwattr $C$DW$278, DW_AT_decl_column(0x10)
    5147              
    5148              $C$DW$279       .dwtag  DW_TAG_member
    5149                      .dwattr $C$DW$279, DW_AT_type(*$C$DW$T$21)
    5150                      .dwattr $C$DW$279, DW_AT_name("Ubeta")
    5151                      .dwattr $C$DW$279, DW_AT_data_member_location[DW_OP_plus_uconst 0x2]
    5152                      .dwattr $C$DW$279, DW_AT_accessibility(DW_ACCESS_public)
    5153                      .dwattr $C$DW$279, DW_AT_decl_file("C:/ti/C2000Ware_MotorControl_SDK_5_04_00_00/libraries/utilities/m
TMS320C2000 Assembler PC v22.6.2 Thu Feb  5 15:43:43 2026

Copyright (c) 1996-2018 Texas Instruments Incorporated
dual_axis_servo_drive_user_cpu.asm                                   PAGE  105

    5154                      .dwattr $C$DW$279, DW_AT_decl_line(0x2c)
    5155                      .dwattr $C$DW$279, DW_AT_decl_column(0x10)
    5156              
    5157              $C$DW$280       .dwtag  DW_TAG_member
    5158                      .dwattr $C$DW$280, DW_AT_type(*$C$DW$T$21)
    5159                      .dwattr $C$DW$280, DW_AT_name("Ta")
    5160                      .dwattr $C$DW$280, DW_AT_data_member_location[DW_OP_plus_uconst 0x4]
    5161                      .dwattr $C$DW$280, DW_AT_accessibility(DW_ACCESS_public)
    5162                      .dwattr $C$DW$280, DW_AT_decl_file("C:/ti/C2000Ware_MotorControl_SDK_5_04_00_00/libraries/utilities/m
    5163                      .dwattr $C$DW$280, DW_AT_decl_line(0x2d)
    5164                      .dwattr $C$DW$280, DW_AT_decl_column(0x10)
    5165              
    5166              $C$DW$281       .dwtag  DW_TAG_member
    5167                      .dwattr $C$DW$281, DW_AT_type(*$C$DW$T$21)
    5168                      .dwattr $C$DW$281, DW_AT_name("Tb")
    5169                      .dwattr $C$DW$281, DW_AT_data_member_location[DW_OP_plus_uconst 0x6]
    5170                      .dwattr $C$DW$281, DW_AT_accessibility(DW_ACCESS_public)
    5171                      .dwattr $C$DW$281, DW_AT_decl_file("C:/ti/C2000Ware_MotorControl_SDK_5_04_00_00/libraries/utilities/m
    5172                      .dwattr $C$DW$281, DW_AT_decl_line(0x2e)
    5173                      .dwattr $C$DW$281, DW_AT_decl_column(0x10)
    5174              
    5175              $C$DW$282       .dwtag  DW_TAG_member
    5176                      .dwattr $C$DW$282, DW_AT_type(*$C$DW$T$21)
    5177                      .dwattr $C$DW$282, DW_AT_name("Tc")
    5178                      .dwattr $C$DW$282, DW_AT_data_member_location[DW_OP_plus_uconst 0x8]
    5179                      .dwattr $C$DW$282, DW_AT_accessibility(DW_ACCESS_public)
    5180                      .dwattr $C$DW$282, DW_AT_decl_file("C:/ti/C2000Ware_MotorControl_SDK_5_04_00_00/libraries/utilities/m
    5181                      .dwattr $C$DW$282, DW_AT_decl_line(0x2f)
    5182                      .dwattr $C$DW$282, DW_AT_decl_column(0x10)
    5183              
    5184              $C$DW$283       .dwtag  DW_TAG_member
    5185                      .dwattr $C$DW$283, DW_AT_type(*$C$DW$T$21)
    5186                      .dwattr $C$DW$283, DW_AT_name("tmp1")
    5187                      .dwattr $C$DW$283, DW_AT_data_member_location[DW_OP_plus_uconst 0xa]
    5188                      .dwattr $C$DW$283, DW_AT_accessibility(DW_ACCESS_public)
    5189                      .dwattr $C$DW$283, DW_AT_decl_file("C:/ti/C2000Ware_MotorControl_SDK_5_04_00_00/libraries/utilities/m
    5190                      .dwattr $C$DW$283, DW_AT_decl_line(0x30)
    5191                      .dwattr $C$DW$283, DW_AT_decl_column(0x10)
    5192              
    5193              $C$DW$284       .dwtag  DW_TAG_member
    5194                      .dwattr $C$DW$284, DW_AT_type(*$C$DW$T$21)
    5195                      .dwattr $C$DW$284, DW_AT_name("tmp2")
    5196                      .dwattr $C$DW$284, DW_AT_data_member_location[DW_OP_plus_uconst 0xc]
    5197                      .dwattr $C$DW$284, DW_AT_accessibility(DW_ACCESS_public)
    5198                      .dwattr $C$DW$284, DW_AT_decl_file("C:/ti/C2000Ware_MotorControl_SDK_5_04_00_00/libraries/utilities/m
    5199                      .dwattr $C$DW$284, DW_AT_decl_line(0x31)
    5200                      .dwattr $C$DW$284, DW_AT_decl_column(0x10)
    5201              
    5202              $C$DW$285       .dwtag  DW_TAG_member
    5203                      .dwattr $C$DW$285, DW_AT_type(*$C$DW$T$21)
    5204                      .dwattr $C$DW$285, DW_AT_name("tmp3")
    5205                      .dwattr $C$DW$285, DW_AT_data_member_location[DW_OP_plus_uconst 0xe]
    5206                      .dwattr $C$DW$285, DW_AT_accessibility(DW_ACCESS_public)
    5207                      .dwattr $C$DW$285, DW_AT_decl_file("C:/ti/C2000Ware_MotorControl_SDK_5_04_00_00/libraries/utilities/m
    5208                      .dwattr $C$DW$285, DW_AT_decl_line(0x32)
TMS320C2000 Assembler PC v22.6.2 Thu Feb  5 15:43:43 2026

Copyright (c) 1996-2018 Texas Instruments Incorporated
dual_axis_servo_drive_user_cpu.asm                                   PAGE  106

    5209                      .dwattr $C$DW$285, DW_AT_decl_column(0x10)
    5210              
    5211              $C$DW$286       .dwtag  DW_TAG_member
    5212                      .dwattr $C$DW$286, DW_AT_type(*$C$DW$T$30)
    5213                      .dwattr $C$DW$286, DW_AT_name("VecSector")
    5214                      .dwattr $C$DW$286, DW_AT_data_member_location[DW_OP_plus_uconst 0x10]
    5215                      .dwattr $C$DW$286, DW_AT_accessibility(DW_ACCESS_public)
    5216                      .dwattr $C$DW$286, DW_AT_decl_file("C:/ti/C2000Ware_MotorControl_SDK_5_04_00_00/libraries/utilities/m
    5217                      .dwattr $C$DW$286, DW_AT_decl_line(0x33)
    5218                      .dwattr $C$DW$286, DW_AT_decl_column(0x0b)
    5219              
    5220                      .dwattr $C$DW$T$31, DW_AT_decl_file("C:/ti/C2000Ware_MotorControl_SDK_5_04_00_00/libraries/utilities/
    5221                      .dwattr $C$DW$T$31, DW_AT_decl_line(0x2a)
    5222                      .dwattr $C$DW$T$31, DW_AT_decl_column(0x11)
    5223                      .dwendtag $C$DW$T$31
    5224              
    5225                      .dwendtag $C$DW$TU$31
    5226              
    5227              
    5228              $C$DW$TU$93     .dwtag  DW_TAG_type_unit
    5229                      .dwmtype  $C$DW$T$93
    5230              $C$DW$T$93      .dwtag  DW_TAG_typedef
    5231                      .dwattr $C$DW$T$93, DW_AT_name("SVGEN")
    5232                      .dwattr $C$DW$T$93, DW_AT_type(*$C$DW$T$31)
    5233                      .dwattr $C$DW$T$93, DW_AT_decl_file("C:/ti/C2000Ware_MotorControl_SDK_5_04_00_00/libraries/utilities/
    5234                      .dwattr $C$DW$T$93, DW_AT_decl_line(0x34)
    5235                      .dwattr $C$DW$T$93, DW_AT_decl_column(0x04)
    5236              
    5237                      .dwendtag $C$DW$TU$93
    5238              
    5239              
    5240              $C$DW$TU$34     .dwtag  DW_TAG_type_unit
    5241                      .dwmtype  $C$DW$T$34
    5242              
    5243              $C$DW$T$34      .dwtag  DW_TAG_structure_type
    5244                      .dwattr $C$DW$T$34, DW_AT_byte_size(0x14)
    5245              $C$DW$287       .dwtag  DW_TAG_member
    5246                      .dwattr $C$DW$287, DW_AT_type(*$C$DW$T$21)
    5247                      .dwattr $C$DW$287, DW_AT_name("ElecTheta")
    5248                      .dwattr $C$DW$287, DW_AT_accessibility(DW_ACCESS_public)
    5249                      .dwattr $C$DW$287, DW_AT_decl_file("C:/ti/C2000Ware_MotorControl_SDK_5_04_00_00/libraries/utilities/m
    5250                      .dwattr $C$DW$287, DW_AT_decl_line(0x2b)
    5251                      .dwattr $C$DW$287, DW_AT_decl_column(0x12)
    5252              
    5253              $C$DW$288       .dwtag  DW_TAG_member
    5254                      .dwattr $C$DW$288, DW_AT_type(*$C$DW$T$24)
    5255                      .dwattr $C$DW$288, DW_AT_name("DirectionQep")
    5256                      .dwattr $C$DW$288, DW_AT_data_member_location[DW_OP_plus_uconst 0x2]
    5257                      .dwattr $C$DW$288, DW_AT_accessibility(DW_ACCESS_public)
    5258                      .dwattr $C$DW$288, DW_AT_decl_file("C:/ti/C2000Ware_MotorControl_SDK_5_04_00_00/libraries/utilities/m
    5259                      .dwattr $C$DW$288, DW_AT_decl_line(0x2c)
    5260                      .dwattr $C$DW$288, DW_AT_decl_column(0x11)
    5261              
    5262              $C$DW$289       .dwtag  DW_TAG_member
    5263                      .dwattr $C$DW$289, DW_AT_type(*$C$DW$T$21)
TMS320C2000 Assembler PC v22.6.2 Thu Feb  5 15:43:43 2026

Copyright (c) 1996-2018 Texas Instruments Incorporated
dual_axis_servo_drive_user_cpu.asm                                   PAGE  107

    5264                      .dwattr $C$DW$289, DW_AT_name("OldElecTheta")
    5265                      .dwattr $C$DW$289, DW_AT_data_member_location[DW_OP_plus_uconst 0x4]
    5266                      .dwattr $C$DW$289, DW_AT_accessibility(DW_ACCESS_public)
    5267                      .dwattr $C$DW$289, DW_AT_decl_file("C:/ti/C2000Ware_MotorControl_SDK_5_04_00_00/libraries/utilities/m
    5268                      .dwattr $C$DW$289, DW_AT_decl_line(0x2d)
    5269                      .dwattr $C$DW$289, DW_AT_decl_column(0x12)
    5270              
    5271              $C$DW$290       .dwtag  DW_TAG_member
    5272                      .dwattr $C$DW$290, DW_AT_type(*$C$DW$T$21)
    5273                      .dwattr $C$DW$290, DW_AT_name("Speed")
    5274                      .dwattr $C$DW$290, DW_AT_data_member_location[DW_OP_plus_uconst 0x6]
    5275                      .dwattr $C$DW$290, DW_AT_accessibility(DW_ACCESS_public)
    5276                      .dwattr $C$DW$290, DW_AT_decl_file("C:/ti/C2000Ware_MotorControl_SDK_5_04_00_00/libraries/utilities/m
    5277                      .dwattr $C$DW$290, DW_AT_decl_line(0x2e)
    5278                      .dwattr $C$DW$290, DW_AT_decl_column(0x12)
    5279              
    5280              $C$DW$291       .dwtag  DW_TAG_member
    5281                      .dwattr $C$DW$291, DW_AT_type(*$C$DW$T$24)
    5282                      .dwattr $C$DW$291, DW_AT_name("BaseRpm")
    5283                      .dwattr $C$DW$291, DW_AT_data_member_location[DW_OP_plus_uconst 0x8]
    5284                      .dwattr $C$DW$291, DW_AT_accessibility(DW_ACCESS_public)
    5285                      .dwattr $C$DW$291, DW_AT_decl_file("C:/ti/C2000Ware_MotorControl_SDK_5_04_00_00/libraries/utilities/m
    5286                      .dwattr $C$DW$291, DW_AT_decl_line(0x2f)
    5287                      .dwattr $C$DW$291, DW_AT_decl_column(0x11)
    5288              
    5289              $C$DW$292       .dwtag  DW_TAG_member
    5290                      .dwattr $C$DW$292, DW_AT_type(*$C$DW$T$21)
    5291                      .dwattr $C$DW$292, DW_AT_name("K1")
    5292                      .dwattr $C$DW$292, DW_AT_data_member_location[DW_OP_plus_uconst 0xa]
    5293                      .dwattr $C$DW$292, DW_AT_accessibility(DW_ACCESS_public)
    5294                      .dwattr $C$DW$292, DW_AT_decl_file("C:/ti/C2000Ware_MotorControl_SDK_5_04_00_00/libraries/utilities/m
    5295                      .dwattr $C$DW$292, DW_AT_decl_line(0x30)
    5296                      .dwattr $C$DW$292, DW_AT_decl_column(0x12)
    5297              
    5298              $C$DW$293       .dwtag  DW_TAG_member
    5299                      .dwattr $C$DW$293, DW_AT_type(*$C$DW$T$21)
    5300                      .dwattr $C$DW$293, DW_AT_name("K2")
    5301                      .dwattr $C$DW$293, DW_AT_data_member_location[DW_OP_plus_uconst 0xc]
    5302                      .dwattr $C$DW$293, DW_AT_accessibility(DW_ACCESS_public)
    5303                      .dwattr $C$DW$293, DW_AT_decl_file("C:/ti/C2000Ware_MotorControl_SDK_5_04_00_00/libraries/utilities/m
    5304                      .dwattr $C$DW$293, DW_AT_decl_line(0x31)
    5305                      .dwattr $C$DW$293, DW_AT_decl_column(0x12)
    5306              
    5307              $C$DW$294       .dwtag  DW_TAG_member
    5308                      .dwattr $C$DW$294, DW_AT_type(*$C$DW$T$21)
    5309                      .dwattr $C$DW$294, DW_AT_name("K3")
    5310                      .dwattr $C$DW$294, DW_AT_data_member_location[DW_OP_plus_uconst 0xe]
    5311                      .dwattr $C$DW$294, DW_AT_accessibility(DW_ACCESS_public)
    5312                      .dwattr $C$DW$294, DW_AT_decl_file("C:/ti/C2000Ware_MotorControl_SDK_5_04_00_00/libraries/utilities/m
    5313                      .dwattr $C$DW$294, DW_AT_decl_line(0x32)
    5314                      .dwattr $C$DW$294, DW_AT_decl_column(0x12)
    5315              
    5316              $C$DW$295       .dwtag  DW_TAG_member
    5317                      .dwattr $C$DW$295, DW_AT_type(*$C$DW$T$33)
    5318                      .dwattr $C$DW$295, DW_AT_name("SpeedRpm")
TMS320C2000 Assembler PC v22.6.2 Thu Feb  5 15:43:43 2026

Copyright (c) 1996-2018 Texas Instruments Incorporated
dual_axis_servo_drive_user_cpu.asm                                   PAGE  108

    5319                      .dwattr $C$DW$295, DW_AT_data_member_location[DW_OP_plus_uconst 0x10]
    5320                      .dwattr $C$DW$295, DW_AT_accessibility(DW_ACCESS_public)
    5321                      .dwattr $C$DW$295, DW_AT_decl_file("C:/ti/C2000Ware_MotorControl_SDK_5_04_00_00/libraries/utilities/m
    5322                      .dwattr $C$DW$295, DW_AT_decl_line(0x33)
    5323                      .dwattr $C$DW$295, DW_AT_decl_column(0x10)
    5324              
    5325              $C$DW$296       .dwtag  DW_TAG_member
    5326                      .dwattr $C$DW$296, DW_AT_type(*$C$DW$T$21)
    5327                      .dwattr $C$DW$296, DW_AT_name("Tmp")
    5328                      .dwattr $C$DW$296, DW_AT_data_member_location[DW_OP_plus_uconst 0x12]
    5329                      .dwattr $C$DW$296, DW_AT_accessibility(DW_ACCESS_public)
    5330                      .dwattr $C$DW$296, DW_AT_decl_file("C:/ti/C2000Ware_MotorControl_SDK_5_04_00_00/libraries/utilities/m
    5331                      .dwattr $C$DW$296, DW_AT_decl_line(0x34)
    5332                      .dwattr $C$DW$296, DW_AT_decl_column(0x12)
    5333              
    5334                      .dwattr $C$DW$T$34, DW_AT_decl_file("C:/ti/C2000Ware_MotorControl_SDK_5_04_00_00/libraries/utilities/
    5335                      .dwattr $C$DW$T$34, DW_AT_decl_line(0x2a)
    5336                      .dwattr $C$DW$T$34, DW_AT_decl_column(0x10)
    5337                      .dwendtag $C$DW$T$34
    5338              
    5339                      .dwendtag $C$DW$TU$34
    5340              
    5341              
    5342              $C$DW$TU$94     .dwtag  DW_TAG_type_unit
    5343                      .dwmtype  $C$DW$T$94
    5344              $C$DW$T$94      .dwtag  DW_TAG_typedef
    5345                      .dwattr $C$DW$T$94, DW_AT_name("SPEED_MEAS_QEP")
    5346                      .dwattr $C$DW$T$94, DW_AT_type(*$C$DW$T$34)
    5347                      .dwattr $C$DW$T$94, DW_AT_decl_file("C:/ti/C2000Ware_MotorControl_SDK_5_04_00_00/libraries/utilities/
    5348                      .dwattr $C$DW$T$94, DW_AT_decl_line(0x35)
    5349                      .dwattr $C$DW$T$94, DW_AT_decl_column(0x0a)
    5350              
    5351                      .dwendtag $C$DW$TU$94
    5352              
    5353              
    5354              $C$DW$TU$35     .dwtag  DW_TAG_type_unit
    5355                      .dwmtype  $C$DW$T$35
    5356              
    5357              $C$DW$T$35      .dwtag  DW_TAG_structure_type
    5358                      .dwattr $C$DW$T$35, DW_AT_byte_size(0x0a)
    5359              $C$DW$297       .dwtag  DW_TAG_member
    5360                      .dwattr $C$DW$297, DW_AT_type(*$C$DW$T$21)
    5361                      .dwattr $C$DW$297, DW_AT_name("Ref")
    5362                      .dwattr $C$DW$297, DW_AT_accessibility(DW_ACCESS_public)
    5363                      .dwattr $C$DW$297, DW_AT_decl_file("C:/ti/C2000Ware_MotorControl_SDK_5_04_00_00/libraries/utilities/m
    5364                      .dwattr $C$DW$297, DW_AT_decl_line(0x2a)
    5365                      .dwattr $C$DW$297, DW_AT_decl_column(0x1e)
    5366              
    5367              $C$DW$298       .dwtag  DW_TAG_member
    5368                      .dwattr $C$DW$298, DW_AT_type(*$C$DW$T$21)
    5369                      .dwattr $C$DW$298, DW_AT_name("Fbk")
    5370                      .dwattr $C$DW$298, DW_AT_data_member_location[DW_OP_plus_uconst 0x2]
    5371                      .dwattr $C$DW$298, DW_AT_accessibility(DW_ACCESS_public)
    5372                      .dwattr $C$DW$298, DW_AT_decl_file("C:/ti/C2000Ware_MotorControl_SDK_5_04_00_00/libraries/utilities/m
    5373                      .dwattr $C$DW$298, DW_AT_decl_line(0x2b)
TMS320C2000 Assembler PC v22.6.2 Thu Feb  5 15:43:43 2026

Copyright (c) 1996-2018 Texas Instruments Incorporated
dual_axis_servo_drive_user_cpu.asm                                   PAGE  109

    5374                      .dwattr $C$DW$298, DW_AT_decl_column(0x12)
    5375              
    5376              $C$DW$299       .dwtag  DW_TAG_member
    5377                      .dwattr $C$DW$299, DW_AT_type(*$C$DW$T$21)
    5378                      .dwattr $C$DW$299, DW_AT_name("Out")
    5379                      .dwattr $C$DW$299, DW_AT_data_member_location[DW_OP_plus_uconst 0x4]
    5380                      .dwattr $C$DW$299, DW_AT_accessibility(DW_ACCESS_public)
    5381                      .dwattr $C$DW$299, DW_AT_decl_file("C:/ti/C2000Ware_MotorControl_SDK_5_04_00_00/libraries/utilities/m
    5382                      .dwattr $C$DW$299, DW_AT_decl_line(0x2c)
    5383                      .dwattr $C$DW$299, DW_AT_decl_column(0x12)
    5384              
    5385              $C$DW$300       .dwtag  DW_TAG_member
    5386                      .dwattr $C$DW$300, DW_AT_type(*$C$DW$T$21)
    5387                      .dwattr $C$DW$300, DW_AT_name("c1")
    5388                      .dwattr $C$DW$300, DW_AT_data_member_location[DW_OP_plus_uconst 0x6]
    5389                      .dwattr $C$DW$300, DW_AT_accessibility(DW_ACCESS_public)
    5390                      .dwattr $C$DW$300, DW_AT_decl_file("C:/ti/C2000Ware_MotorControl_SDK_5_04_00_00/libraries/utilities/m
    5391                      .dwattr $C$DW$300, DW_AT_decl_line(0x2d)
    5392                      .dwattr $C$DW$300, DW_AT_decl_column(0x12)
    5393              
    5394              $C$DW$301       .dwtag  DW_TAG_member
    5395                      .dwattr $C$DW$301, DW_AT_type(*$C$DW$T$21)
    5396                      .dwattr $C$DW$301, DW_AT_name("c2")
    5397                      .dwattr $C$DW$301, DW_AT_data_member_location[DW_OP_plus_uconst 0x8]
    5398                      .dwattr $C$DW$301, DW_AT_accessibility(DW_ACCESS_public)
    5399                      .dwattr $C$DW$301, DW_AT_decl_file("C:/ti/C2000Ware_MotorControl_SDK_5_04_00_00/libraries/utilities/m
    5400                      .dwattr $C$DW$301, DW_AT_decl_line(0x2e)
    5401                      .dwattr $C$DW$301, DW_AT_decl_column(0x12)
    5402              
    5403                      .dwattr $C$DW$T$35, DW_AT_decl_file("C:/ti/C2000Ware_MotorControl_SDK_5_04_00_00/libraries/utilities/
    5404                      .dwattr $C$DW$T$35, DW_AT_decl_line(0x2a)
    5405                      .dwattr $C$DW$T$35, DW_AT_decl_column(0x10)
    5406                      .dwendtag $C$DW$T$35
    5407              
    5408                      .dwendtag $C$DW$TU$35
    5409              
    5410              
    5411              $C$DW$TU$38     .dwtag  DW_TAG_type_unit
    5412                      .dwmtype  $C$DW$T$38
    5413              $C$DW$T$38      .dwtag  DW_TAG_typedef
    5414                      .dwattr $C$DW$T$38, DW_AT_name("PID_TERMINALS")
    5415                      .dwattr $C$DW$T$38, DW_AT_type(*$C$DW$T$35)
    5416                      .dwattr $C$DW$T$38, DW_AT_decl_file("C:/ti/C2000Ware_MotorControl_SDK_5_04_00_00/libraries/utilities/
    5417                      .dwattr $C$DW$T$38, DW_AT_decl_line(0x2f)
    5418                      .dwattr $C$DW$T$38, DW_AT_decl_column(0x07)
    5419              
    5420                      .dwendtag $C$DW$TU$38
    5421              
    5422              
    5423              $C$DW$TU$36     .dwtag  DW_TAG_type_unit
    5424                      .dwmtype  $C$DW$T$36
    5425              
    5426              $C$DW$T$36      .dwtag  DW_TAG_structure_type
    5427                      .dwattr $C$DW$T$36, DW_AT_byte_size(0x0e)
    5428              $C$DW$302       .dwtag  DW_TAG_member
TMS320C2000 Assembler PC v22.6.2 Thu Feb  5 15:43:43 2026

Copyright (c) 1996-2018 Texas Instruments Incorporated
dual_axis_servo_drive_user_cpu.asm                                   PAGE  110

    5429                      .dwattr $C$DW$302, DW_AT_type(*$C$DW$T$21)
    5430                      .dwattr $C$DW$302, DW_AT_name("Kr")
    5431                      .dwattr $C$DW$302, DW_AT_accessibility(DW_ACCESS_public)
    5432                      .dwattr $C$DW$302, DW_AT_decl_file("C:/ti/C2000Ware_MotorControl_SDK_5_04_00_00/libraries/utilities/m
    5433                      .dwattr $C$DW$302, DW_AT_decl_line(0x32)
    5434                      .dwattr $C$DW$302, DW_AT_decl_column(0x1e)
    5435              
    5436              $C$DW$303       .dwtag  DW_TAG_member
    5437                      .dwattr $C$DW$303, DW_AT_type(*$C$DW$T$21)
    5438                      .dwattr $C$DW$303, DW_AT_name("Kp")
    5439                      .dwattr $C$DW$303, DW_AT_data_member_location[DW_OP_plus_uconst 0x2]
    5440                      .dwattr $C$DW$303, DW_AT_accessibility(DW_ACCESS_public)
    5441                      .dwattr $C$DW$303, DW_AT_decl_file("C:/ti/C2000Ware_MotorControl_SDK_5_04_00_00/libraries/utilities/m
    5442                      .dwattr $C$DW$303, DW_AT_decl_line(0x33)
    5443                      .dwattr $C$DW$303, DW_AT_decl_column(0x12)
    5444              
    5445              $C$DW$304       .dwtag  DW_TAG_member
    5446                      .dwattr $C$DW$304, DW_AT_type(*$C$DW$T$21)
    5447                      .dwattr $C$DW$304, DW_AT_name("Ki")
    5448                      .dwattr $C$DW$304, DW_AT_data_member_location[DW_OP_plus_uconst 0x4]
    5449                      .dwattr $C$DW$304, DW_AT_accessibility(DW_ACCESS_public)
    5450                      .dwattr $C$DW$304, DW_AT_decl_file("C:/ti/C2000Ware_MotorControl_SDK_5_04_00_00/libraries/utilities/m
    5451                      .dwattr $C$DW$304, DW_AT_decl_line(0x34)
    5452                      .dwattr $C$DW$304, DW_AT_decl_column(0x12)
    5453              
    5454              $C$DW$305       .dwtag  DW_TAG_member
    5455                      .dwattr $C$DW$305, DW_AT_type(*$C$DW$T$21)
    5456                      .dwattr $C$DW$305, DW_AT_name("Kd")
    5457                      .dwattr $C$DW$305, DW_AT_data_member_location[DW_OP_plus_uconst 0x6]
    5458                      .dwattr $C$DW$305, DW_AT_accessibility(DW_ACCESS_public)
    5459                      .dwattr $C$DW$305, DW_AT_decl_file("C:/ti/C2000Ware_MotorControl_SDK_5_04_00_00/libraries/utilities/m
    5460                      .dwattr $C$DW$305, DW_AT_decl_line(0x35)
    5461                      .dwattr $C$DW$305, DW_AT_decl_column(0x12)
    5462              
    5463              $C$DW$306       .dwtag  DW_TAG_member
    5464                      .dwattr $C$DW$306, DW_AT_type(*$C$DW$T$21)
    5465                      .dwattr $C$DW$306, DW_AT_name("Km")
    5466                      .dwattr $C$DW$306, DW_AT_data_member_location[DW_OP_plus_uconst 0x8]
    5467                      .dwattr $C$DW$306, DW_AT_accessibility(DW_ACCESS_public)
    5468                      .dwattr $C$DW$306, DW_AT_decl_file("C:/ti/C2000Ware_MotorControl_SDK_5_04_00_00/libraries/utilities/m
    5469                      .dwattr $C$DW$306, DW_AT_decl_line(0x36)
    5470                      .dwattr $C$DW$306, DW_AT_decl_column(0x12)
    5471              
    5472              $C$DW$307       .dwtag  DW_TAG_member
    5473                      .dwattr $C$DW$307, DW_AT_type(*$C$DW$T$21)
    5474                      .dwattr $C$DW$307, DW_AT_name("Umax")
    5475                      .dwattr $C$DW$307, DW_AT_data_member_location[DW_OP_plus_uconst 0xa]
    5476                      .dwattr $C$DW$307, DW_AT_accessibility(DW_ACCESS_public)
    5477                      .dwattr $C$DW$307, DW_AT_decl_file("C:/ti/C2000Ware_MotorControl_SDK_5_04_00_00/libraries/utilities/m
    5478                      .dwattr $C$DW$307, DW_AT_decl_line(0x37)
    5479                      .dwattr $C$DW$307, DW_AT_decl_column(0x12)
    5480              
    5481              $C$DW$308       .dwtag  DW_TAG_member
    5482                      .dwattr $C$DW$308, DW_AT_type(*$C$DW$T$21)
    5483                      .dwattr $C$DW$308, DW_AT_name("Umin")
TMS320C2000 Assembler PC v22.6.2 Thu Feb  5 15:43:43 2026

Copyright (c) 1996-2018 Texas Instruments Incorporated
dual_axis_servo_drive_user_cpu.asm                                   PAGE  111

    5484                      .dwattr $C$DW$308, DW_AT_data_member_location[DW_OP_plus_uconst 0xc]
    5485                      .dwattr $C$DW$308, DW_AT_accessibility(DW_ACCESS_public)
    5486                      .dwattr $C$DW$308, DW_AT_decl_file("C:/ti/C2000Ware_MotorControl_SDK_5_04_00_00/libraries/utilities/m
    5487                      .dwattr $C$DW$308, DW_AT_decl_line(0x38)
    5488                      .dwattr $C$DW$308, DW_AT_decl_column(0x12)
    5489              
    5490                      .dwattr $C$DW$T$36, DW_AT_decl_file("C:/ti/C2000Ware_MotorControl_SDK_5_04_00_00/libraries/utilities/
    5491                      .dwattr $C$DW$T$36, DW_AT_decl_line(0x32)
    5492                      .dwattr $C$DW$T$36, DW_AT_decl_column(0x10)
    5493                      .dwendtag $C$DW$T$36
    5494              
    5495                      .dwendtag $C$DW$TU$36
    5496              
    5497              
    5498              $C$DW$TU$39     .dwtag  DW_TAG_type_unit
    5499                      .dwmtype  $C$DW$T$39
    5500              $C$DW$T$39      .dwtag  DW_TAG_typedef
    5501                      .dwattr $C$DW$T$39, DW_AT_name("PID_PARAMETERS")
    5502                      .dwattr $C$DW$T$39, DW_AT_type(*$C$DW$T$36)
    5503                      .dwattr $C$DW$T$39, DW_AT_decl_file("C:/ti/C2000Ware_MotorControl_SDK_5_04_00_00/libraries/utilities/
    5504                      .dwattr $C$DW$T$39, DW_AT_decl_line(0x39)
    5505                      .dwattr $C$DW$T$39, DW_AT_decl_column(0x07)
    5506              
    5507                      .dwendtag $C$DW$TU$39
    5508              
    5509              
    5510              $C$DW$TU$37     .dwtag  DW_TAG_type_unit
    5511                      .dwmtype  $C$DW$T$37
    5512              
    5513              $C$DW$T$37      .dwtag  DW_TAG_structure_type
    5514                      .dwattr $C$DW$T$37, DW_AT_byte_size(0x10)
    5515              $C$DW$309       .dwtag  DW_TAG_member
    5516                      .dwattr $C$DW$309, DW_AT_type(*$C$DW$T$21)
    5517                      .dwattr $C$DW$309, DW_AT_name("up")
    5518                      .dwattr $C$DW$309, DW_AT_accessibility(DW_ACCESS_public)
    5519                      .dwattr $C$DW$309, DW_AT_decl_file("C:/ti/C2000Ware_MotorControl_SDK_5_04_00_00/libraries/utilities/m
    5520                      .dwattr $C$DW$309, DW_AT_decl_line(0x3b)
    5521                      .dwattr $C$DW$309, DW_AT_decl_column(0x1e)
    5522              
    5523              $C$DW$310       .dwtag  DW_TAG_member
    5524                      .dwattr $C$DW$310, DW_AT_type(*$C$DW$T$21)
    5525                      .dwattr $C$DW$310, DW_AT_name("ui")
    5526                      .dwattr $C$DW$310, DW_AT_data_member_location[DW_OP_plus_uconst 0x2]
    5527                      .dwattr $C$DW$310, DW_AT_accessibility(DW_ACCESS_public)
    5528                      .dwattr $C$DW$310, DW_AT_decl_file("C:/ti/C2000Ware_MotorControl_SDK_5_04_00_00/libraries/utilities/m
    5529                      .dwattr $C$DW$310, DW_AT_decl_line(0x3c)
    5530                      .dwattr $C$DW$310, DW_AT_decl_column(0x12)
    5531              
    5532              $C$DW$311       .dwtag  DW_TAG_member
    5533                      .dwattr $C$DW$311, DW_AT_type(*$C$DW$T$21)
    5534                      .dwattr $C$DW$311, DW_AT_name("ud")
    5535                      .dwattr $C$DW$311, DW_AT_data_member_location[DW_OP_plus_uconst 0x4]
    5536                      .dwattr $C$DW$311, DW_AT_accessibility(DW_ACCESS_public)
    5537                      .dwattr $C$DW$311, DW_AT_decl_file("C:/ti/C2000Ware_MotorControl_SDK_5_04_00_00/libraries/utilities/m
    5538                      .dwattr $C$DW$311, DW_AT_decl_line(0x3d)
TMS320C2000 Assembler PC v22.6.2 Thu Feb  5 15:43:43 2026

Copyright (c) 1996-2018 Texas Instruments Incorporated
dual_axis_servo_drive_user_cpu.asm                                   PAGE  112

    5539                      .dwattr $C$DW$311, DW_AT_decl_column(0x12)
    5540              
    5541              $C$DW$312       .dwtag  DW_TAG_member
    5542                      .dwattr $C$DW$312, DW_AT_type(*$C$DW$T$21)
    5543                      .dwattr $C$DW$312, DW_AT_name("v1")
    5544                      .dwattr $C$DW$312, DW_AT_data_member_location[DW_OP_plus_uconst 0x6]
    5545                      .dwattr $C$DW$312, DW_AT_accessibility(DW_ACCESS_public)
    5546                      .dwattr $C$DW$312, DW_AT_decl_file("C:/ti/C2000Ware_MotorControl_SDK_5_04_00_00/libraries/utilities/m
    5547                      .dwattr $C$DW$312, DW_AT_decl_line(0x3e)
    5548                      .dwattr $C$DW$312, DW_AT_decl_column(0x12)
    5549              
    5550              $C$DW$313       .dwtag  DW_TAG_member
    5551                      .dwattr $C$DW$313, DW_AT_type(*$C$DW$T$21)
    5552                      .dwattr $C$DW$313, DW_AT_name("i1")
    5553                      .dwattr $C$DW$313, DW_AT_data_member_location[DW_OP_plus_uconst 0x8]
    5554                      .dwattr $C$DW$313, DW_AT_accessibility(DW_ACCESS_public)
    5555                      .dwattr $C$DW$313, DW_AT_decl_file("C:/ti/C2000Ware_MotorControl_SDK_5_04_00_00/libraries/utilities/m
    5556                      .dwattr $C$DW$313, DW_AT_decl_line(0x3f)
    5557                      .dwattr $C$DW$313, DW_AT_decl_column(0x12)
    5558              
    5559              $C$DW$314       .dwtag  DW_TAG_member
    5560                      .dwattr $C$DW$314, DW_AT_type(*$C$DW$T$21)
    5561                      .dwattr $C$DW$314, DW_AT_name("d1")
    5562                      .dwattr $C$DW$314, DW_AT_data_member_location[DW_OP_plus_uconst 0xa]
    5563                      .dwattr $C$DW$314, DW_AT_accessibility(DW_ACCESS_public)
    5564                      .dwattr $C$DW$314, DW_AT_decl_file("C:/ti/C2000Ware_MotorControl_SDK_5_04_00_00/libraries/utilities/m
    5565                      .dwattr $C$DW$314, DW_AT_decl_line(0x40)
    5566                      .dwattr $C$DW$314, DW_AT_decl_column(0x12)
    5567              
    5568              $C$DW$315       .dwtag  DW_TAG_member
    5569                      .dwattr $C$DW$315, DW_AT_type(*$C$DW$T$21)
    5570                      .dwattr $C$DW$315, DW_AT_name("d2")
    5571                      .dwattr $C$DW$315, DW_AT_data_member_location[DW_OP_plus_uconst 0xc]
    5572                      .dwattr $C$DW$315, DW_AT_accessibility(DW_ACCESS_public)
    5573                      .dwattr $C$DW$315, DW_AT_decl_file("C:/ti/C2000Ware_MotorControl_SDK_5_04_00_00/libraries/utilities/m
    5574                      .dwattr $C$DW$315, DW_AT_decl_line(0x41)
    5575                      .dwattr $C$DW$315, DW_AT_decl_column(0x12)
    5576              
    5577              $C$DW$316       .dwtag  DW_TAG_member
    5578                      .dwattr $C$DW$316, DW_AT_type(*$C$DW$T$21)
    5579                      .dwattr $C$DW$316, DW_AT_name("w1")
    5580                      .dwattr $C$DW$316, DW_AT_data_member_location[DW_OP_plus_uconst 0xe]
    5581                      .dwattr $C$DW$316, DW_AT_accessibility(DW_ACCESS_public)
    5582                      .dwattr $C$DW$316, DW_AT_decl_file("C:/ti/C2000Ware_MotorControl_SDK_5_04_00_00/libraries/utilities/m
    5583                      .dwattr $C$DW$316, DW_AT_decl_line(0x42)
    5584                      .dwattr $C$DW$316, DW_AT_decl_column(0x12)
    5585              
    5586                      .dwattr $C$DW$T$37, DW_AT_decl_file("C:/ti/C2000Ware_MotorControl_SDK_5_04_00_00/libraries/utilities/
    5587                      .dwattr $C$DW$T$37, DW_AT_decl_line(0x3b)
    5588                      .dwattr $C$DW$T$37, DW_AT_decl_column(0x10)
    5589                      .dwendtag $C$DW$T$37
    5590              
    5591                      .dwendtag $C$DW$TU$37
    5592              
    5593              
TMS320C2000 Assembler PC v22.6.2 Thu Feb  5 15:43:43 2026

Copyright (c) 1996-2018 Texas Instruments Incorporated
dual_axis_servo_drive_user_cpu.asm                                   PAGE  113

    5594              $C$DW$TU$40     .dwtag  DW_TAG_type_unit
    5595                      .dwmtype  $C$DW$T$40
    5596              $C$DW$T$40      .dwtag  DW_TAG_typedef
    5597                      .dwattr $C$DW$T$40, DW_AT_name("PID_DATA")
    5598                      .dwattr $C$DW$T$40, DW_AT_type(*$C$DW$T$37)
    5599                      .dwattr $C$DW$T$40, DW_AT_decl_file("C:/ti/C2000Ware_MotorControl_SDK_5_04_00_00/libraries/utilities/
    5600                      .dwattr $C$DW$T$40, DW_AT_decl_line(0x43)
    5601                      .dwattr $C$DW$T$40, DW_AT_decl_column(0x07)
    5602              
    5603                      .dwendtag $C$DW$TU$40
    5604              
    5605              
    5606              $C$DW$TU$41     .dwtag  DW_TAG_type_unit
    5607                      .dwmtype  $C$DW$T$41
    5608              
    5609              $C$DW$T$41      .dwtag  DW_TAG_structure_type
    5610                      .dwattr $C$DW$T$41, DW_AT_byte_size(0x28)
    5611              $C$DW$317       .dwtag  DW_TAG_member
    5612                      .dwattr $C$DW$317, DW_AT_type(*$C$DW$T$38)
    5613                      .dwattr $C$DW$317, DW_AT_name("term")
    5614                      .dwattr $C$DW$317, DW_AT_accessibility(DW_ACCESS_public)
    5615                      .dwattr $C$DW$317, DW_AT_decl_file("C:/ti/C2000Ware_MotorControl_SDK_5_04_00_00/libraries/utilities/m
    5616                      .dwattr $C$DW$317, DW_AT_decl_line(0x46)
    5617                      .dwattr $C$DW$317, DW_AT_decl_column(0x21)
    5618              
    5619              $C$DW$318       .dwtag  DW_TAG_member
    5620                      .dwattr $C$DW$318, DW_AT_type(*$C$DW$T$39)
    5621                      .dwattr $C$DW$318, DW_AT_name("param")
    5622                      .dwattr $C$DW$318, DW_AT_data_member_location[DW_OP_plus_uconst 0xa]
    5623                      .dwattr $C$DW$318, DW_AT_accessibility(DW_ACCESS_public)
    5624                      .dwattr $C$DW$318, DW_AT_decl_file("C:/ti/C2000Ware_MotorControl_SDK_5_04_00_00/libraries/utilities/m
    5625                      .dwattr $C$DW$318, DW_AT_decl_line(0x47)
    5626                      .dwattr $C$DW$318, DW_AT_decl_column(0x16)
    5627              
    5628              $C$DW$319       .dwtag  DW_TAG_member
    5629                      .dwattr $C$DW$319, DW_AT_type(*$C$DW$T$40)
    5630                      .dwattr $C$DW$319, DW_AT_name("data")
    5631                      .dwattr $C$DW$319, DW_AT_data_member_location[DW_OP_plus_uconst 0x18]
    5632                      .dwattr $C$DW$319, DW_AT_accessibility(DW_ACCESS_public)
    5633                      .dwattr $C$DW$319, DW_AT_decl_file("C:/ti/C2000Ware_MotorControl_SDK_5_04_00_00/libraries/utilities/m
    5634                      .dwattr $C$DW$319, DW_AT_decl_line(0x48)
    5635                      .dwattr $C$DW$319, DW_AT_decl_column(0x11)
    5636              
    5637                      .dwattr $C$DW$T$41, DW_AT_decl_file("C:/ti/C2000Ware_MotorControl_SDK_5_04_00_00/libraries/utilities/
    5638                      .dwattr $C$DW$T$41, DW_AT_decl_line(0x46)
    5639                      .dwattr $C$DW$T$41, DW_AT_decl_column(0x10)
    5640                      .dwendtag $C$DW$T$41
    5641              
    5642                      .dwendtag $C$DW$TU$41
    5643              
    5644              
    5645              $C$DW$TU$96     .dwtag  DW_TAG_type_unit
    5646                      .dwmtype  $C$DW$T$96
    5647              $C$DW$T$96      .dwtag  DW_TAG_typedef
    5648                      .dwattr $C$DW$T$96, DW_AT_name("PID_CONTROLLER")
TMS320C2000 Assembler PC v22.6.2 Thu Feb  5 15:43:43 2026

Copyright (c) 1996-2018 Texas Instruments Incorporated
dual_axis_servo_drive_user_cpu.asm                                   PAGE  114

    5649                      .dwattr $C$DW$T$96, DW_AT_type(*$C$DW$T$41)
    5650                      .dwattr $C$DW$T$96, DW_AT_decl_file("C:/ti/C2000Ware_MotorControl_SDK_5_04_00_00/libraries/utilities/
    5651                      .dwattr $C$DW$T$96, DW_AT_decl_line(0x49)
    5652                      .dwattr $C$DW$T$96, DW_AT_decl_column(0x07)
    5653              
    5654                      .dwendtag $C$DW$TU$96
    5655              
    5656              
    5657              $C$DW$TU$42     .dwtag  DW_TAG_type_unit
    5658                      .dwmtype  $C$DW$T$42
    5659              
    5660              $C$DW$T$42      .dwtag  DW_TAG_structure_type
    5661                      .dwattr $C$DW$T$42, DW_AT_byte_size(0x18)
    5662              $C$DW$320       .dwtag  DW_TAG_member
    5663                      .dwattr $C$DW$320, DW_AT_type(*$C$DW$T$21)
    5664                      .dwattr $C$DW$320, DW_AT_name("Ref")
    5665                      .dwattr $C$DW$320, DW_AT_accessibility(DW_ACCESS_public)
    5666                      .dwattr $C$DW$320, DW_AT_decl_file("C:/ti/C2000Ware_MotorControl_SDK_5_04_00_00/libraries/utilities/m
    5667                      .dwattr $C$DW$320, DW_AT_decl_line(0x2a)
    5668                      .dwattr $C$DW$320, DW_AT_decl_column(0x1e)
    5669              
    5670              $C$DW$321       .dwtag  DW_TAG_member
    5671                      .dwattr $C$DW$321, DW_AT_type(*$C$DW$T$21)
    5672                      .dwattr $C$DW$321, DW_AT_name("Fbk")
    5673                      .dwattr $C$DW$321, DW_AT_data_member_location[DW_OP_plus_uconst 0x2]
    5674                      .dwattr $C$DW$321, DW_AT_accessibility(DW_ACCESS_public)
    5675                      .dwattr $C$DW$321, DW_AT_decl_file("C:/ti/C2000Ware_MotorControl_SDK_5_04_00_00/libraries/utilities/m
    5676                      .dwattr $C$DW$321, DW_AT_decl_line(0x2b)
    5677                      .dwattr $C$DW$321, DW_AT_decl_column(0x12)
    5678              
    5679              $C$DW$322       .dwtag  DW_TAG_member
    5680                      .dwattr $C$DW$322, DW_AT_type(*$C$DW$T$21)
    5681                      .dwattr $C$DW$322, DW_AT_name("Out")
    5682                      .dwattr $C$DW$322, DW_AT_data_member_location[DW_OP_plus_uconst 0x4]
    5683                      .dwattr $C$DW$322, DW_AT_accessibility(DW_ACCESS_public)
    5684                      .dwattr $C$DW$322, DW_AT_decl_file("C:/ti/C2000Ware_MotorControl_SDK_5_04_00_00/libraries/utilities/m
    5685                      .dwattr $C$DW$322, DW_AT_decl_line(0x2c)
    5686                      .dwattr $C$DW$322, DW_AT_decl_column(0x12)
    5687              
    5688              $C$DW$323       .dwtag  DW_TAG_member
    5689                      .dwattr $C$DW$323, DW_AT_type(*$C$DW$T$21)
    5690                      .dwattr $C$DW$323, DW_AT_name("Kp")
    5691                      .dwattr $C$DW$323, DW_AT_data_member_location[DW_OP_plus_uconst 0x6]
    5692                      .dwattr $C$DW$323, DW_AT_accessibility(DW_ACCESS_public)
    5693                      .dwattr $C$DW$323, DW_AT_decl_file("C:/ti/C2000Ware_MotorControl_SDK_5_04_00_00/libraries/utilities/m
    5694                      .dwattr $C$DW$323, DW_AT_decl_line(0x2d)
    5695                      .dwattr $C$DW$323, DW_AT_decl_column(0x12)
    5696              
    5697              $C$DW$324       .dwtag  DW_TAG_member
    5698                      .dwattr $C$DW$324, DW_AT_type(*$C$DW$T$21)
    5699                      .dwattr $C$DW$324, DW_AT_name("Ki")
    5700                      .dwattr $C$DW$324, DW_AT_data_member_location[DW_OP_plus_uconst 0x8]
    5701                      .dwattr $C$DW$324, DW_AT_accessibility(DW_ACCESS_public)
    5702                      .dwattr $C$DW$324, DW_AT_decl_file("C:/ti/C2000Ware_MotorControl_SDK_5_04_00_00/libraries/utilities/m
    5703                      .dwattr $C$DW$324, DW_AT_decl_line(0x2e)
TMS320C2000 Assembler PC v22.6.2 Thu Feb  5 15:43:43 2026

Copyright (c) 1996-2018 Texas Instruments Incorporated
dual_axis_servo_drive_user_cpu.asm                                   PAGE  115

    5704                      .dwattr $C$DW$324, DW_AT_decl_column(0x12)
    5705              
    5706              $C$DW$325       .dwtag  DW_TAG_member
    5707                      .dwattr $C$DW$325, DW_AT_type(*$C$DW$T$21)
    5708                      .dwattr $C$DW$325, DW_AT_name("Umax")
    5709                      .dwattr $C$DW$325, DW_AT_data_member_location[DW_OP_plus_uconst 0xa]
    5710                      .dwattr $C$DW$325, DW_AT_accessibility(DW_ACCESS_public)
    5711                      .dwattr $C$DW$325, DW_AT_decl_file("C:/ti/C2000Ware_MotorControl_SDK_5_04_00_00/libraries/utilities/m
    5712                      .dwattr $C$DW$325, DW_AT_decl_line(0x2f)
    5713                      .dwattr $C$DW$325, DW_AT_decl_column(0x12)
    5714              
    5715              $C$DW$326       .dwtag  DW_TAG_member
    5716                      .dwattr $C$DW$326, DW_AT_type(*$C$DW$T$21)
    5717                      .dwattr $C$DW$326, DW_AT_name("Umin")
    5718                      .dwattr $C$DW$326, DW_AT_data_member_location[DW_OP_plus_uconst 0xc]
    5719                      .dwattr $C$DW$326, DW_AT_accessibility(DW_ACCESS_public)
    5720                      .dwattr $C$DW$326, DW_AT_decl_file("C:/ti/C2000Ware_MotorControl_SDK_5_04_00_00/libraries/utilities/m
    5721                      .dwattr $C$DW$326, DW_AT_decl_line(0x30)
    5722                      .dwattr $C$DW$326, DW_AT_decl_column(0x12)
    5723              
    5724              $C$DW$327       .dwtag  DW_TAG_member
    5725                      .dwattr $C$DW$327, DW_AT_type(*$C$DW$T$21)
    5726                      .dwattr $C$DW$327, DW_AT_name("up")
    5727                      .dwattr $C$DW$327, DW_AT_data_member_location[DW_OP_plus_uconst 0xe]
    5728                      .dwattr $C$DW$327, DW_AT_accessibility(DW_ACCESS_public)
    5729                      .dwattr $C$DW$327, DW_AT_decl_file("C:/ti/C2000Ware_MotorControl_SDK_5_04_00_00/libraries/utilities/m
    5730                      .dwattr $C$DW$327, DW_AT_decl_line(0x31)
    5731                      .dwattr $C$DW$327, DW_AT_decl_column(0x12)
    5732              
    5733              $C$DW$328       .dwtag  DW_TAG_member
    5734                      .dwattr $C$DW$328, DW_AT_type(*$C$DW$T$21)
    5735                      .dwattr $C$DW$328, DW_AT_name("ui")
    5736                      .dwattr $C$DW$328, DW_AT_data_member_location[DW_OP_plus_uconst 0x10]
    5737                      .dwattr $C$DW$328, DW_AT_accessibility(DW_ACCESS_public)
    5738                      .dwattr $C$DW$328, DW_AT_decl_file("C:/ti/C2000Ware_MotorControl_SDK_5_04_00_00/libraries/utilities/m
    5739                      .dwattr $C$DW$328, DW_AT_decl_line(0x32)
    5740                      .dwattr $C$DW$328, DW_AT_decl_column(0x12)
    5741              
    5742              $C$DW$329       .dwtag  DW_TAG_member
    5743                      .dwattr $C$DW$329, DW_AT_type(*$C$DW$T$21)
    5744                      .dwattr $C$DW$329, DW_AT_name("v1")
    5745                      .dwattr $C$DW$329, DW_AT_data_member_location[DW_OP_plus_uconst 0x12]
    5746                      .dwattr $C$DW$329, DW_AT_accessibility(DW_ACCESS_public)
    5747                      .dwattr $C$DW$329, DW_AT_decl_file("C:/ti/C2000Ware_MotorControl_SDK_5_04_00_00/libraries/utilities/m
    5748                      .dwattr $C$DW$329, DW_AT_decl_line(0x33)
    5749                      .dwattr $C$DW$329, DW_AT_decl_column(0x12)
    5750              
    5751              $C$DW$330       .dwtag  DW_TAG_member
    5752                      .dwattr $C$DW$330, DW_AT_type(*$C$DW$T$21)
    5753                      .dwattr $C$DW$330, DW_AT_name("i1")
    5754                      .dwattr $C$DW$330, DW_AT_data_member_location[DW_OP_plus_uconst 0x14]
    5755                      .dwattr $C$DW$330, DW_AT_accessibility(DW_ACCESS_public)
    5756                      .dwattr $C$DW$330, DW_AT_decl_file("C:/ti/C2000Ware_MotorControl_SDK_5_04_00_00/libraries/utilities/m
    5757                      .dwattr $C$DW$330, DW_AT_decl_line(0x34)
    5758                      .dwattr $C$DW$330, DW_AT_decl_column(0x12)
TMS320C2000 Assembler PC v22.6.2 Thu Feb  5 15:43:43 2026

Copyright (c) 1996-2018 Texas Instruments Incorporated
dual_axis_servo_drive_user_cpu.asm                                   PAGE  116

    5759              
    5760              $C$DW$331       .dwtag  DW_TAG_member
    5761                      .dwattr $C$DW$331, DW_AT_type(*$C$DW$T$21)
    5762                      .dwattr $C$DW$331, DW_AT_name("w1")
    5763                      .dwattr $C$DW$331, DW_AT_data_member_location[DW_OP_plus_uconst 0x16]
    5764                      .dwattr $C$DW$331, DW_AT_accessibility(DW_ACCESS_public)
    5765                      .dwattr $C$DW$331, DW_AT_decl_file("C:/ti/C2000Ware_MotorControl_SDK_5_04_00_00/libraries/utilities/m
    5766                      .dwattr $C$DW$331, DW_AT_decl_line(0x35)
    5767                      .dwattr $C$DW$331, DW_AT_decl_column(0x12)
    5768              
    5769                      .dwattr $C$DW$T$42, DW_AT_decl_file("C:/ti/C2000Ware_MotorControl_SDK_5_04_00_00/libraries/utilities/
    5770                      .dwattr $C$DW$T$42, DW_AT_decl_line(0x2a)
    5771                      .dwattr $C$DW$T$42, DW_AT_decl_column(0x10)
    5772                      .dwendtag $C$DW$T$42
    5773              
    5774                      .dwendtag $C$DW$TU$42
    5775              
    5776              
    5777              $C$DW$TU$97     .dwtag  DW_TAG_type_unit
    5778                      .dwmtype  $C$DW$T$97
    5779              $C$DW$T$97      .dwtag  DW_TAG_typedef
    5780                      .dwattr $C$DW$T$97, DW_AT_name("PI_CONTROLLER")
    5781                      .dwattr $C$DW$T$97, DW_AT_type(*$C$DW$T$42)
    5782                      .dwattr $C$DW$T$97, DW_AT_decl_file("C:/ti/C2000Ware_MotorControl_SDK_5_04_00_00/libraries/utilities/
    5783                      .dwattr $C$DW$T$97, DW_AT_decl_line(0x36)
    5784                      .dwattr $C$DW$T$97, DW_AT_decl_column(0x07)
    5785              
    5786                      .dwendtag $C$DW$TU$97
    5787              
    5788              
    5789              $C$DW$TU$44     .dwtag  DW_TAG_type_unit
    5790                      .dwmtype  $C$DW$T$44
    5791              
    5792              $C$DW$T$44      .dwtag  DW_TAG_structure_type
    5793                      .dwattr $C$DW$T$44, DW_AT_name("ADCINTFLG_BITS")
    5794                      .dwattr $C$DW$T$44, DW_AT_byte_size(0x01)
    5795              $C$DW$332       .dwtag  DW_TAG_member
    5796                      .dwattr $C$DW$332, DW_AT_type(*$C$DW$T$43)
    5797                      .dwattr $C$DW$332, DW_AT_name("ADCINT1")
    5798                      .dwattr $C$DW$332, DW_AT_bit_offset(0x0f)
    5799                      .dwattr $C$DW$332, DW_AT_bit_size(0x01)
    5800                      .dwattr $C$DW$332, DW_AT_accessibility(DW_ACCESS_public)
    5801                      .dwattr $C$DW$332, DW_AT_decl_file("C:\ti\C2000Ware_MotorControl_SDK_5_04_00_00\c2000ware\device_supp
    5802                      .dwattr $C$DW$332, DW_AT_decl_line(0x60)
    5803                      .dwattr $C$DW$332, DW_AT_decl_column(0x0c)
    5804              
    5805              $C$DW$333       .dwtag  DW_TAG_member
    5806                      .dwattr $C$DW$333, DW_AT_type(*$C$DW$T$43)
    5807                      .dwattr $C$DW$333, DW_AT_name("ADCINT2")
    5808                      .dwattr $C$DW$333, DW_AT_bit_offset(0x0e)
    5809                      .dwattr $C$DW$333, DW_AT_bit_size(0x01)
    5810                      .dwattr $C$DW$333, DW_AT_accessibility(DW_ACCESS_public)
    5811                      .dwattr $C$DW$333, DW_AT_decl_file("C:\ti\C2000Ware_MotorControl_SDK_5_04_00_00\c2000ware\device_supp
    5812                      .dwattr $C$DW$333, DW_AT_decl_line(0x61)
    5813                      .dwattr $C$DW$333, DW_AT_decl_column(0x0c)
TMS320C2000 Assembler PC v22.6.2 Thu Feb  5 15:43:43 2026

Copyright (c) 1996-2018 Texas Instruments Incorporated
dual_axis_servo_drive_user_cpu.asm                                   PAGE  117

    5814              
    5815              $C$DW$334       .dwtag  DW_TAG_member
    5816                      .dwattr $C$DW$334, DW_AT_type(*$C$DW$T$43)
    5817                      .dwattr $C$DW$334, DW_AT_name("ADCINT3")
    5818                      .dwattr $C$DW$334, DW_AT_bit_offset(0x0d)
    5819                      .dwattr $C$DW$334, DW_AT_bit_size(0x01)
    5820                      .dwattr $C$DW$334, DW_AT_accessibility(DW_ACCESS_public)
    5821                      .dwattr $C$DW$334, DW_AT_decl_file("C:\ti\C2000Ware_MotorControl_SDK_5_04_00_00\c2000ware\device_supp
    5822                      .dwattr $C$DW$334, DW_AT_decl_line(0x62)
    5823                      .dwattr $C$DW$334, DW_AT_decl_column(0x0c)
    5824              
    5825              $C$DW$335       .dwtag  DW_TAG_member
    5826                      .dwattr $C$DW$335, DW_AT_type(*$C$DW$T$43)
    5827                      .dwattr $C$DW$335, DW_AT_name("ADCINT4")
    5828                      .dwattr $C$DW$335, DW_AT_bit_offset(0x0c)
    5829                      .dwattr $C$DW$335, DW_AT_bit_size(0x01)
    5830                      .dwattr $C$DW$335, DW_AT_accessibility(DW_ACCESS_public)
    5831                      .dwattr $C$DW$335, DW_AT_decl_file("C:\ti\C2000Ware_MotorControl_SDK_5_04_00_00\c2000ware\device_supp
    5832                      .dwattr $C$DW$335, DW_AT_decl_line(0x63)
    5833                      .dwattr $C$DW$335, DW_AT_decl_column(0x0c)
    5834              
    5835              $C$DW$336       .dwtag  DW_TAG_member
    5836                      .dwattr $C$DW$336, DW_AT_type(*$C$DW$T$43)
    5837                      .dwattr $C$DW$336, DW_AT_name("rsvd1")
    5838                      .dwattr $C$DW$336, DW_AT_bit_offset(0x00)
    5839                      .dwattr $C$DW$336, DW_AT_bit_size(0x0c)
    5840                      .dwattr $C$DW$336, DW_AT_accessibility(DW_ACCESS_public)
    5841                      .dwattr $C$DW$336, DW_AT_decl_file("C:\ti\C2000Ware_MotorControl_SDK_5_04_00_00\c2000ware\device_supp
    5842                      .dwattr $C$DW$336, DW_AT_decl_line(0x64)
    5843                      .dwattr $C$DW$336, DW_AT_decl_column(0x0c)
    5844              
    5845                      .dwattr $C$DW$T$44, DW_AT_decl_file("C:\ti\C2000Ware_MotorControl_SDK_5_04_00_00\c2000ware\device_sup
    5846                      .dwattr $C$DW$T$44, DW_AT_decl_line(0x5f)
    5847                      .dwattr $C$DW$T$44, DW_AT_decl_column(0x08)
    5848                      .dwendtag $C$DW$T$44
    5849              
    5850                      .dwendtag $C$DW$TU$44
    5851              
    5852              
    5853              $C$DW$TU$45     .dwtag  DW_TAG_type_unit
    5854                      .dwmtype  $C$DW$T$45
    5855              
    5856              $C$DW$T$45      .dwtag  DW_TAG_union_type
    5857                      .dwattr $C$DW$T$45, DW_AT_name("ADCINTFLG_REG")
    5858                      .dwattr $C$DW$T$45, DW_AT_byte_size(0x01)
    5859              $C$DW$337       .dwtag  DW_TAG_member
    5860                      .dwattr $C$DW$337, DW_AT_type(*$C$DW$T$43)
    5861                      .dwattr $C$DW$337, DW_AT_name("all")
    5862                      .dwattr $C$DW$337, DW_AT_accessibility(DW_ACCESS_public)
    5863                      .dwattr $C$DW$337, DW_AT_decl_file("C:\ti\C2000Ware_MotorControl_SDK_5_04_00_00\c2000ware\device_supp
    5864                      .dwattr $C$DW$337, DW_AT_decl_line(0x68)
    5865                      .dwattr $C$DW$337, DW_AT_decl_column(0x0d)
    5866              
    5867              $C$DW$338       .dwtag  DW_TAG_member
    5868                      .dwattr $C$DW$338, DW_AT_type(*$C$DW$T$44)
TMS320C2000 Assembler PC v22.6.2 Thu Feb  5 15:43:43 2026

Copyright (c) 1996-2018 Texas Instruments Incorporated
dual_axis_servo_drive_user_cpu.asm                                   PAGE  118

    5869                      .dwattr $C$DW$338, DW_AT_name("bit")
    5870                      .dwattr $C$DW$338, DW_AT_accessibility(DW_ACCESS_public)
    5871                      .dwattr $C$DW$338, DW_AT_decl_file("C:\ti\C2000Ware_MotorControl_SDK_5_04_00_00\c2000ware\device_supp
    5872                      .dwattr $C$DW$338, DW_AT_decl_line(0x69)
    5873                      .dwattr $C$DW$338, DW_AT_decl_column(0x1d)
    5874              
    5875                      .dwattr $C$DW$T$45, DW_AT_decl_file("C:\ti\C2000Ware_MotorControl_SDK_5_04_00_00\c2000ware\device_sup
    5876                      .dwattr $C$DW$T$45, DW_AT_decl_line(0x67)
    5877                      .dwattr $C$DW$T$45, DW_AT_decl_column(0x07)
    5878                      .dwendtag $C$DW$T$45
    5879              
    5880                      .dwendtag $C$DW$TU$45
    5881              
    5882              
    5883              $C$DW$TU$102    .dwtag  DW_TAG_type_unit
    5884                      .dwmtype  $C$DW$T$102
    5885              $C$DW$339       .dwtag  DW_TAG_TI_far_type
    5886                      .dwattr $C$DW$339, DW_AT_type(*$C$DW$T$45)
    5887              
    5888              $C$DW$T$102     .dwtag  DW_TAG_volatile_type
    5889                      .dwattr $C$DW$T$102, DW_AT_type(*$C$DW$339)
    5890              
    5891                      .dwendtag $C$DW$TU$102
    5892              
    5893              
    5894              $C$DW$TU$103    .dwtag  DW_TAG_type_unit
    5895                      .dwmtype  $C$DW$T$103
    5896              $C$DW$T$103     .dwtag  DW_TAG_pointer_type
    5897                      .dwattr $C$DW$T$103, DW_AT_type(*$C$DW$T$102)
    5898                      .dwattr $C$DW$T$103, DW_AT_address_class(0x20)
    5899              
    5900                      .dwendtag $C$DW$TU$103
    5901              
    5902              
    5903              $C$DW$TU$48     .dwtag  DW_TAG_type_unit
    5904                      .dwmtype  $C$DW$T$48
    5905              
    5906              $C$DW$T$48      .dwtag  DW_TAG_structure_type
    5907                      .dwattr $C$DW$T$48, DW_AT_name("EQEP_REGS")
    5908                      .dwattr $C$DW$T$48, DW_AT_byte_size(0x38)
    5909              $C$DW$340       .dwtag  DW_TAG_member
    5910                      .dwattr $C$DW$340, DW_AT_type(*$C$DW$T$46)
    5911                      .dwattr $C$DW$340, DW_AT_name("QPOSCNT")
    5912                      .dwattr $C$DW$340, DW_AT_accessibility(DW_ACCESS_public)
    5913                      .dwattr $C$DW$340, DW_AT_decl_file("C:\ti\C2000Ware_MotorControl_SDK_5_04_00_00\c2000ware\device_supp
    5914                      .dwattr $C$DW$340, DW_AT_decl_line(0x10d)
    5915                      .dwattr $C$DW$340, DW_AT_decl_column(0x2e)
    5916              
    5917              $C$DW$341       .dwtag  DW_TAG_member
    5918                      .dwattr $C$DW$341, DW_AT_type(*$C$DW$T$46)
    5919                      .dwattr $C$DW$341, DW_AT_name("QPOSINIT")
    5920                      .dwattr $C$DW$341, DW_AT_data_member_location[DW_OP_plus_uconst 0x2]
    5921                      .dwattr $C$DW$341, DW_AT_accessibility(DW_ACCESS_public)
    5922                      .dwattr $C$DW$341, DW_AT_decl_file("C:\ti\C2000Ware_MotorControl_SDK_5_04_00_00\c2000ware\device_supp
    5923                      .dwattr $C$DW$341, DW_AT_decl_line(0x10e)
TMS320C2000 Assembler PC v22.6.2 Thu Feb  5 15:43:43 2026

Copyright (c) 1996-2018 Texas Instruments Incorporated
dual_axis_servo_drive_user_cpu.asm                                   PAGE  119

    5924                      .dwattr $C$DW$341, DW_AT_decl_column(0x2e)
    5925              
    5926              $C$DW$342       .dwtag  DW_TAG_member
    5927                      .dwattr $C$DW$342, DW_AT_type(*$C$DW$T$46)
    5928                      .dwattr $C$DW$342, DW_AT_name("QPOSMAX")
    5929                      .dwattr $C$DW$342, DW_AT_data_member_location[DW_OP_plus_uconst 0x4]
    5930                      .dwattr $C$DW$342, DW_AT_accessibility(DW_ACCESS_public)
    5931                      .dwattr $C$DW$342, DW_AT_decl_file("C:\ti\C2000Ware_MotorControl_SDK_5_04_00_00\c2000ware\device_supp
    5932                      .dwattr $C$DW$342, DW_AT_decl_line(0x10f)
    5933                      .dwattr $C$DW$342, DW_AT_decl_column(0x2e)
    5934              
    5935              $C$DW$343       .dwtag  DW_TAG_member
    5936                      .dwattr $C$DW$343, DW_AT_type(*$C$DW$T$46)
    5937                      .dwattr $C$DW$343, DW_AT_name("QPOSCMP")
    5938                      .dwattr $C$DW$343, DW_AT_data_member_location[DW_OP_plus_uconst 0x6]
    5939                      .dwattr $C$DW$343, DW_AT_accessibility(DW_ACCESS_public)
    5940                      .dwattr $C$DW$343, DW_AT_decl_file("C:\ti\C2000Ware_MotorControl_SDK_5_04_00_00\c2000ware\device_supp
    5941                      .dwattr $C$DW$343, DW_AT_decl_line(0x110)
    5942                      .dwattr $C$DW$343, DW_AT_decl_column(0x2e)
    5943              
    5944              $C$DW$344       .dwtag  DW_TAG_member
    5945                      .dwattr $C$DW$344, DW_AT_type(*$C$DW$T$46)
    5946                      .dwattr $C$DW$344, DW_AT_name("QPOSILAT")
    5947                      .dwattr $C$DW$344, DW_AT_data_member_location[DW_OP_plus_uconst 0x8]
    5948                      .dwattr $C$DW$344, DW_AT_accessibility(DW_ACCESS_public)
    5949                      .dwattr $C$DW$344, DW_AT_decl_file("C:\ti\C2000Ware_MotorControl_SDK_5_04_00_00\c2000ware\device_supp
    5950                      .dwattr $C$DW$344, DW_AT_decl_line(0x111)
    5951                      .dwattr $C$DW$344, DW_AT_decl_column(0x2e)
    5952              
    5953              $C$DW$345       .dwtag  DW_TAG_member
    5954                      .dwattr $C$DW$345, DW_AT_type(*$C$DW$T$46)
    5955                      .dwattr $C$DW$345, DW_AT_name("QPOSSLAT")
    5956                      .dwattr $C$DW$345, DW_AT_data_member_location[DW_OP_plus_uconst 0xa]
    5957                      .dwattr $C$DW$345, DW_AT_accessibility(DW_ACCESS_public)
    5958                      .dwattr $C$DW$345, DW_AT_decl_file("C:\ti\C2000Ware_MotorControl_SDK_5_04_00_00\c2000ware\device_supp
    5959                      .dwattr $C$DW$345, DW_AT_decl_line(0x112)
    5960                      .dwattr $C$DW$345, DW_AT_decl_column(0x2e)
    5961              
    5962              $C$DW$346       .dwtag  DW_TAG_member
    5963                      .dwattr $C$DW$346, DW_AT_type(*$C$DW$T$46)
    5964                      .dwattr $C$DW$346, DW_AT_name("QPOSLAT")
    5965                      .dwattr $C$DW$346, DW_AT_data_member_location[DW_OP_plus_uconst 0xc]
    5966                      .dwattr $C$DW$346, DW_AT_accessibility(DW_ACCESS_public)
    5967                      .dwattr $C$DW$346, DW_AT_decl_file("C:\ti\C2000Ware_MotorControl_SDK_5_04_00_00\c2000ware\device_supp
    5968                      .dwattr $C$DW$346, DW_AT_decl_line(0x113)
    5969                      .dwattr $C$DW$346, DW_AT_decl_column(0x2e)
    5970              
    5971              $C$DW$347       .dwtag  DW_TAG_member
    5972                      .dwattr $C$DW$347, DW_AT_type(*$C$DW$T$46)
    5973                      .dwattr $C$DW$347, DW_AT_name("QUTMR")
    5974                      .dwattr $C$DW$347, DW_AT_data_member_location[DW_OP_plus_uconst 0xe]
    5975                      .dwattr $C$DW$347, DW_AT_accessibility(DW_ACCESS_public)
    5976                      .dwattr $C$DW$347, DW_AT_decl_file("C:\ti\C2000Ware_MotorControl_SDK_5_04_00_00\c2000ware\device_supp
    5977                      .dwattr $C$DW$347, DW_AT_decl_line(0x114)
    5978                      .dwattr $C$DW$347, DW_AT_decl_column(0x2e)
TMS320C2000 Assembler PC v22.6.2 Thu Feb  5 15:43:43 2026

Copyright (c) 1996-2018 Texas Instruments Incorporated
dual_axis_servo_drive_user_cpu.asm                                   PAGE  120

    5979              
    5980              $C$DW$348       .dwtag  DW_TAG_member
    5981                      .dwattr $C$DW$348, DW_AT_type(*$C$DW$T$46)
    5982                      .dwattr $C$DW$348, DW_AT_name("QUPRD")
    5983                      .dwattr $C$DW$348, DW_AT_data_member_location[DW_OP_plus_uconst 0x10]
    5984                      .dwattr $C$DW$348, DW_AT_accessibility(DW_ACCESS_public)
    5985                      .dwattr $C$DW$348, DW_AT_decl_file("C:\ti\C2000Ware_MotorControl_SDK_5_04_00_00\c2000ware\device_supp
    5986                      .dwattr $C$DW$348, DW_AT_decl_line(0x115)
    5987                      .dwattr $C$DW$348, DW_AT_decl_column(0x2e)
    5988              
    5989              $C$DW$349       .dwtag  DW_TAG_member
    5990                      .dwattr $C$DW$349, DW_AT_type(*$C$DW$T$43)
    5991                      .dwattr $C$DW$349, DW_AT_name("QWDTMR")
    5992                      .dwattr $C$DW$349, DW_AT_data_member_location[DW_OP_plus_uconst 0x12]
    5993                      .dwattr $C$DW$349, DW_AT_accessibility(DW_ACCESS_public)
    5994                      .dwattr $C$DW$349, DW_AT_decl_file("C:\ti\C2000Ware_MotorControl_SDK_5_04_00_00\c2000ware\device_supp
    5995                      .dwattr $C$DW$349, DW_AT_decl_line(0x116)
    5996                      .dwattr $C$DW$349, DW_AT_decl_column(0x2e)
    5997              
    5998              $C$DW$350       .dwtag  DW_TAG_member
    5999                      .dwattr $C$DW$350, DW_AT_type(*$C$DW$T$43)
    6000                      .dwattr $C$DW$350, DW_AT_name("QWDPRD")
    6001                      .dwattr $C$DW$350, DW_AT_data_member_location[DW_OP_plus_uconst 0x13]
    6002                      .dwattr $C$DW$350, DW_AT_accessibility(DW_ACCESS_public)
    6003                      .dwattr $C$DW$350, DW_AT_decl_file("C:\ti\C2000Ware_MotorControl_SDK_5_04_00_00\c2000ware\device_supp
    6004                      .dwattr $C$DW$350, DW_AT_decl_line(0x117)
    6005                      .dwattr $C$DW$350, DW_AT_decl_column(0x2e)
    6006              
    6007              $C$DW$351       .dwtag  DW_TAG_member
    6008                      .dwattr $C$DW$351, DW_AT_type(*$C$DW$T$55)
    6009                      .dwattr $C$DW$351, DW_AT_name("QDECCTL")
    6010                      .dwattr $C$DW$351, DW_AT_data_member_location[DW_OP_plus_uconst 0x14]
    6011                      .dwattr $C$DW$351, DW_AT_accessibility(DW_ACCESS_public)
    6012                      .dwattr $C$DW$351, DW_AT_decl_file("C:\ti\C2000Ware_MotorControl_SDK_5_04_00_00\c2000ware\device_supp
    6013                      .dwattr $C$DW$351, DW_AT_decl_line(0x118)
    6014                      .dwattr $C$DW$351, DW_AT_decl_column(0x2e)
    6015              
    6016              $C$DW$352       .dwtag  DW_TAG_member
    6017                      .dwattr $C$DW$352, DW_AT_type(*$C$DW$T$59)
    6018                      .dwattr $C$DW$352, DW_AT_name("QEPCTL")
    6019                      .dwattr $C$DW$352, DW_AT_data_member_location[DW_OP_plus_uconst 0x15]
    6020                      .dwattr $C$DW$352, DW_AT_accessibility(DW_ACCESS_public)
    6021                      .dwattr $C$DW$352, DW_AT_decl_file("C:\ti\C2000Ware_MotorControl_SDK_5_04_00_00\c2000ware\device_supp
    6022                      .dwattr $C$DW$352, DW_AT_decl_line(0x119)
    6023                      .dwattr $C$DW$352, DW_AT_decl_column(0x2e)
    6024              
    6025              $C$DW$353       .dwtag  DW_TAG_member
    6026                      .dwattr $C$DW$353, DW_AT_type(*$C$DW$T$51)
    6027                      .dwattr $C$DW$353, DW_AT_name("QCAPCTL")
    6028                      .dwattr $C$DW$353, DW_AT_data_member_location[DW_OP_plus_uconst 0x16]
    6029                      .dwattr $C$DW$353, DW_AT_accessibility(DW_ACCESS_public)
    6030                      .dwattr $C$DW$353, DW_AT_decl_file("C:\ti\C2000Ware_MotorControl_SDK_5_04_00_00\c2000ware\device_supp
    6031                      .dwattr $C$DW$353, DW_AT_decl_line(0x11a)
    6032                      .dwattr $C$DW$353, DW_AT_decl_column(0x2e)
    6033              
TMS320C2000 Assembler PC v22.6.2 Thu Feb  5 15:43:43 2026

Copyright (c) 1996-2018 Texas Instruments Incorporated
dual_axis_servo_drive_user_cpu.asm                                   PAGE  121

    6034              $C$DW$354       .dwtag  DW_TAG_member
    6035                      .dwattr $C$DW$354, DW_AT_type(*$C$DW$T$73)
    6036                      .dwattr $C$DW$354, DW_AT_name("QPOSCTL")
    6037                      .dwattr $C$DW$354, DW_AT_data_member_location[DW_OP_plus_uconst 0x17]
    6038                      .dwattr $C$DW$354, DW_AT_accessibility(DW_ACCESS_public)
    6039                      .dwattr $C$DW$354, DW_AT_decl_file("C:\ti\C2000Ware_MotorControl_SDK_5_04_00_00\c2000ware\device_supp
    6040                      .dwattr $C$DW$354, DW_AT_decl_line(0x11b)
    6041                      .dwattr $C$DW$354, DW_AT_decl_column(0x2e)
    6042              
    6043              $C$DW$355       .dwtag  DW_TAG_member
    6044                      .dwattr $C$DW$355, DW_AT_type(*$C$DW$T$57)
    6045                      .dwattr $C$DW$355, DW_AT_name("QEINT")
    6046                      .dwattr $C$DW$355, DW_AT_data_member_location[DW_OP_plus_uconst 0x18]
    6047                      .dwattr $C$DW$355, DW_AT_accessibility(DW_ACCESS_public)
    6048                      .dwattr $C$DW$355, DW_AT_decl_file("C:\ti\C2000Ware_MotorControl_SDK_5_04_00_00\c2000ware\device_supp
    6049                      .dwattr $C$DW$355, DW_AT_decl_line(0x11c)
    6050                      .dwattr $C$DW$355, DW_AT_decl_column(0x2e)
    6051              
    6052              $C$DW$356       .dwtag  DW_TAG_member
    6053                      .dwattr $C$DW$356, DW_AT_type(*$C$DW$T$67)
    6054                      .dwattr $C$DW$356, DW_AT_name("QFLG")
    6055                      .dwattr $C$DW$356, DW_AT_data_member_location[DW_OP_plus_uconst 0x19]
    6056                      .dwattr $C$DW$356, DW_AT_accessibility(DW_ACCESS_public)
    6057                      .dwattr $C$DW$356, DW_AT_decl_file("C:\ti\C2000Ware_MotorControl_SDK_5_04_00_00\c2000ware\device_supp
    6058                      .dwattr $C$DW$356, DW_AT_decl_line(0x11d)
    6059                      .dwattr $C$DW$356, DW_AT_decl_column(0x2e)
    6060              
    6061              $C$DW$357       .dwtag  DW_TAG_member
    6062                      .dwattr $C$DW$357, DW_AT_type(*$C$DW$T$53)
    6063                      .dwattr $C$DW$357, DW_AT_name("QCLR")
    6064                      .dwattr $C$DW$357, DW_AT_data_member_location[DW_OP_plus_uconst 0x1a]
    6065                      .dwattr $C$DW$357, DW_AT_accessibility(DW_ACCESS_public)
    6066                      .dwattr $C$DW$357, DW_AT_decl_file("C:\ti\C2000Ware_MotorControl_SDK_5_04_00_00\c2000ware\device_supp
    6067                      .dwattr $C$DW$357, DW_AT_decl_line(0x11e)
    6068                      .dwattr $C$DW$357, DW_AT_decl_column(0x2e)
    6069              
    6070              $C$DW$358       .dwtag  DW_TAG_member
    6071                      .dwattr $C$DW$358, DW_AT_type(*$C$DW$T$69)
    6072                      .dwattr $C$DW$358, DW_AT_name("QFRC")
    6073                      .dwattr $C$DW$358, DW_AT_data_member_location[DW_OP_plus_uconst 0x1b]
    6074                      .dwattr $C$DW$358, DW_AT_accessibility(DW_ACCESS_public)
    6075                      .dwattr $C$DW$358, DW_AT_decl_file("C:\ti\C2000Ware_MotorControl_SDK_5_04_00_00\c2000ware\device_supp
    6076                      .dwattr $C$DW$358, DW_AT_decl_line(0x11f)
    6077                      .dwattr $C$DW$358, DW_AT_decl_column(0x2e)
    6078              
    6079              $C$DW$359       .dwtag  DW_TAG_member
    6080                      .dwattr $C$DW$359, DW_AT_type(*$C$DW$T$65)
    6081                      .dwattr $C$DW$359, DW_AT_name("QEPSTS")
    6082                      .dwattr $C$DW$359, DW_AT_data_member_location[DW_OP_plus_uconst 0x1c]
    6083                      .dwattr $C$DW$359, DW_AT_accessibility(DW_ACCESS_public)
    6084                      .dwattr $C$DW$359, DW_AT_decl_file("C:\ti\C2000Ware_MotorControl_SDK_5_04_00_00\c2000ware\device_supp
    6085                      .dwattr $C$DW$359, DW_AT_decl_line(0x120)
    6086                      .dwattr $C$DW$359, DW_AT_decl_column(0x2e)
    6087              
    6088              $C$DW$360       .dwtag  DW_TAG_member
TMS320C2000 Assembler PC v22.6.2 Thu Feb  5 15:43:43 2026

Copyright (c) 1996-2018 Texas Instruments Incorporated
dual_axis_servo_drive_user_cpu.asm                                   PAGE  122

    6089                      .dwattr $C$DW$360, DW_AT_type(*$C$DW$T$43)
    6090                      .dwattr $C$DW$360, DW_AT_name("QCTMR")
    6091                      .dwattr $C$DW$360, DW_AT_data_member_location[DW_OP_plus_uconst 0x1d]
    6092                      .dwattr $C$DW$360, DW_AT_accessibility(DW_ACCESS_public)
    6093                      .dwattr $C$DW$360, DW_AT_decl_file("C:\ti\C2000Ware_MotorControl_SDK_5_04_00_00\c2000ware\device_supp
    6094                      .dwattr $C$DW$360, DW_AT_decl_line(0x121)
    6095                      .dwattr $C$DW$360, DW_AT_decl_column(0x2e)
    6096              
    6097              $C$DW$361       .dwtag  DW_TAG_member
    6098                      .dwattr $C$DW$361, DW_AT_type(*$C$DW$T$43)
    6099                      .dwattr $C$DW$361, DW_AT_name("QCPRD")
    6100                      .dwattr $C$DW$361, DW_AT_data_member_location[DW_OP_plus_uconst 0x1e]
    6101                      .dwattr $C$DW$361, DW_AT_accessibility(DW_ACCESS_public)
    6102                      .dwattr $C$DW$361, DW_AT_decl_file("C:\ti\C2000Ware_MotorControl_SDK_5_04_00_00\c2000ware\device_supp
    6103                      .dwattr $C$DW$361, DW_AT_decl_line(0x122)
    6104                      .dwattr $C$DW$361, DW_AT_decl_column(0x2e)
    6105              
    6106              $C$DW$362       .dwtag  DW_TAG_member
    6107                      .dwattr $C$DW$362, DW_AT_type(*$C$DW$T$43)
    6108                      .dwattr $C$DW$362, DW_AT_name("QCTMRLAT")
    6109                      .dwattr $C$DW$362, DW_AT_data_member_location[DW_OP_plus_uconst 0x1f]
    6110                      .dwattr $C$DW$362, DW_AT_accessibility(DW_ACCESS_public)
    6111                      .dwattr $C$DW$362, DW_AT_decl_file("C:\ti\C2000Ware_MotorControl_SDK_5_04_00_00\c2000ware\device_supp
    6112                      .dwattr $C$DW$362, DW_AT_decl_line(0x123)
    6113                      .dwattr $C$DW$362, DW_AT_decl_column(0x2e)
    6114              
    6115              $C$DW$363       .dwtag  DW_TAG_member
    6116                      .dwattr $C$DW$363, DW_AT_type(*$C$DW$T$43)
    6117                      .dwattr $C$DW$363, DW_AT_name("QCPRDLAT")
    6118                      .dwattr $C$DW$363, DW_AT_data_member_location[DW_OP_plus_uconst 0x20]
    6119                      .dwattr $C$DW$363, DW_AT_accessibility(DW_ACCESS_public)
    6120                      .dwattr $C$DW$363, DW_AT_decl_file("C:\ti\C2000Ware_MotorControl_SDK_5_04_00_00\c2000ware\device_supp
    6121                      .dwattr $C$DW$363, DW_AT_decl_line(0x124)
    6122                      .dwattr $C$DW$363, DW_AT_decl_column(0x2e)
    6123              
    6124              $C$DW$364       .dwtag  DW_TAG_member
    6125                      .dwattr $C$DW$364, DW_AT_type(*$C$DW$T$47)
    6126                      .dwattr $C$DW$364, DW_AT_name("rsvd1")
    6127                      .dwattr $C$DW$364, DW_AT_data_member_location[DW_OP_plus_uconst 0x21]
    6128                      .dwattr $C$DW$364, DW_AT_accessibility(DW_ACCESS_public)
    6129                      .dwattr $C$DW$364, DW_AT_decl_file("C:\ti\C2000Ware_MotorControl_SDK_5_04_00_00\c2000ware\device_supp
    6130                      .dwattr $C$DW$364, DW_AT_decl_line(0x125)
    6131                      .dwattr $C$DW$364, DW_AT_decl_column(0x2e)
    6132              
    6133              $C$DW$365       .dwtag  DW_TAG_member
    6134                      .dwattr $C$DW$365, DW_AT_type(*$C$DW$T$75)
    6135                      .dwattr $C$DW$365, DW_AT_name("REV")
    6136                      .dwattr $C$DW$365, DW_AT_data_member_location[DW_OP_plus_uconst 0x30]
    6137                      .dwattr $C$DW$365, DW_AT_accessibility(DW_ACCESS_public)
    6138                      .dwattr $C$DW$365, DW_AT_decl_file("C:\ti\C2000Ware_MotorControl_SDK_5_04_00_00\c2000ware\device_supp
    6139                      .dwattr $C$DW$365, DW_AT_decl_line(0x126)
    6140                      .dwattr $C$DW$365, DW_AT_decl_column(0x2e)
    6141              
    6142              $C$DW$366       .dwtag  DW_TAG_member
    6143                      .dwattr $C$DW$366, DW_AT_type(*$C$DW$T$63)
TMS320C2000 Assembler PC v22.6.2 Thu Feb  5 15:43:43 2026

Copyright (c) 1996-2018 Texas Instruments Incorporated
dual_axis_servo_drive_user_cpu.asm                                   PAGE  123

    6144                      .dwattr $C$DW$366, DW_AT_name("QEPSTROBESEL")
    6145                      .dwattr $C$DW$366, DW_AT_data_member_location[DW_OP_plus_uconst 0x32]
    6146                      .dwattr $C$DW$366, DW_AT_accessibility(DW_ACCESS_public)
    6147                      .dwattr $C$DW$366, DW_AT_decl_file("C:\ti\C2000Ware_MotorControl_SDK_5_04_00_00\c2000ware\device_supp
    6148                      .dwattr $C$DW$366, DW_AT_decl_line(0x127)
    6149                      .dwattr $C$DW$366, DW_AT_decl_column(0x2e)
    6150              
    6151              $C$DW$367       .dwtag  DW_TAG_member
    6152                      .dwattr $C$DW$367, DW_AT_type(*$C$DW$T$71)
    6153                      .dwattr $C$DW$367, DW_AT_name("QMACTRL")
    6154                      .dwattr $C$DW$367, DW_AT_data_member_location[DW_OP_plus_uconst 0x34]
    6155                      .dwattr $C$DW$367, DW_AT_accessibility(DW_ACCESS_public)
    6156                      .dwattr $C$DW$367, DW_AT_decl_file("C:\ti\C2000Ware_MotorControl_SDK_5_04_00_00\c2000ware\device_supp
    6157                      .dwattr $C$DW$367, DW_AT_decl_line(0x128)
    6158                      .dwattr $C$DW$367, DW_AT_decl_column(0x2e)
    6159              
    6160              $C$DW$368       .dwtag  DW_TAG_member
    6161                      .dwattr $C$DW$368, DW_AT_type(*$C$DW$T$61)
    6162                      .dwattr $C$DW$368, DW_AT_name("QEPSRCSEL")
    6163                      .dwattr $C$DW$368, DW_AT_data_member_location[DW_OP_plus_uconst 0x36]
    6164                      .dwattr $C$DW$368, DW_AT_accessibility(DW_ACCESS_public)
    6165                      .dwattr $C$DW$368, DW_AT_decl_file("C:\ti\C2000Ware_MotorControl_SDK_5_04_00_00\c2000ware\device_supp
    6166                      .dwattr $C$DW$368, DW_AT_decl_line(0x129)
    6167                      .dwattr $C$DW$368, DW_AT_decl_column(0x2e)
    6168              
    6169                      .dwattr $C$DW$T$48, DW_AT_decl_file("C:\ti\C2000Ware_MotorControl_SDK_5_04_00_00\c2000ware\device_sup
    6170                      .dwattr $C$DW$T$48, DW_AT_decl_line(0x10c)
    6171                      .dwattr $C$DW$T$48, DW_AT_decl_column(0x08)
    6172                      .dwendtag $C$DW$T$48
    6173              
    6174                      .dwendtag $C$DW$TU$48
    6175              
    6176              
    6177              $C$DW$TU$104    .dwtag  DW_TAG_type_unit
    6178                      .dwmtype  $C$DW$T$104
    6179              $C$DW$369       .dwtag  DW_TAG_TI_far_type
    6180                      .dwattr $C$DW$369, DW_AT_type(*$C$DW$T$48)
    6181              
    6182              $C$DW$T$104     .dwtag  DW_TAG_volatile_type
    6183                      .dwattr $C$DW$T$104, DW_AT_type(*$C$DW$369)
    6184              
    6185                      .dwendtag $C$DW$TU$104
    6186              
    6187              
    6188              $C$DW$TU$105    .dwtag  DW_TAG_type_unit
    6189                      .dwmtype  $C$DW$T$105
    6190              $C$DW$T$105     .dwtag  DW_TAG_pointer_type
    6191                      .dwattr $C$DW$T$105, DW_AT_type(*$C$DW$T$104)
    6192                      .dwattr $C$DW$T$105, DW_AT_address_class(0x20)
    6193              
    6194                      .dwendtag $C$DW$TU$105
    6195              
    6196              
    6197              $C$DW$TU$49     .dwtag  DW_TAG_type_unit
    6198                      .dwmtype  $C$DW$T$49
TMS320C2000 Assembler PC v22.6.2 Thu Feb  5 15:43:43 2026

Copyright (c) 1996-2018 Texas Instruments Incorporated
dual_axis_servo_drive_user_cpu.asm                                   PAGE  124

    6199              
    6200              $C$DW$T$49      .dwtag  DW_TAG_structure_type
    6201                      .dwattr $C$DW$T$49, DW_AT_name("FCL_cmplxCtrl_t")
    6202                      .dwattr $C$DW$T$49, DW_AT_byte_size(0x20)
    6203              $C$DW$370       .dwtag  DW_TAG_member
    6204                      .dwattr $C$DW$370, DW_AT_type(*$C$DW$T$21)
    6205                      .dwattr $C$DW$370, DW_AT_name("ref")
    6206                      .dwattr $C$DW$370, DW_AT_accessibility(DW_ACCESS_public)
    6207                      .dwattr $C$DW$370, DW_AT_decl_file("C:/ti/C2000Ware_MotorControl_SDK_5_04_00_00/libraries/fcl/include
    6208                      .dwattr $C$DW$370, DW_AT_decl_line(0x19)
    6209                      .dwattr $C$DW$370, DW_AT_decl_column(0x10)
    6210              
    6211              $C$DW$371       .dwtag  DW_TAG_member
    6212                      .dwattr $C$DW$371, DW_AT_type(*$C$DW$T$21)
    6213                      .dwattr $C$DW$371, DW_AT_name("fbk")
    6214                      .dwattr $C$DW$371, DW_AT_data_member_location[DW_OP_plus_uconst 0x2]
    6215                      .dwattr $C$DW$371, DW_AT_accessibility(DW_ACCESS_public)
    6216                      .dwattr $C$DW$371, DW_AT_decl_file("C:/ti/C2000Ware_MotorControl_SDK_5_04_00_00/libraries/fcl/include
    6217                      .dwattr $C$DW$371, DW_AT_decl_line(0x1a)
    6218                      .dwattr $C$DW$371, DW_AT_decl_column(0x10)
    6219              
    6220              $C$DW$372       .dwtag  DW_TAG_member
    6221                      .dwattr $C$DW$372, DW_AT_type(*$C$DW$T$21)
    6222                      .dwattr $C$DW$372, DW_AT_name("err")
    6223                      .dwattr $C$DW$372, DW_AT_data_member_location[DW_OP_plus_uconst 0x4]
    6224                      .dwattr $C$DW$372, DW_AT_accessibility(DW_ACCESS_public)
    6225                      .dwattr $C$DW$372, DW_AT_decl_file("C:/ti/C2000Ware_MotorControl_SDK_5_04_00_00/libraries/fcl/include
    6226                      .dwattr $C$DW$372, DW_AT_decl_line(0x1b)
    6227                      .dwattr $C$DW$372, DW_AT_decl_column(0x10)
    6228              
    6229              $C$DW$373       .dwtag  DW_TAG_member
    6230                      .dwattr $C$DW$373, DW_AT_type(*$C$DW$T$21)
    6231                      .dwattr $C$DW$373, DW_AT_name("out")
    6232                      .dwattr $C$DW$373, DW_AT_data_member_location[DW_OP_plus_uconst 0x6]
    6233                      .dwattr $C$DW$373, DW_AT_accessibility(DW_ACCESS_public)
    6234                      .dwattr $C$DW$373, DW_AT_decl_file("C:/ti/C2000Ware_MotorControl_SDK_5_04_00_00/libraries/fcl/include
    6235                      .dwattr $C$DW$373, DW_AT_decl_line(0x1c)
    6236                      .dwattr $C$DW$373, DW_AT_decl_column(0x10)
    6237              
    6238              $C$DW$374       .dwtag  DW_TAG_member
    6239                      .dwattr $C$DW$374, DW_AT_type(*$C$DW$T$21)
    6240                      .dwattr $C$DW$374, DW_AT_name("carryOver")
    6241                      .dwattr $C$DW$374, DW_AT_data_member_location[DW_OP_plus_uconst 0x8]
    6242                      .dwattr $C$DW$374, DW_AT_accessibility(DW_ACCESS_public)
    6243                      .dwattr $C$DW$374, DW_AT_decl_file("C:/ti/C2000Ware_MotorControl_SDK_5_04_00_00/libraries/fcl/include
    6244                      .dwattr $C$DW$374, DW_AT_decl_line(0x1d)
    6245                      .dwattr $C$DW$374, DW_AT_decl_column(0x10)
    6246              
    6247              $C$DW$375       .dwtag  DW_TAG_member
    6248                      .dwattr $C$DW$375, DW_AT_type(*$C$DW$T$21)
    6249                      .dwattr $C$DW$375, DW_AT_name("Kp")
    6250                      .dwattr $C$DW$375, DW_AT_data_member_location[DW_OP_plus_uconst 0xa]
    6251                      .dwattr $C$DW$375, DW_AT_accessibility(DW_ACCESS_public)
    6252                      .dwattr $C$DW$375, DW_AT_decl_file("C:/ti/C2000Ware_MotorControl_SDK_5_04_00_00/libraries/fcl/include
    6253                      .dwattr $C$DW$375, DW_AT_decl_line(0x1e)
TMS320C2000 Assembler PC v22.6.2 Thu Feb  5 15:43:43 2026

Copyright (c) 1996-2018 Texas Instruments Incorporated
dual_axis_servo_drive_user_cpu.asm                                   PAGE  125

    6254                      .dwattr $C$DW$375, DW_AT_decl_column(0x10)
    6255              
    6256              $C$DW$376       .dwtag  DW_TAG_member
    6257                      .dwattr $C$DW$376, DW_AT_type(*$C$DW$T$21)
    6258                      .dwattr $C$DW$376, DW_AT_name("Ki")
    6259                      .dwattr $C$DW$376, DW_AT_data_member_location[DW_OP_plus_uconst 0xc]
    6260                      .dwattr $C$DW$376, DW_AT_accessibility(DW_ACCESS_public)
    6261                      .dwattr $C$DW$376, DW_AT_decl_file("C:/ti/C2000Ware_MotorControl_SDK_5_04_00_00/libraries/fcl/include
    6262                      .dwattr $C$DW$376, DW_AT_decl_line(0x1f)
    6263                      .dwattr $C$DW$376, DW_AT_decl_column(0x10)
    6264              
    6265              $C$DW$377       .dwtag  DW_TAG_member
    6266                      .dwattr $C$DW$377, DW_AT_type(*$C$DW$T$21)
    6267                      .dwattr $C$DW$377, DW_AT_name("Kerr")
    6268                      .dwattr $C$DW$377, DW_AT_data_member_location[DW_OP_plus_uconst 0xe]
    6269                      .dwattr $C$DW$377, DW_AT_accessibility(DW_ACCESS_public)
    6270                      .dwattr $C$DW$377, DW_AT_decl_file("C:/ti/C2000Ware_MotorControl_SDK_5_04_00_00/libraries/fcl/include
    6271                      .dwattr $C$DW$377, DW_AT_decl_line(0x20)
    6272                      .dwattr $C$DW$377, DW_AT_decl_column(0x10)
    6273              
    6274              $C$DW$378       .dwtag  DW_TAG_member
    6275                      .dwattr $C$DW$378, DW_AT_type(*$C$DW$T$21)
    6276                      .dwattr $C$DW$378, DW_AT_name("KerrOld")
    6277                      .dwattr $C$DW$378, DW_AT_data_member_location[DW_OP_plus_uconst 0x10]
    6278                      .dwattr $C$DW$378, DW_AT_accessibility(DW_ACCESS_public)
    6279                      .dwattr $C$DW$378, DW_AT_decl_file("C:/ti/C2000Ware_MotorControl_SDK_5_04_00_00/libraries/fcl/include
    6280                      .dwattr $C$DW$378, DW_AT_decl_line(0x21)
    6281                      .dwattr $C$DW$378, DW_AT_decl_column(0x10)
    6282              
    6283              $C$DW$379       .dwtag  DW_TAG_member
    6284                      .dwattr $C$DW$379, DW_AT_type(*$C$DW$T$21)
    6285                      .dwattr $C$DW$379, DW_AT_name("Umax")
    6286                      .dwattr $C$DW$379, DW_AT_data_member_location[DW_OP_plus_uconst 0x12]
    6287                      .dwattr $C$DW$379, DW_AT_accessibility(DW_ACCESS_public)
    6288                      .dwattr $C$DW$379, DW_AT_decl_file("C:/ti/C2000Ware_MotorControl_SDK_5_04_00_00/libraries/fcl/include
    6289                      .dwattr $C$DW$379, DW_AT_decl_line(0x22)
    6290                      .dwattr $C$DW$379, DW_AT_decl_column(0x10)
    6291              
    6292              $C$DW$380       .dwtag  DW_TAG_member
    6293                      .dwattr $C$DW$380, DW_AT_type(*$C$DW$T$21)
    6294                      .dwattr $C$DW$380, DW_AT_name("Umin")
    6295                      .dwattr $C$DW$380, DW_AT_data_member_location[DW_OP_plus_uconst 0x14]
    6296                      .dwattr $C$DW$380, DW_AT_accessibility(DW_ACCESS_public)
    6297                      .dwattr $C$DW$380, DW_AT_decl_file("C:/ti/C2000Ware_MotorControl_SDK_5_04_00_00/libraries/fcl/include
    6298                      .dwattr $C$DW$380, DW_AT_decl_line(0x23)
    6299                      .dwattr $C$DW$380, DW_AT_decl_column(0x10)
    6300              
    6301              $C$DW$381       .dwtag  DW_TAG_member
    6302                      .dwattr $C$DW$381, DW_AT_type(*$C$DW$T$21)
    6303                      .dwattr $C$DW$381, DW_AT_name("cosWTs")
    6304                      .dwattr $C$DW$381, DW_AT_data_member_location[DW_OP_plus_uconst 0x16]
    6305                      .dwattr $C$DW$381, DW_AT_accessibility(DW_ACCESS_public)
    6306                      .dwattr $C$DW$381, DW_AT_decl_file("C:/ti/C2000Ware_MotorControl_SDK_5_04_00_00/libraries/fcl/include
    6307                      .dwattr $C$DW$381, DW_AT_decl_line(0x24)
    6308                      .dwattr $C$DW$381, DW_AT_decl_column(0x10)
TMS320C2000 Assembler PC v22.6.2 Thu Feb  5 15:43:43 2026

Copyright (c) 1996-2018 Texas Instruments Incorporated
dual_axis_servo_drive_user_cpu.asm                                   PAGE  126

    6309              
    6310              $C$DW$382       .dwtag  DW_TAG_member
    6311                      .dwattr $C$DW$382, DW_AT_type(*$C$DW$T$21)
    6312                      .dwattr $C$DW$382, DW_AT_name("sinWTs")
    6313                      .dwattr $C$DW$382, DW_AT_data_member_location[DW_OP_plus_uconst 0x18]
    6314                      .dwattr $C$DW$382, DW_AT_accessibility(DW_ACCESS_public)
    6315                      .dwattr $C$DW$382, DW_AT_decl_file("C:/ti/C2000Ware_MotorControl_SDK_5_04_00_00/libraries/fcl/include
    6316                      .dwattr $C$DW$382, DW_AT_decl_line(0x25)
    6317                      .dwattr $C$DW$382, DW_AT_decl_column(0x10)
    6318              
    6319              $C$DW$383       .dwtag  DW_TAG_member
    6320                      .dwattr $C$DW$383, DW_AT_type(*$C$DW$T$21)
    6321                      .dwattr $C$DW$383, DW_AT_name("expVal")
    6322                      .dwattr $C$DW$383, DW_AT_data_member_location[DW_OP_plus_uconst 0x1a]
    6323                      .dwattr $C$DW$383, DW_AT_accessibility(DW_ACCESS_public)
    6324                      .dwattr $C$DW$383, DW_AT_decl_file("C:/ti/C2000Ware_MotorControl_SDK_5_04_00_00/libraries/fcl/include
    6325                      .dwattr $C$DW$383, DW_AT_decl_line(0x26)
    6326                      .dwattr $C$DW$383, DW_AT_decl_column(0x10)
    6327              
    6328              $C$DW$384       .dwtag  DW_TAG_member
    6329                      .dwattr $C$DW$384, DW_AT_type(*$C$DW$T$21)
    6330                      .dwattr $C$DW$384, DW_AT_name("kDirect")
    6331                      .dwattr $C$DW$384, DW_AT_data_member_location[DW_OP_plus_uconst 0x1c]
    6332                      .dwattr $C$DW$384, DW_AT_accessibility(DW_ACCESS_public)
    6333                      .dwattr $C$DW$384, DW_AT_decl_file("C:/ti/C2000Ware_MotorControl_SDK_5_04_00_00/libraries/fcl/include
    6334                      .dwattr $C$DW$384, DW_AT_decl_line(0x27)
    6335                      .dwattr $C$DW$384, DW_AT_decl_column(0x10)
    6336              
    6337              $C$DW$385       .dwtag  DW_TAG_member
    6338                      .dwattr $C$DW$385, DW_AT_type(*$C$DW$T$21)
    6339                      .dwattr $C$DW$385, DW_AT_name("xErr")
    6340                      .dwattr $C$DW$385, DW_AT_data_member_location[DW_OP_plus_uconst 0x1e]
    6341                      .dwattr $C$DW$385, DW_AT_accessibility(DW_ACCESS_public)
    6342                      .dwattr $C$DW$385, DW_AT_decl_file("C:/ti/C2000Ware_MotorControl_SDK_5_04_00_00/libraries/fcl/include
    6343                      .dwattr $C$DW$385, DW_AT_decl_line(0x28)
    6344                      .dwattr $C$DW$385, DW_AT_decl_column(0x10)
    6345              
    6346                      .dwattr $C$DW$T$49, DW_AT_decl_file("C:/ti/C2000Ware_MotorControl_SDK_5_04_00_00/libraries/fcl/includ
    6347                      .dwattr $C$DW$T$49, DW_AT_decl_line(0x17)
    6348                      .dwattr $C$DW$T$49, DW_AT_decl_column(0x10)
    6349                      .dwendtag $C$DW$T$49
    6350              
    6351                      .dwendtag $C$DW$TU$49
    6352              
    6353              
    6354              $C$DW$TU$98     .dwtag  DW_TAG_type_unit
    6355                      .dwmtype  $C$DW$T$98
    6356              $C$DW$T$98      .dwtag  DW_TAG_typedef
    6357                      .dwattr $C$DW$T$98, DW_AT_name("FCL_cmplxCtrl_t")
    6358                      .dwattr $C$DW$T$98, DW_AT_type(*$C$DW$T$49)
    6359                      .dwattr $C$DW$T$98, DW_AT_decl_file("C:/ti/C2000Ware_MotorControl_SDK_5_04_00_00/libraries/fcl/includ
    6360                      .dwattr $C$DW$T$98, DW_AT_decl_line(0x29)
    6361                      .dwattr $C$DW$T$98, DW_AT_decl_column(0x03)
    6362              
    6363                      .dwendtag $C$DW$TU$98
TMS320C2000 Assembler PC v22.6.2 Thu Feb  5 15:43:43 2026

Copyright (c) 1996-2018 Texas Instruments Incorporated
dual_axis_servo_drive_user_cpu.asm                                   PAGE  127

    6364              
    6365              
    6366              $C$DW$TU$50     .dwtag  DW_TAG_type_unit
    6367                      .dwmtype  $C$DW$T$50
    6368              
    6369              $C$DW$T$50      .dwtag  DW_TAG_structure_type
    6370                      .dwattr $C$DW$T$50, DW_AT_name("QCAPCTL_BITS")
    6371                      .dwattr $C$DW$T$50, DW_AT_byte_size(0x01)
    6372              $C$DW$386       .dwtag  DW_TAG_member
    6373                      .dwattr $C$DW$386, DW_AT_type(*$C$DW$T$43)
    6374                      .dwattr $C$DW$386, DW_AT_name("UPPS")
    6375                      .dwattr $C$DW$386, DW_AT_bit_offset(0x0c)
    6376                      .dwattr $C$DW$386, DW_AT_bit_size(0x04)
    6377                      .dwattr $C$DW$386, DW_AT_accessibility(DW_ACCESS_public)
    6378                      .dwattr $C$DW$386, DW_AT_decl_file("C:\ti\C2000Ware_MotorControl_SDK_5_04_00_00\c2000ware\device_supp
    6379                      .dwattr $C$DW$386, DW_AT_decl_line(0x5c)
    6380                      .dwattr $C$DW$386, DW_AT_decl_column(0x0c)
    6381              
    6382              $C$DW$387       .dwtag  DW_TAG_member
    6383                      .dwattr $C$DW$387, DW_AT_type(*$C$DW$T$43)
    6384                      .dwattr $C$DW$387, DW_AT_name("CCPS")
    6385                      .dwattr $C$DW$387, DW_AT_bit_offset(0x09)
    6386                      .dwattr $C$DW$387, DW_AT_bit_size(0x03)
    6387                      .dwattr $C$DW$387, DW_AT_accessibility(DW_ACCESS_public)
    6388                      .dwattr $C$DW$387, DW_AT_decl_file("C:\ti\C2000Ware_MotorControl_SDK_5_04_00_00\c2000ware\device_supp
    6389                      .dwattr $C$DW$387, DW_AT_decl_line(0x5d)
    6390                      .dwattr $C$DW$387, DW_AT_decl_column(0x0c)
    6391              
    6392              $C$DW$388       .dwtag  DW_TAG_member
    6393                      .dwattr $C$DW$388, DW_AT_type(*$C$DW$T$43)
    6394                      .dwattr $C$DW$388, DW_AT_name("rsvd1")
    6395                      .dwattr $C$DW$388, DW_AT_bit_offset(0x01)
    6396                      .dwattr $C$DW$388, DW_AT_bit_size(0x08)
    6397                      .dwattr $C$DW$388, DW_AT_accessibility(DW_ACCESS_public)
    6398                      .dwattr $C$DW$388, DW_AT_decl_file("C:\ti\C2000Ware_MotorControl_SDK_5_04_00_00\c2000ware\device_supp
    6399                      .dwattr $C$DW$388, DW_AT_decl_line(0x5e)
    6400                      .dwattr $C$DW$388, DW_AT_decl_column(0x0c)
    6401              
    6402              $C$DW$389       .dwtag  DW_TAG_member
    6403                      .dwattr $C$DW$389, DW_AT_type(*$C$DW$T$43)
    6404                      .dwattr $C$DW$389, DW_AT_name("CEN")
    6405                      .dwattr $C$DW$389, DW_AT_bit_offset(0x00)
    6406                      .dwattr $C$DW$389, DW_AT_bit_size(0x01)
    6407                      .dwattr $C$DW$389, DW_AT_accessibility(DW_ACCESS_public)
    6408                      .dwattr $C$DW$389, DW_AT_decl_file("C:\ti\C2000Ware_MotorControl_SDK_5_04_00_00\c2000ware\device_supp
    6409                      .dwattr $C$DW$389, DW_AT_decl_line(0x5f)
    6410                      .dwattr $C$DW$389, DW_AT_decl_column(0x0c)
    6411              
    6412                      .dwattr $C$DW$T$50, DW_AT_decl_file("C:\ti\C2000Ware_MotorControl_SDK_5_04_00_00\c2000ware\device_sup
    6413                      .dwattr $C$DW$T$50, DW_AT_decl_line(0x5b)
    6414                      .dwattr $C$DW$T$50, DW_AT_decl_column(0x08)
    6415                      .dwendtag $C$DW$T$50
    6416              
    6417                      .dwendtag $C$DW$TU$50
    6418              
TMS320C2000 Assembler PC v22.6.2 Thu Feb  5 15:43:43 2026

Copyright (c) 1996-2018 Texas Instruments Incorporated
dual_axis_servo_drive_user_cpu.asm                                   PAGE  128

    6419              
    6420              $C$DW$TU$51     .dwtag  DW_TAG_type_unit
    6421                      .dwmtype  $C$DW$T$51
    6422              
    6423              $C$DW$T$51      .dwtag  DW_TAG_union_type
    6424                      .dwattr $C$DW$T$51, DW_AT_name("QCAPCTL_REG")
    6425                      .dwattr $C$DW$T$51, DW_AT_byte_size(0x01)
    6426              $C$DW$390       .dwtag  DW_TAG_member
    6427                      .dwattr $C$DW$390, DW_AT_type(*$C$DW$T$43)
    6428                      .dwattr $C$DW$390, DW_AT_name("all")
    6429                      .dwattr $C$DW$390, DW_AT_accessibility(DW_ACCESS_public)
    6430                      .dwattr $C$DW$390, DW_AT_decl_file("C:\ti\C2000Ware_MotorControl_SDK_5_04_00_00\c2000ware\device_supp
    6431                      .dwattr $C$DW$390, DW_AT_decl_line(0x63)
    6432                      .dwattr $C$DW$390, DW_AT_decl_column(0x0d)
    6433              
    6434              $C$DW$391       .dwtag  DW_TAG_member
    6435                      .dwattr $C$DW$391, DW_AT_type(*$C$DW$T$50)
    6436                      .dwattr $C$DW$391, DW_AT_name("bit")
    6437                      .dwattr $C$DW$391, DW_AT_accessibility(DW_ACCESS_public)
    6438                      .dwattr $C$DW$391, DW_AT_decl_file("C:\ti\C2000Ware_MotorControl_SDK_5_04_00_00\c2000ware\device_supp
    6439                      .dwattr $C$DW$391, DW_AT_decl_line(0x64)
    6440                      .dwattr $C$DW$391, DW_AT_decl_column(0x1b)
    6441              
    6442                      .dwattr $C$DW$T$51, DW_AT_decl_file("C:\ti\C2000Ware_MotorControl_SDK_5_04_00_00\c2000ware\device_sup
    6443                      .dwattr $C$DW$T$51, DW_AT_decl_line(0x62)
    6444                      .dwattr $C$DW$T$51, DW_AT_decl_column(0x07)
    6445                      .dwendtag $C$DW$T$51
    6446              
    6447                      .dwendtag $C$DW$TU$51
    6448              
    6449              
    6450              $C$DW$TU$52     .dwtag  DW_TAG_type_unit
    6451                      .dwmtype  $C$DW$T$52
    6452              
    6453              $C$DW$T$52      .dwtag  DW_TAG_structure_type
    6454                      .dwattr $C$DW$T$52, DW_AT_name("QCLR_BITS")
    6455                      .dwattr $C$DW$T$52, DW_AT_byte_size(0x01)
    6456              $C$DW$392       .dwtag  DW_TAG_member
    6457                      .dwattr $C$DW$392, DW_AT_type(*$C$DW$T$43)
    6458                      .dwattr $C$DW$392, DW_AT_name("INT")
    6459                      .dwattr $C$DW$392, DW_AT_bit_offset(0x0f)
    6460                      .dwattr $C$DW$392, DW_AT_bit_size(0x01)
    6461                      .dwattr $C$DW$392, DW_AT_accessibility(DW_ACCESS_public)
    6462                      .dwattr $C$DW$392, DW_AT_decl_file("C:\ti\C2000Ware_MotorControl_SDK_5_04_00_00\c2000ware\device_supp
    6463                      .dwattr $C$DW$392, DW_AT_decl_line(0xa1)
    6464                      .dwattr $C$DW$392, DW_AT_decl_column(0x0c)
    6465              
    6466              $C$DW$393       .dwtag  DW_TAG_member
    6467                      .dwattr $C$DW$393, DW_AT_type(*$C$DW$T$43)
    6468                      .dwattr $C$DW$393, DW_AT_name("PCE")
    6469                      .dwattr $C$DW$393, DW_AT_bit_offset(0x0e)
    6470                      .dwattr $C$DW$393, DW_AT_bit_size(0x01)
    6471                      .dwattr $C$DW$393, DW_AT_accessibility(DW_ACCESS_public)
    6472                      .dwattr $C$DW$393, DW_AT_decl_file("C:\ti\C2000Ware_MotorControl_SDK_5_04_00_00\c2000ware\device_supp
    6473                      .dwattr $C$DW$393, DW_AT_decl_line(0xa2)
TMS320C2000 Assembler PC v22.6.2 Thu Feb  5 15:43:43 2026

Copyright (c) 1996-2018 Texas Instruments Incorporated
dual_axis_servo_drive_user_cpu.asm                                   PAGE  129

    6474                      .dwattr $C$DW$393, DW_AT_decl_column(0x0c)
    6475              
    6476              $C$DW$394       .dwtag  DW_TAG_member
    6477                      .dwattr $C$DW$394, DW_AT_type(*$C$DW$T$43)
    6478                      .dwattr $C$DW$394, DW_AT_name("PHE")
    6479                      .dwattr $C$DW$394, DW_AT_bit_offset(0x0d)
    6480                      .dwattr $C$DW$394, DW_AT_bit_size(0x01)
    6481                      .dwattr $C$DW$394, DW_AT_accessibility(DW_ACCESS_public)
    6482                      .dwattr $C$DW$394, DW_AT_decl_file("C:\ti\C2000Ware_MotorControl_SDK_5_04_00_00\c2000ware\device_supp
    6483                      .dwattr $C$DW$394, DW_AT_decl_line(0xa3)
    6484                      .dwattr $C$DW$394, DW_AT_decl_column(0x0c)
    6485              
    6486              $C$DW$395       .dwtag  DW_TAG_member
    6487                      .dwattr $C$DW$395, DW_AT_type(*$C$DW$T$43)
    6488                      .dwattr $C$DW$395, DW_AT_name("QDC")
    6489                      .dwattr $C$DW$395, DW_AT_bit_offset(0x0c)
    6490                      .dwattr $C$DW$395, DW_AT_bit_size(0x01)
    6491                      .dwattr $C$DW$395, DW_AT_accessibility(DW_ACCESS_public)
    6492                      .dwattr $C$DW$395, DW_AT_decl_file("C:\ti\C2000Ware_MotorControl_SDK_5_04_00_00\c2000ware\device_supp
    6493                      .dwattr $C$DW$395, DW_AT_decl_line(0xa4)
    6494                      .dwattr $C$DW$395, DW_AT_decl_column(0x0c)
    6495              
    6496              $C$DW$396       .dwtag  DW_TAG_member
    6497                      .dwattr $C$DW$396, DW_AT_type(*$C$DW$T$43)
    6498                      .dwattr $C$DW$396, DW_AT_name("WTO")
    6499                      .dwattr $C$DW$396, DW_AT_bit_offset(0x0b)
    6500                      .dwattr $C$DW$396, DW_AT_bit_size(0x01)
    6501                      .dwattr $C$DW$396, DW_AT_accessibility(DW_ACCESS_public)
    6502                      .dwattr $C$DW$396, DW_AT_decl_file("C:\ti\C2000Ware_MotorControl_SDK_5_04_00_00\c2000ware\device_supp
    6503                      .dwattr $C$DW$396, DW_AT_decl_line(0xa5)
    6504                      .dwattr $C$DW$396, DW_AT_decl_column(0x0c)
    6505              
    6506              $C$DW$397       .dwtag  DW_TAG_member
    6507                      .dwattr $C$DW$397, DW_AT_type(*$C$DW$T$43)
    6508                      .dwattr $C$DW$397, DW_AT_name("PCU")
    6509                      .dwattr $C$DW$397, DW_AT_bit_offset(0x0a)
    6510                      .dwattr $C$DW$397, DW_AT_bit_size(0x01)
    6511                      .dwattr $C$DW$397, DW_AT_accessibility(DW_ACCESS_public)
    6512                      .dwattr $C$DW$397, DW_AT_decl_file("C:\ti\C2000Ware_MotorControl_SDK_5_04_00_00\c2000ware\device_supp
    6513                      .dwattr $C$DW$397, DW_AT_decl_line(0xa6)
    6514                      .dwattr $C$DW$397, DW_AT_decl_column(0x0c)
    6515              
    6516              $C$DW$398       .dwtag  DW_TAG_member
    6517                      .dwattr $C$DW$398, DW_AT_type(*$C$DW$T$43)
    6518                      .dwattr $C$DW$398, DW_AT_name("PCO")
    6519                      .dwattr $C$DW$398, DW_AT_bit_offset(0x09)
    6520                      .dwattr $C$DW$398, DW_AT_bit_size(0x01)
    6521                      .dwattr $C$DW$398, DW_AT_accessibility(DW_ACCESS_public)
    6522                      .dwattr $C$DW$398, DW_AT_decl_file("C:\ti\C2000Ware_MotorControl_SDK_5_04_00_00\c2000ware\device_supp
    6523                      .dwattr $C$DW$398, DW_AT_decl_line(0xa7)
    6524                      .dwattr $C$DW$398, DW_AT_decl_column(0x0c)
    6525              
    6526              $C$DW$399       .dwtag  DW_TAG_member
    6527                      .dwattr $C$DW$399, DW_AT_type(*$C$DW$T$43)
    6528                      .dwattr $C$DW$399, DW_AT_name("PCR")
TMS320C2000 Assembler PC v22.6.2 Thu Feb  5 15:43:43 2026

Copyright (c) 1996-2018 Texas Instruments Incorporated
dual_axis_servo_drive_user_cpu.asm                                   PAGE  130

    6529                      .dwattr $C$DW$399, DW_AT_bit_offset(0x08)
    6530                      .dwattr $C$DW$399, DW_AT_bit_size(0x01)
    6531                      .dwattr $C$DW$399, DW_AT_accessibility(DW_ACCESS_public)
    6532                      .dwattr $C$DW$399, DW_AT_decl_file("C:\ti\C2000Ware_MotorControl_SDK_5_04_00_00\c2000ware\device_supp
    6533                      .dwattr $C$DW$399, DW_AT_decl_line(0xa8)
    6534                      .dwattr $C$DW$399, DW_AT_decl_column(0x0c)
    6535              
    6536              $C$DW$400       .dwtag  DW_TAG_member
    6537                      .dwattr $C$DW$400, DW_AT_type(*$C$DW$T$43)
    6538                      .dwattr $C$DW$400, DW_AT_name("PCM")
    6539                      .dwattr $C$DW$400, DW_AT_bit_offset(0x07)
    6540                      .dwattr $C$DW$400, DW_AT_bit_size(0x01)
    6541                      .dwattr $C$DW$400, DW_AT_accessibility(DW_ACCESS_public)
    6542                      .dwattr $C$DW$400, DW_AT_decl_file("C:\ti\C2000Ware_MotorControl_SDK_5_04_00_00\c2000ware\device_supp
    6543                      .dwattr $C$DW$400, DW_AT_decl_line(0xa9)
    6544                      .dwattr $C$DW$400, DW_AT_decl_column(0x0c)
    6545              
    6546              $C$DW$401       .dwtag  DW_TAG_member
    6547                      .dwattr $C$DW$401, DW_AT_type(*$C$DW$T$43)
    6548                      .dwattr $C$DW$401, DW_AT_name("SEL")
    6549                      .dwattr $C$DW$401, DW_AT_bit_offset(0x06)
    6550                      .dwattr $C$DW$401, DW_AT_bit_size(0x01)
    6551                      .dwattr $C$DW$401, DW_AT_accessibility(DW_ACCESS_public)
    6552                      .dwattr $C$DW$401, DW_AT_decl_file("C:\ti\C2000Ware_MotorControl_SDK_5_04_00_00\c2000ware\device_supp
    6553                      .dwattr $C$DW$401, DW_AT_decl_line(0xaa)
    6554                      .dwattr $C$DW$401, DW_AT_decl_column(0x0c)
    6555              
    6556              $C$DW$402       .dwtag  DW_TAG_member
    6557                      .dwattr $C$DW$402, DW_AT_type(*$C$DW$T$43)
    6558                      .dwattr $C$DW$402, DW_AT_name("IEL")
    6559                      .dwattr $C$DW$402, DW_AT_bit_offset(0x05)
    6560                      .dwattr $C$DW$402, DW_AT_bit_size(0x01)
    6561                      .dwattr $C$DW$402, DW_AT_accessibility(DW_ACCESS_public)
    6562                      .dwattr $C$DW$402, DW_AT_decl_file("C:\ti\C2000Ware_MotorControl_SDK_5_04_00_00\c2000ware\device_supp
    6563                      .dwattr $C$DW$402, DW_AT_decl_line(0xab)
    6564                      .dwattr $C$DW$402, DW_AT_decl_column(0x0c)
    6565              
    6566              $C$DW$403       .dwtag  DW_TAG_member
    6567                      .dwattr $C$DW$403, DW_AT_type(*$C$DW$T$43)
    6568                      .dwattr $C$DW$403, DW_AT_name("UTO")
    6569                      .dwattr $C$DW$403, DW_AT_bit_offset(0x04)
    6570                      .dwattr $C$DW$403, DW_AT_bit_size(0x01)
    6571                      .dwattr $C$DW$403, DW_AT_accessibility(DW_ACCESS_public)
    6572                      .dwattr $C$DW$403, DW_AT_decl_file("C:\ti\C2000Ware_MotorControl_SDK_5_04_00_00\c2000ware\device_supp
    6573                      .dwattr $C$DW$403, DW_AT_decl_line(0xac)
    6574                      .dwattr $C$DW$403, DW_AT_decl_column(0x0c)
    6575              
    6576              $C$DW$404       .dwtag  DW_TAG_member
    6577                      .dwattr $C$DW$404, DW_AT_type(*$C$DW$T$43)
    6578                      .dwattr $C$DW$404, DW_AT_name("QMAE")
    6579                      .dwattr $C$DW$404, DW_AT_bit_offset(0x03)
    6580                      .dwattr $C$DW$404, DW_AT_bit_size(0x01)
    6581                      .dwattr $C$DW$404, DW_AT_accessibility(DW_ACCESS_public)
    6582                      .dwattr $C$DW$404, DW_AT_decl_file("C:\ti\C2000Ware_MotorControl_SDK_5_04_00_00\c2000ware\device_supp
    6583                      .dwattr $C$DW$404, DW_AT_decl_line(0xad)
TMS320C2000 Assembler PC v22.6.2 Thu Feb  5 15:43:43 2026

Copyright (c) 1996-2018 Texas Instruments Incorporated
dual_axis_servo_drive_user_cpu.asm                                   PAGE  131

    6584                      .dwattr $C$DW$404, DW_AT_decl_column(0x0c)
    6585              
    6586              $C$DW$405       .dwtag  DW_TAG_member
    6587                      .dwattr $C$DW$405, DW_AT_type(*$C$DW$T$43)
    6588                      .dwattr $C$DW$405, DW_AT_name("rsvd1")
    6589                      .dwattr $C$DW$405, DW_AT_bit_offset(0x00)
    6590                      .dwattr $C$DW$405, DW_AT_bit_size(0x03)
    6591                      .dwattr $C$DW$405, DW_AT_accessibility(DW_ACCESS_public)
    6592                      .dwattr $C$DW$405, DW_AT_decl_file("C:\ti\C2000Ware_MotorControl_SDK_5_04_00_00\c2000ware\device_supp
    6593                      .dwattr $C$DW$405, DW_AT_decl_line(0xae)
    6594                      .dwattr $C$DW$405, DW_AT_decl_column(0x0c)
    6595              
    6596                      .dwattr $C$DW$T$52, DW_AT_decl_file("C:\ti\C2000Ware_MotorControl_SDK_5_04_00_00\c2000ware\device_sup
    6597                      .dwattr $C$DW$T$52, DW_AT_decl_line(0xa0)
    6598                      .dwattr $C$DW$T$52, DW_AT_decl_column(0x08)
    6599                      .dwendtag $C$DW$T$52
    6600              
    6601                      .dwendtag $C$DW$TU$52
    6602              
    6603              
    6604              $C$DW$TU$53     .dwtag  DW_TAG_type_unit
    6605                      .dwmtype  $C$DW$T$53
    6606              
    6607              $C$DW$T$53      .dwtag  DW_TAG_union_type
    6608                      .dwattr $C$DW$T$53, DW_AT_name("QCLR_REG")
    6609                      .dwattr $C$DW$T$53, DW_AT_byte_size(0x01)
    6610              $C$DW$406       .dwtag  DW_TAG_member
    6611                      .dwattr $C$DW$406, DW_AT_type(*$C$DW$T$43)
    6612                      .dwattr $C$DW$406, DW_AT_name("all")
    6613                      .dwattr $C$DW$406, DW_AT_accessibility(DW_ACCESS_public)
    6614                      .dwattr $C$DW$406, DW_AT_decl_file("C:\ti\C2000Ware_MotorControl_SDK_5_04_00_00\c2000ware\device_supp
    6615                      .dwattr $C$DW$406, DW_AT_decl_line(0xb2)
    6616                      .dwattr $C$DW$406, DW_AT_decl_column(0x0d)
    6617              
    6618              $C$DW$407       .dwtag  DW_TAG_member
    6619                      .dwattr $C$DW$407, DW_AT_type(*$C$DW$T$52)
    6620                      .dwattr $C$DW$407, DW_AT_name("bit")
    6621                      .dwattr $C$DW$407, DW_AT_accessibility(DW_ACCESS_public)
    6622                      .dwattr $C$DW$407, DW_AT_decl_file("C:\ti\C2000Ware_MotorControl_SDK_5_04_00_00\c2000ware\device_supp
    6623                      .dwattr $C$DW$407, DW_AT_decl_line(0xb3)
    6624                      .dwattr $C$DW$407, DW_AT_decl_column(0x18)
    6625              
    6626                      .dwattr $C$DW$T$53, DW_AT_decl_file("C:\ti\C2000Ware_MotorControl_SDK_5_04_00_00\c2000ware\device_sup
    6627                      .dwattr $C$DW$T$53, DW_AT_decl_line(0xb1)
    6628                      .dwattr $C$DW$T$53, DW_AT_decl_column(0x07)
    6629                      .dwendtag $C$DW$T$53
    6630              
    6631                      .dwendtag $C$DW$TU$53
    6632              
    6633              
    6634              $C$DW$TU$54     .dwtag  DW_TAG_type_unit
    6635                      .dwmtype  $C$DW$T$54
    6636              
    6637              $C$DW$T$54      .dwtag  DW_TAG_structure_type
    6638                      .dwattr $C$DW$T$54, DW_AT_name("QDECCTL_BITS")
TMS320C2000 Assembler PC v22.6.2 Thu Feb  5 15:43:43 2026

Copyright (c) 1996-2018 Texas Instruments Incorporated
dual_axis_servo_drive_user_cpu.asm                                   PAGE  132

    6639                      .dwattr $C$DW$T$54, DW_AT_byte_size(0x01)
    6640              $C$DW$408       .dwtag  DW_TAG_member
    6641                      .dwattr $C$DW$408, DW_AT_type(*$C$DW$T$43)
    6642                      .dwattr $C$DW$408, DW_AT_name("QIDIRE")
    6643                      .dwattr $C$DW$408, DW_AT_bit_offset(0x0f)
    6644                      .dwattr $C$DW$408, DW_AT_bit_size(0x01)
    6645                      .dwattr $C$DW$408, DW_AT_accessibility(DW_ACCESS_public)
    6646                      .dwattr $C$DW$408, DW_AT_decl_file("C:\ti\C2000Ware_MotorControl_SDK_5_04_00_00\c2000ware\device_supp
    6647                      .dwattr $C$DW$408, DW_AT_decl_line(0x35)
    6648                      .dwattr $C$DW$408, DW_AT_decl_column(0x0c)
    6649              
    6650              $C$DW$409       .dwtag  DW_TAG_member
    6651                      .dwattr $C$DW$409, DW_AT_type(*$C$DW$T$43)
    6652                      .dwattr $C$DW$409, DW_AT_name("rsvd1")
    6653                      .dwattr $C$DW$409, DW_AT_bit_offset(0x0b)
    6654                      .dwattr $C$DW$409, DW_AT_bit_size(0x04)
    6655                      .dwattr $C$DW$409, DW_AT_accessibility(DW_ACCESS_public)
    6656                      .dwattr $C$DW$409, DW_AT_decl_file("C:\ti\C2000Ware_MotorControl_SDK_5_04_00_00\c2000ware\device_supp
    6657                      .dwattr $C$DW$409, DW_AT_decl_line(0x36)
    6658                      .dwattr $C$DW$409, DW_AT_decl_column(0x0c)
    6659              
    6660              $C$DW$410       .dwtag  DW_TAG_member
    6661                      .dwattr $C$DW$410, DW_AT_type(*$C$DW$T$43)
    6662                      .dwattr $C$DW$410, DW_AT_name("QSP")
    6663                      .dwattr $C$DW$410, DW_AT_bit_offset(0x0a)
    6664                      .dwattr $C$DW$410, DW_AT_bit_size(0x01)
    6665                      .dwattr $C$DW$410, DW_AT_accessibility(DW_ACCESS_public)
    6666                      .dwattr $C$DW$410, DW_AT_decl_file("C:\ti\C2000Ware_MotorControl_SDK_5_04_00_00\c2000ware\device_supp
    6667                      .dwattr $C$DW$410, DW_AT_decl_line(0x37)
    6668                      .dwattr $C$DW$410, DW_AT_decl_column(0x0c)
    6669              
    6670              $C$DW$411       .dwtag  DW_TAG_member
    6671                      .dwattr $C$DW$411, DW_AT_type(*$C$DW$T$43)
    6672                      .dwattr $C$DW$411, DW_AT_name("QIP")
    6673                      .dwattr $C$DW$411, DW_AT_bit_offset(0x09)
    6674                      .dwattr $C$DW$411, DW_AT_bit_size(0x01)
    6675                      .dwattr $C$DW$411, DW_AT_accessibility(DW_ACCESS_public)
    6676                      .dwattr $C$DW$411, DW_AT_decl_file("C:\ti\C2000Ware_MotorControl_SDK_5_04_00_00\c2000ware\device_supp
    6677                      .dwattr $C$DW$411, DW_AT_decl_line(0x38)
    6678                      .dwattr $C$DW$411, DW_AT_decl_column(0x0c)
    6679              
    6680              $C$DW$412       .dwtag  DW_TAG_member
    6681                      .dwattr $C$DW$412, DW_AT_type(*$C$DW$T$43)
    6682                      .dwattr $C$DW$412, DW_AT_name("QBP")
    6683                      .dwattr $C$DW$412, DW_AT_bit_offset(0x08)
    6684                      .dwattr $C$DW$412, DW_AT_bit_size(0x01)
    6685                      .dwattr $C$DW$412, DW_AT_accessibility(DW_ACCESS_public)
    6686                      .dwattr $C$DW$412, DW_AT_decl_file("C:\ti\C2000Ware_MotorControl_SDK_5_04_00_00\c2000ware\device_supp
    6687                      .dwattr $C$DW$412, DW_AT_decl_line(0x39)
    6688                      .dwattr $C$DW$412, DW_AT_decl_column(0x0c)
    6689              
    6690              $C$DW$413       .dwtag  DW_TAG_member
    6691                      .dwattr $C$DW$413, DW_AT_type(*$C$DW$T$43)
    6692                      .dwattr $C$DW$413, DW_AT_name("QAP")
    6693                      .dwattr $C$DW$413, DW_AT_bit_offset(0x07)
TMS320C2000 Assembler PC v22.6.2 Thu Feb  5 15:43:43 2026

Copyright (c) 1996-2018 Texas Instruments Incorporated
dual_axis_servo_drive_user_cpu.asm                                   PAGE  133

    6694                      .dwattr $C$DW$413, DW_AT_bit_size(0x01)
    6695                      .dwattr $C$DW$413, DW_AT_accessibility(DW_ACCESS_public)
    6696                      .dwattr $C$DW$413, DW_AT_decl_file("C:\ti\C2000Ware_MotorControl_SDK_5_04_00_00\c2000ware\device_supp
    6697                      .dwattr $C$DW$413, DW_AT_decl_line(0x3a)
    6698                      .dwattr $C$DW$413, DW_AT_decl_column(0x0c)
    6699              
    6700              $C$DW$414       .dwtag  DW_TAG_member
    6701                      .dwattr $C$DW$414, DW_AT_type(*$C$DW$T$43)
    6702                      .dwattr $C$DW$414, DW_AT_name("IGATE")
    6703                      .dwattr $C$DW$414, DW_AT_bit_offset(0x06)
    6704                      .dwattr $C$DW$414, DW_AT_bit_size(0x01)
    6705                      .dwattr $C$DW$414, DW_AT_accessibility(DW_ACCESS_public)
    6706                      .dwattr $C$DW$414, DW_AT_decl_file("C:\ti\C2000Ware_MotorControl_SDK_5_04_00_00\c2000ware\device_supp
    6707                      .dwattr $C$DW$414, DW_AT_decl_line(0x3b)
    6708                      .dwattr $C$DW$414, DW_AT_decl_column(0x0c)
    6709              
    6710              $C$DW$415       .dwtag  DW_TAG_member
    6711                      .dwattr $C$DW$415, DW_AT_type(*$C$DW$T$43)
    6712                      .dwattr $C$DW$415, DW_AT_name("SWAP")
    6713                      .dwattr $C$DW$415, DW_AT_bit_offset(0x05)
    6714                      .dwattr $C$DW$415, DW_AT_bit_size(0x01)
    6715                      .dwattr $C$DW$415, DW_AT_accessibility(DW_ACCESS_public)
    6716                      .dwattr $C$DW$415, DW_AT_decl_file("C:\ti\C2000Ware_MotorControl_SDK_5_04_00_00\c2000ware\device_supp
    6717                      .dwattr $C$DW$415, DW_AT_decl_line(0x3c)
    6718                      .dwattr $C$DW$415, DW_AT_decl_column(0x0c)
    6719              
    6720              $C$DW$416       .dwtag  DW_TAG_member
    6721                      .dwattr $C$DW$416, DW_AT_type(*$C$DW$T$43)
    6722                      .dwattr $C$DW$416, DW_AT_name("XCR")
    6723                      .dwattr $C$DW$416, DW_AT_bit_offset(0x04)
    6724                      .dwattr $C$DW$416, DW_AT_bit_size(0x01)
    6725                      .dwattr $C$DW$416, DW_AT_accessibility(DW_ACCESS_public)
    6726                      .dwattr $C$DW$416, DW_AT_decl_file("C:\ti\C2000Ware_MotorControl_SDK_5_04_00_00\c2000ware\device_supp
    6727                      .dwattr $C$DW$416, DW_AT_decl_line(0x3d)
    6728                      .dwattr $C$DW$416, DW_AT_decl_column(0x0c)
    6729              
    6730              $C$DW$417       .dwtag  DW_TAG_member
    6731                      .dwattr $C$DW$417, DW_AT_type(*$C$DW$T$43)
    6732                      .dwattr $C$DW$417, DW_AT_name("SPSEL")
    6733                      .dwattr $C$DW$417, DW_AT_bit_offset(0x03)
    6734                      .dwattr $C$DW$417, DW_AT_bit_size(0x01)
    6735                      .dwattr $C$DW$417, DW_AT_accessibility(DW_ACCESS_public)
    6736                      .dwattr $C$DW$417, DW_AT_decl_file("C:\ti\C2000Ware_MotorControl_SDK_5_04_00_00\c2000ware\device_supp
    6737                      .dwattr $C$DW$417, DW_AT_decl_line(0x3e)
    6738                      .dwattr $C$DW$417, DW_AT_decl_column(0x0c)
    6739              
    6740              $C$DW$418       .dwtag  DW_TAG_member
    6741                      .dwattr $C$DW$418, DW_AT_type(*$C$DW$T$43)
    6742                      .dwattr $C$DW$418, DW_AT_name("SOEN")
    6743                      .dwattr $C$DW$418, DW_AT_bit_offset(0x02)
    6744                      .dwattr $C$DW$418, DW_AT_bit_size(0x01)
    6745                      .dwattr $C$DW$418, DW_AT_accessibility(DW_ACCESS_public)
    6746                      .dwattr $C$DW$418, DW_AT_decl_file("C:\ti\C2000Ware_MotorControl_SDK_5_04_00_00\c2000ware\device_supp
    6747                      .dwattr $C$DW$418, DW_AT_decl_line(0x3f)
    6748                      .dwattr $C$DW$418, DW_AT_decl_column(0x0c)
TMS320C2000 Assembler PC v22.6.2 Thu Feb  5 15:43:43 2026

Copyright (c) 1996-2018 Texas Instruments Incorporated
dual_axis_servo_drive_user_cpu.asm                                   PAGE  134

    6749              
    6750              $C$DW$419       .dwtag  DW_TAG_member
    6751                      .dwattr $C$DW$419, DW_AT_type(*$C$DW$T$43)
    6752                      .dwattr $C$DW$419, DW_AT_name("QSRC")
    6753                      .dwattr $C$DW$419, DW_AT_bit_offset(0x00)
    6754                      .dwattr $C$DW$419, DW_AT_bit_size(0x02)
    6755                      .dwattr $C$DW$419, DW_AT_accessibility(DW_ACCESS_public)
    6756                      .dwattr $C$DW$419, DW_AT_decl_file("C:\ti\C2000Ware_MotorControl_SDK_5_04_00_00\c2000ware\device_supp
    6757                      .dwattr $C$DW$419, DW_AT_decl_line(0x40)
    6758                      .dwattr $C$DW$419, DW_AT_decl_column(0x0c)
    6759              
    6760                      .dwattr $C$DW$T$54, DW_AT_decl_file("C:\ti\C2000Ware_MotorControl_SDK_5_04_00_00\c2000ware\device_sup
    6761                      .dwattr $C$DW$T$54, DW_AT_decl_line(0x34)
    6762                      .dwattr $C$DW$T$54, DW_AT_decl_column(0x08)
    6763                      .dwendtag $C$DW$T$54
    6764              
    6765                      .dwendtag $C$DW$TU$54
    6766              
    6767              
    6768              $C$DW$TU$55     .dwtag  DW_TAG_type_unit
    6769                      .dwmtype  $C$DW$T$55
    6770              
    6771              $C$DW$T$55      .dwtag  DW_TAG_union_type
    6772                      .dwattr $C$DW$T$55, DW_AT_name("QDECCTL_REG")
    6773                      .dwattr $C$DW$T$55, DW_AT_byte_size(0x01)
    6774              $C$DW$420       .dwtag  DW_TAG_member
    6775                      .dwattr $C$DW$420, DW_AT_type(*$C$DW$T$43)
    6776                      .dwattr $C$DW$420, DW_AT_name("all")
    6777                      .dwattr $C$DW$420, DW_AT_accessibility(DW_ACCESS_public)
    6778                      .dwattr $C$DW$420, DW_AT_decl_file("C:\ti\C2000Ware_MotorControl_SDK_5_04_00_00\c2000ware\device_supp
    6779                      .dwattr $C$DW$420, DW_AT_decl_line(0x44)
    6780                      .dwattr $C$DW$420, DW_AT_decl_column(0x0d)
    6781              
    6782              $C$DW$421       .dwtag  DW_TAG_member
    6783                      .dwattr $C$DW$421, DW_AT_type(*$C$DW$T$54)
    6784                      .dwattr $C$DW$421, DW_AT_name("bit")
    6785                      .dwattr $C$DW$421, DW_AT_accessibility(DW_ACCESS_public)
    6786                      .dwattr $C$DW$421, DW_AT_decl_file("C:\ti\C2000Ware_MotorControl_SDK_5_04_00_00\c2000ware\device_supp
    6787                      .dwattr $C$DW$421, DW_AT_decl_line(0x45)
    6788                      .dwattr $C$DW$421, DW_AT_decl_column(0x1b)
    6789              
    6790                      .dwattr $C$DW$T$55, DW_AT_decl_file("C:\ti\C2000Ware_MotorControl_SDK_5_04_00_00\c2000ware\device_sup
    6791                      .dwattr $C$DW$T$55, DW_AT_decl_line(0x43)
    6792                      .dwattr $C$DW$T$55, DW_AT_decl_column(0x07)
    6793                      .dwendtag $C$DW$T$55
    6794              
    6795                      .dwendtag $C$DW$TU$55
    6796              
    6797              
    6798              $C$DW$TU$56     .dwtag  DW_TAG_type_unit
    6799                      .dwmtype  $C$DW$T$56
    6800              
    6801              $C$DW$T$56      .dwtag  DW_TAG_structure_type
    6802                      .dwattr $C$DW$T$56, DW_AT_name("QEINT_BITS")
    6803                      .dwattr $C$DW$T$56, DW_AT_byte_size(0x01)
TMS320C2000 Assembler PC v22.6.2 Thu Feb  5 15:43:43 2026

Copyright (c) 1996-2018 Texas Instruments Incorporated
dual_axis_servo_drive_user_cpu.asm                                   PAGE  135

    6804              $C$DW$422       .dwtag  DW_TAG_member
    6805                      .dwattr $C$DW$422, DW_AT_type(*$C$DW$T$43)
    6806                      .dwattr $C$DW$422, DW_AT_name("rsvd1")
    6807                      .dwattr $C$DW$422, DW_AT_bit_offset(0x0f)
    6808                      .dwattr $C$DW$422, DW_AT_bit_size(0x01)
    6809                      .dwattr $C$DW$422, DW_AT_accessibility(DW_ACCESS_public)
    6810                      .dwattr $C$DW$422, DW_AT_decl_file("C:\ti\C2000Ware_MotorControl_SDK_5_04_00_00\c2000ware\device_supp
    6811                      .dwattr $C$DW$422, DW_AT_decl_line(0x75)
    6812                      .dwattr $C$DW$422, DW_AT_decl_column(0x0c)
    6813              
    6814              $C$DW$423       .dwtag  DW_TAG_member
    6815                      .dwattr $C$DW$423, DW_AT_type(*$C$DW$T$43)
    6816                      .dwattr $C$DW$423, DW_AT_name("PCE")
    6817                      .dwattr $C$DW$423, DW_AT_bit_offset(0x0e)
    6818                      .dwattr $C$DW$423, DW_AT_bit_size(0x01)
    6819                      .dwattr $C$DW$423, DW_AT_accessibility(DW_ACCESS_public)
    6820                      .dwattr $C$DW$423, DW_AT_decl_file("C:\ti\C2000Ware_MotorControl_SDK_5_04_00_00\c2000ware\device_supp
    6821                      .dwattr $C$DW$423, DW_AT_decl_line(0x76)
    6822                      .dwattr $C$DW$423, DW_AT_decl_column(0x0c)
    6823              
    6824              $C$DW$424       .dwtag  DW_TAG_member
    6825                      .dwattr $C$DW$424, DW_AT_type(*$C$DW$T$43)
    6826                      .dwattr $C$DW$424, DW_AT_name("QPE")
    6827                      .dwattr $C$DW$424, DW_AT_bit_offset(0x0d)
    6828                      .dwattr $C$DW$424, DW_AT_bit_size(0x01)
    6829                      .dwattr $C$DW$424, DW_AT_accessibility(DW_ACCESS_public)
    6830                      .dwattr $C$DW$424, DW_AT_decl_file("C:\ti\C2000Ware_MotorControl_SDK_5_04_00_00\c2000ware\device_supp
    6831                      .dwattr $C$DW$424, DW_AT_decl_line(0x77)
    6832                      .dwattr $C$DW$424, DW_AT_decl_column(0x0c)
    6833              
    6834              $C$DW$425       .dwtag  DW_TAG_member
    6835                      .dwattr $C$DW$425, DW_AT_type(*$C$DW$T$43)
    6836                      .dwattr $C$DW$425, DW_AT_name("QDC")
    6837                      .dwattr $C$DW$425, DW_AT_bit_offset(0x0c)
    6838                      .dwattr $C$DW$425, DW_AT_bit_size(0x01)
    6839                      .dwattr $C$DW$425, DW_AT_accessibility(DW_ACCESS_public)
    6840                      .dwattr $C$DW$425, DW_AT_decl_file("C:\ti\C2000Ware_MotorControl_SDK_5_04_00_00\c2000ware\device_supp
    6841                      .dwattr $C$DW$425, DW_AT_decl_line(0x78)
    6842                      .dwattr $C$DW$425, DW_AT_decl_column(0x0c)
    6843              
    6844              $C$DW$426       .dwtag  DW_TAG_member
    6845                      .dwattr $C$DW$426, DW_AT_type(*$C$DW$T$43)
    6846                      .dwattr $C$DW$426, DW_AT_name("WTO")
    6847                      .dwattr $C$DW$426, DW_AT_bit_offset(0x0b)
    6848                      .dwattr $C$DW$426, DW_AT_bit_size(0x01)
    6849                      .dwattr $C$DW$426, DW_AT_accessibility(DW_ACCESS_public)
    6850                      .dwattr $C$DW$426, DW_AT_decl_file("C:\ti\C2000Ware_MotorControl_SDK_5_04_00_00\c2000ware\device_supp
    6851                      .dwattr $C$DW$426, DW_AT_decl_line(0x79)
    6852                      .dwattr $C$DW$426, DW_AT_decl_column(0x0c)
    6853              
    6854              $C$DW$427       .dwtag  DW_TAG_member
    6855                      .dwattr $C$DW$427, DW_AT_type(*$C$DW$T$43)
    6856                      .dwattr $C$DW$427, DW_AT_name("PCU")
    6857                      .dwattr $C$DW$427, DW_AT_bit_offset(0x0a)
    6858                      .dwattr $C$DW$427, DW_AT_bit_size(0x01)
TMS320C2000 Assembler PC v22.6.2 Thu Feb  5 15:43:43 2026

Copyright (c) 1996-2018 Texas Instruments Incorporated
dual_axis_servo_drive_user_cpu.asm                                   PAGE  136

    6859                      .dwattr $C$DW$427, DW_AT_accessibility(DW_ACCESS_public)
    6860                      .dwattr $C$DW$427, DW_AT_decl_file("C:\ti\C2000Ware_MotorControl_SDK_5_04_00_00\c2000ware\device_supp
    6861                      .dwattr $C$DW$427, DW_AT_decl_line(0x7a)
    6862                      .dwattr $C$DW$427, DW_AT_decl_column(0x0c)
    6863              
    6864              $C$DW$428       .dwtag  DW_TAG_member
    6865                      .dwattr $C$DW$428, DW_AT_type(*$C$DW$T$43)
    6866                      .dwattr $C$DW$428, DW_AT_name("PCO")
    6867                      .dwattr $C$DW$428, DW_AT_bit_offset(0x09)
    6868                      .dwattr $C$DW$428, DW_AT_bit_size(0x01)
    6869                      .dwattr $C$DW$428, DW_AT_accessibility(DW_ACCESS_public)
    6870                      .dwattr $C$DW$428, DW_AT_decl_file("C:\ti\C2000Ware_MotorControl_SDK_5_04_00_00\c2000ware\device_supp
    6871                      .dwattr $C$DW$428, DW_AT_decl_line(0x7b)
    6872                      .dwattr $C$DW$428, DW_AT_decl_column(0x0c)
    6873              
    6874              $C$DW$429       .dwtag  DW_TAG_member
    6875                      .dwattr $C$DW$429, DW_AT_type(*$C$DW$T$43)
    6876                      .dwattr $C$DW$429, DW_AT_name("PCR")
    6877                      .dwattr $C$DW$429, DW_AT_bit_offset(0x08)
    6878                      .dwattr $C$DW$429, DW_AT_bit_size(0x01)
    6879                      .dwattr $C$DW$429, DW_AT_accessibility(DW_ACCESS_public)
    6880                      .dwattr $C$DW$429, DW_AT_decl_file("C:\ti\C2000Ware_MotorControl_SDK_5_04_00_00\c2000ware\device_supp
    6881                      .dwattr $C$DW$429, DW_AT_decl_line(0x7c)
    6882                      .dwattr $C$DW$429, DW_AT_decl_column(0x0c)
    6883              
    6884              $C$DW$430       .dwtag  DW_TAG_member
    6885                      .dwattr $C$DW$430, DW_AT_type(*$C$DW$T$43)
    6886                      .dwattr $C$DW$430, DW_AT_name("PCM")
    6887                      .dwattr $C$DW$430, DW_AT_bit_offset(0x07)
    6888                      .dwattr $C$DW$430, DW_AT_bit_size(0x01)
    6889                      .dwattr $C$DW$430, DW_AT_accessibility(DW_ACCESS_public)
    6890                      .dwattr $C$DW$430, DW_AT_decl_file("C:\ti\C2000Ware_MotorControl_SDK_5_04_00_00\c2000ware\device_supp
    6891                      .dwattr $C$DW$430, DW_AT_decl_line(0x7d)
    6892                      .dwattr $C$DW$430, DW_AT_decl_column(0x0c)
    6893              
    6894              $C$DW$431       .dwtag  DW_TAG_member
    6895                      .dwattr $C$DW$431, DW_AT_type(*$C$DW$T$43)
    6896                      .dwattr $C$DW$431, DW_AT_name("SEL")
    6897                      .dwattr $C$DW$431, DW_AT_bit_offset(0x06)
    6898                      .dwattr $C$DW$431, DW_AT_bit_size(0x01)
    6899                      .dwattr $C$DW$431, DW_AT_accessibility(DW_ACCESS_public)
    6900                      .dwattr $C$DW$431, DW_AT_decl_file("C:\ti\C2000Ware_MotorControl_SDK_5_04_00_00\c2000ware\device_supp
    6901                      .dwattr $C$DW$431, DW_AT_decl_line(0x7e)
    6902                      .dwattr $C$DW$431, DW_AT_decl_column(0x0c)
    6903              
    6904              $C$DW$432       .dwtag  DW_TAG_member
    6905                      .dwattr $C$DW$432, DW_AT_type(*$C$DW$T$43)
    6906                      .dwattr $C$DW$432, DW_AT_name("IEL")
    6907                      .dwattr $C$DW$432, DW_AT_bit_offset(0x05)
    6908                      .dwattr $C$DW$432, DW_AT_bit_size(0x01)
    6909                      .dwattr $C$DW$432, DW_AT_accessibility(DW_ACCESS_public)
    6910                      .dwattr $C$DW$432, DW_AT_decl_file("C:\ti\C2000Ware_MotorControl_SDK_5_04_00_00\c2000ware\device_supp
    6911                      .dwattr $C$DW$432, DW_AT_decl_line(0x7f)
    6912                      .dwattr $C$DW$432, DW_AT_decl_column(0x0c)
    6913              
TMS320C2000 Assembler PC v22.6.2 Thu Feb  5 15:43:43 2026

Copyright (c) 1996-2018 Texas Instruments Incorporated
dual_axis_servo_drive_user_cpu.asm                                   PAGE  137

    6914              $C$DW$433       .dwtag  DW_TAG_member
    6915                      .dwattr $C$DW$433, DW_AT_type(*$C$DW$T$43)
    6916                      .dwattr $C$DW$433, DW_AT_name("UTO")
    6917                      .dwattr $C$DW$433, DW_AT_bit_offset(0x04)
    6918                      .dwattr $C$DW$433, DW_AT_bit_size(0x01)
    6919                      .dwattr $C$DW$433, DW_AT_accessibility(DW_ACCESS_public)
    6920                      .dwattr $C$DW$433, DW_AT_decl_file("C:\ti\C2000Ware_MotorControl_SDK_5_04_00_00\c2000ware\device_supp
    6921                      .dwattr $C$DW$433, DW_AT_decl_line(0x80)
    6922                      .dwattr $C$DW$433, DW_AT_decl_column(0x0c)
    6923              
    6924              $C$DW$434       .dwtag  DW_TAG_member
    6925                      .dwattr $C$DW$434, DW_AT_type(*$C$DW$T$43)
    6926                      .dwattr $C$DW$434, DW_AT_name("QMAE")
    6927                      .dwattr $C$DW$434, DW_AT_bit_offset(0x03)
    6928                      .dwattr $C$DW$434, DW_AT_bit_size(0x01)
    6929                      .dwattr $C$DW$434, DW_AT_accessibility(DW_ACCESS_public)
    6930                      .dwattr $C$DW$434, DW_AT_decl_file("C:\ti\C2000Ware_MotorControl_SDK_5_04_00_00\c2000ware\device_supp
    6931                      .dwattr $C$DW$434, DW_AT_decl_line(0x81)
    6932                      .dwattr $C$DW$434, DW_AT_decl_column(0x0c)
    6933              
    6934              $C$DW$435       .dwtag  DW_TAG_member
    6935                      .dwattr $C$DW$435, DW_AT_type(*$C$DW$T$43)
    6936                      .dwattr $C$DW$435, DW_AT_name("rsvd2")
    6937                      .dwattr $C$DW$435, DW_AT_bit_offset(0x00)
    6938                      .dwattr $C$DW$435, DW_AT_bit_size(0x03)
    6939                      .dwattr $C$DW$435, DW_AT_accessibility(DW_ACCESS_public)
    6940                      .dwattr $C$DW$435, DW_AT_decl_file("C:\ti\C2000Ware_MotorControl_SDK_5_04_00_00\c2000ware\device_supp
    6941                      .dwattr $C$DW$435, DW_AT_decl_line(0x82)
    6942                      .dwattr $C$DW$435, DW_AT_decl_column(0x0c)
    6943              
    6944                      .dwattr $C$DW$T$56, DW_AT_decl_file("C:\ti\C2000Ware_MotorControl_SDK_5_04_00_00\c2000ware\device_sup
    6945                      .dwattr $C$DW$T$56, DW_AT_decl_line(0x74)
    6946                      .dwattr $C$DW$T$56, DW_AT_decl_column(0x08)
    6947                      .dwendtag $C$DW$T$56
    6948              
    6949                      .dwendtag $C$DW$TU$56
    6950              
    6951              
    6952              $C$DW$TU$57     .dwtag  DW_TAG_type_unit
    6953                      .dwmtype  $C$DW$T$57
    6954              
    6955              $C$DW$T$57      .dwtag  DW_TAG_union_type
    6956                      .dwattr $C$DW$T$57, DW_AT_name("QEINT_REG")
    6957                      .dwattr $C$DW$T$57, DW_AT_byte_size(0x01)
    6958              $C$DW$436       .dwtag  DW_TAG_member
    6959                      .dwattr $C$DW$436, DW_AT_type(*$C$DW$T$43)
    6960                      .dwattr $C$DW$436, DW_AT_name("all")
    6961                      .dwattr $C$DW$436, DW_AT_accessibility(DW_ACCESS_public)
    6962                      .dwattr $C$DW$436, DW_AT_decl_file("C:\ti\C2000Ware_MotorControl_SDK_5_04_00_00\c2000ware\device_supp
    6963                      .dwattr $C$DW$436, DW_AT_decl_line(0x86)
    6964                      .dwattr $C$DW$436, DW_AT_decl_column(0x0d)
    6965              
    6966              $C$DW$437       .dwtag  DW_TAG_member
    6967                      .dwattr $C$DW$437, DW_AT_type(*$C$DW$T$56)
    6968                      .dwattr $C$DW$437, DW_AT_name("bit")
TMS320C2000 Assembler PC v22.6.2 Thu Feb  5 15:43:43 2026

Copyright (c) 1996-2018 Texas Instruments Incorporated
dual_axis_servo_drive_user_cpu.asm                                   PAGE  138

    6969                      .dwattr $C$DW$437, DW_AT_accessibility(DW_ACCESS_public)
    6970                      .dwattr $C$DW$437, DW_AT_decl_file("C:\ti\C2000Ware_MotorControl_SDK_5_04_00_00\c2000ware\device_supp
    6971                      .dwattr $C$DW$437, DW_AT_decl_line(0x87)
    6972                      .dwattr $C$DW$437, DW_AT_decl_column(0x19)
    6973              
    6974                      .dwattr $C$DW$T$57, DW_AT_decl_file("C:\ti\C2000Ware_MotorControl_SDK_5_04_00_00\c2000ware\device_sup
    6975                      .dwattr $C$DW$T$57, DW_AT_decl_line(0x85)
    6976                      .dwattr $C$DW$T$57, DW_AT_decl_column(0x07)
    6977                      .dwendtag $C$DW$T$57
    6978              
    6979                      .dwendtag $C$DW$TU$57
    6980              
    6981              
    6982              $C$DW$TU$58     .dwtag  DW_TAG_type_unit
    6983                      .dwmtype  $C$DW$T$58
    6984              
    6985              $C$DW$T$58      .dwtag  DW_TAG_structure_type
    6986                      .dwattr $C$DW$T$58, DW_AT_name("QEPCTL_BITS")
    6987                      .dwattr $C$DW$T$58, DW_AT_byte_size(0x01)
    6988              $C$DW$438       .dwtag  DW_TAG_member
    6989                      .dwattr $C$DW$438, DW_AT_type(*$C$DW$T$43)
    6990                      .dwattr $C$DW$438, DW_AT_name("WDE")
    6991                      .dwattr $C$DW$438, DW_AT_bit_offset(0x0f)
    6992                      .dwattr $C$DW$438, DW_AT_bit_size(0x01)
    6993                      .dwattr $C$DW$438, DW_AT_accessibility(DW_ACCESS_public)
    6994                      .dwattr $C$DW$438, DW_AT_decl_file("C:\ti\C2000Ware_MotorControl_SDK_5_04_00_00\c2000ware\device_supp
    6995                      .dwattr $C$DW$438, DW_AT_decl_line(0x49)
    6996                      .dwattr $C$DW$438, DW_AT_decl_column(0x0c)
    6997              
    6998              $C$DW$439       .dwtag  DW_TAG_member
    6999                      .dwattr $C$DW$439, DW_AT_type(*$C$DW$T$43)
    7000                      .dwattr $C$DW$439, DW_AT_name("UTE")
    7001                      .dwattr $C$DW$439, DW_AT_bit_offset(0x0e)
    7002                      .dwattr $C$DW$439, DW_AT_bit_size(0x01)
    7003                      .dwattr $C$DW$439, DW_AT_accessibility(DW_ACCESS_public)
    7004                      .dwattr $C$DW$439, DW_AT_decl_file("C:\ti\C2000Ware_MotorControl_SDK_5_04_00_00\c2000ware\device_supp
    7005                      .dwattr $C$DW$439, DW_AT_decl_line(0x4a)
    7006                      .dwattr $C$DW$439, DW_AT_decl_column(0x0c)
    7007              
    7008              $C$DW$440       .dwtag  DW_TAG_member
    7009                      .dwattr $C$DW$440, DW_AT_type(*$C$DW$T$43)
    7010                      .dwattr $C$DW$440, DW_AT_name("QCLM")
    7011                      .dwattr $C$DW$440, DW_AT_bit_offset(0x0d)
    7012                      .dwattr $C$DW$440, DW_AT_bit_size(0x01)
    7013                      .dwattr $C$DW$440, DW_AT_accessibility(DW_ACCESS_public)
    7014                      .dwattr $C$DW$440, DW_AT_decl_file("C:\ti\C2000Ware_MotorControl_SDK_5_04_00_00\c2000ware\device_supp
    7015                      .dwattr $C$DW$440, DW_AT_decl_line(0x4b)
    7016                      .dwattr $C$DW$440, DW_AT_decl_column(0x0c)
    7017              
    7018              $C$DW$441       .dwtag  DW_TAG_member
    7019                      .dwattr $C$DW$441, DW_AT_type(*$C$DW$T$43)
    7020                      .dwattr $C$DW$441, DW_AT_name("QPEN")
    7021                      .dwattr $C$DW$441, DW_AT_bit_offset(0x0c)
    7022                      .dwattr $C$DW$441, DW_AT_bit_size(0x01)
    7023                      .dwattr $C$DW$441, DW_AT_accessibility(DW_ACCESS_public)
TMS320C2000 Assembler PC v22.6.2 Thu Feb  5 15:43:43 2026

Copyright (c) 1996-2018 Texas Instruments Incorporated
dual_axis_servo_drive_user_cpu.asm                                   PAGE  139

    7024                      .dwattr $C$DW$441, DW_AT_decl_file("C:\ti\C2000Ware_MotorControl_SDK_5_04_00_00\c2000ware\device_supp
    7025                      .dwattr $C$DW$441, DW_AT_decl_line(0x4c)
    7026                      .dwattr $C$DW$441, DW_AT_decl_column(0x0c)
    7027              
    7028              $C$DW$442       .dwtag  DW_TAG_member
    7029                      .dwattr $C$DW$442, DW_AT_type(*$C$DW$T$43)
    7030                      .dwattr $C$DW$442, DW_AT_name("IEL")
    7031                      .dwattr $C$DW$442, DW_AT_bit_offset(0x0a)
    7032                      .dwattr $C$DW$442, DW_AT_bit_size(0x02)
    7033                      .dwattr $C$DW$442, DW_AT_accessibility(DW_ACCESS_public)
    7034                      .dwattr $C$DW$442, DW_AT_decl_file("C:\ti\C2000Ware_MotorControl_SDK_5_04_00_00\c2000ware\device_supp
    7035                      .dwattr $C$DW$442, DW_AT_decl_line(0x4d)
    7036                      .dwattr $C$DW$442, DW_AT_decl_column(0x0c)
    7037              
    7038              $C$DW$443       .dwtag  DW_TAG_member
    7039                      .dwattr $C$DW$443, DW_AT_type(*$C$DW$T$43)
    7040                      .dwattr $C$DW$443, DW_AT_name("SEL")
    7041                      .dwattr $C$DW$443, DW_AT_bit_offset(0x09)
    7042                      .dwattr $C$DW$443, DW_AT_bit_size(0x01)
    7043                      .dwattr $C$DW$443, DW_AT_accessibility(DW_ACCESS_public)
    7044                      .dwattr $C$DW$443, DW_AT_decl_file("C:\ti\C2000Ware_MotorControl_SDK_5_04_00_00\c2000ware\device_supp
    7045                      .dwattr $C$DW$443, DW_AT_decl_line(0x4e)
    7046                      .dwattr $C$DW$443, DW_AT_decl_column(0x0c)
    7047              
    7048              $C$DW$444       .dwtag  DW_TAG_member
    7049                      .dwattr $C$DW$444, DW_AT_type(*$C$DW$T$43)
    7050                      .dwattr $C$DW$444, DW_AT_name("SWI")
    7051                      .dwattr $C$DW$444, DW_AT_bit_offset(0x08)
    7052                      .dwattr $C$DW$444, DW_AT_bit_size(0x01)
    7053                      .dwattr $C$DW$444, DW_AT_accessibility(DW_ACCESS_public)
    7054                      .dwattr $C$DW$444, DW_AT_decl_file("C:\ti\C2000Ware_MotorControl_SDK_5_04_00_00\c2000ware\device_supp
    7055                      .dwattr $C$DW$444, DW_AT_decl_line(0x4f)
    7056                      .dwattr $C$DW$444, DW_AT_decl_column(0x0c)
    7057              
    7058              $C$DW$445       .dwtag  DW_TAG_member
    7059                      .dwattr $C$DW$445, DW_AT_type(*$C$DW$T$43)
    7060                      .dwattr $C$DW$445, DW_AT_name("IEI")
    7061                      .dwattr $C$DW$445, DW_AT_bit_offset(0x06)
    7062                      .dwattr $C$DW$445, DW_AT_bit_size(0x02)
    7063                      .dwattr $C$DW$445, DW_AT_accessibility(DW_ACCESS_public)
    7064                      .dwattr $C$DW$445, DW_AT_decl_file("C:\ti\C2000Ware_MotorControl_SDK_5_04_00_00\c2000ware\device_supp
    7065                      .dwattr $C$DW$445, DW_AT_decl_line(0x50)
    7066                      .dwattr $C$DW$445, DW_AT_decl_column(0x0c)
    7067              
    7068              $C$DW$446       .dwtag  DW_TAG_member
    7069                      .dwattr $C$DW$446, DW_AT_type(*$C$DW$T$43)
    7070                      .dwattr $C$DW$446, DW_AT_name("SEI")
    7071                      .dwattr $C$DW$446, DW_AT_bit_offset(0x04)
    7072                      .dwattr $C$DW$446, DW_AT_bit_size(0x02)
    7073                      .dwattr $C$DW$446, DW_AT_accessibility(DW_ACCESS_public)
    7074                      .dwattr $C$DW$446, DW_AT_decl_file("C:\ti\C2000Ware_MotorControl_SDK_5_04_00_00\c2000ware\device_supp
    7075                      .dwattr $C$DW$446, DW_AT_decl_line(0x51)
    7076                      .dwattr $C$DW$446, DW_AT_decl_column(0x0c)
    7077              
    7078              $C$DW$447       .dwtag  DW_TAG_member
TMS320C2000 Assembler PC v22.6.2 Thu Feb  5 15:43:43 2026

Copyright (c) 1996-2018 Texas Instruments Incorporated
dual_axis_servo_drive_user_cpu.asm                                   PAGE  140

    7079                      .dwattr $C$DW$447, DW_AT_type(*$C$DW$T$43)
    7080                      .dwattr $C$DW$447, DW_AT_name("PCRM")
    7081                      .dwattr $C$DW$447, DW_AT_bit_offset(0x02)
    7082                      .dwattr $C$DW$447, DW_AT_bit_size(0x02)
    7083                      .dwattr $C$DW$447, DW_AT_accessibility(DW_ACCESS_public)
    7084                      .dwattr $C$DW$447, DW_AT_decl_file("C:\ti\C2000Ware_MotorControl_SDK_5_04_00_00\c2000ware\device_supp
    7085                      .dwattr $C$DW$447, DW_AT_decl_line(0x52)
    7086                      .dwattr $C$DW$447, DW_AT_decl_column(0x0c)
    7087              
    7088              $C$DW$448       .dwtag  DW_TAG_member
    7089                      .dwattr $C$DW$448, DW_AT_type(*$C$DW$T$43)
    7090                      .dwattr $C$DW$448, DW_AT_name("FREE_SOFT")
    7091                      .dwattr $C$DW$448, DW_AT_bit_offset(0x00)
    7092                      .dwattr $C$DW$448, DW_AT_bit_size(0x02)
    7093                      .dwattr $C$DW$448, DW_AT_accessibility(DW_ACCESS_public)
    7094                      .dwattr $C$DW$448, DW_AT_decl_file("C:\ti\C2000Ware_MotorControl_SDK_5_04_00_00\c2000ware\device_supp
    7095                      .dwattr $C$DW$448, DW_AT_decl_line(0x53)
    7096                      .dwattr $C$DW$448, DW_AT_decl_column(0x0c)
    7097              
    7098                      .dwattr $C$DW$T$58, DW_AT_decl_file("C:\ti\C2000Ware_MotorControl_SDK_5_04_00_00\c2000ware\device_sup
    7099                      .dwattr $C$DW$T$58, DW_AT_decl_line(0x48)
    7100                      .dwattr $C$DW$T$58, DW_AT_decl_column(0x08)
    7101                      .dwendtag $C$DW$T$58
    7102              
    7103                      .dwendtag $C$DW$TU$58
    7104              
    7105              
    7106              $C$DW$TU$59     .dwtag  DW_TAG_type_unit
    7107                      .dwmtype  $C$DW$T$59
    7108              
    7109              $C$DW$T$59      .dwtag  DW_TAG_union_type
    7110                      .dwattr $C$DW$T$59, DW_AT_name("QEPCTL_REG")
    7111                      .dwattr $C$DW$T$59, DW_AT_byte_size(0x01)
    7112              $C$DW$449       .dwtag  DW_TAG_member
    7113                      .dwattr $C$DW$449, DW_AT_type(*$C$DW$T$43)
    7114                      .dwattr $C$DW$449, DW_AT_name("all")
    7115                      .dwattr $C$DW$449, DW_AT_accessibility(DW_ACCESS_public)
    7116                      .dwattr $C$DW$449, DW_AT_decl_file("C:\ti\C2000Ware_MotorControl_SDK_5_04_00_00\c2000ware\device_supp
    7117                      .dwattr $C$DW$449, DW_AT_decl_line(0x57)
    7118                      .dwattr $C$DW$449, DW_AT_decl_column(0x0d)
    7119              
    7120              $C$DW$450       .dwtag  DW_TAG_member
    7121                      .dwattr $C$DW$450, DW_AT_type(*$C$DW$T$58)
    7122                      .dwattr $C$DW$450, DW_AT_name("bit")
    7123                      .dwattr $C$DW$450, DW_AT_accessibility(DW_ACCESS_public)
    7124                      .dwattr $C$DW$450, DW_AT_decl_file("C:\ti\C2000Ware_MotorControl_SDK_5_04_00_00\c2000ware\device_supp
    7125                      .dwattr $C$DW$450, DW_AT_decl_line(0x58)
    7126                      .dwattr $C$DW$450, DW_AT_decl_column(0x1a)
    7127              
    7128                      .dwattr $C$DW$T$59, DW_AT_decl_file("C:\ti\C2000Ware_MotorControl_SDK_5_04_00_00\c2000ware\device_sup
    7129                      .dwattr $C$DW$T$59, DW_AT_decl_line(0x56)
    7130                      .dwattr $C$DW$T$59, DW_AT_decl_column(0x07)
    7131                      .dwendtag $C$DW$T$59
    7132              
    7133                      .dwendtag $C$DW$TU$59
TMS320C2000 Assembler PC v22.6.2 Thu Feb  5 15:43:43 2026

Copyright (c) 1996-2018 Texas Instruments Incorporated
dual_axis_servo_drive_user_cpu.asm                                   PAGE  141

    7134              
    7135              
    7136              $C$DW$TU$60     .dwtag  DW_TAG_type_unit
    7137                      .dwmtype  $C$DW$T$60
    7138              
    7139              $C$DW$T$60      .dwtag  DW_TAG_structure_type
    7140                      .dwattr $C$DW$T$60, DW_AT_name("QEPSRCSEL_BITS")
    7141                      .dwattr $C$DW$T$60, DW_AT_byte_size(0x02)
    7142              $C$DW$451       .dwtag  DW_TAG_member
    7143                      .dwattr $C$DW$451, DW_AT_type(*$C$DW$T$43)
    7144                      .dwattr $C$DW$451, DW_AT_name("QEPASEL")
    7145                      .dwattr $C$DW$451, DW_AT_bit_offset(0x0c)
    7146                      .dwattr $C$DW$451, DW_AT_bit_size(0x04)
    7147                      .dwattr $C$DW$451, DW_AT_accessibility(DW_ACCESS_public)
    7148                      .dwattr $C$DW$451, DW_AT_decl_file("C:\ti\C2000Ware_MotorControl_SDK_5_04_00_00\c2000ware\device_supp
    7149                      .dwattr $C$DW$451, DW_AT_decl_line(0x100)
    7150                      .dwattr $C$DW$451, DW_AT_decl_column(0x0c)
    7151              
    7152              $C$DW$452       .dwtag  DW_TAG_member
    7153                      .dwattr $C$DW$452, DW_AT_type(*$C$DW$T$43)
    7154                      .dwattr $C$DW$452, DW_AT_name("QEPBSEL")
    7155                      .dwattr $C$DW$452, DW_AT_bit_offset(0x08)
    7156                      .dwattr $C$DW$452, DW_AT_bit_size(0x04)
    7157                      .dwattr $C$DW$452, DW_AT_accessibility(DW_ACCESS_public)
    7158                      .dwattr $C$DW$452, DW_AT_decl_file("C:\ti\C2000Ware_MotorControl_SDK_5_04_00_00\c2000ware\device_supp
    7159                      .dwattr $C$DW$452, DW_AT_decl_line(0x101)
    7160                      .dwattr $C$DW$452, DW_AT_decl_column(0x0c)
    7161              
    7162              $C$DW$453       .dwtag  DW_TAG_member
    7163                      .dwattr $C$DW$453, DW_AT_type(*$C$DW$T$43)
    7164                      .dwattr $C$DW$453, DW_AT_name("QEPISEL")
    7165                      .dwattr $C$DW$453, DW_AT_bit_offset(0x04)
    7166                      .dwattr $C$DW$453, DW_AT_bit_size(0x04)
    7167                      .dwattr $C$DW$453, DW_AT_accessibility(DW_ACCESS_public)
    7168                      .dwattr $C$DW$453, DW_AT_decl_file("C:\ti\C2000Ware_MotorControl_SDK_5_04_00_00\c2000ware\device_supp
    7169                      .dwattr $C$DW$453, DW_AT_decl_line(0x102)
    7170                      .dwattr $C$DW$453, DW_AT_decl_column(0x0c)
    7171              
    7172              $C$DW$454       .dwtag  DW_TAG_member
    7173                      .dwattr $C$DW$454, DW_AT_type(*$C$DW$T$43)
    7174                      .dwattr $C$DW$454, DW_AT_name("QEPSSEL")
    7175                      .dwattr $C$DW$454, DW_AT_bit_offset(0x00)
    7176                      .dwattr $C$DW$454, DW_AT_bit_size(0x04)
    7177                      .dwattr $C$DW$454, DW_AT_accessibility(DW_ACCESS_public)
    7178                      .dwattr $C$DW$454, DW_AT_decl_file("C:\ti\C2000Ware_MotorControl_SDK_5_04_00_00\c2000ware\device_supp
    7179                      .dwattr $C$DW$454, DW_AT_decl_line(0x103)
    7180                      .dwattr $C$DW$454, DW_AT_decl_column(0x0c)
    7181              
    7182              $C$DW$455       .dwtag  DW_TAG_member
    7183                      .dwattr $C$DW$455, DW_AT_type(*$C$DW$T$43)
    7184                      .dwattr $C$DW$455, DW_AT_name("rsvd1")
    7185                      .dwattr $C$DW$455, DW_AT_bit_offset(0x00)
    7186                      .dwattr $C$DW$455, DW_AT_bit_size(0x10)
    7187                      .dwattr $C$DW$455, DW_AT_data_member_location[DW_OP_plus_uconst 0x1]
    7188                      .dwattr $C$DW$455, DW_AT_accessibility(DW_ACCESS_public)
TMS320C2000 Assembler PC v22.6.2 Thu Feb  5 15:43:43 2026

Copyright (c) 1996-2018 Texas Instruments Incorporated
dual_axis_servo_drive_user_cpu.asm                                   PAGE  142

    7189                      .dwattr $C$DW$455, DW_AT_decl_file("C:\ti\C2000Ware_MotorControl_SDK_5_04_00_00\c2000ware\device_supp
    7190                      .dwattr $C$DW$455, DW_AT_decl_line(0x104)
    7191                      .dwattr $C$DW$455, DW_AT_decl_column(0x0c)
    7192              
    7193                      .dwattr $C$DW$T$60, DW_AT_decl_file("C:\ti\C2000Ware_MotorControl_SDK_5_04_00_00\c2000ware\device_sup
    7194                      .dwattr $C$DW$T$60, DW_AT_decl_line(0xff)
    7195                      .dwattr $C$DW$T$60, DW_AT_decl_column(0x08)
    7196                      .dwendtag $C$DW$T$60
    7197              
    7198                      .dwendtag $C$DW$TU$60
    7199              
    7200              
    7201              $C$DW$TU$61     .dwtag  DW_TAG_type_unit
    7202                      .dwmtype  $C$DW$T$61
    7203              
    7204              $C$DW$T$61      .dwtag  DW_TAG_union_type
    7205                      .dwattr $C$DW$T$61, DW_AT_name("QEPSRCSEL_REG")
    7206                      .dwattr $C$DW$T$61, DW_AT_byte_size(0x02)
    7207              $C$DW$456       .dwtag  DW_TAG_member
    7208                      .dwattr $C$DW$456, DW_AT_type(*$C$DW$T$46)
    7209                      .dwattr $C$DW$456, DW_AT_name("all")
    7210                      .dwattr $C$DW$456, DW_AT_accessibility(DW_ACCESS_public)
    7211                      .dwattr $C$DW$456, DW_AT_decl_file("C:\ti\C2000Ware_MotorControl_SDK_5_04_00_00\c2000ware\device_supp
    7212                      .dwattr $C$DW$456, DW_AT_decl_line(0x108)
    7213                      .dwattr $C$DW$456, DW_AT_decl_column(0x0d)
    7214              
    7215              $C$DW$457       .dwtag  DW_TAG_member
    7216                      .dwattr $C$DW$457, DW_AT_type(*$C$DW$T$60)
    7217                      .dwattr $C$DW$457, DW_AT_name("bit")
    7218                      .dwattr $C$DW$457, DW_AT_accessibility(DW_ACCESS_public)
    7219                      .dwattr $C$DW$457, DW_AT_decl_file("C:\ti\C2000Ware_MotorControl_SDK_5_04_00_00\c2000ware\device_supp
    7220                      .dwattr $C$DW$457, DW_AT_decl_line(0x109)
    7221                      .dwattr $C$DW$457, DW_AT_decl_column(0x1d)
    7222              
    7223                      .dwattr $C$DW$T$61, DW_AT_decl_file("C:\ti\C2000Ware_MotorControl_SDK_5_04_00_00\c2000ware\device_sup
    7224                      .dwattr $C$DW$T$61, DW_AT_decl_line(0x107)
    7225                      .dwattr $C$DW$T$61, DW_AT_decl_column(0x07)
    7226                      .dwendtag $C$DW$T$61
    7227              
    7228                      .dwendtag $C$DW$TU$61
    7229              
    7230              
    7231              $C$DW$TU$62     .dwtag  DW_TAG_type_unit
    7232                      .dwmtype  $C$DW$T$62
    7233              
    7234              $C$DW$T$62      .dwtag  DW_TAG_structure_type
    7235                      .dwattr $C$DW$T$62, DW_AT_name("QEPSTROBESEL_BITS")
    7236                      .dwattr $C$DW$T$62, DW_AT_byte_size(0x02)
    7237              $C$DW$458       .dwtag  DW_TAG_member
    7238                      .dwattr $C$DW$458, DW_AT_type(*$C$DW$T$43)
    7239                      .dwattr $C$DW$458, DW_AT_name("STROBESEL")
    7240                      .dwattr $C$DW$458, DW_AT_bit_offset(0x0e)
    7241                      .dwattr $C$DW$458, DW_AT_bit_size(0x02)
    7242                      .dwattr $C$DW$458, DW_AT_accessibility(DW_ACCESS_public)
    7243                      .dwattr $C$DW$458, DW_AT_decl_file("C:\ti\C2000Ware_MotorControl_SDK_5_04_00_00\c2000ware\device_supp
TMS320C2000 Assembler PC v22.6.2 Thu Feb  5 15:43:43 2026

Copyright (c) 1996-2018 Texas Instruments Incorporated
dual_axis_servo_drive_user_cpu.asm                                   PAGE  143

    7244                      .dwattr $C$DW$458, DW_AT_decl_line(0xea)
    7245                      .dwattr $C$DW$458, DW_AT_decl_column(0x0c)
    7246              
    7247              $C$DW$459       .dwtag  DW_TAG_member
    7248                      .dwattr $C$DW$459, DW_AT_type(*$C$DW$T$43)
    7249                      .dwattr $C$DW$459, DW_AT_name("rsvd1")
    7250                      .dwattr $C$DW$459, DW_AT_bit_offset(0x00)
    7251                      .dwattr $C$DW$459, DW_AT_bit_size(0x0e)
    7252                      .dwattr $C$DW$459, DW_AT_accessibility(DW_ACCESS_public)
    7253                      .dwattr $C$DW$459, DW_AT_decl_file("C:\ti\C2000Ware_MotorControl_SDK_5_04_00_00\c2000ware\device_supp
    7254                      .dwattr $C$DW$459, DW_AT_decl_line(0xeb)
    7255                      .dwattr $C$DW$459, DW_AT_decl_column(0x0c)
    7256              
    7257              $C$DW$460       .dwtag  DW_TAG_member
    7258                      .dwattr $C$DW$460, DW_AT_type(*$C$DW$T$43)
    7259                      .dwattr $C$DW$460, DW_AT_name("rsvd2")
    7260                      .dwattr $C$DW$460, DW_AT_bit_offset(0x00)
    7261                      .dwattr $C$DW$460, DW_AT_bit_size(0x10)
    7262                      .dwattr $C$DW$460, DW_AT_data_member_location[DW_OP_plus_uconst 0x1]
    7263                      .dwattr $C$DW$460, DW_AT_accessibility(DW_ACCESS_public)
    7264                      .dwattr $C$DW$460, DW_AT_decl_file("C:\ti\C2000Ware_MotorControl_SDK_5_04_00_00\c2000ware\device_supp
    7265                      .dwattr $C$DW$460, DW_AT_decl_line(0xec)
    7266                      .dwattr $C$DW$460, DW_AT_decl_column(0x0c)
    7267              
    7268                      .dwattr $C$DW$T$62, DW_AT_decl_file("C:\ti\C2000Ware_MotorControl_SDK_5_04_00_00\c2000ware\device_sup
    7269                      .dwattr $C$DW$T$62, DW_AT_decl_line(0xe9)
    7270                      .dwattr $C$DW$T$62, DW_AT_decl_column(0x08)
    7271                      .dwendtag $C$DW$T$62
    7272              
    7273                      .dwendtag $C$DW$TU$62
    7274              
    7275              
    7276              $C$DW$TU$63     .dwtag  DW_TAG_type_unit
    7277                      .dwmtype  $C$DW$T$63
    7278              
    7279              $C$DW$T$63      .dwtag  DW_TAG_union_type
    7280                      .dwattr $C$DW$T$63, DW_AT_name("QEPSTROBESEL_REG")
    7281                      .dwattr $C$DW$T$63, DW_AT_byte_size(0x02)
    7282              $C$DW$461       .dwtag  DW_TAG_member
    7283                      .dwattr $C$DW$461, DW_AT_type(*$C$DW$T$46)
    7284                      .dwattr $C$DW$461, DW_AT_name("all")
    7285                      .dwattr $C$DW$461, DW_AT_accessibility(DW_ACCESS_public)
    7286                      .dwattr $C$DW$461, DW_AT_decl_file("C:\ti\C2000Ware_MotorControl_SDK_5_04_00_00\c2000ware\device_supp
    7287                      .dwattr $C$DW$461, DW_AT_decl_line(0xf0)
    7288                      .dwattr $C$DW$461, DW_AT_decl_column(0x0d)
    7289              
    7290              $C$DW$462       .dwtag  DW_TAG_member
    7291                      .dwattr $C$DW$462, DW_AT_type(*$C$DW$T$62)
    7292                      .dwattr $C$DW$462, DW_AT_name("bit")
    7293                      .dwattr $C$DW$462, DW_AT_accessibility(DW_ACCESS_public)
    7294                      .dwattr $C$DW$462, DW_AT_decl_file("C:\ti\C2000Ware_MotorControl_SDK_5_04_00_00\c2000ware\device_supp
    7295                      .dwattr $C$DW$462, DW_AT_decl_line(0xf1)
    7296                      .dwattr $C$DW$462, DW_AT_decl_column(0x20)
    7297              
    7298                      .dwattr $C$DW$T$63, DW_AT_decl_file("C:\ti\C2000Ware_MotorControl_SDK_5_04_00_00\c2000ware\device_sup
TMS320C2000 Assembler PC v22.6.2 Thu Feb  5 15:43:43 2026

Copyright (c) 1996-2018 Texas Instruments Incorporated
dual_axis_servo_drive_user_cpu.asm                                   PAGE  144

    7299                      .dwattr $C$DW$T$63, DW_AT_decl_line(0xef)
    7300                      .dwattr $C$DW$T$63, DW_AT_decl_column(0x07)
    7301                      .dwendtag $C$DW$T$63
    7302              
    7303                      .dwendtag $C$DW$TU$63
    7304              
    7305              
    7306              $C$DW$TU$64     .dwtag  DW_TAG_type_unit
    7307                      .dwmtype  $C$DW$T$64
    7308              
    7309              $C$DW$T$64      .dwtag  DW_TAG_structure_type
    7310                      .dwattr $C$DW$T$64, DW_AT_name("QEPSTS_BITS")
    7311                      .dwattr $C$DW$T$64, DW_AT_byte_size(0x01)
    7312              $C$DW$463       .dwtag  DW_TAG_member
    7313                      .dwattr $C$DW$463, DW_AT_type(*$C$DW$T$43)
    7314                      .dwattr $C$DW$463, DW_AT_name("PCEF")
    7315                      .dwattr $C$DW$463, DW_AT_bit_offset(0x0f)
    7316                      .dwattr $C$DW$463, DW_AT_bit_size(0x01)
    7317                      .dwattr $C$DW$463, DW_AT_accessibility(DW_ACCESS_public)
    7318                      .dwattr $C$DW$463, DW_AT_decl_file("C:\ti\C2000Ware_MotorControl_SDK_5_04_00_00\c2000ware\device_supp
    7319                      .dwattr $C$DW$463, DW_AT_decl_line(0xcd)
    7320                      .dwattr $C$DW$463, DW_AT_decl_column(0x0c)
    7321              
    7322              $C$DW$464       .dwtag  DW_TAG_member
    7323                      .dwattr $C$DW$464, DW_AT_type(*$C$DW$T$43)
    7324                      .dwattr $C$DW$464, DW_AT_name("FIMF")
    7325                      .dwattr $C$DW$464, DW_AT_bit_offset(0x0e)
    7326                      .dwattr $C$DW$464, DW_AT_bit_size(0x01)
    7327                      .dwattr $C$DW$464, DW_AT_accessibility(DW_ACCESS_public)
    7328                      .dwattr $C$DW$464, DW_AT_decl_file("C:\ti\C2000Ware_MotorControl_SDK_5_04_00_00\c2000ware\device_supp
    7329                      .dwattr $C$DW$464, DW_AT_decl_line(0xce)
    7330                      .dwattr $C$DW$464, DW_AT_decl_column(0x0c)
    7331              
    7332              $C$DW$465       .dwtag  DW_TAG_member
    7333                      .dwattr $C$DW$465, DW_AT_type(*$C$DW$T$43)
    7334                      .dwattr $C$DW$465, DW_AT_name("CDEF")
    7335                      .dwattr $C$DW$465, DW_AT_bit_offset(0x0d)
    7336                      .dwattr $C$DW$465, DW_AT_bit_size(0x01)
    7337                      .dwattr $C$DW$465, DW_AT_accessibility(DW_ACCESS_public)
    7338                      .dwattr $C$DW$465, DW_AT_decl_file("C:\ti\C2000Ware_MotorControl_SDK_5_04_00_00\c2000ware\device_supp
    7339                      .dwattr $C$DW$465, DW_AT_decl_line(0xcf)
    7340                      .dwattr $C$DW$465, DW_AT_decl_column(0x0c)
    7341              
    7342              $C$DW$466       .dwtag  DW_TAG_member
    7343                      .dwattr $C$DW$466, DW_AT_type(*$C$DW$T$43)
    7344                      .dwattr $C$DW$466, DW_AT_name("COEF")
    7345                      .dwattr $C$DW$466, DW_AT_bit_offset(0x0c)
    7346                      .dwattr $C$DW$466, DW_AT_bit_size(0x01)
    7347                      .dwattr $C$DW$466, DW_AT_accessibility(DW_ACCESS_public)
    7348                      .dwattr $C$DW$466, DW_AT_decl_file("C:\ti\C2000Ware_MotorControl_SDK_5_04_00_00\c2000ware\device_supp
    7349                      .dwattr $C$DW$466, DW_AT_decl_line(0xd0)
    7350                      .dwattr $C$DW$466, DW_AT_decl_column(0x0c)
    7351              
    7352              $C$DW$467       .dwtag  DW_TAG_member
    7353                      .dwattr $C$DW$467, DW_AT_type(*$C$DW$T$43)
TMS320C2000 Assembler PC v22.6.2 Thu Feb  5 15:43:43 2026

Copyright (c) 1996-2018 Texas Instruments Incorporated
dual_axis_servo_drive_user_cpu.asm                                   PAGE  145

    7354                      .dwattr $C$DW$467, DW_AT_name("QDLF")
    7355                      .dwattr $C$DW$467, DW_AT_bit_offset(0x0b)
    7356                      .dwattr $C$DW$467, DW_AT_bit_size(0x01)
    7357                      .dwattr $C$DW$467, DW_AT_accessibility(DW_ACCESS_public)
    7358                      .dwattr $C$DW$467, DW_AT_decl_file("C:\ti\C2000Ware_MotorControl_SDK_5_04_00_00\c2000ware\device_supp
    7359                      .dwattr $C$DW$467, DW_AT_decl_line(0xd1)
    7360                      .dwattr $C$DW$467, DW_AT_decl_column(0x0c)
    7361              
    7362              $C$DW$468       .dwtag  DW_TAG_member
    7363                      .dwattr $C$DW$468, DW_AT_type(*$C$DW$T$43)
    7364                      .dwattr $C$DW$468, DW_AT_name("QDF")
    7365                      .dwattr $C$DW$468, DW_AT_bit_offset(0x0a)
    7366                      .dwattr $C$DW$468, DW_AT_bit_size(0x01)
    7367                      .dwattr $C$DW$468, DW_AT_accessibility(DW_ACCESS_public)
    7368                      .dwattr $C$DW$468, DW_AT_decl_file("C:\ti\C2000Ware_MotorControl_SDK_5_04_00_00\c2000ware\device_supp
    7369                      .dwattr $C$DW$468, DW_AT_decl_line(0xd2)
    7370                      .dwattr $C$DW$468, DW_AT_decl_column(0x0c)
    7371              
    7372              $C$DW$469       .dwtag  DW_TAG_member
    7373                      .dwattr $C$DW$469, DW_AT_type(*$C$DW$T$43)
    7374                      .dwattr $C$DW$469, DW_AT_name("FIDF")
    7375                      .dwattr $C$DW$469, DW_AT_bit_offset(0x09)
    7376                      .dwattr $C$DW$469, DW_AT_bit_size(0x01)
    7377                      .dwattr $C$DW$469, DW_AT_accessibility(DW_ACCESS_public)
    7378                      .dwattr $C$DW$469, DW_AT_decl_file("C:\ti\C2000Ware_MotorControl_SDK_5_04_00_00\c2000ware\device_supp
    7379                      .dwattr $C$DW$469, DW_AT_decl_line(0xd3)
    7380                      .dwattr $C$DW$469, DW_AT_decl_column(0x0c)
    7381              
    7382              $C$DW$470       .dwtag  DW_TAG_member
    7383                      .dwattr $C$DW$470, DW_AT_type(*$C$DW$T$43)
    7384                      .dwattr $C$DW$470, DW_AT_name("UPEVNT")
    7385                      .dwattr $C$DW$470, DW_AT_bit_offset(0x08)
    7386                      .dwattr $C$DW$470, DW_AT_bit_size(0x01)
    7387                      .dwattr $C$DW$470, DW_AT_accessibility(DW_ACCESS_public)
    7388                      .dwattr $C$DW$470, DW_AT_decl_file("C:\ti\C2000Ware_MotorControl_SDK_5_04_00_00\c2000ware\device_supp
    7389                      .dwattr $C$DW$470, DW_AT_decl_line(0xd4)
    7390                      .dwattr $C$DW$470, DW_AT_decl_column(0x0c)
    7391              
    7392              $C$DW$471       .dwtag  DW_TAG_member
    7393                      .dwattr $C$DW$471, DW_AT_type(*$C$DW$T$43)
    7394                      .dwattr $C$DW$471, DW_AT_name("rsvd1")
    7395                      .dwattr $C$DW$471, DW_AT_bit_offset(0x00)
    7396                      .dwattr $C$DW$471, DW_AT_bit_size(0x08)
    7397                      .dwattr $C$DW$471, DW_AT_accessibility(DW_ACCESS_public)
    7398                      .dwattr $C$DW$471, DW_AT_decl_file("C:\ti\C2000Ware_MotorControl_SDK_5_04_00_00\c2000ware\device_supp
    7399                      .dwattr $C$DW$471, DW_AT_decl_line(0xd5)
    7400                      .dwattr $C$DW$471, DW_AT_decl_column(0x0c)
    7401              
    7402                      .dwattr $C$DW$T$64, DW_AT_decl_file("C:\ti\C2000Ware_MotorControl_SDK_5_04_00_00\c2000ware\device_sup
    7403                      .dwattr $C$DW$T$64, DW_AT_decl_line(0xcc)
    7404                      .dwattr $C$DW$T$64, DW_AT_decl_column(0x08)
    7405                      .dwendtag $C$DW$T$64
    7406              
    7407                      .dwendtag $C$DW$TU$64
    7408              
TMS320C2000 Assembler PC v22.6.2 Thu Feb  5 15:43:43 2026

Copyright (c) 1996-2018 Texas Instruments Incorporated
dual_axis_servo_drive_user_cpu.asm                                   PAGE  146

    7409              
    7410              $C$DW$TU$65     .dwtag  DW_TAG_type_unit
    7411                      .dwmtype  $C$DW$T$65
    7412              
    7413              $C$DW$T$65      .dwtag  DW_TAG_union_type
    7414                      .dwattr $C$DW$T$65, DW_AT_name("QEPSTS_REG")
    7415                      .dwattr $C$DW$T$65, DW_AT_byte_size(0x01)
    7416              $C$DW$472       .dwtag  DW_TAG_member
    7417                      .dwattr $C$DW$472, DW_AT_type(*$C$DW$T$43)
    7418                      .dwattr $C$DW$472, DW_AT_name("all")
    7419                      .dwattr $C$DW$472, DW_AT_accessibility(DW_ACCESS_public)
    7420                      .dwattr $C$DW$472, DW_AT_decl_file("C:\ti\C2000Ware_MotorControl_SDK_5_04_00_00\c2000ware\device_supp
    7421                      .dwattr $C$DW$472, DW_AT_decl_line(0xd9)
    7422                      .dwattr $C$DW$472, DW_AT_decl_column(0x0d)
    7423              
    7424              $C$DW$473       .dwtag  DW_TAG_member
    7425                      .dwattr $C$DW$473, DW_AT_type(*$C$DW$T$64)
    7426                      .dwattr $C$DW$473, DW_AT_name("bit")
    7427                      .dwattr $C$DW$473, DW_AT_accessibility(DW_ACCESS_public)
    7428                      .dwattr $C$DW$473, DW_AT_decl_file("C:\ti\C2000Ware_MotorControl_SDK_5_04_00_00\c2000ware\device_supp
    7429                      .dwattr $C$DW$473, DW_AT_decl_line(0xda)
    7430                      .dwattr $C$DW$473, DW_AT_decl_column(0x1a)
    7431              
    7432                      .dwattr $C$DW$T$65, DW_AT_decl_file("C:\ti\C2000Ware_MotorControl_SDK_5_04_00_00\c2000ware\device_sup
    7433                      .dwattr $C$DW$T$65, DW_AT_decl_line(0xd8)
    7434                      .dwattr $C$DW$T$65, DW_AT_decl_column(0x07)
    7435                      .dwendtag $C$DW$T$65
    7436              
    7437                      .dwendtag $C$DW$TU$65
    7438              
    7439              
    7440              $C$DW$TU$66     .dwtag  DW_TAG_type_unit
    7441                      .dwmtype  $C$DW$T$66
    7442              
    7443              $C$DW$T$66      .dwtag  DW_TAG_structure_type
    7444                      .dwattr $C$DW$T$66, DW_AT_name("QFLG_BITS")
    7445                      .dwattr $C$DW$T$66, DW_AT_byte_size(0x01)
    7446              $C$DW$474       .dwtag  DW_TAG_member
    7447                      .dwattr $C$DW$474, DW_AT_type(*$C$DW$T$43)
    7448                      .dwattr $C$DW$474, DW_AT_name("INT")
    7449                      .dwattr $C$DW$474, DW_AT_bit_offset(0x0f)
    7450                      .dwattr $C$DW$474, DW_AT_bit_size(0x01)
    7451                      .dwattr $C$DW$474, DW_AT_accessibility(DW_ACCESS_public)
    7452                      .dwattr $C$DW$474, DW_AT_decl_file("C:\ti\C2000Ware_MotorControl_SDK_5_04_00_00\c2000ware\device_supp
    7453                      .dwattr $C$DW$474, DW_AT_decl_line(0x8b)
    7454                      .dwattr $C$DW$474, DW_AT_decl_column(0x0c)
    7455              
    7456              $C$DW$475       .dwtag  DW_TAG_member
    7457                      .dwattr $C$DW$475, DW_AT_type(*$C$DW$T$43)
    7458                      .dwattr $C$DW$475, DW_AT_name("PCE")
    7459                      .dwattr $C$DW$475, DW_AT_bit_offset(0x0e)
    7460                      .dwattr $C$DW$475, DW_AT_bit_size(0x01)
    7461                      .dwattr $C$DW$475, DW_AT_accessibility(DW_ACCESS_public)
    7462                      .dwattr $C$DW$475, DW_AT_decl_file("C:\ti\C2000Ware_MotorControl_SDK_5_04_00_00\c2000ware\device_supp
    7463                      .dwattr $C$DW$475, DW_AT_decl_line(0x8c)
TMS320C2000 Assembler PC v22.6.2 Thu Feb  5 15:43:43 2026

Copyright (c) 1996-2018 Texas Instruments Incorporated
dual_axis_servo_drive_user_cpu.asm                                   PAGE  147

    7464                      .dwattr $C$DW$475, DW_AT_decl_column(0x0c)
    7465              
    7466              $C$DW$476       .dwtag  DW_TAG_member
    7467                      .dwattr $C$DW$476, DW_AT_type(*$C$DW$T$43)
    7468                      .dwattr $C$DW$476, DW_AT_name("PHE")
    7469                      .dwattr $C$DW$476, DW_AT_bit_offset(0x0d)
    7470                      .dwattr $C$DW$476, DW_AT_bit_size(0x01)
    7471                      .dwattr $C$DW$476, DW_AT_accessibility(DW_ACCESS_public)
    7472                      .dwattr $C$DW$476, DW_AT_decl_file("C:\ti\C2000Ware_MotorControl_SDK_5_04_00_00\c2000ware\device_supp
    7473                      .dwattr $C$DW$476, DW_AT_decl_line(0x8d)
    7474                      .dwattr $C$DW$476, DW_AT_decl_column(0x0c)
    7475              
    7476              $C$DW$477       .dwtag  DW_TAG_member
    7477                      .dwattr $C$DW$477, DW_AT_type(*$C$DW$T$43)
    7478                      .dwattr $C$DW$477, DW_AT_name("QDC")
    7479                      .dwattr $C$DW$477, DW_AT_bit_offset(0x0c)
    7480                      .dwattr $C$DW$477, DW_AT_bit_size(0x01)
    7481                      .dwattr $C$DW$477, DW_AT_accessibility(DW_ACCESS_public)
    7482                      .dwattr $C$DW$477, DW_AT_decl_file("C:\ti\C2000Ware_MotorControl_SDK_5_04_00_00\c2000ware\device_supp
    7483                      .dwattr $C$DW$477, DW_AT_decl_line(0x8e)
    7484                      .dwattr $C$DW$477, DW_AT_decl_column(0x0c)
    7485              
    7486              $C$DW$478       .dwtag  DW_TAG_member
    7487                      .dwattr $C$DW$478, DW_AT_type(*$C$DW$T$43)
    7488                      .dwattr $C$DW$478, DW_AT_name("WTO")
    7489                      .dwattr $C$DW$478, DW_AT_bit_offset(0x0b)
    7490                      .dwattr $C$DW$478, DW_AT_bit_size(0x01)
    7491                      .dwattr $C$DW$478, DW_AT_accessibility(DW_ACCESS_public)
    7492                      .dwattr $C$DW$478, DW_AT_decl_file("C:\ti\C2000Ware_MotorControl_SDK_5_04_00_00\c2000ware\device_supp
    7493                      .dwattr $C$DW$478, DW_AT_decl_line(0x8f)
    7494                      .dwattr $C$DW$478, DW_AT_decl_column(0x0c)
    7495              
    7496              $C$DW$479       .dwtag  DW_TAG_member
    7497                      .dwattr $C$DW$479, DW_AT_type(*$C$DW$T$43)
    7498                      .dwattr $C$DW$479, DW_AT_name("PCU")
    7499                      .dwattr $C$DW$479, DW_AT_bit_offset(0x0a)
    7500                      .dwattr $C$DW$479, DW_AT_bit_size(0x01)
    7501                      .dwattr $C$DW$479, DW_AT_accessibility(DW_ACCESS_public)
    7502                      .dwattr $C$DW$479, DW_AT_decl_file("C:\ti\C2000Ware_MotorControl_SDK_5_04_00_00\c2000ware\device_supp
    7503                      .dwattr $C$DW$479, DW_AT_decl_line(0x90)
    7504                      .dwattr $C$DW$479, DW_AT_decl_column(0x0c)
    7505              
    7506              $C$DW$480       .dwtag  DW_TAG_member
    7507                      .dwattr $C$DW$480, DW_AT_type(*$C$DW$T$43)
    7508                      .dwattr $C$DW$480, DW_AT_name("PCO")
    7509                      .dwattr $C$DW$480, DW_AT_bit_offset(0x09)
    7510                      .dwattr $C$DW$480, DW_AT_bit_size(0x01)
    7511                      .dwattr $C$DW$480, DW_AT_accessibility(DW_ACCESS_public)
    7512                      .dwattr $C$DW$480, DW_AT_decl_file("C:\ti\C2000Ware_MotorControl_SDK_5_04_00_00\c2000ware\device_supp
    7513                      .dwattr $C$DW$480, DW_AT_decl_line(0x91)
    7514                      .dwattr $C$DW$480, DW_AT_decl_column(0x0c)
    7515              
    7516              $C$DW$481       .dwtag  DW_TAG_member
    7517                      .dwattr $C$DW$481, DW_AT_type(*$C$DW$T$43)
    7518                      .dwattr $C$DW$481, DW_AT_name("PCR")
TMS320C2000 Assembler PC v22.6.2 Thu Feb  5 15:43:43 2026

Copyright (c) 1996-2018 Texas Instruments Incorporated
dual_axis_servo_drive_user_cpu.asm                                   PAGE  148

    7519                      .dwattr $C$DW$481, DW_AT_bit_offset(0x08)
    7520                      .dwattr $C$DW$481, DW_AT_bit_size(0x01)
    7521                      .dwattr $C$DW$481, DW_AT_accessibility(DW_ACCESS_public)
    7522                      .dwattr $C$DW$481, DW_AT_decl_file("C:\ti\C2000Ware_MotorControl_SDK_5_04_00_00\c2000ware\device_supp
    7523                      .dwattr $C$DW$481, DW_AT_decl_line(0x92)
    7524                      .dwattr $C$DW$481, DW_AT_decl_column(0x0c)
    7525              
    7526              $C$DW$482       .dwtag  DW_TAG_member
    7527                      .dwattr $C$DW$482, DW_AT_type(*$C$DW$T$43)
    7528                      .dwattr $C$DW$482, DW_AT_name("PCM")
    7529                      .dwattr $C$DW$482, DW_AT_bit_offset(0x07)
    7530                      .dwattr $C$DW$482, DW_AT_bit_size(0x01)
    7531                      .dwattr $C$DW$482, DW_AT_accessibility(DW_ACCESS_public)
    7532                      .dwattr $C$DW$482, DW_AT_decl_file("C:\ti\C2000Ware_MotorControl_SDK_5_04_00_00\c2000ware\device_supp
    7533                      .dwattr $C$DW$482, DW_AT_decl_line(0x93)
    7534                      .dwattr $C$DW$482, DW_AT_decl_column(0x0c)
    7535              
    7536              $C$DW$483       .dwtag  DW_TAG_member
    7537                      .dwattr $C$DW$483, DW_AT_type(*$C$DW$T$43)
    7538                      .dwattr $C$DW$483, DW_AT_name("SEL")
    7539                      .dwattr $C$DW$483, DW_AT_bit_offset(0x06)
    7540                      .dwattr $C$DW$483, DW_AT_bit_size(0x01)
    7541                      .dwattr $C$DW$483, DW_AT_accessibility(DW_ACCESS_public)
    7542                      .dwattr $C$DW$483, DW_AT_decl_file("C:\ti\C2000Ware_MotorControl_SDK_5_04_00_00\c2000ware\device_supp
    7543                      .dwattr $C$DW$483, DW_AT_decl_line(0x94)
    7544                      .dwattr $C$DW$483, DW_AT_decl_column(0x0c)
    7545              
    7546              $C$DW$484       .dwtag  DW_TAG_member
    7547                      .dwattr $C$DW$484, DW_AT_type(*$C$DW$T$43)
    7548                      .dwattr $C$DW$484, DW_AT_name("IEL")
    7549                      .dwattr $C$DW$484, DW_AT_bit_offset(0x05)
    7550                      .dwattr $C$DW$484, DW_AT_bit_size(0x01)
    7551                      .dwattr $C$DW$484, DW_AT_accessibility(DW_ACCESS_public)
    7552                      .dwattr $C$DW$484, DW_AT_decl_file("C:\ti\C2000Ware_MotorControl_SDK_5_04_00_00\c2000ware\device_supp
    7553                      .dwattr $C$DW$484, DW_AT_decl_line(0x95)
    7554                      .dwattr $C$DW$484, DW_AT_decl_column(0x0c)
    7555              
    7556              $C$DW$485       .dwtag  DW_TAG_member
    7557                      .dwattr $C$DW$485, DW_AT_type(*$C$DW$T$43)
    7558                      .dwattr $C$DW$485, DW_AT_name("UTO")
    7559                      .dwattr $C$DW$485, DW_AT_bit_offset(0x04)
    7560                      .dwattr $C$DW$485, DW_AT_bit_size(0x01)
    7561                      .dwattr $C$DW$485, DW_AT_accessibility(DW_ACCESS_public)
    7562                      .dwattr $C$DW$485, DW_AT_decl_file("C:\ti\C2000Ware_MotorControl_SDK_5_04_00_00\c2000ware\device_supp
    7563                      .dwattr $C$DW$485, DW_AT_decl_line(0x96)
    7564                      .dwattr $C$DW$485, DW_AT_decl_column(0x0c)
    7565              
    7566              $C$DW$486       .dwtag  DW_TAG_member
    7567                      .dwattr $C$DW$486, DW_AT_type(*$C$DW$T$43)
    7568                      .dwattr $C$DW$486, DW_AT_name("QMAE")
    7569                      .dwattr $C$DW$486, DW_AT_bit_offset(0x03)
    7570                      .dwattr $C$DW$486, DW_AT_bit_size(0x01)
    7571                      .dwattr $C$DW$486, DW_AT_accessibility(DW_ACCESS_public)
    7572                      .dwattr $C$DW$486, DW_AT_decl_file("C:\ti\C2000Ware_MotorControl_SDK_5_04_00_00\c2000ware\device_supp
    7573                      .dwattr $C$DW$486, DW_AT_decl_line(0x97)
TMS320C2000 Assembler PC v22.6.2 Thu Feb  5 15:43:43 2026

Copyright (c) 1996-2018 Texas Instruments Incorporated
dual_axis_servo_drive_user_cpu.asm                                   PAGE  149

    7574                      .dwattr $C$DW$486, DW_AT_decl_column(0x0c)
    7575              
    7576              $C$DW$487       .dwtag  DW_TAG_member
    7577                      .dwattr $C$DW$487, DW_AT_type(*$C$DW$T$43)
    7578                      .dwattr $C$DW$487, DW_AT_name("rsvd1")
    7579                      .dwattr $C$DW$487, DW_AT_bit_offset(0x00)
    7580                      .dwattr $C$DW$487, DW_AT_bit_size(0x03)
    7581                      .dwattr $C$DW$487, DW_AT_accessibility(DW_ACCESS_public)
    7582                      .dwattr $C$DW$487, DW_AT_decl_file("C:\ti\C2000Ware_MotorControl_SDK_5_04_00_00\c2000ware\device_supp
    7583                      .dwattr $C$DW$487, DW_AT_decl_line(0x98)
    7584                      .dwattr $C$DW$487, DW_AT_decl_column(0x0c)
    7585              
    7586                      .dwattr $C$DW$T$66, DW_AT_decl_file("C:\ti\C2000Ware_MotorControl_SDK_5_04_00_00\c2000ware\device_sup
    7587                      .dwattr $C$DW$T$66, DW_AT_decl_line(0x8a)
    7588                      .dwattr $C$DW$T$66, DW_AT_decl_column(0x08)
    7589                      .dwendtag $C$DW$T$66
    7590              
    7591                      .dwendtag $C$DW$TU$66
    7592              
    7593              
    7594              $C$DW$TU$67     .dwtag  DW_TAG_type_unit
    7595                      .dwmtype  $C$DW$T$67
    7596              
    7597              $C$DW$T$67      .dwtag  DW_TAG_union_type
    7598                      .dwattr $C$DW$T$67, DW_AT_name("QFLG_REG")
    7599                      .dwattr $C$DW$T$67, DW_AT_byte_size(0x01)
    7600              $C$DW$488       .dwtag  DW_TAG_member
    7601                      .dwattr $C$DW$488, DW_AT_type(*$C$DW$T$43)
    7602                      .dwattr $C$DW$488, DW_AT_name("all")
    7603                      .dwattr $C$DW$488, DW_AT_accessibility(DW_ACCESS_public)
    7604                      .dwattr $C$DW$488, DW_AT_decl_file("C:\ti\C2000Ware_MotorControl_SDK_5_04_00_00\c2000ware\device_supp
    7605                      .dwattr $C$DW$488, DW_AT_decl_line(0x9c)
    7606                      .dwattr $C$DW$488, DW_AT_decl_column(0x0d)
    7607              
    7608              $C$DW$489       .dwtag  DW_TAG_member
    7609                      .dwattr $C$DW$489, DW_AT_type(*$C$DW$T$66)
    7610                      .dwattr $C$DW$489, DW_AT_name("bit")
    7611                      .dwattr $C$DW$489, DW_AT_accessibility(DW_ACCESS_public)
    7612                      .dwattr $C$DW$489, DW_AT_decl_file("C:\ti\C2000Ware_MotorControl_SDK_5_04_00_00\c2000ware\device_supp
    7613                      .dwattr $C$DW$489, DW_AT_decl_line(0x9d)
    7614                      .dwattr $C$DW$489, DW_AT_decl_column(0x18)
    7615              
    7616                      .dwattr $C$DW$T$67, DW_AT_decl_file("C:\ti\C2000Ware_MotorControl_SDK_5_04_00_00\c2000ware\device_sup
    7617                      .dwattr $C$DW$T$67, DW_AT_decl_line(0x9b)
    7618                      .dwattr $C$DW$T$67, DW_AT_decl_column(0x07)
    7619                      .dwendtag $C$DW$T$67
    7620              
    7621                      .dwendtag $C$DW$TU$67
    7622              
    7623              
    7624              $C$DW$TU$68     .dwtag  DW_TAG_type_unit
    7625                      .dwmtype  $C$DW$T$68
    7626              
    7627              $C$DW$T$68      .dwtag  DW_TAG_structure_type
    7628                      .dwattr $C$DW$T$68, DW_AT_name("QFRC_BITS")
TMS320C2000 Assembler PC v22.6.2 Thu Feb  5 15:43:43 2026

Copyright (c) 1996-2018 Texas Instruments Incorporated
dual_axis_servo_drive_user_cpu.asm                                   PAGE  150

    7629                      .dwattr $C$DW$T$68, DW_AT_byte_size(0x01)
    7630              $C$DW$490       .dwtag  DW_TAG_member
    7631                      .dwattr $C$DW$490, DW_AT_type(*$C$DW$T$43)
    7632                      .dwattr $C$DW$490, DW_AT_name("rsvd1")
    7633                      .dwattr $C$DW$490, DW_AT_bit_offset(0x0f)
    7634                      .dwattr $C$DW$490, DW_AT_bit_size(0x01)
    7635                      .dwattr $C$DW$490, DW_AT_accessibility(DW_ACCESS_public)
    7636                      .dwattr $C$DW$490, DW_AT_decl_file("C:\ti\C2000Ware_MotorControl_SDK_5_04_00_00\c2000ware\device_supp
    7637                      .dwattr $C$DW$490, DW_AT_decl_line(0xb7)
    7638                      .dwattr $C$DW$490, DW_AT_decl_column(0x0c)
    7639              
    7640              $C$DW$491       .dwtag  DW_TAG_member
    7641                      .dwattr $C$DW$491, DW_AT_type(*$C$DW$T$43)
    7642                      .dwattr $C$DW$491, DW_AT_name("PCE")
    7643                      .dwattr $C$DW$491, DW_AT_bit_offset(0x0e)
    7644                      .dwattr $C$DW$491, DW_AT_bit_size(0x01)
    7645                      .dwattr $C$DW$491, DW_AT_accessibility(DW_ACCESS_public)
    7646                      .dwattr $C$DW$491, DW_AT_decl_file("C:\ti\C2000Ware_MotorControl_SDK_5_04_00_00\c2000ware\device_supp
    7647                      .dwattr $C$DW$491, DW_AT_decl_line(0xb8)
    7648                      .dwattr $C$DW$491, DW_AT_decl_column(0x0c)
    7649              
    7650              $C$DW$492       .dwtag  DW_TAG_member
    7651                      .dwattr $C$DW$492, DW_AT_type(*$C$DW$T$43)
    7652                      .dwattr $C$DW$492, DW_AT_name("PHE")
    7653                      .dwattr $C$DW$492, DW_AT_bit_offset(0x0d)
    7654                      .dwattr $C$DW$492, DW_AT_bit_size(0x01)
    7655                      .dwattr $C$DW$492, DW_AT_accessibility(DW_ACCESS_public)
    7656                      .dwattr $C$DW$492, DW_AT_decl_file("C:\ti\C2000Ware_MotorControl_SDK_5_04_00_00\c2000ware\device_supp
    7657                      .dwattr $C$DW$492, DW_AT_decl_line(0xb9)
    7658                      .dwattr $C$DW$492, DW_AT_decl_column(0x0c)
    7659              
    7660              $C$DW$493       .dwtag  DW_TAG_member
    7661                      .dwattr $C$DW$493, DW_AT_type(*$C$DW$T$43)
    7662                      .dwattr $C$DW$493, DW_AT_name("QDC")
    7663                      .dwattr $C$DW$493, DW_AT_bit_offset(0x0c)
    7664                      .dwattr $C$DW$493, DW_AT_bit_size(0x01)
    7665                      .dwattr $C$DW$493, DW_AT_accessibility(DW_ACCESS_public)
    7666                      .dwattr $C$DW$493, DW_AT_decl_file("C:\ti\C2000Ware_MotorControl_SDK_5_04_00_00\c2000ware\device_supp
    7667                      .dwattr $C$DW$493, DW_AT_decl_line(0xba)
    7668                      .dwattr $C$DW$493, DW_AT_decl_column(0x0c)
    7669              
    7670              $C$DW$494       .dwtag  DW_TAG_member
    7671                      .dwattr $C$DW$494, DW_AT_type(*$C$DW$T$43)
    7672                      .dwattr $C$DW$494, DW_AT_name("WTO")
    7673                      .dwattr $C$DW$494, DW_AT_bit_offset(0x0b)
    7674                      .dwattr $C$DW$494, DW_AT_bit_size(0x01)
    7675                      .dwattr $C$DW$494, DW_AT_accessibility(DW_ACCESS_public)
    7676                      .dwattr $C$DW$494, DW_AT_decl_file("C:\ti\C2000Ware_MotorControl_SDK_5_04_00_00\c2000ware\device_supp
    7677                      .dwattr $C$DW$494, DW_AT_decl_line(0xbb)
    7678                      .dwattr $C$DW$494, DW_AT_decl_column(0x0c)
    7679              
    7680              $C$DW$495       .dwtag  DW_TAG_member
    7681                      .dwattr $C$DW$495, DW_AT_type(*$C$DW$T$43)
    7682                      .dwattr $C$DW$495, DW_AT_name("PCU")
    7683                      .dwattr $C$DW$495, DW_AT_bit_offset(0x0a)
TMS320C2000 Assembler PC v22.6.2 Thu Feb  5 15:43:43 2026

Copyright (c) 1996-2018 Texas Instruments Incorporated
dual_axis_servo_drive_user_cpu.asm                                   PAGE  151

    7684                      .dwattr $C$DW$495, DW_AT_bit_size(0x01)
    7685                      .dwattr $C$DW$495, DW_AT_accessibility(DW_ACCESS_public)
    7686                      .dwattr $C$DW$495, DW_AT_decl_file("C:\ti\C2000Ware_MotorControl_SDK_5_04_00_00\c2000ware\device_supp
    7687                      .dwattr $C$DW$495, DW_AT_decl_line(0xbc)
    7688                      .dwattr $C$DW$495, DW_AT_decl_column(0x0c)
    7689              
    7690              $C$DW$496       .dwtag  DW_TAG_member
    7691                      .dwattr $C$DW$496, DW_AT_type(*$C$DW$T$43)
    7692                      .dwattr $C$DW$496, DW_AT_name("PCO")
    7693                      .dwattr $C$DW$496, DW_AT_bit_offset(0x09)
    7694                      .dwattr $C$DW$496, DW_AT_bit_size(0x01)
    7695                      .dwattr $C$DW$496, DW_AT_accessibility(DW_ACCESS_public)
    7696                      .dwattr $C$DW$496, DW_AT_decl_file("C:\ti\C2000Ware_MotorControl_SDK_5_04_00_00\c2000ware\device_supp
    7697                      .dwattr $C$DW$496, DW_AT_decl_line(0xbd)
    7698                      .dwattr $C$DW$496, DW_AT_decl_column(0x0c)
    7699              
    7700              $C$DW$497       .dwtag  DW_TAG_member
    7701                      .dwattr $C$DW$497, DW_AT_type(*$C$DW$T$43)
    7702                      .dwattr $C$DW$497, DW_AT_name("PCR")
    7703                      .dwattr $C$DW$497, DW_AT_bit_offset(0x08)
    7704                      .dwattr $C$DW$497, DW_AT_bit_size(0x01)
    7705                      .dwattr $C$DW$497, DW_AT_accessibility(DW_ACCESS_public)
    7706                      .dwattr $C$DW$497, DW_AT_decl_file("C:\ti\C2000Ware_MotorControl_SDK_5_04_00_00\c2000ware\device_supp
    7707                      .dwattr $C$DW$497, DW_AT_decl_line(0xbe)
    7708                      .dwattr $C$DW$497, DW_AT_decl_column(0x0c)
    7709              
    7710              $C$DW$498       .dwtag  DW_TAG_member
    7711                      .dwattr $C$DW$498, DW_AT_type(*$C$DW$T$43)
    7712                      .dwattr $C$DW$498, DW_AT_name("PCM")
    7713                      .dwattr $C$DW$498, DW_AT_bit_offset(0x07)
    7714                      .dwattr $C$DW$498, DW_AT_bit_size(0x01)
    7715                      .dwattr $C$DW$498, DW_AT_accessibility(DW_ACCESS_public)
    7716                      .dwattr $C$DW$498, DW_AT_decl_file("C:\ti\C2000Ware_MotorControl_SDK_5_04_00_00\c2000ware\device_supp
    7717                      .dwattr $C$DW$498, DW_AT_decl_line(0xbf)
    7718                      .dwattr $C$DW$498, DW_AT_decl_column(0x0c)
    7719              
    7720              $C$DW$499       .dwtag  DW_TAG_member
    7721                      .dwattr $C$DW$499, DW_AT_type(*$C$DW$T$43)
    7722                      .dwattr $C$DW$499, DW_AT_name("SEL")
    7723                      .dwattr $C$DW$499, DW_AT_bit_offset(0x06)
    7724                      .dwattr $C$DW$499, DW_AT_bit_size(0x01)
    7725                      .dwattr $C$DW$499, DW_AT_accessibility(DW_ACCESS_public)
    7726                      .dwattr $C$DW$499, DW_AT_decl_file("C:\ti\C2000Ware_MotorControl_SDK_5_04_00_00\c2000ware\device_supp
    7727                      .dwattr $C$DW$499, DW_AT_decl_line(0xc0)
    7728                      .dwattr $C$DW$499, DW_AT_decl_column(0x0c)
    7729              
    7730              $C$DW$500       .dwtag  DW_TAG_member
    7731                      .dwattr $C$DW$500, DW_AT_type(*$C$DW$T$43)
    7732                      .dwattr $C$DW$500, DW_AT_name("IEL")
    7733                      .dwattr $C$DW$500, DW_AT_bit_offset(0x05)
    7734                      .dwattr $C$DW$500, DW_AT_bit_size(0x01)
    7735                      .dwattr $C$DW$500, DW_AT_accessibility(DW_ACCESS_public)
    7736                      .dwattr $C$DW$500, DW_AT_decl_file("C:\ti\C2000Ware_MotorControl_SDK_5_04_00_00\c2000ware\device_supp
    7737                      .dwattr $C$DW$500, DW_AT_decl_line(0xc1)
    7738                      .dwattr $C$DW$500, DW_AT_decl_column(0x0c)
TMS320C2000 Assembler PC v22.6.2 Thu Feb  5 15:43:43 2026

Copyright (c) 1996-2018 Texas Instruments Incorporated
dual_axis_servo_drive_user_cpu.asm                                   PAGE  152

    7739              
    7740              $C$DW$501       .dwtag  DW_TAG_member
    7741                      .dwattr $C$DW$501, DW_AT_type(*$C$DW$T$43)
    7742                      .dwattr $C$DW$501, DW_AT_name("UTO")
    7743                      .dwattr $C$DW$501, DW_AT_bit_offset(0x04)
    7744                      .dwattr $C$DW$501, DW_AT_bit_size(0x01)
    7745                      .dwattr $C$DW$501, DW_AT_accessibility(DW_ACCESS_public)
    7746                      .dwattr $C$DW$501, DW_AT_decl_file("C:\ti\C2000Ware_MotorControl_SDK_5_04_00_00\c2000ware\device_supp
    7747                      .dwattr $C$DW$501, DW_AT_decl_line(0xc2)
    7748                      .dwattr $C$DW$501, DW_AT_decl_column(0x0c)
    7749              
    7750              $C$DW$502       .dwtag  DW_TAG_member
    7751                      .dwattr $C$DW$502, DW_AT_type(*$C$DW$T$43)
    7752                      .dwattr $C$DW$502, DW_AT_name("QMAE")
    7753                      .dwattr $C$DW$502, DW_AT_bit_offset(0x03)
    7754                      .dwattr $C$DW$502, DW_AT_bit_size(0x01)
    7755                      .dwattr $C$DW$502, DW_AT_accessibility(DW_ACCESS_public)
    7756                      .dwattr $C$DW$502, DW_AT_decl_file("C:\ti\C2000Ware_MotorControl_SDK_5_04_00_00\c2000ware\device_supp
    7757                      .dwattr $C$DW$502, DW_AT_decl_line(0xc3)
    7758                      .dwattr $C$DW$502, DW_AT_decl_column(0x0c)
    7759              
    7760              $C$DW$503       .dwtag  DW_TAG_member
    7761                      .dwattr $C$DW$503, DW_AT_type(*$C$DW$T$43)
    7762                      .dwattr $C$DW$503, DW_AT_name("rsvd2")
    7763                      .dwattr $C$DW$503, DW_AT_bit_offset(0x00)
    7764                      .dwattr $C$DW$503, DW_AT_bit_size(0x03)
    7765                      .dwattr $C$DW$503, DW_AT_accessibility(DW_ACCESS_public)
    7766                      .dwattr $C$DW$503, DW_AT_decl_file("C:\ti\C2000Ware_MotorControl_SDK_5_04_00_00\c2000ware\device_supp
    7767                      .dwattr $C$DW$503, DW_AT_decl_line(0xc4)
    7768                      .dwattr $C$DW$503, DW_AT_decl_column(0x0c)
    7769              
    7770                      .dwattr $C$DW$T$68, DW_AT_decl_file("C:\ti\C2000Ware_MotorControl_SDK_5_04_00_00\c2000ware\device_sup
    7771                      .dwattr $C$DW$T$68, DW_AT_decl_line(0xb6)
    7772                      .dwattr $C$DW$T$68, DW_AT_decl_column(0x08)
    7773                      .dwendtag $C$DW$T$68
    7774              
    7775                      .dwendtag $C$DW$TU$68
    7776              
    7777              
    7778              $C$DW$TU$69     .dwtag  DW_TAG_type_unit
    7779                      .dwmtype  $C$DW$T$69
    7780              
    7781              $C$DW$T$69      .dwtag  DW_TAG_union_type
    7782                      .dwattr $C$DW$T$69, DW_AT_name("QFRC_REG")
    7783                      .dwattr $C$DW$T$69, DW_AT_byte_size(0x01)
    7784              $C$DW$504       .dwtag  DW_TAG_member
    7785                      .dwattr $C$DW$504, DW_AT_type(*$C$DW$T$43)
    7786                      .dwattr $C$DW$504, DW_AT_name("all")
    7787                      .dwattr $C$DW$504, DW_AT_accessibility(DW_ACCESS_public)
    7788                      .dwattr $C$DW$504, DW_AT_decl_file("C:\ti\C2000Ware_MotorControl_SDK_5_04_00_00\c2000ware\device_supp
    7789                      .dwattr $C$DW$504, DW_AT_decl_line(0xc8)
    7790                      .dwattr $C$DW$504, DW_AT_decl_column(0x0d)
    7791              
    7792              $C$DW$505       .dwtag  DW_TAG_member
    7793                      .dwattr $C$DW$505, DW_AT_type(*$C$DW$T$68)
TMS320C2000 Assembler PC v22.6.2 Thu Feb  5 15:43:43 2026

Copyright (c) 1996-2018 Texas Instruments Incorporated
dual_axis_servo_drive_user_cpu.asm                                   PAGE  153

    7794                      .dwattr $C$DW$505, DW_AT_name("bit")
    7795                      .dwattr $C$DW$505, DW_AT_accessibility(DW_ACCESS_public)
    7796                      .dwattr $C$DW$505, DW_AT_decl_file("C:\ti\C2000Ware_MotorControl_SDK_5_04_00_00\c2000ware\device_supp
    7797                      .dwattr $C$DW$505, DW_AT_decl_line(0xc9)
    7798                      .dwattr $C$DW$505, DW_AT_decl_column(0x18)
    7799              
    7800                      .dwattr $C$DW$T$69, DW_AT_decl_file("C:\ti\C2000Ware_MotorControl_SDK_5_04_00_00\c2000ware\device_sup
    7801                      .dwattr $C$DW$T$69, DW_AT_decl_line(0xc7)
    7802                      .dwattr $C$DW$T$69, DW_AT_decl_column(0x07)
    7803                      .dwendtag $C$DW$T$69
    7804              
    7805                      .dwendtag $C$DW$TU$69
    7806              
    7807              
    7808              $C$DW$TU$70     .dwtag  DW_TAG_type_unit
    7809                      .dwmtype  $C$DW$T$70
    7810              
    7811              $C$DW$T$70      .dwtag  DW_TAG_structure_type
    7812                      .dwattr $C$DW$T$70, DW_AT_name("QMACTRL_BITS")
    7813                      .dwattr $C$DW$T$70, DW_AT_byte_size(0x02)
    7814              $C$DW$506       .dwtag  DW_TAG_member
    7815                      .dwattr $C$DW$506, DW_AT_type(*$C$DW$T$43)
    7816                      .dwattr $C$DW$506, DW_AT_name("MODE")
    7817                      .dwattr $C$DW$506, DW_AT_bit_offset(0x0d)
    7818                      .dwattr $C$DW$506, DW_AT_bit_size(0x03)
    7819                      .dwattr $C$DW$506, DW_AT_accessibility(DW_ACCESS_public)
    7820                      .dwattr $C$DW$506, DW_AT_decl_file("C:\ti\C2000Ware_MotorControl_SDK_5_04_00_00\c2000ware\device_supp
    7821                      .dwattr $C$DW$506, DW_AT_decl_line(0xf5)
    7822                      .dwattr $C$DW$506, DW_AT_decl_column(0x0c)
    7823              
    7824              $C$DW$507       .dwtag  DW_TAG_member
    7825                      .dwattr $C$DW$507, DW_AT_type(*$C$DW$T$43)
    7826                      .dwattr $C$DW$507, DW_AT_name("rsvd1")
    7827                      .dwattr $C$DW$507, DW_AT_bit_offset(0x00)
    7828                      .dwattr $C$DW$507, DW_AT_bit_size(0x0d)
    7829                      .dwattr $C$DW$507, DW_AT_accessibility(DW_ACCESS_public)
    7830                      .dwattr $C$DW$507, DW_AT_decl_file("C:\ti\C2000Ware_MotorControl_SDK_5_04_00_00\c2000ware\device_supp
    7831                      .dwattr $C$DW$507, DW_AT_decl_line(0xf6)
    7832                      .dwattr $C$DW$507, DW_AT_decl_column(0x0c)
    7833              
    7834              $C$DW$508       .dwtag  DW_TAG_member
    7835                      .dwattr $C$DW$508, DW_AT_type(*$C$DW$T$43)
    7836                      .dwattr $C$DW$508, DW_AT_name("rsvd2")
    7837                      .dwattr $C$DW$508, DW_AT_bit_offset(0x00)
    7838                      .dwattr $C$DW$508, DW_AT_bit_size(0x10)
    7839                      .dwattr $C$DW$508, DW_AT_data_member_location[DW_OP_plus_uconst 0x1]
    7840                      .dwattr $C$DW$508, DW_AT_accessibility(DW_ACCESS_public)
    7841                      .dwattr $C$DW$508, DW_AT_decl_file("C:\ti\C2000Ware_MotorControl_SDK_5_04_00_00\c2000ware\device_supp
    7842                      .dwattr $C$DW$508, DW_AT_decl_line(0xf7)
    7843                      .dwattr $C$DW$508, DW_AT_decl_column(0x0c)
    7844              
    7845                      .dwattr $C$DW$T$70, DW_AT_decl_file("C:\ti\C2000Ware_MotorControl_SDK_5_04_00_00\c2000ware\device_sup
    7846                      .dwattr $C$DW$T$70, DW_AT_decl_line(0xf4)
    7847                      .dwattr $C$DW$T$70, DW_AT_decl_column(0x08)
    7848                      .dwendtag $C$DW$T$70
TMS320C2000 Assembler PC v22.6.2 Thu Feb  5 15:43:43 2026

Copyright (c) 1996-2018 Texas Instruments Incorporated
dual_axis_servo_drive_user_cpu.asm                                   PAGE  154

    7849              
    7850                      .dwendtag $C$DW$TU$70
    7851              
    7852              
    7853              $C$DW$TU$71     .dwtag  DW_TAG_type_unit
    7854                      .dwmtype  $C$DW$T$71
    7855              
    7856              $C$DW$T$71      .dwtag  DW_TAG_union_type
    7857                      .dwattr $C$DW$T$71, DW_AT_name("QMACTRL_REG")
    7858                      .dwattr $C$DW$T$71, DW_AT_byte_size(0x02)
    7859              $C$DW$509       .dwtag  DW_TAG_member
    7860                      .dwattr $C$DW$509, DW_AT_type(*$C$DW$T$46)
    7861                      .dwattr $C$DW$509, DW_AT_name("all")
    7862                      .dwattr $C$DW$509, DW_AT_accessibility(DW_ACCESS_public)
    7863                      .dwattr $C$DW$509, DW_AT_decl_file("C:\ti\C2000Ware_MotorControl_SDK_5_04_00_00\c2000ware\device_supp
    7864                      .dwattr $C$DW$509, DW_AT_decl_line(0xfb)
    7865                      .dwattr $C$DW$509, DW_AT_decl_column(0x0d)
    7866              
    7867              $C$DW$510       .dwtag  DW_TAG_member
    7868                      .dwattr $C$DW$510, DW_AT_type(*$C$DW$T$70)
    7869                      .dwattr $C$DW$510, DW_AT_name("bit")
    7870                      .dwattr $C$DW$510, DW_AT_accessibility(DW_ACCESS_public)
    7871                      .dwattr $C$DW$510, DW_AT_decl_file("C:\ti\C2000Ware_MotorControl_SDK_5_04_00_00\c2000ware\device_supp
    7872                      .dwattr $C$DW$510, DW_AT_decl_line(0xfc)
    7873                      .dwattr $C$DW$510, DW_AT_decl_column(0x1b)
    7874              
    7875                      .dwattr $C$DW$T$71, DW_AT_decl_file("C:\ti\C2000Ware_MotorControl_SDK_5_04_00_00\c2000ware\device_sup
    7876                      .dwattr $C$DW$T$71, DW_AT_decl_line(0xfa)
    7877                      .dwattr $C$DW$T$71, DW_AT_decl_column(0x07)
    7878                      .dwendtag $C$DW$T$71
    7879              
    7880                      .dwendtag $C$DW$TU$71
    7881              
    7882              
    7883              $C$DW$TU$72     .dwtag  DW_TAG_type_unit
    7884                      .dwmtype  $C$DW$T$72
    7885              
    7886              $C$DW$T$72      .dwtag  DW_TAG_structure_type
    7887                      .dwattr $C$DW$T$72, DW_AT_name("QPOSCTL_BITS")
    7888                      .dwattr $C$DW$T$72, DW_AT_byte_size(0x01)
    7889              $C$DW$511       .dwtag  DW_TAG_member
    7890                      .dwattr $C$DW$511, DW_AT_type(*$C$DW$T$43)
    7891                      .dwattr $C$DW$511, DW_AT_name("PCSPW")
    7892                      .dwattr $C$DW$511, DW_AT_bit_offset(0x04)
    7893                      .dwattr $C$DW$511, DW_AT_bit_size(0x0c)
    7894                      .dwattr $C$DW$511, DW_AT_accessibility(DW_ACCESS_public)
    7895                      .dwattr $C$DW$511, DW_AT_decl_file("C:\ti\C2000Ware_MotorControl_SDK_5_04_00_00\c2000ware\device_supp
    7896                      .dwattr $C$DW$511, DW_AT_decl_line(0x68)
    7897                      .dwattr $C$DW$511, DW_AT_decl_column(0x0c)
    7898              
    7899              $C$DW$512       .dwtag  DW_TAG_member
    7900                      .dwattr $C$DW$512, DW_AT_type(*$C$DW$T$43)
    7901                      .dwattr $C$DW$512, DW_AT_name("PCE")
    7902                      .dwattr $C$DW$512, DW_AT_bit_offset(0x03)
    7903                      .dwattr $C$DW$512, DW_AT_bit_size(0x01)
TMS320C2000 Assembler PC v22.6.2 Thu Feb  5 15:43:43 2026

Copyright (c) 1996-2018 Texas Instruments Incorporated
dual_axis_servo_drive_user_cpu.asm                                   PAGE  155

    7904                      .dwattr $C$DW$512, DW_AT_accessibility(DW_ACCESS_public)
    7905                      .dwattr $C$DW$512, DW_AT_decl_file("C:\ti\C2000Ware_MotorControl_SDK_5_04_00_00\c2000ware\device_supp
    7906                      .dwattr $C$DW$512, DW_AT_decl_line(0x69)
    7907                      .dwattr $C$DW$512, DW_AT_decl_column(0x0c)
    7908              
    7909              $C$DW$513       .dwtag  DW_TAG_member
    7910                      .dwattr $C$DW$513, DW_AT_type(*$C$DW$T$43)
    7911                      .dwattr $C$DW$513, DW_AT_name("PCPOL")
    7912                      .dwattr $C$DW$513, DW_AT_bit_offset(0x02)
    7913                      .dwattr $C$DW$513, DW_AT_bit_size(0x01)
    7914                      .dwattr $C$DW$513, DW_AT_accessibility(DW_ACCESS_public)
    7915                      .dwattr $C$DW$513, DW_AT_decl_file("C:\ti\C2000Ware_MotorControl_SDK_5_04_00_00\c2000ware\device_supp
    7916                      .dwattr $C$DW$513, DW_AT_decl_line(0x6a)
    7917                      .dwattr $C$DW$513, DW_AT_decl_column(0x0c)
    7918              
    7919              $C$DW$514       .dwtag  DW_TAG_member
    7920                      .dwattr $C$DW$514, DW_AT_type(*$C$DW$T$43)
    7921                      .dwattr $C$DW$514, DW_AT_name("PCLOAD")
    7922                      .dwattr $C$DW$514, DW_AT_bit_offset(0x01)
    7923                      .dwattr $C$DW$514, DW_AT_bit_size(0x01)
    7924                      .dwattr $C$DW$514, DW_AT_accessibility(DW_ACCESS_public)
    7925                      .dwattr $C$DW$514, DW_AT_decl_file("C:\ti\C2000Ware_MotorControl_SDK_5_04_00_00\c2000ware\device_supp
    7926                      .dwattr $C$DW$514, DW_AT_decl_line(0x6b)
    7927                      .dwattr $C$DW$514, DW_AT_decl_column(0x0c)
    7928              
    7929              $C$DW$515       .dwtag  DW_TAG_member
    7930                      .dwattr $C$DW$515, DW_AT_type(*$C$DW$T$43)
    7931                      .dwattr $C$DW$515, DW_AT_name("PCSHDW")
    7932                      .dwattr $C$DW$515, DW_AT_bit_offset(0x00)
    7933                      .dwattr $C$DW$515, DW_AT_bit_size(0x01)
    7934                      .dwattr $C$DW$515, DW_AT_accessibility(DW_ACCESS_public)
    7935                      .dwattr $C$DW$515, DW_AT_decl_file("C:\ti\C2000Ware_MotorControl_SDK_5_04_00_00\c2000ware\device_supp
    7936                      .dwattr $C$DW$515, DW_AT_decl_line(0x6c)
    7937                      .dwattr $C$DW$515, DW_AT_decl_column(0x0c)
    7938              
    7939                      .dwattr $C$DW$T$72, DW_AT_decl_file("C:\ti\C2000Ware_MotorControl_SDK_5_04_00_00\c2000ware\device_sup
    7940                      .dwattr $C$DW$T$72, DW_AT_decl_line(0x67)
    7941                      .dwattr $C$DW$T$72, DW_AT_decl_column(0x08)
    7942                      .dwendtag $C$DW$T$72
    7943              
    7944                      .dwendtag $C$DW$TU$72
    7945              
    7946              
    7947              $C$DW$TU$73     .dwtag  DW_TAG_type_unit
    7948                      .dwmtype  $C$DW$T$73
    7949              
    7950              $C$DW$T$73      .dwtag  DW_TAG_union_type
    7951                      .dwattr $C$DW$T$73, DW_AT_name("QPOSCTL_REG")
    7952                      .dwattr $C$DW$T$73, DW_AT_byte_size(0x01)
    7953              $C$DW$516       .dwtag  DW_TAG_member
    7954                      .dwattr $C$DW$516, DW_AT_type(*$C$DW$T$43)
    7955                      .dwattr $C$DW$516, DW_AT_name("all")
    7956                      .dwattr $C$DW$516, DW_AT_accessibility(DW_ACCESS_public)
    7957                      .dwattr $C$DW$516, DW_AT_decl_file("C:\ti\C2000Ware_MotorControl_SDK_5_04_00_00\c2000ware\device_supp
    7958                      .dwattr $C$DW$516, DW_AT_decl_line(0x70)
TMS320C2000 Assembler PC v22.6.2 Thu Feb  5 15:43:43 2026

Copyright (c) 1996-2018 Texas Instruments Incorporated
dual_axis_servo_drive_user_cpu.asm                                   PAGE  156

    7959                      .dwattr $C$DW$516, DW_AT_decl_column(0x0d)
    7960              
    7961              $C$DW$517       .dwtag  DW_TAG_member
    7962                      .dwattr $C$DW$517, DW_AT_type(*$C$DW$T$72)
    7963                      .dwattr $C$DW$517, DW_AT_name("bit")
    7964                      .dwattr $C$DW$517, DW_AT_accessibility(DW_ACCESS_public)
    7965                      .dwattr $C$DW$517, DW_AT_decl_file("C:\ti\C2000Ware_MotorControl_SDK_5_04_00_00\c2000ware\device_supp
    7966                      .dwattr $C$DW$517, DW_AT_decl_line(0x71)
    7967                      .dwattr $C$DW$517, DW_AT_decl_column(0x1b)
    7968              
    7969                      .dwattr $C$DW$T$73, DW_AT_decl_file("C:\ti\C2000Ware_MotorControl_SDK_5_04_00_00\c2000ware\device_sup
    7970                      .dwattr $C$DW$T$73, DW_AT_decl_line(0x6f)
    7971                      .dwattr $C$DW$T$73, DW_AT_decl_column(0x07)
    7972                      .dwendtag $C$DW$T$73
    7973              
    7974                      .dwendtag $C$DW$TU$73
    7975              
    7976              
    7977              $C$DW$TU$74     .dwtag  DW_TAG_type_unit
    7978                      .dwmtype  $C$DW$T$74
    7979              
    7980              $C$DW$T$74      .dwtag  DW_TAG_structure_type
    7981                      .dwattr $C$DW$T$74, DW_AT_name("REV_BITS")
    7982                      .dwattr $C$DW$T$74, DW_AT_byte_size(0x02)
    7983              $C$DW$518       .dwtag  DW_TAG_member
    7984                      .dwattr $C$DW$518, DW_AT_type(*$C$DW$T$43)
    7985                      .dwattr $C$DW$518, DW_AT_name("MAJOR")
    7986                      .dwattr $C$DW$518, DW_AT_bit_offset(0x0d)
    7987                      .dwattr $C$DW$518, DW_AT_bit_size(0x03)
    7988                      .dwattr $C$DW$518, DW_AT_accessibility(DW_ACCESS_public)
    7989                      .dwattr $C$DW$518, DW_AT_decl_file("C:\ti\C2000Ware_MotorControl_SDK_5_04_00_00\c2000ware\device_supp
    7990                      .dwattr $C$DW$518, DW_AT_decl_line(0xde)
    7991                      .dwattr $C$DW$518, DW_AT_decl_column(0x0c)
    7992              
    7993              $C$DW$519       .dwtag  DW_TAG_member
    7994                      .dwattr $C$DW$519, DW_AT_type(*$C$DW$T$43)
    7995                      .dwattr $C$DW$519, DW_AT_name("MINOR")
    7996                      .dwattr $C$DW$519, DW_AT_bit_offset(0x0a)
    7997                      .dwattr $C$DW$519, DW_AT_bit_size(0x03)
    7998                      .dwattr $C$DW$519, DW_AT_accessibility(DW_ACCESS_public)
    7999                      .dwattr $C$DW$519, DW_AT_decl_file("C:\ti\C2000Ware_MotorControl_SDK_5_04_00_00\c2000ware\device_supp
    8000                      .dwattr $C$DW$519, DW_AT_decl_line(0xdf)
    8001                      .dwattr $C$DW$519, DW_AT_decl_column(0x0c)
    8002              
    8003              $C$DW$520       .dwtag  DW_TAG_member
    8004                      .dwattr $C$DW$520, DW_AT_type(*$C$DW$T$43)
    8005                      .dwattr $C$DW$520, DW_AT_name("rsvd1")
    8006                      .dwattr $C$DW$520, DW_AT_bit_offset(0x00)
    8007                      .dwattr $C$DW$520, DW_AT_bit_size(0x0a)
    8008                      .dwattr $C$DW$520, DW_AT_accessibility(DW_ACCESS_public)
    8009                      .dwattr $C$DW$520, DW_AT_decl_file("C:\ti\C2000Ware_MotorControl_SDK_5_04_00_00\c2000ware\device_supp
    8010                      .dwattr $C$DW$520, DW_AT_decl_line(0xe0)
    8011                      .dwattr $C$DW$520, DW_AT_decl_column(0x0c)
    8012              
    8013              $C$DW$521       .dwtag  DW_TAG_member
TMS320C2000 Assembler PC v22.6.2 Thu Feb  5 15:43:43 2026

Copyright (c) 1996-2018 Texas Instruments Incorporated
dual_axis_servo_drive_user_cpu.asm                                   PAGE  157

    8014                      .dwattr $C$DW$521, DW_AT_type(*$C$DW$T$43)
    8015                      .dwattr $C$DW$521, DW_AT_name("rsvd2")
    8016                      .dwattr $C$DW$521, DW_AT_bit_offset(0x00)
    8017                      .dwattr $C$DW$521, DW_AT_bit_size(0x10)
    8018                      .dwattr $C$DW$521, DW_AT_data_member_location[DW_OP_plus_uconst 0x1]
    8019                      .dwattr $C$DW$521, DW_AT_accessibility(DW_ACCESS_public)
    8020                      .dwattr $C$DW$521, DW_AT_decl_file("C:\ti\C2000Ware_MotorControl_SDK_5_04_00_00\c2000ware\device_supp
    8021                      .dwattr $C$DW$521, DW_AT_decl_line(0xe1)
    8022                      .dwattr $C$DW$521, DW_AT_decl_column(0x0c)
    8023              
    8024                      .dwattr $C$DW$T$74, DW_AT_decl_file("C:\ti\C2000Ware_MotorControl_SDK_5_04_00_00\c2000ware\device_sup
    8025                      .dwattr $C$DW$T$74, DW_AT_decl_line(0xdd)
    8026                      .dwattr $C$DW$T$74, DW_AT_decl_column(0x08)
    8027                      .dwendtag $C$DW$T$74
    8028              
    8029                      .dwendtag $C$DW$TU$74
    8030              
    8031              
    8032              $C$DW$TU$75     .dwtag  DW_TAG_type_unit
    8033                      .dwmtype  $C$DW$T$75
    8034              
    8035              $C$DW$T$75      .dwtag  DW_TAG_union_type
    8036                      .dwattr $C$DW$T$75, DW_AT_name("REV_REG")
    8037                      .dwattr $C$DW$T$75, DW_AT_byte_size(0x02)
    8038              $C$DW$522       .dwtag  DW_TAG_member
    8039                      .dwattr $C$DW$522, DW_AT_type(*$C$DW$T$46)
    8040                      .dwattr $C$DW$522, DW_AT_name("all")
    8041                      .dwattr $C$DW$522, DW_AT_accessibility(DW_ACCESS_public)
    8042                      .dwattr $C$DW$522, DW_AT_decl_file("C:\ti\C2000Ware_MotorControl_SDK_5_04_00_00\c2000ware\device_supp
    8043                      .dwattr $C$DW$522, DW_AT_decl_line(0xe5)
    8044                      .dwattr $C$DW$522, DW_AT_decl_column(0x0d)
    8045              
    8046              $C$DW$523       .dwtag  DW_TAG_member
    8047                      .dwattr $C$DW$523, DW_AT_type(*$C$DW$T$74)
    8048                      .dwattr $C$DW$523, DW_AT_name("bit")
    8049                      .dwattr $C$DW$523, DW_AT_accessibility(DW_ACCESS_public)
    8050                      .dwattr $C$DW$523, DW_AT_decl_file("C:\ti\C2000Ware_MotorControl_SDK_5_04_00_00\c2000ware\device_supp
    8051                      .dwattr $C$DW$523, DW_AT_decl_line(0xe6)
    8052                      .dwattr $C$DW$523, DW_AT_decl_column(0x17)
    8053              
    8054                      .dwattr $C$DW$T$75, DW_AT_decl_file("C:\ti\C2000Ware_MotorControl_SDK_5_04_00_00\c2000ware\device_sup
    8055                      .dwattr $C$DW$T$75, DW_AT_decl_line(0xe4)
    8056                      .dwattr $C$DW$T$75, DW_AT_decl_column(0x07)
    8057                      .dwendtag $C$DW$T$75
    8058              
    8059                      .dwendtag $C$DW$TU$75
    8060              
    8061              
    8062              $C$DW$TU$77     .dwtag  DW_TAG_type_unit
    8063                      .dwmtype  $C$DW$T$77
    8064              
    8065              $C$DW$T$77      .dwtag  DW_TAG_structure_type
    8066                      .dwattr $C$DW$T$77, DW_AT_name("_Complex_double")
    8067                      .dwattr $C$DW$T$77, DW_AT_byte_size(0x08)
    8068              $C$DW$524       .dwtag  DW_TAG_member
TMS320C2000 Assembler PC v22.6.2 Thu Feb  5 15:43:43 2026

Copyright (c) 1996-2018 Texas Instruments Incorporated
dual_axis_servo_drive_user_cpu.asm                                   PAGE  158

    8069                      .dwattr $C$DW$524, DW_AT_type(*$C$DW$T$76)
    8070                      .dwattr $C$DW$524, DW_AT_name("_Vals")
    8071                      .dwattr $C$DW$524, DW_AT_accessibility(DW_ACCESS_public)
    8072                      .dwattr $C$DW$524, DW_AT_decl_file("C:/ti/ccs2031/ccs/tools/compiler/ti-cgt-c2000_22.6.2.LTS/include/
    8073                      .dwattr $C$DW$524, DW_AT_decl_line(0x13b)
    8074                      .dwattr $C$DW$524, DW_AT_decl_column(0x10)
    8075              
    8076                      .dwendtag $C$DW$T$77
    8077              
    8078                      .dwendtag $C$DW$TU$77
    8079              
    8080              
    8081              $C$DW$TU$128    .dwtag  DW_TAG_type_unit
    8082                      .dwmtype  $C$DW$T$128
    8083              $C$DW$T$128     .dwtag  DW_TAG_typedef
    8084                      .dwattr $C$DW$T$128, DW_AT_name("_Complex_double")
    8085                      .dwattr $C$DW$T$128, DW_AT_type(*$C$DW$T$77)
    8086                      .dwattr $C$DW$T$128, DW_AT_decl_file("C:/ti/ccs2031/ccs/tools/compiler/ti-cgt-c2000_22.6.2.LTS/includ
    8087                      .dwattr $C$DW$T$128, DW_AT_decl_line(0x13b)
    8088                      .dwattr $C$DW$T$128, DW_AT_decl_column(0x10)
    8089              
    8090                      .dwendtag $C$DW$TU$128
    8091              
    8092              
    8093              $C$DW$TU$79     .dwtag  DW_TAG_type_unit
    8094                      .dwmtype  $C$DW$T$79
    8095              
    8096              $C$DW$T$79      .dwtag  DW_TAG_structure_type
    8097                      .dwattr $C$DW$T$79, DW_AT_name("_Complex_float")
    8098                      .dwattr $C$DW$T$79, DW_AT_byte_size(0x04)
    8099              $C$DW$525       .dwtag  DW_TAG_member
    8100                      .dwattr $C$DW$525, DW_AT_type(*$C$DW$T$78)
    8101                      .dwattr $C$DW$525, DW_AT_name("_Vals")
    8102                      .dwattr $C$DW$525, DW_AT_accessibility(DW_ACCESS_public)
    8103                      .dwattr $C$DW$525, DW_AT_decl_file("C:/ti/ccs2031/ccs/tools/compiler/ti-cgt-c2000_22.6.2.LTS/include/
    8104                      .dwattr $C$DW$525, DW_AT_decl_line(0x13b)
    8105                      .dwattr $C$DW$525, DW_AT_decl_column(0x10)
    8106              
    8107                      .dwendtag $C$DW$T$79
    8108              
    8109                      .dwendtag $C$DW$TU$79
    8110              
    8111              
    8112              $C$DW$TU$129    .dwtag  DW_TAG_type_unit
    8113                      .dwmtype  $C$DW$T$129
    8114              $C$DW$T$129     .dwtag  DW_TAG_typedef
    8115                      .dwattr $C$DW$T$129, DW_AT_name("_Complex_float")
    8116                      .dwattr $C$DW$T$129, DW_AT_type(*$C$DW$T$79)
    8117                      .dwattr $C$DW$T$129, DW_AT_decl_file("C:/ti/ccs2031/ccs/tools/compiler/ti-cgt-c2000_22.6.2.LTS/includ
    8118                      .dwattr $C$DW$T$129, DW_AT_decl_line(0x13b)
    8119                      .dwattr $C$DW$T$129, DW_AT_decl_column(0x10)
    8120              
    8121                      .dwendtag $C$DW$TU$129
    8122              
    8123              
TMS320C2000 Assembler PC v22.6.2 Thu Feb  5 15:43:43 2026

Copyright (c) 1996-2018 Texas Instruments Incorporated
dual_axis_servo_drive_user_cpu.asm                                   PAGE  159

    8124              $C$DW$TU$81     .dwtag  DW_TAG_type_unit
    8125                      .dwmtype  $C$DW$T$81
    8126              
    8127              $C$DW$T$81      .dwtag  DW_TAG_structure_type
    8128                      .dwattr $C$DW$T$81, DW_AT_name("_Complex_long_double")
    8129                      .dwattr $C$DW$T$81, DW_AT_byte_size(0x08)
    8130              $C$DW$526       .dwtag  DW_TAG_member
    8131                      .dwattr $C$DW$526, DW_AT_type(*$C$DW$T$80)
    8132                      .dwattr $C$DW$526, DW_AT_name("_Vals")
    8133                      .dwattr $C$DW$526, DW_AT_accessibility(DW_ACCESS_public)
    8134                      .dwattr $C$DW$526, DW_AT_decl_file("C:/ti/ccs2031/ccs/tools/compiler/ti-cgt-c2000_22.6.2.LTS/include/
    8135                      .dwattr $C$DW$526, DW_AT_decl_line(0x13b)
    8136                      .dwattr $C$DW$526, DW_AT_decl_column(0x10)
    8137              
    8138                      .dwendtag $C$DW$T$81
    8139              
    8140                      .dwendtag $C$DW$TU$81
    8141              
    8142              
    8143              $C$DW$TU$131    .dwtag  DW_TAG_type_unit
    8144                      .dwmtype  $C$DW$T$131
    8145              $C$DW$T$131     .dwtag  DW_TAG_typedef
    8146                      .dwattr $C$DW$T$131, DW_AT_name("_Complex_long_double")
    8147                      .dwattr $C$DW$T$131, DW_AT_type(*$C$DW$T$81)
    8148                      .dwattr $C$DW$T$131, DW_AT_decl_file("C:/ti/ccs2031/ccs/tools/compiler/ti-cgt-c2000_22.6.2.LTS/includ
    8149                      .dwattr $C$DW$T$131, DW_AT_decl_line(0x13b)
    8150                      .dwattr $C$DW$T$131, DW_AT_decl_column(0x10)
    8151              
    8152                      .dwendtag $C$DW$TU$131
    8153              
    8154              
    8155              $C$DW$TU$82     .dwtag  DW_TAG_type_unit
    8156                      .dwmtype  $C$DW$T$82
    8157              
    8158              $C$DW$T$82      .dwtag  DW_TAG_structure_type
    8159                      .dwattr $C$DW$T$82, DW_AT_name("_FCL_Parameters_t_")
    8160                      .dwattr $C$DW$T$82, DW_AT_byte_size(0x24)
    8161              $C$DW$527       .dwtag  DW_TAG_member
    8162                      .dwattr $C$DW$527, DW_AT_type(*$C$DW$T$21)
    8163                      .dwattr $C$DW$527, DW_AT_name("carrierMid")
    8164                      .dwattr $C$DW$527, DW_AT_accessibility(DW_ACCESS_public)
    8165                      .dwattr $C$DW$527, DW_AT_decl_file("..\sources\fcl_foc_cpu_dm.h")
    8166                      .dwattr $C$DW$527, DW_AT_decl_line(0x55)
    8167                      .dwattr $C$DW$527, DW_AT_decl_column(0x11)
    8168              
    8169              $C$DW$528       .dwtag  DW_TAG_member
    8170                      .dwattr $C$DW$528, DW_AT_type(*$C$DW$T$21)
    8171                      .dwattr $C$DW$528, DW_AT_name("adcPPBScale")
    8172                      .dwattr $C$DW$528, DW_AT_data_member_location[DW_OP_plus_uconst 0x2]
    8173                      .dwattr $C$DW$528, DW_AT_accessibility(DW_ACCESS_public)
    8174                      .dwattr $C$DW$528, DW_AT_decl_file("..\sources\fcl_foc_cpu_dm.h")
    8175                      .dwattr $C$DW$528, DW_AT_decl_line(0x56)
    8176                      .dwattr $C$DW$528, DW_AT_decl_column(0x11)
    8177              
    8178              $C$DW$529       .dwtag  DW_TAG_member
TMS320C2000 Assembler PC v22.6.2 Thu Feb  5 15:43:43 2026

Copyright (c) 1996-2018 Texas Instruments Incorporated
dual_axis_servo_drive_user_cpu.asm                                   PAGE  160

    8179                      .dwattr $C$DW$529, DW_AT_type(*$C$DW$T$21)
    8180                      .dwattr $C$DW$529, DW_AT_name("adcAlphaScale")
    8181                      .dwattr $C$DW$529, DW_AT_data_member_location[DW_OP_plus_uconst 0x4]
    8182                      .dwattr $C$DW$529, DW_AT_accessibility(DW_ACCESS_public)
    8183                      .dwattr $C$DW$529, DW_AT_decl_file("..\sources\fcl_foc_cpu_dm.h")
    8184                      .dwattr $C$DW$529, DW_AT_decl_line(0x57)
    8185                      .dwattr $C$DW$529, DW_AT_decl_column(0x11)
    8186              
    8187              $C$DW$530       .dwtag  DW_TAG_member
    8188                      .dwattr $C$DW$530, DW_AT_type(*$C$DW$T$21)
    8189                      .dwattr $C$DW$530, DW_AT_name("adcBetaScale")
    8190                      .dwattr $C$DW$530, DW_AT_data_member_location[DW_OP_plus_uconst 0x6]
    8191                      .dwattr $C$DW$530, DW_AT_accessibility(DW_ACCESS_public)
    8192                      .dwattr $C$DW$530, DW_AT_decl_file("..\sources\fcl_foc_cpu_dm.h")
    8193                      .dwattr $C$DW$530, DW_AT_decl_line(0x58)
    8194                      .dwattr $C$DW$530, DW_AT_decl_column(0x11)
    8195              
    8196              $C$DW$531       .dwtag  DW_TAG_member
    8197                      .dwattr $C$DW$531, DW_AT_type(*$C$DW$T$21)
    8198                      .dwattr $C$DW$531, DW_AT_name("cmidsqrt3")
    8199                      .dwattr $C$DW$531, DW_AT_data_member_location[DW_OP_plus_uconst 0x8]
    8200                      .dwattr $C$DW$531, DW_AT_accessibility(DW_ACCESS_public)
    8201                      .dwattr $C$DW$531, DW_AT_decl_file("..\sources\fcl_foc_cpu_dm.h")
    8202                      .dwattr $C$DW$531, DW_AT_decl_line(0x59)
    8203                      .dwattr $C$DW$531, DW_AT_decl_column(0x11)
    8204              
    8205              $C$DW$532       .dwtag  DW_TAG_member
    8206                      .dwattr $C$DW$532, DW_AT_type(*$C$DW$T$21)
    8207                      .dwattr $C$DW$532, DW_AT_name("tSamp")
    8208                      .dwattr $C$DW$532, DW_AT_data_member_location[DW_OP_plus_uconst 0xa]
    8209                      .dwattr $C$DW$532, DW_AT_accessibility(DW_ACCESS_public)
    8210                      .dwattr $C$DW$532, DW_AT_decl_file("..\sources\fcl_foc_cpu_dm.h")
    8211                      .dwattr $C$DW$532, DW_AT_decl_line(0x5b)
    8212                      .dwattr $C$DW$532, DW_AT_decl_column(0x11)
    8213              
    8214              $C$DW$533       .dwtag  DW_TAG_member
    8215                      .dwattr $C$DW$533, DW_AT_type(*$C$DW$T$21)
    8216                      .dwattr $C$DW$533, DW_AT_name("Rd")
    8217                      .dwattr $C$DW$533, DW_AT_data_member_location[DW_OP_plus_uconst 0xc]
    8218                      .dwattr $C$DW$533, DW_AT_accessibility(DW_ACCESS_public)
    8219                      .dwattr $C$DW$533, DW_AT_decl_file("..\sources\fcl_foc_cpu_dm.h")
    8220                      .dwattr $C$DW$533, DW_AT_decl_line(0x5c)
    8221                      .dwattr $C$DW$533, DW_AT_decl_column(0x11)
    8222              
    8223              $C$DW$534       .dwtag  DW_TAG_member
    8224                      .dwattr $C$DW$534, DW_AT_type(*$C$DW$T$21)
    8225                      .dwattr $C$DW$534, DW_AT_name("Rq")
    8226                      .dwattr $C$DW$534, DW_AT_data_member_location[DW_OP_plus_uconst 0xe]
    8227                      .dwattr $C$DW$534, DW_AT_accessibility(DW_ACCESS_public)
    8228                      .dwattr $C$DW$534, DW_AT_decl_file("..\sources\fcl_foc_cpu_dm.h")
    8229                      .dwattr $C$DW$534, DW_AT_decl_line(0x5d)
    8230                      .dwattr $C$DW$534, DW_AT_decl_column(0x11)
    8231              
    8232              $C$DW$535       .dwtag  DW_TAG_member
    8233                      .dwattr $C$DW$535, DW_AT_type(*$C$DW$T$21)
TMS320C2000 Assembler PC v22.6.2 Thu Feb  5 15:43:43 2026

Copyright (c) 1996-2018 Texas Instruments Incorporated
dual_axis_servo_drive_user_cpu.asm                                   PAGE  161

    8234                      .dwattr $C$DW$535, DW_AT_name("Ld")
    8235                      .dwattr $C$DW$535, DW_AT_data_member_location[DW_OP_plus_uconst 0x10]
    8236                      .dwattr $C$DW$535, DW_AT_accessibility(DW_ACCESS_public)
    8237                      .dwattr $C$DW$535, DW_AT_decl_file("..\sources\fcl_foc_cpu_dm.h")
    8238                      .dwattr $C$DW$535, DW_AT_decl_line(0x5e)
    8239                      .dwattr $C$DW$535, DW_AT_decl_column(0x11)
    8240              
    8241              $C$DW$536       .dwtag  DW_TAG_member
    8242                      .dwattr $C$DW$536, DW_AT_type(*$C$DW$T$21)
    8243                      .dwattr $C$DW$536, DW_AT_name("Lq")
    8244                      .dwattr $C$DW$536, DW_AT_data_member_location[DW_OP_plus_uconst 0x12]
    8245                      .dwattr $C$DW$536, DW_AT_accessibility(DW_ACCESS_public)
    8246                      .dwattr $C$DW$536, DW_AT_decl_file("..\sources\fcl_foc_cpu_dm.h")
    8247                      .dwattr $C$DW$536, DW_AT_decl_line(0x5f)
    8248                      .dwattr $C$DW$536, DW_AT_decl_column(0x11)
    8249              
    8250              $C$DW$537       .dwtag  DW_TAG_member
    8251                      .dwattr $C$DW$537, DW_AT_type(*$C$DW$T$21)
    8252                      .dwattr $C$DW$537, DW_AT_name("Vbase")
    8253                      .dwattr $C$DW$537, DW_AT_data_member_location[DW_OP_plus_uconst 0x14]
    8254                      .dwattr $C$DW$537, DW_AT_accessibility(DW_ACCESS_public)
    8255                      .dwattr $C$DW$537, DW_AT_decl_file("..\sources\fcl_foc_cpu_dm.h")
    8256                      .dwattr $C$DW$537, DW_AT_decl_line(0x60)
    8257                      .dwattr $C$DW$537, DW_AT_decl_column(0x11)
    8258              
    8259              $C$DW$538       .dwtag  DW_TAG_member
    8260                      .dwattr $C$DW$538, DW_AT_type(*$C$DW$T$21)
    8261                      .dwattr $C$DW$538, DW_AT_name("Ibase")
    8262                      .dwattr $C$DW$538, DW_AT_data_member_location[DW_OP_plus_uconst 0x16]
    8263                      .dwattr $C$DW$538, DW_AT_accessibility(DW_ACCESS_public)
    8264                      .dwattr $C$DW$538, DW_AT_decl_file("..\sources\fcl_foc_cpu_dm.h")
    8265                      .dwattr $C$DW$538, DW_AT_decl_line(0x61)
    8266                      .dwattr $C$DW$538, DW_AT_decl_column(0x11)
    8267              
    8268              $C$DW$539       .dwtag  DW_TAG_member
    8269                      .dwattr $C$DW$539, DW_AT_type(*$C$DW$T$21)
    8270                      .dwattr $C$DW$539, DW_AT_name("invZbase")
    8271                      .dwattr $C$DW$539, DW_AT_data_member_location[DW_OP_plus_uconst 0x18]
    8272                      .dwattr $C$DW$539, DW_AT_accessibility(DW_ACCESS_public)
    8273                      .dwattr $C$DW$539, DW_AT_decl_file("..\sources\fcl_foc_cpu_dm.h")
    8274                      .dwattr $C$DW$539, DW_AT_decl_line(0x62)
    8275                      .dwattr $C$DW$539, DW_AT_decl_column(0x11)
    8276              
    8277              $C$DW$540       .dwtag  DW_TAG_member
    8278                      .dwattr $C$DW$540, DW_AT_type(*$C$DW$T$21)
    8279                      .dwattr $C$DW$540, DW_AT_name("wccD")
    8280                      .dwattr $C$DW$540, DW_AT_data_member_location[DW_OP_plus_uconst 0x1a]
    8281                      .dwattr $C$DW$540, DW_AT_accessibility(DW_ACCESS_public)
    8282                      .dwattr $C$DW$540, DW_AT_decl_file("..\sources\fcl_foc_cpu_dm.h")
    8283                      .dwattr $C$DW$540, DW_AT_decl_line(0x63)
    8284                      .dwattr $C$DW$540, DW_AT_decl_column(0x11)
    8285              
    8286              $C$DW$541       .dwtag  DW_TAG_member
    8287                      .dwattr $C$DW$541, DW_AT_type(*$C$DW$T$21)
    8288                      .dwattr $C$DW$541, DW_AT_name("wccQ")
TMS320C2000 Assembler PC v22.6.2 Thu Feb  5 15:43:43 2026

Copyright (c) 1996-2018 Texas Instruments Incorporated
dual_axis_servo_drive_user_cpu.asm                                   PAGE  162

    8289                      .dwattr $C$DW$541, DW_AT_data_member_location[DW_OP_plus_uconst 0x1c]
    8290                      .dwattr $C$DW$541, DW_AT_accessibility(DW_ACCESS_public)
    8291                      .dwattr $C$DW$541, DW_AT_decl_file("..\sources\fcl_foc_cpu_dm.h")
    8292                      .dwattr $C$DW$541, DW_AT_decl_line(0x64)
    8293                      .dwattr $C$DW$541, DW_AT_decl_column(0x11)
    8294              
    8295              $C$DW$542       .dwtag  DW_TAG_member
    8296                      .dwattr $C$DW$542, DW_AT_type(*$C$DW$T$21)
    8297                      .dwattr $C$DW$542, DW_AT_name("Vdcbus")
    8298                      .dwattr $C$DW$542, DW_AT_data_member_location[DW_OP_plus_uconst 0x1e]
    8299                      .dwattr $C$DW$542, DW_AT_accessibility(DW_ACCESS_public)
    8300                      .dwattr $C$DW$542, DW_AT_decl_file("..\sources\fcl_foc_cpu_dm.h")
    8301                      .dwattr $C$DW$542, DW_AT_decl_line(0x65)
    8302                      .dwattr $C$DW$542, DW_AT_decl_column(0x11)
    8303              
    8304              $C$DW$543       .dwtag  DW_TAG_member
    8305                      .dwattr $C$DW$543, DW_AT_type(*$C$DW$T$21)
    8306                      .dwattr $C$DW$543, DW_AT_name("BemfK")
    8307                      .dwattr $C$DW$543, DW_AT_data_member_location[DW_OP_plus_uconst 0x20]
    8308                      .dwattr $C$DW$543, DW_AT_accessibility(DW_ACCESS_public)
    8309                      .dwattr $C$DW$543, DW_AT_decl_file("..\sources\fcl_foc_cpu_dm.h")
    8310                      .dwattr $C$DW$543, DW_AT_decl_line(0x66)
    8311                      .dwattr $C$DW$543, DW_AT_decl_column(0x11)
    8312              
    8313              $C$DW$544       .dwtag  DW_TAG_member
    8314                      .dwattr $C$DW$544, DW_AT_type(*$C$DW$T$21)
    8315                      .dwattr $C$DW$544, DW_AT_name("Wbase")
    8316                      .dwattr $C$DW$544, DW_AT_data_member_location[DW_OP_plus_uconst 0x22]
    8317                      .dwattr $C$DW$544, DW_AT_accessibility(DW_ACCESS_public)
    8318                      .dwattr $C$DW$544, DW_AT_decl_file("..\sources\fcl_foc_cpu_dm.h")
    8319                      .dwattr $C$DW$544, DW_AT_decl_line(0x67)
    8320                      .dwattr $C$DW$544, DW_AT_decl_column(0x11)
    8321              
    8322                      .dwattr $C$DW$T$82, DW_AT_decl_file("..\sources\fcl_foc_cpu_dm.h")
    8323                      .dwattr $C$DW$T$82, DW_AT_decl_line(0x53)
    8324                      .dwattr $C$DW$T$82, DW_AT_decl_column(0x10)
    8325                      .dwendtag $C$DW$T$82
    8326              
    8327                      .dwendtag $C$DW$TU$82
    8328              
    8329              
    8330              $C$DW$TU$99     .dwtag  DW_TAG_type_unit
    8331                      .dwmtype  $C$DW$T$99
    8332              $C$DW$T$99      .dwtag  DW_TAG_typedef
    8333                      .dwattr $C$DW$T$99, DW_AT_name("FCL_Parameters_t")
    8334                      .dwattr $C$DW$T$99, DW_AT_type(*$C$DW$T$82)
    8335                      .dwattr $C$DW$T$99, DW_AT_decl_file("..\sources\fcl_foc_cpu_dm.h")
    8336                      .dwattr $C$DW$T$99, DW_AT_decl_line(0x68)
    8337                      .dwattr $C$DW$T$99, DW_AT_decl_column(0x03)
    8338              
    8339                      .dwendtag $C$DW$TU$99
    8340              
    8341              
    8342              $C$DW$TU$87     .dwtag  DW_TAG_type_unit
    8343                      .dwmtype  $C$DW$T$87
TMS320C2000 Assembler PC v22.6.2 Thu Feb  5 15:43:43 2026

Copyright (c) 1996-2018 Texas Instruments Incorporated
dual_axis_servo_drive_user_cpu.asm                                   PAGE  163

    8344              
    8345              $C$DW$T$87      .dwtag  DW_TAG_structure_type
    8346                      .dwattr $C$DW$T$87, DW_AT_name("_HAL_MTR_Obj_")
    8347                      .dwattr $C$DW$T$87, DW_AT_byte_size(0x12)
    8348              $C$DW$545       .dwtag  DW_TAG_member
    8349                      .dwattr $C$DW$545, DW_AT_type(*$C$DW$T$83)
    8350                      .dwattr $C$DW$545, DW_AT_name("pwmHandle")
    8351                      .dwattr $C$DW$545, DW_AT_accessibility(DW_ACCESS_public)
    8352                      .dwattr $C$DW$545, DW_AT_decl_file("..\sources\dual_axis_servo_drive_hal.h")
    8353                      .dwattr $C$DW$545, DW_AT_decl_line(0xb0)
    8354                      .dwattr $C$DW$545, DW_AT_decl_column(0x11)
    8355              
    8356              $C$DW$546       .dwtag  DW_TAG_member
    8357                      .dwattr $C$DW$546, DW_AT_type(*$C$DW$T$83)
    8358                      .dwattr $C$DW$546, DW_AT_name("cmpssHandle")
    8359                      .dwattr $C$DW$546, DW_AT_data_member_location[DW_OP_plus_uconst 0x6]
    8360                      .dwattr $C$DW$546, DW_AT_accessibility(DW_ACCESS_public)
    8361                      .dwattr $C$DW$546, DW_AT_decl_file("..\sources\dual_axis_servo_drive_hal.h")
    8362                      .dwattr $C$DW$546, DW_AT_decl_line(0xb2)
    8363                      .dwattr $C$DW$546, DW_AT_decl_column(0x11)
    8364              
    8365              $C$DW$547       .dwtag  DW_TAG_member
    8366                      .dwattr $C$DW$547, DW_AT_type(*$C$DW$T$24)
    8367                      .dwattr $C$DW$547, DW_AT_name("spiHandle")
    8368                      .dwattr $C$DW$547, DW_AT_data_member_location[DW_OP_plus_uconst 0xc]
    8369                      .dwattr $C$DW$547, DW_AT_accessibility(DW_ACCESS_public)
    8370                      .dwattr $C$DW$547, DW_AT_decl_file("..\sources\dual_axis_servo_drive_hal.h")
    8371                      .dwattr $C$DW$547, DW_AT_decl_line(0xb4)
    8372                      .dwattr $C$DW$547, DW_AT_decl_column(0x11)
    8373              
    8374              $C$DW$548       .dwtag  DW_TAG_member
    8375                      .dwattr $C$DW$548, DW_AT_type(*$C$DW$T$24)
    8376                      .dwattr $C$DW$548, DW_AT_name("qepHandle")
    8377                      .dwattr $C$DW$548, DW_AT_data_member_location[DW_OP_plus_uconst 0xe]
    8378                      .dwattr $C$DW$548, DW_AT_accessibility(DW_ACCESS_public)
    8379                      .dwattr $C$DW$548, DW_AT_decl_file("..\sources\dual_axis_servo_drive_hal.h")
    8380                      .dwattr $C$DW$548, DW_AT_decl_line(0xb6)
    8381                      .dwattr $C$DW$548, DW_AT_decl_column(0x11)
    8382              
    8383              $C$DW$549       .dwtag  DW_TAG_member
    8384                      .dwattr $C$DW$549, DW_AT_type(*$C$DW$T$85)
    8385                      .dwattr $C$DW$549, DW_AT_name("motorNum")
    8386                      .dwattr $C$DW$549, DW_AT_data_member_location[DW_OP_plus_uconst 0x10]
    8387                      .dwattr $C$DW$549, DW_AT_accessibility(DW_ACCESS_public)
    8388                      .dwattr $C$DW$549, DW_AT_decl_file("..\sources\dual_axis_servo_drive_hal.h")
    8389                      .dwattr $C$DW$549, DW_AT_decl_line(0xb8)
    8390                      .dwattr $C$DW$549, DW_AT_decl_column(0x11)
    8391              
    8392              $C$DW$550       .dwtag  DW_TAG_member
    8393                      .dwattr $C$DW$550, DW_AT_type(*$C$DW$T$86)
    8394                      .dwattr $C$DW$550, DW_AT_name("flagEnablePWM")
    8395                      .dwattr $C$DW$550, DW_AT_data_member_location[DW_OP_plus_uconst 0x11]
    8396                      .dwattr $C$DW$550, DW_AT_accessibility(DW_ACCESS_public)
    8397                      .dwattr $C$DW$550, DW_AT_decl_file("..\sources\dual_axis_servo_drive_hal.h")
    8398                      .dwattr $C$DW$550, DW_AT_decl_line(0xba)
TMS320C2000 Assembler PC v22.6.2 Thu Feb  5 15:43:43 2026

Copyright (c) 1996-2018 Texas Instruments Incorporated
dual_axis_servo_drive_user_cpu.asm                                   PAGE  164

    8399                      .dwattr $C$DW$550, DW_AT_decl_column(0x11)
    8400              
    8401                      .dwattr $C$DW$T$87, DW_AT_decl_file("..\sources\dual_axis_servo_drive_hal.h")
    8402                      .dwattr $C$DW$T$87, DW_AT_decl_line(0xae)
    8403                      .dwattr $C$DW$T$87, DW_AT_decl_column(0x10)
    8404                      .dwendtag $C$DW$T$87
    8405              
    8406                      .dwendtag $C$DW$TU$87
    8407              
    8408              
    8409              $C$DW$TU$132    .dwtag  DW_TAG_type_unit
    8410                      .dwmtype  $C$DW$T$132
    8411              $C$DW$T$132     .dwtag  DW_TAG_typedef
    8412                      .dwattr $C$DW$T$132, DW_AT_name("HAL_MTR_Obj")
    8413                      .dwattr $C$DW$T$132, DW_AT_type(*$C$DW$T$87)
    8414                      .dwattr $C$DW$T$132, DW_AT_decl_file("..\sources\dual_axis_servo_drive_hal.h")
    8415                      .dwattr $C$DW$T$132, DW_AT_decl_line(0xbb)
    8416                      .dwattr $C$DW$T$132, DW_AT_decl_column(0x03)
    8417              
    8418                      .dwendtag $C$DW$TU$132
    8419              
    8420              
    8421              $C$DW$TU$133    .dwtag  DW_TAG_type_unit
    8422                      .dwmtype  $C$DW$T$133
    8423              $C$DW$T$133     .dwtag  DW_TAG_pointer_type
    8424                      .dwattr $C$DW$T$133, DW_AT_type(*$C$DW$T$87)
    8425                      .dwattr $C$DW$T$133, DW_AT_address_class(0x20)
    8426              
    8427                      .dwendtag $C$DW$TU$133
    8428              
    8429              
    8430              $C$DW$TU$134    .dwtag  DW_TAG_type_unit
    8431                      .dwmtype  $C$DW$T$134
    8432              $C$DW$T$134     .dwtag  DW_TAG_typedef
    8433                      .dwattr $C$DW$T$134, DW_AT_name("HAL_MTR_Handle")
    8434                      .dwattr $C$DW$T$134, DW_AT_type(*$C$DW$T$133)
    8435                      .dwattr $C$DW$T$134, DW_AT_decl_file("..\sources\dual_axis_servo_drive_hal.h")
    8436                      .dwattr $C$DW$T$134, DW_AT_decl_line(0xc2)
    8437                      .dwattr $C$DW$T$134, DW_AT_decl_column(0x1f)
    8438              
    8439                      .dwendtag $C$DW$TU$134
    8440              
    8441              
    8442              $C$DW$TU$135    .dwtag  DW_TAG_type_unit
    8443                      .dwmtype  $C$DW$T$135
    8444              $C$DW$551       .dwtag  DW_TAG_TI_far_type
    8445                      .dwattr $C$DW$551, DW_AT_type(*$C$DW$T$134)
    8446              
    8447              $C$DW$T$135     .dwtag  DW_TAG_const_type
    8448                      .dwattr $C$DW$T$135, DW_AT_type(*$C$DW$551)
    8449              
    8450                      .dwendtag $C$DW$TU$135
    8451              
    8452              
    8453              $C$DW$TU$118    .dwtag  DW_TAG_type_unit
TMS320C2000 Assembler PC v22.6.2 Thu Feb  5 15:43:43 2026

Copyright (c) 1996-2018 Texas Instruments Incorporated
dual_axis_servo_drive_user_cpu.asm                                   PAGE  165

    8454                      .dwmtype  $C$DW$T$118
    8455              
    8456              $C$DW$T$118     .dwtag  DW_TAG_structure_type
    8457                      .dwattr $C$DW$T$118, DW_AT_name("_MOTOR_Vars_t_")
    8458                      .dwattr $C$DW$T$118, DW_AT_byte_size(0x1ca)
    8459              $C$DW$552       .dwtag  DW_TAG_member
    8460                      .dwattr $C$DW$552, DW_AT_type(*$C$DW$T$24)
    8461                      .dwattr $C$DW$552, DW_AT_name("posCntr")
    8462                      .dwattr $C$DW$552, DW_AT_accessibility(DW_ACCESS_public)
    8463                      .dwattr $C$DW$552, DW_AT_decl_file("..\sources\fcl_foc_cpu_dm.h")
    8464                      .dwattr $C$DW$552, DW_AT_decl_line(0x81)
    8465                      .dwattr $C$DW$552, DW_AT_decl_column(0x0e)
    8466              
    8467              $C$DW$553       .dwtag  DW_TAG_member
    8468                      .dwattr $C$DW$553, DW_AT_type(*$C$DW$T$24)
    8469                      .dwattr $C$DW$553, DW_AT_name("posCntrMax")
    8470                      .dwattr $C$DW$553, DW_AT_data_member_location[DW_OP_plus_uconst 0x2]
    8471                      .dwattr $C$DW$553, DW_AT_accessibility(DW_ACCESS_public)
    8472                      .dwattr $C$DW$553, DW_AT_decl_file("..\sources\fcl_foc_cpu_dm.h")
    8473                      .dwattr $C$DW$553, DW_AT_decl_line(0x82)
    8474                      .dwattr $C$DW$553, DW_AT_decl_column(0x0e)
    8475              
    8476              $C$DW$554       .dwtag  DW_TAG_member
    8477                      .dwattr $C$DW$554, DW_AT_type(*$C$DW$T$21)
    8478                      .dwattr $C$DW$554, DW_AT_name("posSlewRate")
    8479                      .dwattr $C$DW$554, DW_AT_data_member_location[DW_OP_plus_uconst 0x4]
    8480                      .dwattr $C$DW$554, DW_AT_accessibility(DW_ACCESS_public)
    8481                      .dwattr $C$DW$554, DW_AT_decl_file("..\sources\fcl_foc_cpu_dm.h")
    8482                      .dwattr $C$DW$554, DW_AT_decl_line(0x83)
    8483                      .dwattr $C$DW$554, DW_AT_decl_column(0x0f)
    8484              
    8485              $C$DW$555       .dwtag  DW_TAG_member
    8486                      .dwattr $C$DW$555, DW_AT_type(*$C$DW$T$21)
    8487                      .dwattr $C$DW$555, DW_AT_name("baseFreq")
    8488                      .dwattr $C$DW$555, DW_AT_data_member_location[DW_OP_plus_uconst 0x6]
    8489                      .dwattr $C$DW$555, DW_AT_accessibility(DW_ACCESS_public)
    8490                      .dwattr $C$DW$555, DW_AT_decl_file("..\sources\fcl_foc_cpu_dm.h")
    8491                      .dwattr $C$DW$555, DW_AT_decl_line(0x85)
    8492                      .dwattr $C$DW$555, DW_AT_decl_column(0x0f)
    8493              
    8494              $C$DW$556       .dwtag  DW_TAG_member
    8495                      .dwattr $C$DW$556, DW_AT_type(*$C$DW$T$21)
    8496                      .dwattr $C$DW$556, DW_AT_name("polePairs")
    8497                      .dwattr $C$DW$556, DW_AT_data_member_location[DW_OP_plus_uconst 0x8]
    8498                      .dwattr $C$DW$556, DW_AT_accessibility(DW_ACCESS_public)
    8499                      .dwattr $C$DW$556, DW_AT_decl_file("..\sources\fcl_foc_cpu_dm.h")
    8500                      .dwattr $C$DW$556, DW_AT_decl_line(0x86)
    8501                      .dwattr $C$DW$556, DW_AT_decl_column(0x0f)
    8502              
    8503              $C$DW$557       .dwtag  DW_TAG_member
    8504                      .dwattr $C$DW$557, DW_AT_type(*$C$DW$T$21)
    8505                      .dwattr $C$DW$557, DW_AT_name("posMechScaler")
    8506                      .dwattr $C$DW$557, DW_AT_data_member_location[DW_OP_plus_uconst 0xa]
    8507                      .dwattr $C$DW$557, DW_AT_accessibility(DW_ACCESS_public)
    8508                      .dwattr $C$DW$557, DW_AT_decl_file("..\sources\fcl_foc_cpu_dm.h")
TMS320C2000 Assembler PC v22.6.2 Thu Feb  5 15:43:43 2026

Copyright (c) 1996-2018 Texas Instruments Incorporated
dual_axis_servo_drive_user_cpu.asm                                   PAGE  166

    8509                      .dwattr $C$DW$557, DW_AT_decl_line(0x87)
    8510                      .dwattr $C$DW$557, DW_AT_decl_column(0x0f)
    8511              
    8512              $C$DW$558       .dwtag  DW_TAG_member
    8513                      .dwattr $C$DW$558, DW_AT_type(*$C$DW$T$21)
    8514                      .dwattr $C$DW$558, DW_AT_name("Ts")
    8515                      .dwattr $C$DW$558, DW_AT_data_member_location[DW_OP_plus_uconst 0xc]
    8516                      .dwattr $C$DW$558, DW_AT_accessibility(DW_ACCESS_public)
    8517                      .dwattr $C$DW$558, DW_AT_decl_file("..\sources\fcl_foc_cpu_dm.h")
    8518                      .dwattr $C$DW$558, DW_AT_decl_line(0x89)
    8519                      .dwattr $C$DW$558, DW_AT_decl_column(0x0f)
    8520              
    8521              $C$DW$559       .dwtag  DW_TAG_member
    8522                      .dwattr $C$DW$559, DW_AT_type(*$C$DW$T$21)
    8523                      .dwattr $C$DW$559, DW_AT_name("maxModIndex")
    8524                      .dwattr $C$DW$559, DW_AT_data_member_location[DW_OP_plus_uconst 0xe]
    8525                      .dwattr $C$DW$559, DW_AT_accessibility(DW_ACCESS_public)
    8526                      .dwattr $C$DW$559, DW_AT_decl_file("..\sources\fcl_foc_cpu_dm.h")
    8527                      .dwattr $C$DW$559, DW_AT_decl_line(0x8a)
    8528                      .dwattr $C$DW$559, DW_AT_decl_column(0x0f)
    8529              
    8530              $C$DW$560       .dwtag  DW_TAG_member
    8531                      .dwattr $C$DW$560, DW_AT_type(*$C$DW$T$21)
    8532                      .dwattr $C$DW$560, DW_AT_name("pwmHalfPeriod")
    8533                      .dwattr $C$DW$560, DW_AT_data_member_location[DW_OP_plus_uconst 0x10]
    8534                      .dwattr $C$DW$560, DW_AT_accessibility(DW_ACCESS_public)
    8535                      .dwattr $C$DW$560, DW_AT_decl_file("..\sources\fcl_foc_cpu_dm.h")
    8536                      .dwattr $C$DW$560, DW_AT_decl_line(0x8b)
    8537                      .dwattr $C$DW$560, DW_AT_decl_column(0x0f)
    8538              
    8539              $C$DW$561       .dwtag  DW_TAG_member
    8540                      .dwattr $C$DW$561, DW_AT_type(*$C$DW$T$21)
    8541                      .dwattr $C$DW$561, DW_AT_name("voltageLimit")
    8542                      .dwattr $C$DW$561, DW_AT_data_member_location[DW_OP_plus_uconst 0x12]
    8543                      .dwattr $C$DW$561, DW_AT_accessibility(DW_ACCESS_public)
    8544                      .dwattr $C$DW$561, DW_AT_decl_file("..\sources\fcl_foc_cpu_dm.h")
    8545                      .dwattr $C$DW$561, DW_AT_decl_line(0x8d)
    8546                      .dwattr $C$DW$561, DW_AT_decl_column(0x0f)
    8547              
    8548              $C$DW$562       .dwtag  DW_TAG_member
    8549                      .dwattr $C$DW$562, DW_AT_type(*$C$DW$T$21)
    8550                      .dwattr $C$DW$562, DW_AT_name("currentLimit")
    8551                      .dwattr $C$DW$562, DW_AT_data_member_location[DW_OP_plus_uconst 0x14]
    8552                      .dwattr $C$DW$562, DW_AT_accessibility(DW_ACCESS_public)
    8553                      .dwattr $C$DW$562, DW_AT_decl_file("..\sources\fcl_foc_cpu_dm.h")
    8554                      .dwattr $C$DW$562, DW_AT_decl_line(0x8e)
    8555                      .dwattr $C$DW$562, DW_AT_decl_column(0x0f)
    8556              
    8557              $C$DW$563       .dwtag  DW_TAG_member
    8558                      .dwattr $C$DW$563, DW_AT_type(*$C$DW$T$21)
    8559                      .dwattr $C$DW$563, DW_AT_name("speedRefStart")
    8560                      .dwattr $C$DW$563, DW_AT_data_member_location[DW_OP_plus_uconst 0x16]
    8561                      .dwattr $C$DW$563, DW_AT_accessibility(DW_ACCESS_public)
    8562                      .dwattr $C$DW$563, DW_AT_decl_file("..\sources\fcl_foc_cpu_dm.h")
    8563                      .dwattr $C$DW$563, DW_AT_decl_line(0x8f)
TMS320C2000 Assembler PC v22.6.2 Thu Feb  5 15:43:43 2026

Copyright (c) 1996-2018 Texas Instruments Incorporated
dual_axis_servo_drive_user_cpu.asm                                   PAGE  167

    8564                      .dwattr $C$DW$563, DW_AT_decl_column(0x0f)
    8565              
    8566              $C$DW$564       .dwtag  DW_TAG_member
    8567                      .dwattr $C$DW$564, DW_AT_type(*$C$DW$T$21)
    8568                      .dwattr $C$DW$564, DW_AT_name("speedRefMax")
    8569                      .dwattr $C$DW$564, DW_AT_data_member_location[DW_OP_plus_uconst 0x18]
    8570                      .dwattr $C$DW$564, DW_AT_accessibility(DW_ACCESS_public)
    8571                      .dwattr $C$DW$564, DW_AT_decl_file("..\sources\fcl_foc_cpu_dm.h")
    8572                      .dwattr $C$DW$564, DW_AT_decl_line(0x90)
    8573                      .dwattr $C$DW$564, DW_AT_decl_column(0x0f)
    8574              
    8575              $C$DW$565       .dwtag  DW_TAG_member
    8576                      .dwattr $C$DW$565, DW_AT_type(*$C$DW$T$21)
    8577                      .dwattr $C$DW$565, DW_AT_name("IdRefSet")
    8578                      .dwattr $C$DW$565, DW_AT_data_member_location[DW_OP_plus_uconst 0x1a]
    8579                      .dwattr $C$DW$565, DW_AT_accessibility(DW_ACCESS_public)
    8580                      .dwattr $C$DW$565, DW_AT_decl_file("..\sources\fcl_foc_cpu_dm.h")
    8581                      .dwattr $C$DW$565, DW_AT_decl_line(0x91)
    8582                      .dwattr $C$DW$565, DW_AT_decl_column(0x0f)
    8583              
    8584              $C$DW$566       .dwtag  DW_TAG_member
    8585                      .dwattr $C$DW$566, DW_AT_type(*$C$DW$T$21)
    8586                      .dwattr $C$DW$566, DW_AT_name("IqRefSet")
    8587                      .dwattr $C$DW$566, DW_AT_data_member_location[DW_OP_plus_uconst 0x1c]
    8588                      .dwattr $C$DW$566, DW_AT_accessibility(DW_ACCESS_public)
    8589                      .dwattr $C$DW$566, DW_AT_decl_file("..\sources\fcl_foc_cpu_dm.h")
    8590                      .dwattr $C$DW$566, DW_AT_decl_line(0x92)
    8591                      .dwattr $C$DW$566, DW_AT_decl_column(0x0f)
    8592              
    8593              $C$DW$567       .dwtag  DW_TAG_member
    8594                      .dwattr $C$DW$567, DW_AT_type(*$C$DW$T$21)
    8595                      .dwattr $C$DW$567, DW_AT_name("IdRef_start")
    8596                      .dwattr $C$DW$567, DW_AT_data_member_location[DW_OP_plus_uconst 0x1e]
    8597                      .dwattr $C$DW$567, DW_AT_accessibility(DW_ACCESS_public)
    8598                      .dwattr $C$DW$567, DW_AT_decl_file("..\sources\fcl_foc_cpu_dm.h")
    8599                      .dwattr $C$DW$567, DW_AT_decl_line(0x94)
    8600                      .dwattr $C$DW$567, DW_AT_decl_column(0x0f)
    8601              
    8602              $C$DW$568       .dwtag  DW_TAG_member
    8603                      .dwattr $C$DW$568, DW_AT_type(*$C$DW$T$21)
    8604                      .dwattr $C$DW$568, DW_AT_name("IdRef_run")
    8605                      .dwattr $C$DW$568, DW_AT_data_member_location[DW_OP_plus_uconst 0x20]
    8606                      .dwattr $C$DW$568, DW_AT_accessibility(DW_ACCESS_public)
    8607                      .dwattr $C$DW$568, DW_AT_decl_file("..\sources\fcl_foc_cpu_dm.h")
    8608                      .dwattr $C$DW$568, DW_AT_decl_line(0x95)
    8609                      .dwattr $C$DW$568, DW_AT_decl_column(0x0f)
    8610              
    8611              $C$DW$569       .dwtag  DW_TAG_member
    8612                      .dwattr $C$DW$569, DW_AT_type(*$C$DW$T$21)
    8613                      .dwattr $C$DW$569, DW_AT_name("IqRef_start")
    8614                      .dwattr $C$DW$569, DW_AT_data_member_location[DW_OP_plus_uconst 0x22]
    8615                      .dwattr $C$DW$569, DW_AT_accessibility(DW_ACCESS_public)
    8616                      .dwattr $C$DW$569, DW_AT_decl_file("..\sources\fcl_foc_cpu_dm.h")
    8617                      .dwattr $C$DW$569, DW_AT_decl_line(0x96)
    8618                      .dwattr $C$DW$569, DW_AT_decl_column(0x0f)
TMS320C2000 Assembler PC v22.6.2 Thu Feb  5 15:43:43 2026

Copyright (c) 1996-2018 Texas Instruments Incorporated
dual_axis_servo_drive_user_cpu.asm                                   PAGE  168

    8619              
    8620              $C$DW$570       .dwtag  DW_TAG_member
    8621                      .dwattr $C$DW$570, DW_AT_type(*$C$DW$T$21)
    8622                      .dwattr $C$DW$570, DW_AT_name("IdRef")
    8623                      .dwattr $C$DW$570, DW_AT_data_member_location[DW_OP_plus_uconst 0x24]
    8624                      .dwattr $C$DW$570, DW_AT_accessibility(DW_ACCESS_public)
    8625                      .dwattr $C$DW$570, DW_AT_decl_file("..\sources\fcl_foc_cpu_dm.h")
    8626                      .dwattr $C$DW$570, DW_AT_decl_line(0x98)
    8627                      .dwattr $C$DW$570, DW_AT_decl_column(0x0f)
    8628              
    8629              $C$DW$571       .dwtag  DW_TAG_member
    8630                      .dwattr $C$DW$571, DW_AT_type(*$C$DW$T$21)
    8631                      .dwattr $C$DW$571, DW_AT_name("IqRef")
    8632                      .dwattr $C$DW$571, DW_AT_data_member_location[DW_OP_plus_uconst 0x26]
    8633                      .dwattr $C$DW$571, DW_AT_accessibility(DW_ACCESS_public)
    8634                      .dwattr $C$DW$571, DW_AT_decl_file("..\sources\fcl_foc_cpu_dm.h")
    8635                      .dwattr $C$DW$571, DW_AT_decl_line(0x99)
    8636                      .dwattr $C$DW$571, DW_AT_decl_column(0x0f)
    8637              
    8638              $C$DW$572       .dwtag  DW_TAG_member
    8639                      .dwattr $C$DW$572, DW_AT_type(*$C$DW$T$21)
    8640                      .dwattr $C$DW$572, DW_AT_name("ctrlIdRef")
    8641                      .dwattr $C$DW$572, DW_AT_data_member_location[DW_OP_plus_uconst 0x28]
    8642                      .dwattr $C$DW$572, DW_AT_accessibility(DW_ACCESS_public)
    8643                      .dwattr $C$DW$572, DW_AT_decl_file("..\sources\fcl_foc_cpu_dm.h")
    8644                      .dwattr $C$DW$572, DW_AT_decl_line(0x9b)
    8645                      .dwattr $C$DW$572, DW_AT_decl_column(0x0f)
    8646              
    8647              $C$DW$573       .dwtag  DW_TAG_member
    8648                      .dwattr $C$DW$573, DW_AT_type(*$C$DW$T$21)
    8649                      .dwattr $C$DW$573, DW_AT_name("ctrlIqRef")
    8650                      .dwattr $C$DW$573, DW_AT_data_member_location[DW_OP_plus_uconst 0x2a]
    8651                      .dwattr $C$DW$573, DW_AT_accessibility(DW_ACCESS_public)
    8652                      .dwattr $C$DW$573, DW_AT_decl_file("..\sources\fcl_foc_cpu_dm.h")
    8653                      .dwattr $C$DW$573, DW_AT_decl_line(0x9c)
    8654                      .dwattr $C$DW$573, DW_AT_decl_column(0x0f)
    8655              
    8656              $C$DW$574       .dwtag  DW_TAG_member
    8657                      .dwattr $C$DW$574, DW_AT_type(*$C$DW$T$21)
    8658                      .dwattr $C$DW$574, DW_AT_name("speedRef")
    8659                      .dwattr $C$DW$574, DW_AT_data_member_location[DW_OP_plus_uconst 0x2c]
    8660                      .dwattr $C$DW$574, DW_AT_accessibility(DW_ACCESS_public)
    8661                      .dwattr $C$DW$574, DW_AT_decl_file("..\sources\fcl_foc_cpu_dm.h")
    8662                      .dwattr $C$DW$574, DW_AT_decl_line(0x9e)
    8663                      .dwattr $C$DW$574, DW_AT_decl_column(0x0f)
    8664              
    8665              $C$DW$575       .dwtag  DW_TAG_member
    8666                      .dwattr $C$DW$575, DW_AT_type(*$C$DW$T$21)
    8667                      .dwattr $C$DW$575, DW_AT_name("positionRef")
    8668                      .dwattr $C$DW$575, DW_AT_data_member_location[DW_OP_plus_uconst 0x2e]
    8669                      .dwattr $C$DW$575, DW_AT_accessibility(DW_ACCESS_public)
    8670                      .dwattr $C$DW$575, DW_AT_decl_file("..\sources\fcl_foc_cpu_dm.h")
    8671                      .dwattr $C$DW$575, DW_AT_decl_line(0x9f)
    8672                      .dwattr $C$DW$575, DW_AT_decl_column(0x0f)
    8673              
TMS320C2000 Assembler PC v22.6.2 Thu Feb  5 15:43:43 2026

Copyright (c) 1996-2018 Texas Instruments Incorporated
dual_axis_servo_drive_user_cpu.asm                                   PAGE  169

    8674              $C$DW$576       .dwtag  DW_TAG_member
    8675                      .dwattr $C$DW$576, DW_AT_type(*$C$DW$T$21)
    8676                      .dwattr $C$DW$576, DW_AT_name("lsw1Speed")
    8677                      .dwattr $C$DW$576, DW_AT_data_member_location[DW_OP_plus_uconst 0x30]
    8678                      .dwattr $C$DW$576, DW_AT_accessibility(DW_ACCESS_public)
    8679                      .dwattr $C$DW$576, DW_AT_decl_file("..\sources\fcl_foc_cpu_dm.h")
    8680                      .dwattr $C$DW$576, DW_AT_decl_line(0xa0)
    8681                      .dwattr $C$DW$576, DW_AT_decl_column(0x0f)
    8682              
    8683              $C$DW$577       .dwtag  DW_TAG_member
    8684                      .dwattr $C$DW$577, DW_AT_type(*$C$DW$T$21)
    8685                      .dwattr $C$DW$577, DW_AT_name("offset_currentAs")
    8686                      .dwattr $C$DW$577, DW_AT_data_member_location[DW_OP_plus_uconst 0x32]
    8687                      .dwattr $C$DW$577, DW_AT_accessibility(DW_ACCESS_public)
    8688                      .dwattr $C$DW$577, DW_AT_decl_file("..\sources\fcl_foc_cpu_dm.h")
    8689                      .dwattr $C$DW$577, DW_AT_decl_line(0xa3)
    8690                      .dwattr $C$DW$577, DW_AT_decl_column(0x0f)
    8691              
    8692              $C$DW$578       .dwtag  DW_TAG_member
    8693                      .dwattr $C$DW$578, DW_AT_type(*$C$DW$T$21)
    8694                      .dwattr $C$DW$578, DW_AT_name("offset_currentBs")
    8695                      .dwattr $C$DW$578, DW_AT_data_member_location[DW_OP_plus_uconst 0x34]
    8696                      .dwattr $C$DW$578, DW_AT_accessibility(DW_ACCESS_public)
    8697                      .dwattr $C$DW$578, DW_AT_decl_file("..\sources\fcl_foc_cpu_dm.h")
    8698                      .dwattr $C$DW$578, DW_AT_decl_line(0xa4)
    8699                      .dwattr $C$DW$578, DW_AT_decl_column(0x0f)
    8700              
    8701              $C$DW$579       .dwtag  DW_TAG_member
    8702                      .dwattr $C$DW$579, DW_AT_type(*$C$DW$T$21)
    8703                      .dwattr $C$DW$579, DW_AT_name("offset_currentCs")
    8704                      .dwattr $C$DW$579, DW_AT_data_member_location[DW_OP_plus_uconst 0x36]
    8705                      .dwattr $C$DW$579, DW_AT_accessibility(DW_ACCESS_public)
    8706                      .dwattr $C$DW$579, DW_AT_decl_file("..\sources\fcl_foc_cpu_dm.h")
    8707                      .dwattr $C$DW$579, DW_AT_decl_line(0xa5)
    8708                      .dwattr $C$DW$579, DW_AT_decl_column(0x0f)
    8709              
    8710              $C$DW$580       .dwtag  DW_TAG_member
    8711                      .dwattr $C$DW$580, DW_AT_type(*$C$DW$T$21)
    8712                      .dwattr $C$DW$580, DW_AT_name("currentAs")
    8713                      .dwattr $C$DW$580, DW_AT_data_member_location[DW_OP_plus_uconst 0x38]
    8714                      .dwattr $C$DW$580, DW_AT_accessibility(DW_ACCESS_public)
    8715                      .dwattr $C$DW$580, DW_AT_decl_file("..\sources\fcl_foc_cpu_dm.h")
    8716                      .dwattr $C$DW$580, DW_AT_decl_line(0xa7)
    8717                      .dwattr $C$DW$580, DW_AT_decl_column(0x0f)
    8718              
    8719              $C$DW$581       .dwtag  DW_TAG_member
    8720                      .dwattr $C$DW$581, DW_AT_type(*$C$DW$T$21)
    8721                      .dwattr $C$DW$581, DW_AT_name("currentBs")
    8722                      .dwattr $C$DW$581, DW_AT_data_member_location[DW_OP_plus_uconst 0x3a]
    8723                      .dwattr $C$DW$581, DW_AT_accessibility(DW_ACCESS_public)
    8724                      .dwattr $C$DW$581, DW_AT_decl_file("..\sources\fcl_foc_cpu_dm.h")
    8725                      .dwattr $C$DW$581, DW_AT_decl_line(0xa8)
    8726                      .dwattr $C$DW$581, DW_AT_decl_column(0x0f)
    8727              
    8728              $C$DW$582       .dwtag  DW_TAG_member
TMS320C2000 Assembler PC v22.6.2 Thu Feb  5 15:43:43 2026

Copyright (c) 1996-2018 Texas Instruments Incorporated
dual_axis_servo_drive_user_cpu.asm                                   PAGE  170

    8729                      .dwattr $C$DW$582, DW_AT_type(*$C$DW$T$21)
    8730                      .dwattr $C$DW$582, DW_AT_name("currentCs")
    8731                      .dwattr $C$DW$582, DW_AT_data_member_location[DW_OP_plus_uconst 0x3c]
    8732                      .dwattr $C$DW$582, DW_AT_accessibility(DW_ACCESS_public)
    8733                      .dwattr $C$DW$582, DW_AT_decl_file("..\sources\fcl_foc_cpu_dm.h")
    8734                      .dwattr $C$DW$582, DW_AT_decl_line(0xa9)
    8735                      .dwattr $C$DW$582, DW_AT_decl_column(0x0f)
    8736              
    8737              $C$DW$583       .dwtag  DW_TAG_member
    8738                      .dwattr $C$DW$583, DW_AT_type(*$C$DW$T$21)
    8739                      .dwattr $C$DW$583, DW_AT_name("currentScale")
    8740                      .dwattr $C$DW$583, DW_AT_data_member_location[DW_OP_plus_uconst 0x3e]
    8741                      .dwattr $C$DW$583, DW_AT_accessibility(DW_ACCESS_public)
    8742                      .dwattr $C$DW$583, DW_AT_decl_file("..\sources\fcl_foc_cpu_dm.h")
    8743                      .dwattr $C$DW$583, DW_AT_decl_line(0xab)
    8744                      .dwattr $C$DW$583, DW_AT_decl_column(0x0f)
    8745              
    8746              $C$DW$584       .dwtag  DW_TAG_member
    8747                      .dwattr $C$DW$584, DW_AT_type(*$C$DW$T$21)
    8748                      .dwattr $C$DW$584, DW_AT_name("voltageScale")
    8749                      .dwattr $C$DW$584, DW_AT_data_member_location[DW_OP_plus_uconst 0x40]
    8750                      .dwattr $C$DW$584, DW_AT_accessibility(DW_ACCESS_public)
    8751                      .dwattr $C$DW$584, DW_AT_decl_file("..\sources\fcl_foc_cpu_dm.h")
    8752                      .dwattr $C$DW$584, DW_AT_decl_line(0xac)
    8753                      .dwattr $C$DW$584, DW_AT_decl_column(0x0f)
    8754              
    8755              $C$DW$585       .dwtag  DW_TAG_member
    8756                      .dwattr $C$DW$585, DW_AT_type(*$C$DW$T$21)
    8757                      .dwattr $C$DW$585, DW_AT_name("adcScale")
    8758                      .dwattr $C$DW$585, DW_AT_data_member_location[DW_OP_plus_uconst 0x42]
    8759                      .dwattr $C$DW$585, DW_AT_accessibility(DW_ACCESS_public)
    8760                      .dwattr $C$DW$585, DW_AT_decl_file("..\sources\fcl_foc_cpu_dm.h")
    8761                      .dwattr $C$DW$585, DW_AT_decl_line(0xad)
    8762                      .dwattr $C$DW$585, DW_AT_decl_column(0x0f)
    8763              
    8764              $C$DW$586       .dwtag  DW_TAG_member
    8765                      .dwattr $C$DW$586, DW_AT_type(*$C$DW$T$21)
    8766                      .dwattr $C$DW$586, DW_AT_name("currentInvSF")
    8767                      .dwattr $C$DW$586, DW_AT_data_member_location[DW_OP_plus_uconst 0x44]
    8768                      .dwattr $C$DW$586, DW_AT_accessibility(DW_ACCESS_public)
    8769                      .dwattr $C$DW$586, DW_AT_decl_file("..\sources\fcl_foc_cpu_dm.h")
    8770                      .dwattr $C$DW$586, DW_AT_decl_line(0xae)
    8771                      .dwattr $C$DW$586, DW_AT_decl_column(0x0f)
    8772              
    8773              $C$DW$587       .dwtag  DW_TAG_member
    8774                      .dwattr $C$DW$587, DW_AT_type(*$C$DW$T$21)
    8775                      .dwattr $C$DW$587, DW_AT_name("voltageInvSF")
    8776                      .dwattr $C$DW$587, DW_AT_data_member_location[DW_OP_plus_uconst 0x46]
    8777                      .dwattr $C$DW$587, DW_AT_accessibility(DW_ACCESS_public)
    8778                      .dwattr $C$DW$587, DW_AT_decl_file("..\sources\fcl_foc_cpu_dm.h")
    8779                      .dwattr $C$DW$587, DW_AT_decl_line(0xaf)
    8780                      .dwattr $C$DW$587, DW_AT_decl_column(0x0f)
    8781              
    8782              $C$DW$588       .dwtag  DW_TAG_member
    8783                      .dwattr $C$DW$588, DW_AT_type(*$C$DW$T$21)
TMS320C2000 Assembler PC v22.6.2 Thu Feb  5 15:43:43 2026

Copyright (c) 1996-2018 Texas Instruments Incorporated
dual_axis_servo_drive_user_cpu.asm                                   PAGE  171

    8784                      .dwattr $C$DW$588, DW_AT_name("posElecTheta")
    8785                      .dwattr $C$DW$588, DW_AT_data_member_location[DW_OP_plus_uconst 0x48]
    8786                      .dwattr $C$DW$588, DW_AT_accessibility(DW_ACCESS_public)
    8787                      .dwattr $C$DW$588, DW_AT_decl_file("..\sources\fcl_foc_cpu_dm.h")
    8788                      .dwattr $C$DW$588, DW_AT_decl_line(0xb1)
    8789                      .dwattr $C$DW$588, DW_AT_decl_column(0x0f)
    8790              
    8791              $C$DW$589       .dwtag  DW_TAG_member
    8792                      .dwattr $C$DW$589, DW_AT_type(*$C$DW$T$21)
    8793                      .dwattr $C$DW$589, DW_AT_name("posMechTheta")
    8794                      .dwattr $C$DW$589, DW_AT_data_member_location[DW_OP_plus_uconst 0x4a]
    8795                      .dwattr $C$DW$589, DW_AT_accessibility(DW_ACCESS_public)
    8796                      .dwattr $C$DW$589, DW_AT_decl_file("..\sources\fcl_foc_cpu_dm.h")
    8797                      .dwattr $C$DW$589, DW_AT_decl_line(0xb2)
    8798                      .dwattr $C$DW$589, DW_AT_decl_column(0x0f)
    8799              
    8800              $C$DW$590       .dwtag  DW_TAG_member
    8801                      .dwattr $C$DW$590, DW_AT_type(*$C$DW$T$21)
    8802                      .dwattr $C$DW$590, DW_AT_name("speedWe")
    8803                      .dwattr $C$DW$590, DW_AT_data_member_location[DW_OP_plus_uconst 0x4c]
    8804                      .dwattr $C$DW$590, DW_AT_accessibility(DW_ACCESS_public)
    8805                      .dwattr $C$DW$590, DW_AT_decl_file("..\sources\fcl_foc_cpu_dm.h")
    8806                      .dwattr $C$DW$590, DW_AT_decl_line(0xb3)
    8807                      .dwattr $C$DW$590, DW_AT_decl_column(0x0f)
    8808              
    8809              $C$DW$591       .dwtag  DW_TAG_member
    8810                      .dwattr $C$DW$591, DW_AT_type(*$C$DW$T$21)
    8811                      .dwattr $C$DW$591, DW_AT_name("speedWePrev")
    8812                      .dwattr $C$DW$591, DW_AT_data_member_location[DW_OP_plus_uconst 0x4e]
    8813                      .dwattr $C$DW$591, DW_AT_accessibility(DW_ACCESS_public)
    8814                      .dwattr $C$DW$591, DW_AT_decl_file("..\sources\fcl_foc_cpu_dm.h")
    8815                      .dwattr $C$DW$591, DW_AT_decl_line(0xb4)
    8816                      .dwattr $C$DW$591, DW_AT_decl_column(0x0f)
    8817              
    8818              $C$DW$592       .dwtag  DW_TAG_member
    8819                      .dwattr $C$DW$592, DW_AT_type(*$C$DW$T$21)
    8820                      .dwattr $C$DW$592, DW_AT_name("pangle")
    8821                      .dwattr $C$DW$592, DW_AT_data_member_location[DW_OP_plus_uconst 0x50]
    8822                      .dwattr $C$DW$592, DW_AT_accessibility(DW_ACCESS_public)
    8823                      .dwattr $C$DW$592, DW_AT_decl_file("..\sources\fcl_foc_cpu_dm.h")
    8824                      .dwattr $C$DW$592, DW_AT_decl_line(0xb5)
    8825                      .dwattr $C$DW$592, DW_AT_decl_column(0x0f)
    8826              
    8827              $C$DW$593       .dwtag  DW_TAG_member
    8828                      .dwattr $C$DW$593, DW_AT_type(*$C$DW$T$21)
    8829                      .dwattr $C$DW$593, DW_AT_name("speedWeObs")
    8830                      .dwattr $C$DW$593, DW_AT_data_member_location[DW_OP_plus_uconst 0x52]
    8831                      .dwattr $C$DW$593, DW_AT_accessibility(DW_ACCESS_public)
    8832                      .dwattr $C$DW$593, DW_AT_decl_file("..\sources\fcl_foc_cpu_dm.h")
    8833                      .dwattr $C$DW$593, DW_AT_decl_line(0xb6)
    8834                      .dwattr $C$DW$593, DW_AT_decl_column(0x0f)
    8835              
    8836              $C$DW$594       .dwtag  DW_TAG_member
    8837                      .dwattr $C$DW$594, DW_AT_type(*$C$DW$T$21)
    8838                      .dwattr $C$DW$594, DW_AT_name("Vdcbus")
TMS320C2000 Assembler PC v22.6.2 Thu Feb  5 15:43:43 2026

Copyright (c) 1996-2018 Texas Instruments Incorporated
dual_axis_servo_drive_user_cpu.asm                                   PAGE  172

    8839                      .dwattr $C$DW$594, DW_AT_data_member_location[DW_OP_plus_uconst 0x54]
    8840                      .dwattr $C$DW$594, DW_AT_accessibility(DW_ACCESS_public)
    8841                      .dwattr $C$DW$594, DW_AT_decl_file("..\sources\fcl_foc_cpu_dm.h")
    8842                      .dwattr $C$DW$594, DW_AT_decl_line(0xb8)
    8843                      .dwattr $C$DW$594, DW_AT_decl_column(0x0f)
    8844              
    8845              $C$DW$595       .dwtag  DW_TAG_member
    8846                      .dwattr $C$DW$595, DW_AT_type(*$C$DW$T$21)
    8847                      .dwattr $C$DW$595, DW_AT_name("VdcbusMax")
    8848                      .dwattr $C$DW$595, DW_AT_data_member_location[DW_OP_plus_uconst 0x56]
    8849                      .dwattr $C$DW$595, DW_AT_accessibility(DW_ACCESS_public)
    8850                      .dwattr $C$DW$595, DW_AT_decl_file("..\sources\fcl_foc_cpu_dm.h")
    8851                      .dwattr $C$DW$595, DW_AT_decl_line(0xb9)
    8852                      .dwattr $C$DW$595, DW_AT_decl_column(0x0f)
    8853              
    8854              $C$DW$596       .dwtag  DW_TAG_member
    8855                      .dwattr $C$DW$596, DW_AT_type(*$C$DW$T$21)
    8856                      .dwattr $C$DW$596, DW_AT_name("VdcbusMin")
    8857                      .dwattr $C$DW$596, DW_AT_data_member_location[DW_OP_plus_uconst 0x58]
    8858                      .dwattr $C$DW$596, DW_AT_accessibility(DW_ACCESS_public)
    8859                      .dwattr $C$DW$596, DW_AT_decl_file("..\sources\fcl_foc_cpu_dm.h")
    8860                      .dwattr $C$DW$596, DW_AT_decl_line(0xba)
    8861                      .dwattr $C$DW$596, DW_AT_decl_column(0x0f)
    8862              
    8863              $C$DW$597       .dwtag  DW_TAG_member
    8864                      .dwattr $C$DW$597, DW_AT_type(*$C$DW$T$88)
    8865                      .dwattr $C$DW$597, DW_AT_name("rg")
    8866                      .dwattr $C$DW$597, DW_AT_data_member_location[DW_OP_plus_uconst 0x5a]
    8867                      .dwattr $C$DW$597, DW_AT_accessibility(DW_ACCESS_public)
    8868                      .dwattr $C$DW$597, DW_AT_decl_file("..\sources\fcl_foc_cpu_dm.h")
    8869                      .dwattr $C$DW$597, DW_AT_decl_line(0xbc)
    8870                      .dwattr $C$DW$597, DW_AT_decl_column(0x0d)
    8871              
    8872              $C$DW$598       .dwtag  DW_TAG_member
    8873                      .dwattr $C$DW$598, DW_AT_type(*$C$DW$T$89)
    8874                      .dwattr $C$DW$598, DW_AT_name("rc")
    8875                      .dwattr $C$DW$598, DW_AT_data_member_location[DW_OP_plus_uconst 0x66]
    8876                      .dwattr $C$DW$598, DW_AT_accessibility(DW_ACCESS_public)
    8877                      .dwattr $C$DW$598, DW_AT_decl_file("..\sources\fcl_foc_cpu_dm.h")
    8878                      .dwattr $C$DW$598, DW_AT_decl_line(0xbd)
    8879                      .dwattr $C$DW$598, DW_AT_decl_column(0x0d)
    8880              
    8881              $C$DW$599       .dwtag  DW_TAG_member
    8882                      .dwattr $C$DW$599, DW_AT_type(*$C$DW$T$90)
    8883                      .dwattr $C$DW$599, DW_AT_name("clarke")
    8884                      .dwattr $C$DW$599, DW_AT_data_member_location[DW_OP_plus_uconst 0x76]
    8885                      .dwattr $C$DW$599, DW_AT_accessibility(DW_ACCESS_public)
    8886                      .dwattr $C$DW$599, DW_AT_decl_file("..\sources\fcl_foc_cpu_dm.h")
    8887                      .dwattr $C$DW$599, DW_AT_decl_line(0xbe)
    8888                      .dwattr $C$DW$599, DW_AT_decl_column(0x0c)
    8889              
    8890              $C$DW$600       .dwtag  DW_TAG_member
    8891                      .dwattr $C$DW$600, DW_AT_type(*$C$DW$T$91)
    8892                      .dwattr $C$DW$600, DW_AT_name("park")
    8893                      .dwattr $C$DW$600, DW_AT_data_member_location[DW_OP_plus_uconst 0x80]
TMS320C2000 Assembler PC v22.6.2 Thu Feb  5 15:43:43 2026

Copyright (c) 1996-2018 Texas Instruments Incorporated
dual_axis_servo_drive_user_cpu.asm                                   PAGE  173

    8894                      .dwattr $C$DW$600, DW_AT_accessibility(DW_ACCESS_public)
    8895                      .dwattr $C$DW$600, DW_AT_decl_file("..\sources\fcl_foc_cpu_dm.h")
    8896                      .dwattr $C$DW$600, DW_AT_decl_line(0xbf)
    8897                      .dwattr $C$DW$600, DW_AT_decl_column(0x0a)
    8898              
    8899              $C$DW$601       .dwtag  DW_TAG_member
    8900                      .dwattr $C$DW$601, DW_AT_type(*$C$DW$T$92)
    8901                      .dwattr $C$DW$601, DW_AT_name("ipark")
    8902                      .dwattr $C$DW$601, DW_AT_data_member_location[DW_OP_plus_uconst 0x8e]
    8903                      .dwattr $C$DW$601, DW_AT_accessibility(DW_ACCESS_public)
    8904                      .dwattr $C$DW$601, DW_AT_decl_file("..\sources\fcl_foc_cpu_dm.h")
    8905                      .dwattr $C$DW$601, DW_AT_decl_line(0xc0)
    8906                      .dwattr $C$DW$601, DW_AT_decl_column(0x0b)
    8907              
    8908              $C$DW$602       .dwtag  DW_TAG_member
    8909                      .dwattr $C$DW$602, DW_AT_type(*$C$DW$T$93)
    8910                      .dwattr $C$DW$602, DW_AT_name("svgen")
    8911                      .dwattr $C$DW$602, DW_AT_data_member_location[DW_OP_plus_uconst 0x9c]
    8912                      .dwattr $C$DW$602, DW_AT_accessibility(DW_ACCESS_public)
    8913                      .dwattr $C$DW$602, DW_AT_decl_file("..\sources\fcl_foc_cpu_dm.h")
    8914                      .dwattr $C$DW$602, DW_AT_decl_line(0xc1)
    8915                      .dwattr $C$DW$602, DW_AT_decl_column(0x0b)
    8916              
    8917              $C$DW$603       .dwtag  DW_TAG_member
    8918                      .dwattr $C$DW$603, DW_AT_type(*$C$DW$T$94)
    8919                      .dwattr $C$DW$603, DW_AT_name("speed")
    8920                      .dwattr $C$DW$603, DW_AT_data_member_location[DW_OP_plus_uconst 0xae]
    8921                      .dwattr $C$DW$603, DW_AT_accessibility(DW_ACCESS_public)
    8922                      .dwattr $C$DW$603, DW_AT_decl_file("..\sources\fcl_foc_cpu_dm.h")
    8923                      .dwattr $C$DW$603, DW_AT_decl_line(0xc3)
    8924                      .dwattr $C$DW$603, DW_AT_decl_column(0x14)
    8925              
    8926              $C$DW$604       .dwtag  DW_TAG_member
    8927                      .dwattr $C$DW$604, DW_AT_type(*$C$DW$T$95)
    8928                      .dwattr $C$DW$604, DW_AT_name("speedObs")
    8929                      .dwattr $C$DW$604, DW_AT_data_member_location[DW_OP_plus_uconst 0xc2]
    8930                      .dwattr $C$DW$604, DW_AT_accessibility(DW_ACCESS_public)
    8931                      .dwattr $C$DW$604, DW_AT_decl_file("..\sources\fcl_foc_cpu_dm.h")
    8932                      .dwattr $C$DW$604, DW_AT_decl_line(0xc4)
    8933                      .dwattr $C$DW$604, DW_AT_decl_column(0x14)
    8934              
    8935              $C$DW$605       .dwtag  DW_TAG_member
    8936                      .dwattr $C$DW$605, DW_AT_type(*$C$DW$T$96)
    8937                      .dwattr $C$DW$605, DW_AT_name("pid_spd")
    8938                      .dwattr $C$DW$605, DW_AT_data_member_location[DW_OP_plus_uconst 0xde]
    8939                      .dwattr $C$DW$605, DW_AT_accessibility(DW_ACCESS_public)
    8940                      .dwattr $C$DW$605, DW_AT_decl_file("..\sources\fcl_foc_cpu_dm.h")
    8941                      .dwattr $C$DW$605, DW_AT_decl_line(0xc6)
    8942                      .dwattr $C$DW$605, DW_AT_decl_column(0x15)
    8943              
    8944              $C$DW$606       .dwtag  DW_TAG_member
    8945                      .dwattr $C$DW$606, DW_AT_type(*$C$DW$T$97)
    8946                      .dwattr $C$DW$606, DW_AT_name("pi_pos")
    8947                      .dwattr $C$DW$606, DW_AT_data_member_location[DW_OP_plus_uconst 0x106]
    8948                      .dwattr $C$DW$606, DW_AT_accessibility(DW_ACCESS_public)
TMS320C2000 Assembler PC v22.6.2 Thu Feb  5 15:43:43 2026

Copyright (c) 1996-2018 Texas Instruments Incorporated
dual_axis_servo_drive_user_cpu.asm                                   PAGE  174

    8949                      .dwattr $C$DW$606, DW_AT_decl_file("..\sources\fcl_foc_cpu_dm.h")
    8950                      .dwattr $C$DW$606, DW_AT_decl_line(0xc7)
    8951                      .dwattr $C$DW$606, DW_AT_decl_column(0x13)
    8952              
    8953              $C$DW$607       .dwtag  DW_TAG_member
    8954                      .dwattr $C$DW$607, DW_AT_type(*$C$DW$T$98)
    8955                      .dwattr $C$DW$607, DW_AT_name("cmplx_Id")
    8956                      .dwattr $C$DW$607, DW_AT_data_member_location[DW_OP_plus_uconst 0x11e]
    8957                      .dwattr $C$DW$607, DW_AT_accessibility(DW_ACCESS_public)
    8958                      .dwattr $C$DW$607, DW_AT_decl_file("..\sources\fcl_foc_cpu_dm.h")
    8959                      .dwattr $C$DW$607, DW_AT_decl_line(0xc9)
    8960                      .dwattr $C$DW$607, DW_AT_decl_column(0x15)
    8961              
    8962              $C$DW$608       .dwtag  DW_TAG_member
    8963                      .dwattr $C$DW$608, DW_AT_type(*$C$DW$T$98)
    8964                      .dwattr $C$DW$608, DW_AT_name("cmplx_Iq")
    8965                      .dwattr $C$DW$608, DW_AT_data_member_location[DW_OP_plus_uconst 0x13e]
    8966                      .dwattr $C$DW$608, DW_AT_accessibility(DW_ACCESS_public)
    8967                      .dwattr $C$DW$608, DW_AT_decl_file("..\sources\fcl_foc_cpu_dm.h")
    8968                      .dwattr $C$DW$608, DW_AT_decl_line(0xca)
    8969                      .dwattr $C$DW$608, DW_AT_decl_column(0x15)
    8970              
    8971              $C$DW$609       .dwtag  DW_TAG_member
    8972                      .dwattr $C$DW$609, DW_AT_type(*$C$DW$T$99)
    8973                      .dwattr $C$DW$609, DW_AT_name("FCL_params")
    8974                      .dwattr $C$DW$609, DW_AT_data_member_location[DW_OP_plus_uconst 0x15e]
    8975                      .dwattr $C$DW$609, DW_AT_accessibility(DW_ACCESS_public)
    8976                      .dwattr $C$DW$609, DW_AT_decl_file("..\sources\fcl_foc_cpu_dm.h")
    8977                      .dwattr $C$DW$609, DW_AT_decl_line(0xcb)
    8978                      .dwattr $C$DW$609, DW_AT_decl_column(0x16)
    8979              
    8980              $C$DW$610       .dwtag  DW_TAG_member
    8981                      .dwattr $C$DW$610, DW_AT_type(*$C$DW$T$21)
    8982                      .dwattr $C$DW$610, DW_AT_name("fclUpdateLatency_us")
    8983                      .dwattr $C$DW$610, DW_AT_data_member_location[DW_OP_plus_uconst 0x182]
    8984                      .dwattr $C$DW$610, DW_AT_accessibility(DW_ACCESS_public)
    8985                      .dwattr $C$DW$610, DW_AT_decl_file("..\sources\fcl_foc_cpu_dm.h")
    8986                      .dwattr $C$DW$610, DW_AT_decl_line(0xcd)
    8987                      .dwattr $C$DW$610, DW_AT_decl_column(0x0f)
    8988              
    8989              $C$DW$611       .dwtag  DW_TAG_member
    8990                      .dwattr $C$DW$611, DW_AT_type(*$C$DW$T$21)
    8991                      .dwattr $C$DW$611, DW_AT_name("focExecutionTime_us")
    8992                      .dwattr $C$DW$611, DW_AT_data_member_location[DW_OP_plus_uconst 0x184]
    8993                      .dwattr $C$DW$611, DW_AT_accessibility(DW_ACCESS_public)
    8994                      .dwattr $C$DW$611, DW_AT_decl_file("..\sources\fcl_foc_cpu_dm.h")
    8995                      .dwattr $C$DW$611, DW_AT_decl_line(0xce)
    8996                      .dwattr $C$DW$611, DW_AT_decl_column(0x0f)
    8997              
    8998              $C$DW$612       .dwtag  DW_TAG_member
    8999                      .dwattr $C$DW$612, DW_AT_type(*$C$DW$T$24)
    9000                      .dwattr $C$DW$612, DW_AT_name("isrTicker")
    9001                      .dwattr $C$DW$612, DW_AT_data_member_location[DW_OP_plus_uconst 0x186]
    9002                      .dwattr $C$DW$612, DW_AT_accessibility(DW_ACCESS_public)
    9003                      .dwattr $C$DW$612, DW_AT_decl_file("..\sources\fcl_foc_cpu_dm.h")
TMS320C2000 Assembler PC v22.6.2 Thu Feb  5 15:43:43 2026

Copyright (c) 1996-2018 Texas Instruments Incorporated
dual_axis_servo_drive_user_cpu.asm                                   PAGE  175

    9004                      .dwattr $C$DW$612, DW_AT_decl_line(0xd0)
    9005                      .dwattr $C$DW$612, DW_AT_decl_column(0x0e)
    9006              
    9007              $C$DW$613       .dwtag  DW_TAG_member
    9008                      .dwattr $C$DW$613, DW_AT_type(*$C$DW$T$101)
    9009                      .dwattr $C$DW$613, DW_AT_name("pwmCompA")
    9010                      .dwattr $C$DW$613, DW_AT_data_member_location[DW_OP_plus_uconst 0x188]
    9011                      .dwattr $C$DW$613, DW_AT_accessibility(DW_ACCESS_public)
    9012                      .dwattr $C$DW$613, DW_AT_decl_file("..\sources\fcl_foc_cpu_dm.h")
    9013                      .dwattr $C$DW$613, DW_AT_decl_line(0xd2)
    9014                      .dwattr $C$DW$613, DW_AT_decl_column(0x18)
    9015              
    9016              $C$DW$614       .dwtag  DW_TAG_member
    9017                      .dwattr $C$DW$614, DW_AT_type(*$C$DW$T$101)
    9018                      .dwattr $C$DW$614, DW_AT_name("pwmCompB")
    9019                      .dwattr $C$DW$614, DW_AT_data_member_location[DW_OP_plus_uconst 0x18a]
    9020                      .dwattr $C$DW$614, DW_AT_accessibility(DW_ACCESS_public)
    9021                      .dwattr $C$DW$614, DW_AT_decl_file("..\sources\fcl_foc_cpu_dm.h")
    9022                      .dwattr $C$DW$614, DW_AT_decl_line(0xd3)
    9023                      .dwattr $C$DW$614, DW_AT_decl_column(0x18)
    9024              
    9025              $C$DW$615       .dwtag  DW_TAG_member
    9026                      .dwattr $C$DW$615, DW_AT_type(*$C$DW$T$101)
    9027                      .dwattr $C$DW$615, DW_AT_name("pwmCompC")
    9028                      .dwattr $C$DW$615, DW_AT_data_member_location[DW_OP_plus_uconst 0x18c]
    9029                      .dwattr $C$DW$615, DW_AT_accessibility(DW_ACCESS_public)
    9030                      .dwattr $C$DW$615, DW_AT_decl_file("..\sources\fcl_foc_cpu_dm.h")
    9031                      .dwattr $C$DW$615, DW_AT_decl_line(0xd4)
    9032                      .dwattr $C$DW$615, DW_AT_decl_column(0x18)
    9033              
    9034              $C$DW$616       .dwtag  DW_TAG_member
    9035                      .dwattr $C$DW$616, DW_AT_type(*$C$DW$T$100)
    9036                      .dwattr $C$DW$616, DW_AT_name("curA_PPBRESULT")
    9037                      .dwattr $C$DW$616, DW_AT_data_member_location[DW_OP_plus_uconst 0x18e]
    9038                      .dwattr $C$DW$616, DW_AT_accessibility(DW_ACCESS_public)
    9039                      .dwattr $C$DW$616, DW_AT_decl_file("..\sources\fcl_foc_cpu_dm.h")
    9040                      .dwattr $C$DW$616, DW_AT_decl_line(0xd6)
    9041                      .dwattr $C$DW$616, DW_AT_decl_column(0x17)
    9042              
    9043              $C$DW$617       .dwtag  DW_TAG_member
    9044                      .dwattr $C$DW$617, DW_AT_type(*$C$DW$T$100)
    9045                      .dwattr $C$DW$617, DW_AT_name("curB_PPBRESULT")
    9046                      .dwattr $C$DW$617, DW_AT_data_member_location[DW_OP_plus_uconst 0x190]
    9047                      .dwattr $C$DW$617, DW_AT_accessibility(DW_ACCESS_public)
    9048                      .dwattr $C$DW$617, DW_AT_decl_file("..\sources\fcl_foc_cpu_dm.h")
    9049                      .dwattr $C$DW$617, DW_AT_decl_line(0xd7)
    9050                      .dwattr $C$DW$617, DW_AT_decl_column(0x17)
    9051              
    9052              $C$DW$618       .dwtag  DW_TAG_member
    9053                      .dwattr $C$DW$618, DW_AT_type(*$C$DW$T$100)
    9054                      .dwattr $C$DW$618, DW_AT_name("curC_PPBRESULT")
    9055                      .dwattr $C$DW$618, DW_AT_data_member_location[DW_OP_plus_uconst 0x192]
    9056                      .dwattr $C$DW$618, DW_AT_accessibility(DW_ACCESS_public)
    9057                      .dwattr $C$DW$618, DW_AT_decl_file("..\sources\fcl_foc_cpu_dm.h")
    9058                      .dwattr $C$DW$618, DW_AT_decl_line(0xd8)
TMS320C2000 Assembler PC v22.6.2 Thu Feb  5 15:43:43 2026

Copyright (c) 1996-2018 Texas Instruments Incorporated
dual_axis_servo_drive_user_cpu.asm                                   PAGE  176

    9059                      .dwattr $C$DW$618, DW_AT_decl_column(0x17)
    9060              
    9061              $C$DW$619       .dwtag  DW_TAG_member
    9062                      .dwattr $C$DW$619, DW_AT_type(*$C$DW$T$100)
    9063                      .dwattr $C$DW$619, DW_AT_name("volDC_PPBRESULT")
    9064                      .dwattr $C$DW$619, DW_AT_data_member_location[DW_OP_plus_uconst 0x194]
    9065                      .dwattr $C$DW$619, DW_AT_accessibility(DW_ACCESS_public)
    9066                      .dwattr $C$DW$619, DW_AT_decl_file("..\sources\fcl_foc_cpu_dm.h")
    9067                      .dwattr $C$DW$619, DW_AT_decl_line(0xd9)
    9068                      .dwattr $C$DW$619, DW_AT_decl_column(0x17)
    9069              
    9070              $C$DW$620       .dwtag  DW_TAG_member
    9071                      .dwattr $C$DW$620, DW_AT_type(*$C$DW$T$103)
    9072                      .dwattr $C$DW$620, DW_AT_name("pADCIntFlag")
    9073                      .dwattr $C$DW$620, DW_AT_data_member_location[DW_OP_plus_uconst 0x196]
    9074                      .dwattr $C$DW$620, DW_AT_accessibility(DW_ACCESS_public)
    9075                      .dwattr $C$DW$620, DW_AT_decl_file("..\sources\fcl_foc_cpu_dm.h")
    9076                      .dwattr $C$DW$620, DW_AT_decl_line(0xdb)
    9077                      .dwattr $C$DW$620, DW_AT_decl_column(0x23)
    9078              
    9079              $C$DW$621       .dwtag  DW_TAG_member
    9080                      .dwattr $C$DW$621, DW_AT_type(*$C$DW$T$105)
    9081                      .dwattr $C$DW$621, DW_AT_name("pQEPRegs")
    9082                      .dwattr $C$DW$621, DW_AT_data_member_location[DW_OP_plus_uconst 0x198]
    9083                      .dwattr $C$DW$621, DW_AT_accessibility(DW_ACCESS_public)
    9084                      .dwattr $C$DW$621, DW_AT_decl_file("..\sources\fcl_foc_cpu_dm.h")
    9085                      .dwattr $C$DW$621, DW_AT_decl_line(0xdc)
    9086                      .dwattr $C$DW$621, DW_AT_decl_column(0x20)
    9087              
    9088              $C$DW$622       .dwtag  DW_TAG_member
    9089                      .dwattr $C$DW$622, DW_AT_type(*$C$DW$T$24)
    9090                      .dwattr $C$DW$622, DW_AT_name("curA_resultBase")
    9091                      .dwattr $C$DW$622, DW_AT_data_member_location[DW_OP_plus_uconst 0x19a]
    9092                      .dwattr $C$DW$622, DW_AT_accessibility(DW_ACCESS_public)
    9093                      .dwattr $C$DW$622, DW_AT_decl_file("..\sources\fcl_foc_cpu_dm.h")
    9094                      .dwattr $C$DW$622, DW_AT_decl_line(0xde)
    9095                      .dwattr $C$DW$622, DW_AT_decl_column(0x0e)
    9096              
    9097              $C$DW$623       .dwtag  DW_TAG_member
    9098                      .dwattr $C$DW$623, DW_AT_type(*$C$DW$T$24)
    9099                      .dwattr $C$DW$623, DW_AT_name("curB_resultBase")
    9100                      .dwattr $C$DW$623, DW_AT_data_member_location[DW_OP_plus_uconst 0x19c]
    9101                      .dwattr $C$DW$623, DW_AT_accessibility(DW_ACCESS_public)
    9102                      .dwattr $C$DW$623, DW_AT_decl_file("..\sources\fcl_foc_cpu_dm.h")
    9103                      .dwattr $C$DW$623, DW_AT_decl_line(0xdf)
    9104                      .dwattr $C$DW$623, DW_AT_decl_column(0x0e)
    9105              
    9106              $C$DW$624       .dwtag  DW_TAG_member
    9107                      .dwattr $C$DW$624, DW_AT_type(*$C$DW$T$24)
    9108                      .dwattr $C$DW$624, DW_AT_name("curC_resultBase")
    9109                      .dwattr $C$DW$624, DW_AT_data_member_location[DW_OP_plus_uconst 0x19e]
    9110                      .dwattr $C$DW$624, DW_AT_accessibility(DW_ACCESS_public)
    9111                      .dwattr $C$DW$624, DW_AT_decl_file("..\sources\fcl_foc_cpu_dm.h")
    9112                      .dwattr $C$DW$624, DW_AT_decl_line(0xe0)
    9113                      .dwattr $C$DW$624, DW_AT_decl_column(0x0e)
TMS320C2000 Assembler PC v22.6.2 Thu Feb  5 15:43:43 2026

Copyright (c) 1996-2018 Texas Instruments Incorporated
dual_axis_servo_drive_user_cpu.asm                                   PAGE  177

    9114              
    9115              $C$DW$625       .dwtag  DW_TAG_member
    9116                      .dwattr $C$DW$625, DW_AT_type(*$C$DW$T$24)
    9117                      .dwattr $C$DW$625, DW_AT_name("pwmBaseU")
    9118                      .dwattr $C$DW$625, DW_AT_data_member_location[DW_OP_plus_uconst 0x1a0]
    9119                      .dwattr $C$DW$625, DW_AT_accessibility(DW_ACCESS_public)
    9120                      .dwattr $C$DW$625, DW_AT_decl_file("..\sources\fcl_foc_cpu_dm.h")
    9121                      .dwattr $C$DW$625, DW_AT_decl_line(0xe2)
    9122                      .dwattr $C$DW$625, DW_AT_decl_column(0x0e)
    9123              
    9124              $C$DW$626       .dwtag  DW_TAG_member
    9125                      .dwattr $C$DW$626, DW_AT_type(*$C$DW$T$24)
    9126                      .dwattr $C$DW$626, DW_AT_name("pwmBaseV")
    9127                      .dwattr $C$DW$626, DW_AT_data_member_location[DW_OP_plus_uconst 0x1a2]
    9128                      .dwattr $C$DW$626, DW_AT_accessibility(DW_ACCESS_public)
    9129                      .dwattr $C$DW$626, DW_AT_decl_file("..\sources\fcl_foc_cpu_dm.h")
    9130                      .dwattr $C$DW$626, DW_AT_decl_line(0xe3)
    9131                      .dwattr $C$DW$626, DW_AT_decl_column(0x0e)
    9132              
    9133              $C$DW$627       .dwtag  DW_TAG_member
    9134                      .dwattr $C$DW$627, DW_AT_type(*$C$DW$T$24)
    9135                      .dwattr $C$DW$627, DW_AT_name("pwmBaseW")
    9136                      .dwattr $C$DW$627, DW_AT_data_member_location[DW_OP_plus_uconst 0x1a4]
    9137                      .dwattr $C$DW$627, DW_AT_accessibility(DW_ACCESS_public)
    9138                      .dwattr $C$DW$627, DW_AT_decl_file("..\sources\fcl_foc_cpu_dm.h")
    9139                      .dwattr $C$DW$627, DW_AT_decl_line(0xe4)
    9140                      .dwattr $C$DW$627, DW_AT_decl_column(0x0e)
    9141              
    9142              $C$DW$628       .dwtag  DW_TAG_member
    9143                      .dwattr $C$DW$628, DW_AT_type(*$C$DW$T$24)
    9144                      .dwattr $C$DW$628, DW_AT_name("adcBaseW")
    9145                      .dwattr $C$DW$628, DW_AT_data_member_location[DW_OP_plus_uconst 0x1a6]
    9146                      .dwattr $C$DW$628, DW_AT_accessibility(DW_ACCESS_public)
    9147                      .dwattr $C$DW$628, DW_AT_decl_file("..\sources\fcl_foc_cpu_dm.h")
    9148                      .dwattr $C$DW$628, DW_AT_decl_line(0xe5)
    9149                      .dwattr $C$DW$628, DW_AT_decl_column(0x0e)
    9150              
    9151              $C$DW$629       .dwtag  DW_TAG_member
    9152                      .dwattr $C$DW$629, DW_AT_type(*$C$DW$T$107)
    9153                      .dwattr $C$DW$629, DW_AT_name("curA_PPBNumber")
    9154                      .dwattr $C$DW$629, DW_AT_data_member_location[DW_OP_plus_uconst 0x1a8]
    9155                      .dwattr $C$DW$629, DW_AT_accessibility(DW_ACCESS_public)
    9156                      .dwattr $C$DW$629, DW_AT_decl_file("..\sources\fcl_foc_cpu_dm.h")
    9157                      .dwattr $C$DW$629, DW_AT_decl_line(0xe7)
    9158                      .dwattr $C$DW$629, DW_AT_decl_column(0x13)
    9159              
    9160              $C$DW$630       .dwtag  DW_TAG_member
    9161                      .dwattr $C$DW$630, DW_AT_type(*$C$DW$T$107)
    9162                      .dwattr $C$DW$630, DW_AT_name("curB_PPBNumber")
    9163                      .dwattr $C$DW$630, DW_AT_data_member_location[DW_OP_plus_uconst 0x1a9]
    9164                      .dwattr $C$DW$630, DW_AT_accessibility(DW_ACCESS_public)
    9165                      .dwattr $C$DW$630, DW_AT_decl_file("..\sources\fcl_foc_cpu_dm.h")
    9166                      .dwattr $C$DW$630, DW_AT_decl_line(0xe8)
    9167                      .dwattr $C$DW$630, DW_AT_decl_column(0x13)
    9168              
TMS320C2000 Assembler PC v22.6.2 Thu Feb  5 15:43:43 2026

Copyright (c) 1996-2018 Texas Instruments Incorporated
dual_axis_servo_drive_user_cpu.asm                                   PAGE  178

    9169              $C$DW$631       .dwtag  DW_TAG_member
    9170                      .dwattr $C$DW$631, DW_AT_type(*$C$DW$T$107)
    9171                      .dwattr $C$DW$631, DW_AT_name("curC_PPBNumber")
    9172                      .dwattr $C$DW$631, DW_AT_data_member_location[DW_OP_plus_uconst 0x1aa]
    9173                      .dwattr $C$DW$631, DW_AT_accessibility(DW_ACCESS_public)
    9174                      .dwattr $C$DW$631, DW_AT_decl_file("..\sources\fcl_foc_cpu_dm.h")
    9175                      .dwattr $C$DW$631, DW_AT_decl_line(0xe9)
    9176                      .dwattr $C$DW$631, DW_AT_decl_column(0x13)
    9177              
    9178              $C$DW$632       .dwtag  DW_TAG_member
    9179                      .dwattr $C$DW$632, DW_AT_type(*$C$DW$T$109)
    9180                      .dwattr $C$DW$632, DW_AT_name("adcIntNumber")
    9181                      .dwattr $C$DW$632, DW_AT_data_member_location[DW_OP_plus_uconst 0x1ab]
    9182                      .dwattr $C$DW$632, DW_AT_accessibility(DW_ACCESS_public)
    9183                      .dwattr $C$DW$632, DW_AT_decl_file("..\sources\fcl_foc_cpu_dm.h")
    9184                      .dwattr $C$DW$632, DW_AT_decl_line(0xeb)
    9185                      .dwattr $C$DW$632, DW_AT_decl_column(0x13)
    9186              
    9187              $C$DW$633       .dwtag  DW_TAG_member
    9188                      .dwattr $C$DW$633, DW_AT_type(*$C$DW$T$30)
    9189                      .dwattr $C$DW$633, DW_AT_name("fclClrCntr")
    9190                      .dwattr $C$DW$633, DW_AT_data_member_location[DW_OP_plus_uconst 0x1ac]
    9191                      .dwattr $C$DW$633, DW_AT_accessibility(DW_ACCESS_public)
    9192                      .dwattr $C$DW$633, DW_AT_decl_file("..\sources\fcl_foc_cpu_dm.h")
    9193                      .dwattr $C$DW$633, DW_AT_decl_line(0xed)
    9194                      .dwattr $C$DW$633, DW_AT_decl_column(0x0f)
    9195              
    9196              $C$DW$634       .dwtag  DW_TAG_member
    9197                      .dwattr $C$DW$634, DW_AT_type(*$C$DW$T$30)
    9198                      .dwattr $C$DW$634, DW_AT_name("fclCycleCountMax")
    9199                      .dwattr $C$DW$634, DW_AT_data_member_location[DW_OP_plus_uconst 0x1ad]
    9200                      .dwattr $C$DW$634, DW_AT_accessibility(DW_ACCESS_public)
    9201                      .dwattr $C$DW$634, DW_AT_decl_file("..\sources\fcl_foc_cpu_dm.h")
    9202                      .dwattr $C$DW$634, DW_AT_decl_line(0xee)
    9203                      .dwattr $C$DW$634, DW_AT_decl_column(0x0f)
    9204              
    9205              $C$DW$635       .dwtag  DW_TAG_member
    9206                      .dwattr $C$DW$635, DW_AT_type(*$C$DW$T$30)
    9207                      .dwattr $C$DW$635, DW_AT_name("fclCycleCount")
    9208                      .dwattr $C$DW$635, DW_AT_data_member_location[DW_OP_plus_uconst 0x1ae]
    9209                      .dwattr $C$DW$635, DW_AT_accessibility(DW_ACCESS_public)
    9210                      .dwattr $C$DW$635, DW_AT_decl_file("..\sources\fcl_foc_cpu_dm.h")
    9211                      .dwattr $C$DW$635, DW_AT_decl_line(0xef)
    9212                      .dwattr $C$DW$635, DW_AT_decl_column(0x0f)
    9213              
    9214              $C$DW$636       .dwtag  DW_TAG_member
    9215                      .dwattr $C$DW$636, DW_AT_type(*$C$DW$T$30)
    9216                      .dwattr $C$DW$636, DW_AT_name("focClrCntr")
    9217                      .dwattr $C$DW$636, DW_AT_data_member_location[DW_OP_plus_uconst 0x1af]
    9218                      .dwattr $C$DW$636, DW_AT_accessibility(DW_ACCESS_public)
    9219                      .dwattr $C$DW$636, DW_AT_decl_file("..\sources\fcl_foc_cpu_dm.h")
    9220                      .dwattr $C$DW$636, DW_AT_decl_line(0xf1)
    9221                      .dwattr $C$DW$636, DW_AT_decl_column(0x0f)
    9222              
    9223              $C$DW$637       .dwtag  DW_TAG_member
TMS320C2000 Assembler PC v22.6.2 Thu Feb  5 15:43:43 2026

Copyright (c) 1996-2018 Texas Instruments Incorporated
dual_axis_servo_drive_user_cpu.asm                                   PAGE  179

    9224                      .dwattr $C$DW$637, DW_AT_type(*$C$DW$T$30)
    9225                      .dwattr $C$DW$637, DW_AT_name("focCycleCountMax")
    9226                      .dwattr $C$DW$637, DW_AT_data_member_location[DW_OP_plus_uconst 0x1b0]
    9227                      .dwattr $C$DW$637, DW_AT_accessibility(DW_ACCESS_public)
    9228                      .dwattr $C$DW$637, DW_AT_decl_file("..\sources\fcl_foc_cpu_dm.h")
    9229                      .dwattr $C$DW$637, DW_AT_decl_line(0xf2)
    9230                      .dwattr $C$DW$637, DW_AT_decl_column(0x0f)
    9231              
    9232              $C$DW$638       .dwtag  DW_TAG_member
    9233                      .dwattr $C$DW$638, DW_AT_type(*$C$DW$T$30)
    9234                      .dwattr $C$DW$638, DW_AT_name("focCycleCount")
    9235                      .dwattr $C$DW$638, DW_AT_data_member_location[DW_OP_plus_uconst 0x1b1]
    9236                      .dwattr $C$DW$638, DW_AT_accessibility(DW_ACCESS_public)
    9237                      .dwattr $C$DW$638, DW_AT_decl_file("..\sources\fcl_foc_cpu_dm.h")
    9238                      .dwattr $C$DW$638, DW_AT_decl_line(0xf3)
    9239                      .dwattr $C$DW$638, DW_AT_decl_column(0x0f)
    9240              
    9241              $C$DW$639       .dwtag  DW_TAG_member
    9242                      .dwattr $C$DW$639, DW_AT_type(*$C$DW$T$30)
    9243                      .dwattr $C$DW$639, DW_AT_name("speedLoopPrescaler")
    9244                      .dwattr $C$DW$639, DW_AT_data_member_location[DW_OP_plus_uconst 0x1b2]
    9245                      .dwattr $C$DW$639, DW_AT_accessibility(DW_ACCESS_public)
    9246                      .dwattr $C$DW$639, DW_AT_decl_file("..\sources\fcl_foc_cpu_dm.h")
    9247                      .dwattr $C$DW$639, DW_AT_decl_line(0xf5)
    9248                      .dwattr $C$DW$639, DW_AT_decl_column(0x0e)
    9249              
    9250              $C$DW$640       .dwtag  DW_TAG_member
    9251                      .dwattr $C$DW$640, DW_AT_type(*$C$DW$T$30)
    9252                      .dwattr $C$DW$640, DW_AT_name("speedLoopCount")
    9253                      .dwattr $C$DW$640, DW_AT_data_member_location[DW_OP_plus_uconst 0x1b3]
    9254                      .dwattr $C$DW$640, DW_AT_accessibility(DW_ACCESS_public)
    9255                      .dwattr $C$DW$640, DW_AT_decl_file("..\sources\fcl_foc_cpu_dm.h")
    9256                      .dwattr $C$DW$640, DW_AT_decl_line(0xf6)
    9257                      .dwattr $C$DW$640, DW_AT_decl_column(0x0e)
    9258              
    9259              $C$DW$641       .dwtag  DW_TAG_member
    9260                      .dwattr $C$DW$641, DW_AT_type(*$C$DW$T$30)
    9261                      .dwattr $C$DW$641, DW_AT_name("alignCntr")
    9262                      .dwattr $C$DW$641, DW_AT_data_member_location[DW_OP_plus_uconst 0x1b4]
    9263                      .dwattr $C$DW$641, DW_AT_accessibility(DW_ACCESS_public)
    9264                      .dwattr $C$DW$641, DW_AT_decl_file("..\sources\fcl_foc_cpu_dm.h")
    9265                      .dwattr $C$DW$641, DW_AT_decl_line(0xf7)
    9266                      .dwattr $C$DW$641, DW_AT_decl_column(0x0e)
    9267              
    9268              $C$DW$642       .dwtag  DW_TAG_member
    9269                      .dwattr $C$DW$642, DW_AT_type(*$C$DW$T$30)
    9270                      .dwattr $C$DW$642, DW_AT_name("alignCnt")
    9271                      .dwattr $C$DW$642, DW_AT_data_member_location[DW_OP_plus_uconst 0x1b5]
    9272                      .dwattr $C$DW$642, DW_AT_accessibility(DW_ACCESS_public)
    9273                      .dwattr $C$DW$642, DW_AT_decl_file("..\sources\fcl_foc_cpu_dm.h")
    9274                      .dwattr $C$DW$642, DW_AT_decl_line(0xf8)
    9275                      .dwattr $C$DW$642, DW_AT_decl_column(0x0e)
    9276              
    9277              $C$DW$643       .dwtag  DW_TAG_member
    9278                      .dwattr $C$DW$643, DW_AT_type(*$C$DW$T$30)
TMS320C2000 Assembler PC v22.6.2 Thu Feb  5 15:43:43 2026

Copyright (c) 1996-2018 Texas Instruments Incorporated
dual_axis_servo_drive_user_cpu.asm                                   PAGE  180

    9279                      .dwattr $C$DW$643, DW_AT_name("posPtrMax")
    9280                      .dwattr $C$DW$643, DW_AT_data_member_location[DW_OP_plus_uconst 0x1b6]
    9281                      .dwattr $C$DW$643, DW_AT_accessibility(DW_ACCESS_public)
    9282                      .dwattr $C$DW$643, DW_AT_decl_file("..\sources\fcl_foc_cpu_dm.h")
    9283                      .dwattr $C$DW$643, DW_AT_decl_line(0xf9)
    9284                      .dwattr $C$DW$643, DW_AT_decl_column(0x0e)
    9285              
    9286              $C$DW$644       .dwtag  DW_TAG_member
    9287                      .dwattr $C$DW$644, DW_AT_type(*$C$DW$T$30)
    9288                      .dwattr $C$DW$644, DW_AT_name("posPtr")
    9289                      .dwattr $C$DW$644, DW_AT_data_member_location[DW_OP_plus_uconst 0x1b7]
    9290                      .dwattr $C$DW$644, DW_AT_accessibility(DW_ACCESS_public)
    9291                      .dwattr $C$DW$644, DW_AT_decl_file("..\sources\fcl_foc_cpu_dm.h")
    9292                      .dwattr $C$DW$644, DW_AT_decl_line(0xfa)
    9293                      .dwattr $C$DW$644, DW_AT_decl_column(0x0e)
    9294              
    9295              $C$DW$645       .dwtag  DW_TAG_member
    9296                      .dwattr $C$DW$645, DW_AT_type(*$C$DW$T$30)
    9297                      .dwattr $C$DW$645, DW_AT_name("currentThreshHi")
    9298                      .dwattr $C$DW$645, DW_AT_data_member_location[DW_OP_plus_uconst 0x1b8]
    9299                      .dwattr $C$DW$645, DW_AT_accessibility(DW_ACCESS_public)
    9300                      .dwattr $C$DW$645, DW_AT_decl_file("..\sources\fcl_foc_cpu_dm.h")
    9301                      .dwattr $C$DW$645, DW_AT_decl_line(0xfc)
    9302                      .dwattr $C$DW$645, DW_AT_decl_column(0x0e)
    9303              
    9304              $C$DW$646       .dwtag  DW_TAG_member
    9305                      .dwattr $C$DW$646, DW_AT_type(*$C$DW$T$30)
    9306                      .dwattr $C$DW$646, DW_AT_name("currentThreshLo")
    9307                      .dwattr $C$DW$646, DW_AT_data_member_location[DW_OP_plus_uconst 0x1b9]
    9308                      .dwattr $C$DW$646, DW_AT_accessibility(DW_ACCESS_public)
    9309                      .dwattr $C$DW$646, DW_AT_decl_file("..\sources\fcl_foc_cpu_dm.h")
    9310                      .dwattr $C$DW$646, DW_AT_decl_line(0xfd)
    9311                      .dwattr $C$DW$646, DW_AT_decl_column(0x0e)
    9312              
    9313              $C$DW$647       .dwtag  DW_TAG_member
    9314                      .dwattr $C$DW$647, DW_AT_type(*$C$DW$T$30)
    9315                      .dwattr $C$DW$647, DW_AT_name("drvEnableGateGPIO")
    9316                      .dwattr $C$DW$647, DW_AT_data_member_location[DW_OP_plus_uconst 0x1ba]
    9317                      .dwattr $C$DW$647, DW_AT_accessibility(DW_ACCESS_public)
    9318                      .dwattr $C$DW$647, DW_AT_decl_file("..\sources\fcl_foc_cpu_dm.h")
    9319                      .dwattr $C$DW$647, DW_AT_decl_line(0xff)
    9320                      .dwattr $C$DW$647, DW_AT_decl_column(0x0e)
    9321              
    9322              $C$DW$648       .dwtag  DW_TAG_member
    9323                      .dwattr $C$DW$648, DW_AT_type(*$C$DW$T$30)
    9324                      .dwattr $C$DW$648, DW_AT_name("drvFaultTripGPIO")
    9325                      .dwattr $C$DW$648, DW_AT_data_member_location[DW_OP_plus_uconst 0x1bb]
    9326                      .dwattr $C$DW$648, DW_AT_accessibility(DW_ACCESS_public)
    9327                      .dwattr $C$DW$648, DW_AT_decl_file("..\sources\fcl_foc_cpu_dm.h")
    9328                      .dwattr $C$DW$648, DW_AT_decl_line(0x100)
    9329                      .dwattr $C$DW$648, DW_AT_decl_column(0x0e)
    9330              
    9331              $C$DW$649       .dwtag  DW_TAG_member
    9332                      .dwattr $C$DW$649, DW_AT_type(*$C$DW$T$30)
    9333                      .dwattr $C$DW$649, DW_AT_name("drvClearFaultGPIO")
TMS320C2000 Assembler PC v22.6.2 Thu Feb  5 15:43:43 2026

Copyright (c) 1996-2018 Texas Instruments Incorporated
dual_axis_servo_drive_user_cpu.asm                                   PAGE  181

    9334                      .dwattr $C$DW$649, DW_AT_data_member_location[DW_OP_plus_uconst 0x1bc]
    9335                      .dwattr $C$DW$649, DW_AT_accessibility(DW_ACCESS_public)
    9336                      .dwattr $C$DW$649, DW_AT_decl_file("..\sources\fcl_foc_cpu_dm.h")
    9337                      .dwattr $C$DW$649, DW_AT_decl_line(0x101)
    9338                      .dwattr $C$DW$649, DW_AT_decl_column(0x0e)
    9339              
    9340              $C$DW$650       .dwtag  DW_TAG_member
    9341                      .dwattr $C$DW$650, DW_AT_type(*$C$DW$T$30)
    9342                      .dwattr $C$DW$650, DW_AT_name("tripCountDMC")
    9343                      .dwattr $C$DW$650, DW_AT_data_member_location[DW_OP_plus_uconst 0x1bd]
    9344                      .dwattr $C$DW$650, DW_AT_accessibility(DW_ACCESS_public)
    9345                      .dwattr $C$DW$650, DW_AT_decl_file("..\sources\fcl_foc_cpu_dm.h")
    9346                      .dwattr $C$DW$650, DW_AT_decl_line(0x103)
    9347                      .dwattr $C$DW$650, DW_AT_decl_column(0x0e)
    9348              
    9349              $C$DW$651       .dwtag  DW_TAG_member
    9350                      .dwattr $C$DW$651, DW_AT_type(*$C$DW$T$30)
    9351                      .dwattr $C$DW$651, DW_AT_name("tripFlagDMC")
    9352                      .dwattr $C$DW$651, DW_AT_data_member_location[DW_OP_plus_uconst 0x1be]
    9353                      .dwattr $C$DW$651, DW_AT_accessibility(DW_ACCESS_public)
    9354                      .dwattr $C$DW$651, DW_AT_decl_file("..\sources\fcl_foc_cpu_dm.h")
    9355                      .dwattr $C$DW$651, DW_AT_decl_line(0x104)
    9356                      .dwattr $C$DW$651, DW_AT_decl_column(0x0e)
    9357              
    9358              $C$DW$652       .dwtag  DW_TAG_member
    9359                      .dwattr $C$DW$652, DW_AT_type(*$C$DW$T$30)
    9360                      .dwattr $C$DW$652, DW_AT_name("tripFlagPrev")
    9361                      .dwattr $C$DW$652, DW_AT_data_member_location[DW_OP_plus_uconst 0x1bf]
    9362                      .dwattr $C$DW$652, DW_AT_accessibility(DW_ACCESS_public)
    9363                      .dwattr $C$DW$652, DW_AT_decl_file("..\sources\fcl_foc_cpu_dm.h")
    9364                      .dwattr $C$DW$652, DW_AT_decl_line(0x105)
    9365                      .dwattr $C$DW$652, DW_AT_decl_column(0x0e)
    9366              
    9367              $C$DW$653       .dwtag  DW_TAG_member
    9368                      .dwattr $C$DW$653, DW_AT_type(*$C$DW$T$111)
    9369                      .dwattr $C$DW$653, DW_AT_name("lsw")
    9370                      .dwattr $C$DW$653, DW_AT_data_member_location[DW_OP_plus_uconst 0x1c0]
    9371                      .dwattr $C$DW$653, DW_AT_accessibility(DW_ACCESS_public)
    9372                      .dwattr $C$DW$653, DW_AT_decl_file("..\sources\fcl_foc_cpu_dm.h")
    9373                      .dwattr $C$DW$653, DW_AT_decl_line(0x107)
    9374                      .dwattr $C$DW$653, DW_AT_decl_column(0x15)
    9375              
    9376              $C$DW$654       .dwtag  DW_TAG_member
    9377                      .dwattr $C$DW$654, DW_AT_type(*$C$DW$T$113)
    9378                      .dwattr $C$DW$654, DW_AT_name("pwmUpdateMode")
    9379                      .dwattr $C$DW$654, DW_AT_data_member_location[DW_OP_plus_uconst 0x1c1]
    9380                      .dwattr $C$DW$654, DW_AT_accessibility(DW_ACCESS_public)
    9381                      .dwattr $C$DW$654, DW_AT_decl_file("..\sources\fcl_foc_cpu_dm.h")
    9382                      .dwattr $C$DW$654, DW_AT_decl_line(0x108)
    9383                      .dwattr $C$DW$654, DW_AT_decl_column(0x15)
    9384              
    9385              $C$DW$655       .dwtag  DW_TAG_member
    9386                      .dwattr $C$DW$655, DW_AT_type(*$C$DW$T$85)
    9387                      .dwattr $C$DW$655, DW_AT_name("motorNum")
    9388                      .dwattr $C$DW$655, DW_AT_data_member_location[DW_OP_plus_uconst 0x1c2]
TMS320C2000 Assembler PC v22.6.2 Thu Feb  5 15:43:43 2026

Copyright (c) 1996-2018 Texas Instruments Incorporated
dual_axis_servo_drive_user_cpu.asm                                   PAGE  182

    9389                      .dwattr $C$DW$655, DW_AT_accessibility(DW_ACCESS_public)
    9390                      .dwattr $C$DW$655, DW_AT_decl_file("..\sources\fcl_foc_cpu_dm.h")
    9391                      .dwattr $C$DW$655, DW_AT_decl_line(0x109)
    9392                      .dwattr $C$DW$655, DW_AT_decl_column(0x15)
    9393              
    9394              $C$DW$656       .dwtag  DW_TAG_member
    9395                      .dwattr $C$DW$656, DW_AT_type(*$C$DW$T$115)
    9396                      .dwattr $C$DW$656, DW_AT_name("runMotor")
    9397                      .dwattr $C$DW$656, DW_AT_data_member_location[DW_OP_plus_uconst 0x1c3]
    9398                      .dwattr $C$DW$656, DW_AT_accessibility(DW_ACCESS_public)
    9399                      .dwattr $C$DW$656, DW_AT_decl_file("..\sources\fcl_foc_cpu_dm.h")
    9400                      .dwattr $C$DW$656, DW_AT_decl_line(0x10a)
    9401                      .dwattr $C$DW$656, DW_AT_decl_column(0x15)
    9402              
    9403              $C$DW$657       .dwtag  DW_TAG_member
    9404                      .dwattr $C$DW$657, DW_AT_type(*$C$DW$T$117)
    9405                      .dwattr $C$DW$657, DW_AT_name("ctrlState")
    9406                      .dwattr $C$DW$657, DW_AT_data_member_location[DW_OP_plus_uconst 0x1c4]
    9407                      .dwattr $C$DW$657, DW_AT_accessibility(DW_ACCESS_public)
    9408                      .dwattr $C$DW$657, DW_AT_decl_file("..\sources\fcl_foc_cpu_dm.h")
    9409                      .dwattr $C$DW$657, DW_AT_decl_line(0x10b)
    9410                      .dwattr $C$DW$657, DW_AT_decl_column(0x15)
    9411              
    9412              $C$DW$658       .dwtag  DW_TAG_member
    9413                      .dwattr $C$DW$658, DW_AT_type(*$C$DW$T$86)
    9414                      .dwattr $C$DW$658, DW_AT_name("clearTripFlagDMC")
    9415                      .dwattr $C$DW$658, DW_AT_data_member_location[DW_OP_plus_uconst 0x1c5]
    9416                      .dwattr $C$DW$658, DW_AT_accessibility(DW_ACCESS_public)
    9417                      .dwattr $C$DW$658, DW_AT_decl_file("..\sources\fcl_foc_cpu_dm.h")
    9418                      .dwattr $C$DW$658, DW_AT_decl_line(0x10d)
    9419                      .dwattr $C$DW$658, DW_AT_decl_column(0x0a)
    9420              
    9421              $C$DW$659       .dwtag  DW_TAG_member
    9422                      .dwattr $C$DW$659, DW_AT_type(*$C$DW$T$86)
    9423                      .dwattr $C$DW$659, DW_AT_name("lsw2EntryFlag")
    9424                      .dwattr $C$DW$659, DW_AT_data_member_location[DW_OP_plus_uconst 0x1c6]
    9425                      .dwattr $C$DW$659, DW_AT_accessibility(DW_ACCESS_public)
    9426                      .dwattr $C$DW$659, DW_AT_decl_file("..\sources\fcl_foc_cpu_dm.h")
    9427                      .dwattr $C$DW$659, DW_AT_decl_line(0x10e)
    9428                      .dwattr $C$DW$659, DW_AT_decl_column(0x0a)
    9429              
    9430              $C$DW$660       .dwtag  DW_TAG_member
    9431                      .dwattr $C$DW$660, DW_AT_type(*$C$DW$T$86)
    9432                      .dwattr $C$DW$660, DW_AT_name("offsetDoneFlag")
    9433                      .dwattr $C$DW$660, DW_AT_data_member_location[DW_OP_plus_uconst 0x1c7]
    9434                      .dwattr $C$DW$660, DW_AT_accessibility(DW_ACCESS_public)
    9435                      .dwattr $C$DW$660, DW_AT_decl_file("..\sources\fcl_foc_cpu_dm.h")
    9436                      .dwattr $C$DW$660, DW_AT_decl_line(0x10f)
    9437                      .dwattr $C$DW$660, DW_AT_decl_column(0x0a)
    9438              
    9439              $C$DW$661       .dwtag  DW_TAG_member
    9440                      .dwattr $C$DW$661, DW_AT_type(*$C$DW$T$86)
    9441                      .dwattr $C$DW$661, DW_AT_name("sfraEnableFlag")
    9442                      .dwattr $C$DW$661, DW_AT_data_member_location[DW_OP_plus_uconst 0x1c8]
    9443                      .dwattr $C$DW$661, DW_AT_accessibility(DW_ACCESS_public)
TMS320C2000 Assembler PC v22.6.2 Thu Feb  5 15:43:43 2026

Copyright (c) 1996-2018 Texas Instruments Incorporated
dual_axis_servo_drive_user_cpu.asm                                   PAGE  183

    9444                      .dwattr $C$DW$661, DW_AT_decl_file("..\sources\fcl_foc_cpu_dm.h")
    9445                      .dwattr $C$DW$661, DW_AT_decl_line(0x110)
    9446                      .dwattr $C$DW$661, DW_AT_decl_column(0x0a)
    9447              
    9448                      .dwattr $C$DW$T$118, DW_AT_decl_file("..\sources\fcl_foc_cpu_dm.h")
    9449                      .dwattr $C$DW$T$118, DW_AT_decl_line(0x7f)
    9450                      .dwattr $C$DW$T$118, DW_AT_decl_column(0x10)
    9451                      .dwendtag $C$DW$T$118
    9452              
    9453                      .dwendtag $C$DW$TU$118
    9454              
    9455              
    9456              $C$DW$TU$137    .dwtag  DW_TAG_type_unit
    9457                      .dwmtype  $C$DW$T$137
    9458              $C$DW$T$137     .dwtag  DW_TAG_typedef
    9459                      .dwattr $C$DW$T$137, DW_AT_name("MOTOR_Vars_t")
    9460                      .dwattr $C$DW$T$137, DW_AT_type(*$C$DW$T$118)
    9461                      .dwattr $C$DW$T$137, DW_AT_decl_file("..\sources\fcl_foc_cpu_dm.h")
    9462                      .dwattr $C$DW$T$137, DW_AT_decl_line(0x111)
    9463                      .dwattr $C$DW$T$137, DW_AT_decl_column(0x03)
    9464              
    9465                      .dwendtag $C$DW$TU$137
    9466              
    9467              
    9468              $C$DW$TU$138    .dwtag  DW_TAG_type_unit
    9469                      .dwmtype  $C$DW$T$138
    9470              $C$DW$T$138     .dwtag  DW_TAG_pointer_type
    9471                      .dwattr $C$DW$T$138, DW_AT_type(*$C$DW$T$137)
    9472                      .dwattr $C$DW$T$138, DW_AT_address_class(0x20)
    9473              
    9474                      .dwendtag $C$DW$TU$138
    9475              
    9476              
    9477              $C$DW$TU$139    .dwtag  DW_TAG_type_unit
    9478                      .dwmtype  $C$DW$T$139
    9479              $C$DW$662       .dwtag  DW_TAG_TI_far_type
    9480                      .dwattr $C$DW$662, DW_AT_type(*$C$DW$T$138)
    9481              
    9482              $C$DW$T$139     .dwtag  DW_TAG_const_type
    9483                      .dwattr $C$DW$T$139, DW_AT_type(*$C$DW$662)
    9484              
    9485                      .dwendtag $C$DW$TU$139
    9486              
    9487              
    9488              $C$DW$TU$140    .dwtag  DW_TAG_type_unit
    9489                      .dwmtype  $C$DW$T$140
    9490              
    9491              $C$DW$T$140     .dwtag  DW_TAG_array_type
    9492                      .dwattr $C$DW$T$140, DW_AT_type(*$C$DW$T$137)
    9493                      .dwattr $C$DW$T$140, DW_AT_byte_size(0x394)
    9494              $C$DW$663       .dwtag  DW_TAG_subrange_type
    9495                      .dwattr $C$DW$663, DW_AT_upper_bound(0x01)
    9496              
    9497                      .dwendtag $C$DW$T$140
    9498              
TMS320C2000 Assembler PC v22.6.2 Thu Feb  5 15:43:43 2026

Copyright (c) 1996-2018 Texas Instruments Incorporated
dual_axis_servo_drive_user_cpu.asm                                   PAGE  184

    9499                      .dwendtag $C$DW$TU$140
    9500              
    9501              
    9502              $C$DW$TU$119    .dwtag  DW_TAG_type_unit
    9503                      .dwmtype  $C$DW$T$119
    9504              
    9505              $C$DW$T$119     .dwtag  DW_TAG_structure_type
    9506                      .dwattr $C$DW$T$119, DW_AT_name("_SPD_OBSERVER_obj_")
    9507                      .dwattr $C$DW$T$119, DW_AT_byte_size(0x1c)
    9508              $C$DW$664       .dwtag  DW_TAG_member
    9509                      .dwattr $C$DW$664, DW_AT_type(*$C$DW$T$21)
    9510                      .dwattr $C$DW$664, DW_AT_name("Ref")
    9511                      .dwattr $C$DW$664, DW_AT_accessibility(DW_ACCESS_public)
    9512                      .dwattr $C$DW$664, DW_AT_decl_file("C:/ti/C2000Ware_MotorControl_SDK_5_04_00_00/libraries/observers/s
    9513                      .dwattr $C$DW$664, DW_AT_decl_line(0x33)
    9514                      .dwattr $C$DW$664, DW_AT_decl_column(0x10)
    9515              
    9516              $C$DW$665       .dwtag  DW_TAG_member
    9517                      .dwattr $C$DW$665, DW_AT_type(*$C$DW$T$21)
    9518                      .dwattr $C$DW$665, DW_AT_name("Fbk")
    9519                      .dwattr $C$DW$665, DW_AT_data_member_location[DW_OP_plus_uconst 0x2]
    9520                      .dwattr $C$DW$665, DW_AT_accessibility(DW_ACCESS_public)
    9521                      .dwattr $C$DW$665, DW_AT_decl_file("C:/ti/C2000Ware_MotorControl_SDK_5_04_00_00/libraries/observers/s
    9522                      .dwattr $C$DW$665, DW_AT_decl_line(0x34)
    9523                      .dwattr $C$DW$665, DW_AT_decl_column(0x10)
    9524              
    9525              $C$DW$666       .dwtag  DW_TAG_member
    9526                      .dwattr $C$DW$666, DW_AT_type(*$C$DW$T$21)
    9527                      .dwattr $C$DW$666, DW_AT_name("Err")
    9528                      .dwattr $C$DW$666, DW_AT_data_member_location[DW_OP_plus_uconst 0x4]
    9529                      .dwattr $C$DW$666, DW_AT_accessibility(DW_ACCESS_public)
    9530                      .dwattr $C$DW$666, DW_AT_decl_file("C:/ti/C2000Ware_MotorControl_SDK_5_04_00_00/libraries/observers/s
    9531                      .dwattr $C$DW$666, DW_AT_decl_line(0x35)
    9532                      .dwattr $C$DW$666, DW_AT_decl_column(0x10)
    9533              
    9534              $C$DW$667       .dwtag  DW_TAG_member
    9535                      .dwattr $C$DW$667, DW_AT_type(*$C$DW$T$21)
    9536                      .dwattr $C$DW$667, DW_AT_name("Out")
    9537                      .dwattr $C$DW$667, DW_AT_data_member_location[DW_OP_plus_uconst 0x6]
    9538                      .dwattr $C$DW$667, DW_AT_accessibility(DW_ACCESS_public)
    9539                      .dwattr $C$DW$667, DW_AT_decl_file("C:/ti/C2000Ware_MotorControl_SDK_5_04_00_00/libraries/observers/s
    9540                      .dwattr $C$DW$667, DW_AT_decl_line(0x36)
    9541                      .dwattr $C$DW$667, DW_AT_decl_column(0x10)
    9542              
    9543              $C$DW$668       .dwtag  DW_TAG_member
    9544                      .dwattr $C$DW$668, DW_AT_type(*$C$DW$T$21)
    9545                      .dwattr $C$DW$668, DW_AT_name("Kp")
    9546                      .dwattr $C$DW$668, DW_AT_data_member_location[DW_OP_plus_uconst 0x8]
    9547                      .dwattr $C$DW$668, DW_AT_accessibility(DW_ACCESS_public)
    9548                      .dwattr $C$DW$668, DW_AT_decl_file("C:/ti/C2000Ware_MotorControl_SDK_5_04_00_00/libraries/observers/s
    9549                      .dwattr $C$DW$668, DW_AT_decl_line(0x37)
    9550                      .dwattr $C$DW$668, DW_AT_decl_column(0x10)
    9551              
    9552              $C$DW$669       .dwtag  DW_TAG_member
    9553                      .dwattr $C$DW$669, DW_AT_type(*$C$DW$T$21)
TMS320C2000 Assembler PC v22.6.2 Thu Feb  5 15:43:43 2026

Copyright (c) 1996-2018 Texas Instruments Incorporated
dual_axis_servo_drive_user_cpu.asm                                   PAGE  185

    9554                      .dwattr $C$DW$669, DW_AT_name("Ki")
    9555                      .dwattr $C$DW$669, DW_AT_data_member_location[DW_OP_plus_uconst 0xa]
    9556                      .dwattr $C$DW$669, DW_AT_accessibility(DW_ACCESS_public)
    9557                      .dwattr $C$DW$669, DW_AT_decl_file("C:/ti/C2000Ware_MotorControl_SDK_5_04_00_00/libraries/observers/s
    9558                      .dwattr $C$DW$669, DW_AT_decl_line(0x38)
    9559                      .dwattr $C$DW$669, DW_AT_decl_column(0x10)
    9560              
    9561              $C$DW$670       .dwtag  DW_TAG_member
    9562                      .dwattr $C$DW$670, DW_AT_type(*$C$DW$T$21)
    9563                      .dwattr $C$DW$670, DW_AT_name("KiT")
    9564                      .dwattr $C$DW$670, DW_AT_data_member_location[DW_OP_plus_uconst 0xc]
    9565                      .dwattr $C$DW$670, DW_AT_accessibility(DW_ACCESS_public)
    9566                      .dwattr $C$DW$670, DW_AT_decl_file("C:/ti/C2000Ware_MotorControl_SDK_5_04_00_00/libraries/observers/s
    9567                      .dwattr $C$DW$670, DW_AT_decl_line(0x39)
    9568                      .dwattr $C$DW$670, DW_AT_decl_column(0x10)
    9569              
    9570              $C$DW$671       .dwtag  DW_TAG_member
    9571                      .dwattr $C$DW$671, DW_AT_type(*$C$DW$T$21)
    9572                      .dwattr $C$DW$671, DW_AT_name("Umax")
    9573                      .dwattr $C$DW$671, DW_AT_data_member_location[DW_OP_plus_uconst 0xe]
    9574                      .dwattr $C$DW$671, DW_AT_accessibility(DW_ACCESS_public)
    9575                      .dwattr $C$DW$671, DW_AT_decl_file("C:/ti/C2000Ware_MotorControl_SDK_5_04_00_00/libraries/observers/s
    9576                      .dwattr $C$DW$671, DW_AT_decl_line(0x3a)
    9577                      .dwattr $C$DW$671, DW_AT_decl_column(0x10)
    9578              
    9579              $C$DW$672       .dwtag  DW_TAG_member
    9580                      .dwattr $C$DW$672, DW_AT_type(*$C$DW$T$21)
    9581                      .dwattr $C$DW$672, DW_AT_name("Umin")
    9582                      .dwattr $C$DW$672, DW_AT_data_member_location[DW_OP_plus_uconst 0x10]
    9583                      .dwattr $C$DW$672, DW_AT_accessibility(DW_ACCESS_public)
    9584                      .dwattr $C$DW$672, DW_AT_decl_file("C:/ti/C2000Ware_MotorControl_SDK_5_04_00_00/libraries/observers/s
    9585                      .dwattr $C$DW$672, DW_AT_decl_line(0x3b)
    9586                      .dwattr $C$DW$672, DW_AT_decl_column(0x10)
    9587              
    9588              $C$DW$673       .dwtag  DW_TAG_member
    9589                      .dwattr $C$DW$673, DW_AT_type(*$C$DW$T$21)
    9590                      .dwattr $C$DW$673, DW_AT_name("up")
    9591                      .dwattr $C$DW$673, DW_AT_data_member_location[DW_OP_plus_uconst 0x12]
    9592                      .dwattr $C$DW$673, DW_AT_accessibility(DW_ACCESS_public)
    9593                      .dwattr $C$DW$673, DW_AT_decl_file("C:/ti/C2000Ware_MotorControl_SDK_5_04_00_00/libraries/observers/s
    9594                      .dwattr $C$DW$673, DW_AT_decl_line(0x3c)
    9595                      .dwattr $C$DW$673, DW_AT_decl_column(0x10)
    9596              
    9597              $C$DW$674       .dwtag  DW_TAG_member
    9598                      .dwattr $C$DW$674, DW_AT_type(*$C$DW$T$21)
    9599                      .dwattr $C$DW$674, DW_AT_name("ui")
    9600                      .dwattr $C$DW$674, DW_AT_data_member_location[DW_OP_plus_uconst 0x14]
    9601                      .dwattr $C$DW$674, DW_AT_accessibility(DW_ACCESS_public)
    9602                      .dwattr $C$DW$674, DW_AT_decl_file("C:/ti/C2000Ware_MotorControl_SDK_5_04_00_00/libraries/observers/s
    9603                      .dwattr $C$DW$674, DW_AT_decl_line(0x3d)
    9604                      .dwattr $C$DW$674, DW_AT_decl_column(0x10)
    9605              
    9606              $C$DW$675       .dwtag  DW_TAG_member
    9607                      .dwattr $C$DW$675, DW_AT_type(*$C$DW$T$21)
    9608                      .dwattr $C$DW$675, DW_AT_name("IqMax")
TMS320C2000 Assembler PC v22.6.2 Thu Feb  5 15:43:43 2026

Copyright (c) 1996-2018 Texas Instruments Incorporated
dual_axis_servo_drive_user_cpu.asm                                   PAGE  186

    9609                      .dwattr $C$DW$675, DW_AT_data_member_location[DW_OP_plus_uconst 0x16]
    9610                      .dwattr $C$DW$675, DW_AT_accessibility(DW_ACCESS_public)
    9611                      .dwattr $C$DW$675, DW_AT_decl_file("C:/ti/C2000Ware_MotorControl_SDK_5_04_00_00/libraries/observers/s
    9612                      .dwattr $C$DW$675, DW_AT_decl_line(0x3e)
    9613                      .dwattr $C$DW$675, DW_AT_decl_column(0x10)
    9614              
    9615              $C$DW$676       .dwtag  DW_TAG_member
    9616                      .dwattr $C$DW$676, DW_AT_type(*$C$DW$T$21)
    9617                      .dwattr $C$DW$676, DW_AT_name("IqKf")
    9618                      .dwattr $C$DW$676, DW_AT_data_member_location[DW_OP_plus_uconst 0x18]
    9619                      .dwattr $C$DW$676, DW_AT_accessibility(DW_ACCESS_public)
    9620                      .dwattr $C$DW$676, DW_AT_decl_file("C:/ti/C2000Ware_MotorControl_SDK_5_04_00_00/libraries/observers/s
    9621                      .dwattr $C$DW$676, DW_AT_decl_line(0x3f)
    9622                      .dwattr $C$DW$676, DW_AT_decl_column(0x10)
    9623              
    9624              $C$DW$677       .dwtag  DW_TAG_member
    9625                      .dwattr $C$DW$677, DW_AT_type(*$C$DW$T$21)
    9626                      .dwattr $C$DW$677, DW_AT_name("thetaMax")
    9627                      .dwattr $C$DW$677, DW_AT_data_member_location[DW_OP_plus_uconst 0x1a]
    9628                      .dwattr $C$DW$677, DW_AT_accessibility(DW_ACCESS_public)
    9629                      .dwattr $C$DW$677, DW_AT_decl_file("C:/ti/C2000Ware_MotorControl_SDK_5_04_00_00/libraries/observers/s
    9630                      .dwattr $C$DW$677, DW_AT_decl_line(0x40)
    9631                      .dwattr $C$DW$677, DW_AT_decl_column(0x10)
    9632              
    9633                      .dwattr $C$DW$T$119, DW_AT_decl_file("C:/ti/C2000Ware_MotorControl_SDK_5_04_00_00/libraries/observers
    9634                      .dwattr $C$DW$T$119, DW_AT_decl_line(0x31)
    9635                      .dwattr $C$DW$T$119, DW_AT_decl_column(0x10)
    9636                      .dwendtag $C$DW$T$119
    9637              
    9638                      .dwendtag $C$DW$TU$119
    9639              
    9640              
    9641              $C$DW$TU$95     .dwtag  DW_TAG_type_unit
    9642                      .dwmtype  $C$DW$T$95
    9643              $C$DW$T$95      .dwtag  DW_TAG_typedef
    9644                      .dwattr $C$DW$T$95, DW_AT_name("SPD_OBSERVER")
    9645                      .dwattr $C$DW$T$95, DW_AT_type(*$C$DW$T$119)
    9646                      .dwattr $C$DW$T$95, DW_AT_decl_file("C:/ti/C2000Ware_MotorControl_SDK_5_04_00_00/libraries/observers/
    9647                      .dwattr $C$DW$T$95, DW_AT_decl_line(0x41)
    9648                      .dwattr $C$DW$T$95, DW_AT_decl_column(0x03)
    9649              
    9650                      .dwendtag $C$DW$TU$95
    9651              
    9652              
    9653              $C$DW$TU$2      .dwtag  DW_TAG_type_unit
    9654                      .dwmtype  $C$DW$T$2
    9655              $C$DW$T$2       .dwtag  DW_TAG_unspecified_type
    9656                      .dwattr $C$DW$T$2, DW_AT_name("void")
    9657              
    9658                      .dwendtag $C$DW$TU$2
    9659              
    9660              
    9661              $C$DW$TU$4      .dwtag  DW_TAG_type_unit
    9662                      .dwmtype  $C$DW$T$4
    9663              $C$DW$T$4       .dwtag  DW_TAG_base_type
TMS320C2000 Assembler PC v22.6.2 Thu Feb  5 15:43:43 2026

Copyright (c) 1996-2018 Texas Instruments Incorporated
dual_axis_servo_drive_user_cpu.asm                                   PAGE  187

    9664                      .dwattr $C$DW$T$4, DW_AT_encoding(DW_ATE_boolean)
    9665                      .dwattr $C$DW$T$4, DW_AT_name("bool")
    9666                      .dwattr $C$DW$T$4, DW_AT_byte_size(0x01)
    9667              
    9668                      .dwendtag $C$DW$TU$4
    9669              
    9670              
    9671              $C$DW$TU$5      .dwtag  DW_TAG_type_unit
    9672                      .dwmtype  $C$DW$T$5
    9673              $C$DW$T$5       .dwtag  DW_TAG_base_type
    9674                      .dwattr $C$DW$T$5, DW_AT_encoding(DW_ATE_signed_char)
    9675                      .dwattr $C$DW$T$5, DW_AT_name("signed char")
    9676                      .dwattr $C$DW$T$5, DW_AT_byte_size(0x01)
    9677              
    9678                      .dwendtag $C$DW$TU$5
    9679              
    9680              
    9681              $C$DW$TU$6      .dwtag  DW_TAG_type_unit
    9682                      .dwmtype  $C$DW$T$6
    9683              $C$DW$T$6       .dwtag  DW_TAG_base_type
    9684                      .dwattr $C$DW$T$6, DW_AT_encoding(DW_ATE_unsigned_char)
    9685                      .dwattr $C$DW$T$6, DW_AT_name("unsigned char")
    9686                      .dwattr $C$DW$T$6, DW_AT_byte_size(0x01)
    9687              
    9688                      .dwendtag $C$DW$TU$6
    9689              
    9690              
    9691              $C$DW$TU$7      .dwtag  DW_TAG_type_unit
    9692                      .dwmtype  $C$DW$T$7
    9693              $C$DW$T$7       .dwtag  DW_TAG_base_type
    9694                      .dwattr $C$DW$T$7, DW_AT_encoding(DW_ATE_signed_char)
    9695                      .dwattr $C$DW$T$7, DW_AT_name("wchar_t")
    9696                      .dwattr $C$DW$T$7, DW_AT_byte_size(0x02)
    9697              
    9698                      .dwendtag $C$DW$TU$7
    9699              
    9700              
    9701              $C$DW$TU$8      .dwtag  DW_TAG_type_unit
    9702                      .dwmtype  $C$DW$T$8
    9703              $C$DW$T$8       .dwtag  DW_TAG_base_type
    9704                      .dwattr $C$DW$T$8, DW_AT_encoding(DW_ATE_signed)
    9705                      .dwattr $C$DW$T$8, DW_AT_name("short")
    9706                      .dwattr $C$DW$T$8, DW_AT_byte_size(0x01)
    9707              
    9708                      .dwendtag $C$DW$TU$8
    9709              
    9710              
    9711              $C$DW$TU$9      .dwtag  DW_TAG_type_unit
    9712                      .dwmtype  $C$DW$T$9
    9713              $C$DW$T$9       .dwtag  DW_TAG_base_type
    9714                      .dwattr $C$DW$T$9, DW_AT_encoding(DW_ATE_unsigned)
    9715                      .dwattr $C$DW$T$9, DW_AT_name("unsigned short")
    9716                      .dwattr $C$DW$T$9, DW_AT_byte_size(0x01)
    9717              
    9718                      .dwendtag $C$DW$TU$9
TMS320C2000 Assembler PC v22.6.2 Thu Feb  5 15:43:43 2026

Copyright (c) 1996-2018 Texas Instruments Incorporated
dual_axis_servo_drive_user_cpu.asm                                   PAGE  188

    9719              
    9720              
    9721              $C$DW$TU$10     .dwtag  DW_TAG_type_unit
    9722                      .dwmtype  $C$DW$T$10
    9723              $C$DW$T$10      .dwtag  DW_TAG_base_type
    9724                      .dwattr $C$DW$T$10, DW_AT_encoding(DW_ATE_signed)
    9725                      .dwattr $C$DW$T$10, DW_AT_name("int")
    9726                      .dwattr $C$DW$T$10, DW_AT_byte_size(0x01)
    9727              
    9728                      .dwendtag $C$DW$TU$10
    9729              
    9730              
    9731              $C$DW$TU$11     .dwtag  DW_TAG_type_unit
    9732                      .dwmtype  $C$DW$T$11
    9733              $C$DW$T$11      .dwtag  DW_TAG_base_type
    9734                      .dwattr $C$DW$T$11, DW_AT_encoding(DW_ATE_unsigned)
    9735                      .dwattr $C$DW$T$11, DW_AT_name("unsigned int")
    9736                      .dwattr $C$DW$T$11, DW_AT_byte_size(0x01)
    9737              
    9738                      .dwendtag $C$DW$TU$11
    9739              
    9740              
    9741              $C$DW$TU$43     .dwtag  DW_TAG_type_unit
    9742                      .dwmtype  $C$DW$T$43
    9743              $C$DW$T$43      .dwtag  DW_TAG_typedef
    9744                      .dwattr $C$DW$T$43, DW_AT_name("Uint16")
    9745                      .dwattr $C$DW$T$43, DW_AT_type(*$C$DW$T$11)
    9746                      .dwattr $C$DW$T$43, DW_AT_decl_file("C:/ti/C2000Ware_MotorControl_SDK_5_04_00_00/c2000ware/device_sup
    9747                      .dwattr $C$DW$T$43, DW_AT_decl_line(0xbe)
    9748                      .dwattr $C$DW$T$43, DW_AT_decl_column(0x31)
    9749              
    9750                      .dwendtag $C$DW$TU$43
    9751              
    9752              
    9753              $C$DW$TU$47     .dwtag  DW_TAG_type_unit
    9754                      .dwmtype  $C$DW$T$47
    9755              
    9756              $C$DW$T$47      .dwtag  DW_TAG_array_type
    9757                      .dwattr $C$DW$T$47, DW_AT_type(*$C$DW$T$43)
    9758                      .dwattr $C$DW$T$47, DW_AT_byte_size(0x0f)
    9759              $C$DW$678       .dwtag  DW_TAG_subrange_type
    9760                      .dwattr $C$DW$678, DW_AT_upper_bound(0x0e)
    9761              
    9762                      .dwendtag $C$DW$T$47
    9763              
    9764                      .dwendtag $C$DW$TU$47
    9765              
    9766              
    9767              $C$DW$TU$29     .dwtag  DW_TAG_type_unit
    9768                      .dwmtype  $C$DW$T$29
    9769              $C$DW$T$29      .dwtag  DW_TAG_typedef
    9770                      .dwattr $C$DW$T$29, DW_AT_name("__uint16_t")
    9771                      .dwattr $C$DW$T$29, DW_AT_type(*$C$DW$T$11)
    9772                      .dwattr $C$DW$T$29, DW_AT_decl_file("C:/ti/ccs2031/ccs/tools/compiler/ti-cgt-c2000_22.6.2.LTS/include
    9773                      .dwattr $C$DW$T$29, DW_AT_decl_line(0x41)
TMS320C2000 Assembler PC v22.6.2 Thu Feb  5 15:43:43 2026

Copyright (c) 1996-2018 Texas Instruments Incorporated
dual_axis_servo_drive_user_cpu.asm                                   PAGE  189

    9774                      .dwattr $C$DW$T$29, DW_AT_decl_column(0x1c)
    9775              
    9776                      .dwendtag $C$DW$TU$29
    9777              
    9778              
    9779              $C$DW$TU$30     .dwtag  DW_TAG_type_unit
    9780                      .dwmtype  $C$DW$T$30
    9781              $C$DW$T$30      .dwtag  DW_TAG_typedef
    9782                      .dwattr $C$DW$T$30, DW_AT_name("uint16_t")
    9783                      .dwattr $C$DW$T$30, DW_AT_type(*$C$DW$T$29)
    9784                      .dwattr $C$DW$T$30, DW_AT_decl_file("C:/ti/ccs2031/ccs/tools/compiler/ti-cgt-c2000_22.6.2.LTS/include
    9785                      .dwattr $C$DW$T$30, DW_AT_decl_line(0x41)
    9786                      .dwattr $C$DW$T$30, DW_AT_decl_column(0x15)
    9787              
    9788                      .dwendtag $C$DW$TU$30
    9789              
    9790              
    9791              $C$DW$TU$12     .dwtag  DW_TAG_type_unit
    9792                      .dwmtype  $C$DW$T$12
    9793              $C$DW$T$12      .dwtag  DW_TAG_base_type
    9794                      .dwattr $C$DW$T$12, DW_AT_encoding(DW_ATE_signed)
    9795                      .dwattr $C$DW$T$12, DW_AT_name("long")
    9796                      .dwattr $C$DW$T$12, DW_AT_byte_size(0x02)
    9797              
    9798                      .dwendtag $C$DW$TU$12
    9799              
    9800              
    9801              $C$DW$TU$162    .dwtag  DW_TAG_type_unit
    9802                      .dwmtype  $C$DW$T$162
    9803              $C$DW$679       .dwtag  DW_TAG_TI_far_type
    9804                      .dwattr $C$DW$679, DW_AT_type(*$C$DW$T$12)
    9805              
    9806              $C$DW$T$162     .dwtag  DW_TAG_const_type
    9807                      .dwattr $C$DW$T$162, DW_AT_type(*$C$DW$679)
    9808              
    9809                      .dwendtag $C$DW$TU$162
    9810              
    9811              
    9812              $C$DW$TU$32     .dwtag  DW_TAG_type_unit
    9813                      .dwmtype  $C$DW$T$32
    9814              $C$DW$T$32      .dwtag  DW_TAG_typedef
    9815                      .dwattr $C$DW$T$32, DW_AT_name("__int32_t")
    9816                      .dwattr $C$DW$T$32, DW_AT_type(*$C$DW$T$12)
    9817                      .dwattr $C$DW$T$32, DW_AT_decl_file("C:/ti/ccs2031/ccs/tools/compiler/ti-cgt-c2000_22.6.2.LTS/include
    9818                      .dwattr $C$DW$T$32, DW_AT_decl_line(0x42)
    9819                      .dwattr $C$DW$T$32, DW_AT_decl_column(0x1d)
    9820              
    9821                      .dwendtag $C$DW$TU$32
    9822              
    9823              
    9824              $C$DW$TU$33     .dwtag  DW_TAG_type_unit
    9825                      .dwmtype  $C$DW$T$33
    9826              $C$DW$T$33      .dwtag  DW_TAG_typedef
    9827                      .dwattr $C$DW$T$33, DW_AT_name("int32_t")
    9828                      .dwattr $C$DW$T$33, DW_AT_type(*$C$DW$T$32)
TMS320C2000 Assembler PC v22.6.2 Thu Feb  5 15:43:43 2026

Copyright (c) 1996-2018 Texas Instruments Incorporated
dual_axis_servo_drive_user_cpu.asm                                   PAGE  190

    9829                      .dwattr $C$DW$T$33, DW_AT_decl_file("C:/ti/ccs2031/ccs/tools/compiler/ti-cgt-c2000_22.6.2.LTS/include
    9830                      .dwattr $C$DW$T$33, DW_AT_decl_line(0x30)
    9831                      .dwattr $C$DW$T$33, DW_AT_decl_column(0x14)
    9832              
    9833                      .dwendtag $C$DW$TU$33
    9834              
    9835              
    9836              $C$DW$TU$13     .dwtag  DW_TAG_type_unit
    9837                      .dwmtype  $C$DW$T$13
    9838              $C$DW$T$13      .dwtag  DW_TAG_base_type
    9839                      .dwattr $C$DW$T$13, DW_AT_encoding(DW_ATE_unsigned)
    9840                      .dwattr $C$DW$T$13, DW_AT_name("unsigned long")
    9841                      .dwattr $C$DW$T$13, DW_AT_byte_size(0x02)
    9842              
    9843                      .dwendtag $C$DW$TU$13
    9844              
    9845              
    9846              $C$DW$TU$46     .dwtag  DW_TAG_type_unit
    9847                      .dwmtype  $C$DW$T$46
    9848              $C$DW$T$46      .dwtag  DW_TAG_typedef
    9849                      .dwattr $C$DW$T$46, DW_AT_name("Uint32")
    9850                      .dwattr $C$DW$T$46, DW_AT_type(*$C$DW$T$13)
    9851                      .dwattr $C$DW$T$46, DW_AT_decl_file("C:/ti/C2000Ware_MotorControl_SDK_5_04_00_00/c2000ware/device_sup
    9852                      .dwattr $C$DW$T$46, DW_AT_decl_line(0xbf)
    9853                      .dwattr $C$DW$T$46, DW_AT_decl_column(0x31)
    9854              
    9855                      .dwendtag $C$DW$TU$46
    9856              
    9857              
    9858              $C$DW$TU$23     .dwtag  DW_TAG_type_unit
    9859                      .dwmtype  $C$DW$T$23
    9860              $C$DW$T$23      .dwtag  DW_TAG_typedef
    9861                      .dwattr $C$DW$T$23, DW_AT_name("__uint32_t")
    9862                      .dwattr $C$DW$T$23, DW_AT_type(*$C$DW$T$13)
    9863                      .dwattr $C$DW$T$23, DW_AT_decl_file("C:/ti/ccs2031/ccs/tools/compiler/ti-cgt-c2000_22.6.2.LTS/include
    9864                      .dwattr $C$DW$T$23, DW_AT_decl_line(0x43)
    9865                      .dwattr $C$DW$T$23, DW_AT_decl_column(0x1c)
    9866              
    9867                      .dwendtag $C$DW$TU$23
    9868              
    9869              
    9870              $C$DW$TU$24     .dwtag  DW_TAG_type_unit
    9871                      .dwmtype  $C$DW$T$24
    9872              $C$DW$T$24      .dwtag  DW_TAG_typedef
    9873                      .dwattr $C$DW$T$24, DW_AT_name("uint32_t")
    9874                      .dwattr $C$DW$T$24, DW_AT_type(*$C$DW$T$23)
    9875                      .dwattr $C$DW$T$24, DW_AT_decl_file("C:/ti/ccs2031/ccs/tools/compiler/ti-cgt-c2000_22.6.2.LTS/include
    9876                      .dwattr $C$DW$T$24, DW_AT_decl_line(0x46)
    9877                      .dwattr $C$DW$T$24, DW_AT_decl_column(0x15)
    9878              
    9879                      .dwendtag $C$DW$TU$24
    9880              
    9881              
    9882              $C$DW$TU$83     .dwtag  DW_TAG_type_unit
    9883                      .dwmtype  $C$DW$T$83
TMS320C2000 Assembler PC v22.6.2 Thu Feb  5 15:43:43 2026

Copyright (c) 1996-2018 Texas Instruments Incorporated
dual_axis_servo_drive_user_cpu.asm                                   PAGE  191

    9884              
    9885              $C$DW$T$83      .dwtag  DW_TAG_array_type
    9886                      .dwattr $C$DW$T$83, DW_AT_type(*$C$DW$T$24)
    9887                      .dwattr $C$DW$T$83, DW_AT_byte_size(0x06)
    9888              $C$DW$680       .dwtag  DW_TAG_subrange_type
    9889                      .dwattr $C$DW$680, DW_AT_upper_bound(0x02)
    9890              
    9891                      .dwendtag $C$DW$T$83
    9892              
    9893                      .dwendtag $C$DW$TU$83
    9894              
    9895              
    9896              $C$DW$TU$100    .dwtag  DW_TAG_type_unit
    9897                      .dwmtype  $C$DW$T$100
    9898              $C$DW$681       .dwtag  DW_TAG_TI_far_type
    9899                      .dwattr $C$DW$681, DW_AT_type(*$C$DW$T$24)
    9900              
    9901              $C$DW$T$100     .dwtag  DW_TAG_volatile_type
    9902                      .dwattr $C$DW$T$100, DW_AT_type(*$C$DW$681)
    9903              
    9904                      .dwendtag $C$DW$TU$100
    9905              
    9906              
    9907              $C$DW$TU$101    .dwtag  DW_TAG_type_unit
    9908                      .dwmtype  $C$DW$T$101
    9909              $C$DW$T$101     .dwtag  DW_TAG_pointer_type
    9910                      .dwattr $C$DW$T$101, DW_AT_type(*$C$DW$T$100)
    9911                      .dwattr $C$DW$T$101, DW_AT_address_class(0x20)
    9912              
    9913                      .dwendtag $C$DW$TU$101
    9914              
    9915              
    9916              $C$DW$TU$146    .dwtag  DW_TAG_type_unit
    9917                      .dwmtype  $C$DW$T$146
    9918              $C$DW$682       .dwtag  DW_TAG_TI_far_type
    9919                      .dwattr $C$DW$682, DW_AT_type(*$C$DW$T$24)
    9920              
    9921              $C$DW$T$146     .dwtag  DW_TAG_const_type
    9922                      .dwattr $C$DW$T$146, DW_AT_type(*$C$DW$682)
    9923              
    9924                      .dwendtag $C$DW$TU$146
    9925              
    9926              
    9927              $C$DW$TU$14     .dwtag  DW_TAG_type_unit
    9928                      .dwmtype  $C$DW$T$14
    9929              $C$DW$T$14      .dwtag  DW_TAG_base_type
    9930                      .dwattr $C$DW$T$14, DW_AT_encoding(DW_ATE_signed)
    9931                      .dwattr $C$DW$T$14, DW_AT_name("long long")
    9932                      .dwattr $C$DW$T$14, DW_AT_byte_size(0x04)
    9933              
    9934                      .dwendtag $C$DW$TU$14
    9935              
    9936              
    9937              $C$DW$TU$15     .dwtag  DW_TAG_type_unit
    9938                      .dwmtype  $C$DW$T$15
TMS320C2000 Assembler PC v22.6.2 Thu Feb  5 15:43:43 2026

Copyright (c) 1996-2018 Texas Instruments Incorporated
dual_axis_servo_drive_user_cpu.asm                                   PAGE  192

    9939              $C$DW$T$15      .dwtag  DW_TAG_base_type
    9940                      .dwattr $C$DW$T$15, DW_AT_encoding(DW_ATE_unsigned)
    9941                      .dwattr $C$DW$T$15, DW_AT_name("unsigned long long")
    9942                      .dwattr $C$DW$T$15, DW_AT_byte_size(0x04)
    9943              
    9944                      .dwendtag $C$DW$TU$15
    9945              
    9946              
    9947              $C$DW$TU$16     .dwtag  DW_TAG_type_unit
    9948                      .dwmtype  $C$DW$T$16
    9949              $C$DW$T$16      .dwtag  DW_TAG_base_type
    9950                      .dwattr $C$DW$T$16, DW_AT_encoding(DW_ATE_float)
    9951                      .dwattr $C$DW$T$16, DW_AT_name("float")
    9952                      .dwattr $C$DW$T$16, DW_AT_byte_size(0x02)
    9953              
    9954                      .dwendtag $C$DW$TU$16
    9955              
    9956              
    9957              $C$DW$TU$78     .dwtag  DW_TAG_type_unit
    9958                      .dwmtype  $C$DW$T$78
    9959              
    9960              $C$DW$T$78      .dwtag  DW_TAG_array_type
    9961                      .dwattr $C$DW$T$78, DW_AT_type(*$C$DW$T$16)
    9962                      .dwattr $C$DW$T$78, DW_AT_byte_size(0x04)
    9963              $C$DW$683       .dwtag  DW_TAG_subrange_type
    9964                      .dwattr $C$DW$683, DW_AT_upper_bound(0x01)
    9965              
    9966                      .dwendtag $C$DW$T$78
    9967              
    9968                      .dwendtag $C$DW$TU$78
    9969              
    9970              
    9971              $C$DW$TU$170    .dwtag  DW_TAG_type_unit
    9972                      .dwmtype  $C$DW$T$170
    9973              $C$DW$684       .dwtag  DW_TAG_TI_far_type
    9974                      .dwattr $C$DW$684, DW_AT_type(*$C$DW$T$16)
    9975              
    9976              $C$DW$T$170     .dwtag  DW_TAG_const_type
    9977                      .dwattr $C$DW$T$170, DW_AT_type(*$C$DW$684)
    9978              
    9979                      .dwendtag $C$DW$TU$170
    9980              
    9981              
    9982              $C$DW$TU$21     .dwtag  DW_TAG_type_unit
    9983                      .dwmtype  $C$DW$T$21
    9984              $C$DW$T$21      .dwtag  DW_TAG_typedef
    9985                      .dwattr $C$DW$T$21, DW_AT_name("float32_t")
    9986                      .dwattr $C$DW$T$21, DW_AT_type(*$C$DW$T$16)
    9987                      .dwattr $C$DW$T$21, DW_AT_decl_file("C:\ti\C2000Ware_MotorControl_SDK_5_04_00_00\c2000ware\driverlib\
    9988                      .dwattr $C$DW$T$21, DW_AT_decl_line(0x64)
    9989                      .dwattr $C$DW$T$21, DW_AT_decl_column(0x17)
    9990              
    9991                      .dwendtag $C$DW$TU$21
    9992              
    9993              
TMS320C2000 Assembler PC v22.6.2 Thu Feb  5 15:43:43 2026

Copyright (c) 1996-2018 Texas Instruments Incorporated
dual_axis_servo_drive_user_cpu.asm                                   PAGE  193

    9994              $C$DW$TU$17     .dwtag  DW_TAG_type_unit
    9995                      .dwmtype  $C$DW$T$17
    9996              $C$DW$T$17      .dwtag  DW_TAG_base_type
    9997                      .dwattr $C$DW$T$17, DW_AT_encoding(DW_ATE_float)
    9998                      .dwattr $C$DW$T$17, DW_AT_name("double")
    9999                      .dwattr $C$DW$T$17, DW_AT_byte_size(0x04)
   10000              
   10001                      .dwendtag $C$DW$TU$17
   10002              
   10003              
   10004              $C$DW$TU$76     .dwtag  DW_TAG_type_unit
   10005                      .dwmtype  $C$DW$T$76
   10006              
   10007              $C$DW$T$76      .dwtag  DW_TAG_array_type
   10008                      .dwattr $C$DW$T$76, DW_AT_type(*$C$DW$T$17)
   10009                      .dwattr $C$DW$T$76, DW_AT_byte_size(0x08)
   10010              $C$DW$685       .dwtag  DW_TAG_subrange_type
   10011                      .dwattr $C$DW$685, DW_AT_upper_bound(0x01)
   10012              
   10013                      .dwendtag $C$DW$T$76
   10014              
   10015                      .dwendtag $C$DW$TU$76
   10016              
   10017              
   10018              $C$DW$TU$172    .dwtag  DW_TAG_type_unit
   10019                      .dwmtype  $C$DW$T$172
   10020              $C$DW$T$172     .dwtag  DW_TAG_pointer_type
   10021                      .dwattr $C$DW$T$172, DW_AT_type(*$C$DW$T$17)
   10022                      .dwattr $C$DW$T$172, DW_AT_address_class(0x20)
   10023              
   10024                      .dwendtag $C$DW$TU$172
   10025              
   10026              
   10027              $C$DW$TU$173    .dwtag  DW_TAG_type_unit
   10028                      .dwmtype  $C$DW$T$173
   10029              $C$DW$686       .dwtag  DW_TAG_TI_far_type
   10030                      .dwattr $C$DW$686, DW_AT_type(*$C$DW$T$172)
   10031              
   10032              $C$DW$T$173     .dwtag  DW_TAG_const_type
   10033                      .dwattr $C$DW$T$173, DW_AT_type(*$C$DW$686)
   10034              
   10035                      .dwendtag $C$DW$TU$173
   10036              
   10037              
   10038              $C$DW$TU$18     .dwtag  DW_TAG_type_unit
   10039                      .dwmtype  $C$DW$T$18
   10040              $C$DW$T$18      .dwtag  DW_TAG_base_type
   10041                      .dwattr $C$DW$T$18, DW_AT_encoding(DW_ATE_float)
   10042                      .dwattr $C$DW$T$18, DW_AT_name("long double")
   10043                      .dwattr $C$DW$T$18, DW_AT_byte_size(0x04)
   10044              
   10045                      .dwendtag $C$DW$TU$18
   10046              
   10047              
   10048              $C$DW$TU$80     .dwtag  DW_TAG_type_unit
TMS320C2000 Assembler PC v22.6.2 Thu Feb  5 15:43:43 2026

Copyright (c) 1996-2018 Texas Instruments Incorporated
dual_axis_servo_drive_user_cpu.asm                                   PAGE  194

   10049                      .dwmtype  $C$DW$T$80
   10050              
   10051              $C$DW$T$80      .dwtag  DW_TAG_array_type
   10052                      .dwattr $C$DW$T$80, DW_AT_type(*$C$DW$T$18)
   10053                      .dwattr $C$DW$T$80, DW_AT_byte_size(0x08)
   10054              $C$DW$687       .dwtag  DW_TAG_subrange_type
   10055                      .dwattr $C$DW$687, DW_AT_upper_bound(0x01)
   10056              
   10057                      .dwendtag $C$DW$T$80
   10058              
   10059                      .dwendtag $C$DW$TU$80
   10060              
   10061              
   10062              $C$DW$TU$175    .dwtag  DW_TAG_type_unit
   10063                      .dwmtype  $C$DW$T$175
   10064              $C$DW$T$175     .dwtag  DW_TAG_pointer_type
   10065                      .dwattr $C$DW$T$175, DW_AT_type(*$C$DW$T$18)
   10066                      .dwattr $C$DW$T$175, DW_AT_address_class(0x20)
   10067              
   10068                      .dwendtag $C$DW$TU$175
   10069              
   10070              
   10071              $C$DW$TU$176    .dwtag  DW_TAG_type_unit
   10072                      .dwmtype  $C$DW$T$176
   10073              $C$DW$688       .dwtag  DW_TAG_TI_far_type
   10074                      .dwattr $C$DW$688, DW_AT_type(*$C$DW$T$175)
   10075              
   10076              $C$DW$T$176     .dwtag  DW_TAG_const_type
   10077                      .dwattr $C$DW$T$176, DW_AT_type(*$C$DW$688)
   10078              
   10079                      .dwendtag $C$DW$TU$176
   10080              
   10081              
   10082              $C$DW$TU$86     .dwtag  DW_TAG_type_unit
   10083                      .dwmtype  $C$DW$T$86
   10084              $C$DW$T$86      .dwtag  DW_TAG_base_type
   10085                      .dwattr $C$DW$T$86, DW_AT_encoding(DW_ATE_unsigned_char)
   10086                      .dwattr $C$DW$T$86, DW_AT_name("unsigned char")
   10087                      .dwattr $C$DW$T$86, DW_AT_byte_size(0x01)
   10088              
   10089                      .dwendtag $C$DW$TU$86
   10090              

No Assembly Errors, No Assembly Warnings
