TMS320C2000 Assembler PC v22.6.2 Thu Feb 12 10:37:10 2026

Copyright (c) 1996-2018 Texas Instruments Incorporated
dual_axis_servo_drive_hal.asm                                        PAGE    1

       1              ;***************************************************************
       2              ;* TMS320C2000 G3 C/C++ Codegen                               PC v22.6.2.LTS *
       3              ;* Date/Time created: Thu Feb 12 10:37:10 2026                 *
       4              ;***************************************************************
       5                      .compiler_opts --abi=eabi --diag_wrap=off --float_support=fpu32 --hll_source=on --idiv_support=idiv0 
       6                      .asg    XAR2, FP
       7              
       8              $C$DW$CU        .dwtag  DW_TAG_compile_unit
       9                      .dwattr $C$DW$CU, DW_AT_name("../sources/dual_axis_servo_drive_hal.c")
      10                      .dwattr $C$DW$CU, DW_AT_producer("TI TMS320C2000 G3 C/C++ Codegen PC v22.6.2.LTS Copyright (c) 1996-2
      11                      .dwattr $C$DW$CU, DW_AT_TI_version(0x01)
      12                      .dwattr $C$DW$CU, DW_AT_comp_dir("C:\Users\Teddy\Documents\GitHub\2512_TI_DSP_BLDC_MotorControlSDK\1.
      13              
      14              $C$DW$1 .dwtag  DW_TAG_subprogram
      15                      .dwattr $C$DW$1, DW_AT_name("Interrupt_enable")
      16                      .dwattr $C$DW$1, DW_AT_linkage_name("Interrupt_enable")
      17                      .dwattr $C$DW$1, DW_AT_declaration
      18                      .dwattr $C$DW$1, DW_AT_external
      19                      .dwattr $C$DW$1, DW_AT_decl_file("C:\ti\C2000Ware_MotorControl_SDK_5_04_00_00\c2000ware\driverlib\f28
      20                      .dwattr $C$DW$1, DW_AT_decl_line(0x1c7)
      21                      .dwattr $C$DW$1, DW_AT_decl_column(0x01)
      22              $C$DW$2 .dwtag  DW_TAG_formal_parameter
      23                      .dwattr $C$DW$2, DW_AT_type(*$C$DW$T$28)
      24              
      25                      .dwendtag $C$DW$1
      26              
      27              
      28              $C$DW$3 .dwtag  DW_TAG_subprogram
      29                      .dwattr $C$DW$3, DW_AT_name("Device_initGPIO")
      30                      .dwattr $C$DW$3, DW_AT_linkage_name("Device_initGPIO")
      31                      .dwattr $C$DW$3, DW_AT_declaration
      32                      .dwattr $C$DW$3, DW_AT_external
      33                      .dwattr $C$DW$3, DW_AT_decl_file("C:/ti/C2000Ware_MotorControl_SDK_5_04_00_00/c2000ware/device_suppor
      34                      .dwattr $C$DW$3, DW_AT_decl_line(0x1aa)
      35                      .dwattr $C$DW$3, DW_AT_decl_column(0x0d)
      36                      .dwendtag $C$DW$3
      37              
      38              
      39              $C$DW$4 .dwtag  DW_TAG_subprogram
      40                      .dwattr $C$DW$4, DW_AT_name("Interrupt_initModule")
      41                      .dwattr $C$DW$4, DW_AT_linkage_name("Interrupt_initModule")
      42                      .dwattr $C$DW$4, DW_AT_declaration
      43                      .dwattr $C$DW$4, DW_AT_external
      44                      .dwattr $C$DW$4, DW_AT_decl_file("C:\ti\C2000Ware_MotorControl_SDK_5_04_00_00\c2000ware\driverlib\f28
      45                      .dwattr $C$DW$4, DW_AT_decl_line(0x1a9)
      46                      .dwattr $C$DW$4, DW_AT_decl_column(0x01)
      47                      .dwendtag $C$DW$4
      48              
      49              
      50              $C$DW$5 .dwtag  DW_TAG_subprogram
      51                      .dwattr $C$DW$5, DW_AT_name("Interrupt_initVectorTable")
      52                      .dwattr $C$DW$5, DW_AT_linkage_name("Interrupt_initVectorTable")
      53                      .dwattr $C$DW$5, DW_AT_declaration
      54                      .dwattr $C$DW$5, DW_AT_external
      55                      .dwattr $C$DW$5, DW_AT_decl_file("C:\ti\C2000Ware_MotorControl_SDK_5_04_00_00\c2000ware\driverlib\f28
TMS320C2000 Assembler PC v22.6.2 Thu Feb 12 10:37:10 2026

Copyright (c) 1996-2018 Texas Instruments Incorporated
dual_axis_servo_drive_hal.asm                                        PAGE    2

      56                      .dwattr $C$DW$5, DW_AT_decl_line(0x1b4)
      57                      .dwattr $C$DW$5, DW_AT_decl_column(0x01)
      58                      .dwendtag $C$DW$5
      59              
      60              
      61              $C$DW$6 .dwtag  DW_TAG_subprogram
      62                      .dwattr $C$DW$6, DW_AT_name("SysCtl_delay")
      63                      .dwattr $C$DW$6, DW_AT_linkage_name("SysCtl_delay")
      64                      .dwattr $C$DW$6, DW_AT_declaration
      65                      .dwattr $C$DW$6, DW_AT_external
      66                      .dwattr $C$DW$6, DW_AT_decl_file("C:\ti\C2000Ware_MotorControl_SDK_5_04_00_00\c2000ware\driverlib\f28
      67                      .dwattr $C$DW$6, DW_AT_decl_line(0xcd7)
      68                      .dwattr $C$DW$6, DW_AT_decl_column(0x01)
      69              $C$DW$7 .dwtag  DW_TAG_formal_parameter
      70                      .dwattr $C$DW$7, DW_AT_type(*$C$DW$T$28)
      71              
      72                      .dwendtag $C$DW$6
      73              
      74              
      75              $C$DW$8 .dwtag  DW_TAG_subprogram
      76                      .dwattr $C$DW$8, DW_AT_name("ADC_setVREF")
      77                      .dwattr $C$DW$8, DW_AT_linkage_name("ADC_setVREF")
      78                      .dwattr $C$DW$8, DW_AT_declaration
      79                      .dwattr $C$DW$8, DW_AT_external
      80                      .dwattr $C$DW$8, DW_AT_decl_file("C:/ti/C2000Ware_MotorControl_SDK_5_04_00_00/c2000ware/driverlib/f28
      81                      .dwattr $C$DW$8, DW_AT_decl_line(0x7ee)
      82                      .dwattr $C$DW$8, DW_AT_decl_column(0x01)
      83              $C$DW$9 .dwtag  DW_TAG_formal_parameter
      84                      .dwattr $C$DW$9, DW_AT_type(*$C$DW$T$28)
      85              
      86              $C$DW$10        .dwtag  DW_TAG_formal_parameter
      87                      .dwattr $C$DW$10, DW_AT_type(*$C$DW$T$53)
      88              
      89              $C$DW$11        .dwtag  DW_TAG_formal_parameter
      90                      .dwattr $C$DW$11, DW_AT_type(*$C$DW$T$55)
      91              
      92                      .dwendtag $C$DW$8
      93              
      94              
      95              $C$DW$12        .dwtag  DW_TAG_subprogram
      96                      .dwattr $C$DW$12, DW_AT_name("CMPSS_configFilterHigh")
      97                      .dwattr $C$DW$12, DW_AT_linkage_name("CMPSS_configFilterHigh")
      98                      .dwattr $C$DW$12, DW_AT_declaration
      99                      .dwattr $C$DW$12, DW_AT_external
     100                      .dwattr $C$DW$12, DW_AT_decl_file("C:/ti/C2000Ware_MotorControl_SDK_5_04_00_00/c2000ware/driverlib/f2
     101                      .dwattr $C$DW$12, DW_AT_decl_line(0x4ff)
     102                      .dwattr $C$DW$12, DW_AT_decl_column(0x01)
     103              $C$DW$13        .dwtag  DW_TAG_formal_parameter
     104                      .dwattr $C$DW$13, DW_AT_type(*$C$DW$T$28)
     105              
     106              $C$DW$14        .dwtag  DW_TAG_formal_parameter
     107                      .dwattr $C$DW$14, DW_AT_type(*$C$DW$T$171)
     108              
     109              $C$DW$15        .dwtag  DW_TAG_formal_parameter
     110                      .dwattr $C$DW$15, DW_AT_type(*$C$DW$T$171)
TMS320C2000 Assembler PC v22.6.2 Thu Feb 12 10:37:10 2026

Copyright (c) 1996-2018 Texas Instruments Incorporated
dual_axis_servo_drive_hal.asm                                        PAGE    3

     111              
     112              $C$DW$16        .dwtag  DW_TAG_formal_parameter
     113                      .dwattr $C$DW$16, DW_AT_type(*$C$DW$T$171)
     114              
     115                      .dwendtag $C$DW$12
     116              
     117              
     118              $C$DW$17        .dwtag  DW_TAG_subprogram
     119                      .dwattr $C$DW$17, DW_AT_name("CMPSS_configFilterLow")
     120                      .dwattr $C$DW$17, DW_AT_linkage_name("CMPSS_configFilterLow")
     121                      .dwattr $C$DW$17, DW_AT_declaration
     122                      .dwattr $C$DW$17, DW_AT_external
     123                      .dwattr $C$DW$17, DW_AT_decl_file("C:/ti/C2000Ware_MotorControl_SDK_5_04_00_00/c2000ware/driverlib/f2
     124                      .dwattr $C$DW$17, DW_AT_decl_line(0x52f)
     125                      .dwattr $C$DW$17, DW_AT_decl_column(0x01)
     126              $C$DW$18        .dwtag  DW_TAG_formal_parameter
     127                      .dwattr $C$DW$18, DW_AT_type(*$C$DW$T$28)
     128              
     129              $C$DW$19        .dwtag  DW_TAG_formal_parameter
     130                      .dwattr $C$DW$19, DW_AT_type(*$C$DW$T$171)
     131              
     132              $C$DW$20        .dwtag  DW_TAG_formal_parameter
     133                      .dwattr $C$DW$20, DW_AT_type(*$C$DW$T$171)
     134              
     135              $C$DW$21        .dwtag  DW_TAG_formal_parameter
     136                      .dwattr $C$DW$21, DW_AT_type(*$C$DW$T$171)
     137              
     138                      .dwendtag $C$DW$17
     139              
     140              
     141              $C$DW$22        .dwtag  DW_TAG_subprogram
     142                      .dwattr $C$DW$22, DW_AT_name("motor1ControlISR")
     143                      .dwattr $C$DW$22, DW_AT_linkage_name("motor1ControlISR")
     144                      .dwattr $C$DW$22, DW_AT_declaration
     145                      .dwattr $C$DW$22, DW_AT_external
     146                      .dwattr $C$DW$22, DW_AT_decl_file("../sources/dual_axis_servo_drive_hal.c")
     147                      .dwattr $C$DW$22, DW_AT_decl_line(0x4b)
     148                      .dwattr $C$DW$22, DW_AT_decl_column(0x19)
     149                      .dwendtag $C$DW$22
     150              
     151              
     152              $C$DW$23        .dwtag  DW_TAG_subprogram
     153                      .dwattr $C$DW$23, DW_AT_name("CPUTimer_setEmulationMode")
     154                      .dwattr $C$DW$23, DW_AT_linkage_name("CPUTimer_setEmulationMode")
     155                      .dwattr $C$DW$23, DW_AT_declaration
     156                      .dwattr $C$DW$23, DW_AT_external
     157                      .dwattr $C$DW$23, DW_AT_decl_file("C:/ti/C2000Ware_MotorControl_SDK_5_04_00_00/c2000ware/driverlib/f2
     158                      .dwattr $C$DW$23, DW_AT_decl_line(0x1e3)
     159                      .dwattr $C$DW$23, DW_AT_decl_column(0x0d)
     160              $C$DW$24        .dwtag  DW_TAG_formal_parameter
     161                      .dwattr $C$DW$24, DW_AT_type(*$C$DW$T$28)
     162              
     163              $C$DW$25        .dwtag  DW_TAG_formal_parameter
     164                      .dwattr $C$DW$25, DW_AT_type(*$C$DW$T$67)
     165              
TMS320C2000 Assembler PC v22.6.2 Thu Feb 12 10:37:10 2026

Copyright (c) 1996-2018 Texas Instruments Incorporated
dual_axis_servo_drive_hal.asm                                        PAGE    4

     166                      .dwendtag $C$DW$23
     167              
     168              
     169              $C$DW$26        .dwtag  DW_TAG_subprogram
     170                      .dwattr $C$DW$26, DW_AT_name("GPIO_setPinConfig")
     171                      .dwattr $C$DW$26, DW_AT_linkage_name("GPIO_setPinConfig")
     172                      .dwattr $C$DW$26, DW_AT_declaration
     173                      .dwattr $C$DW$26, DW_AT_external
     174                      .dwattr $C$DW$26, DW_AT_decl_file("C:/ti/C2000Ware_MotorControl_SDK_5_04_00_00/c2000ware/driverlib/f2
     175                      .dwattr $C$DW$26, DW_AT_decl_line(0x420)
     176                      .dwattr $C$DW$26, DW_AT_decl_column(0x01)
     177              $C$DW$27        .dwtag  DW_TAG_formal_parameter
     178                      .dwattr $C$DW$27, DW_AT_type(*$C$DW$T$28)
     179              
     180                      .dwendtag $C$DW$26
     181              
     182              
     183              $C$DW$28        .dwtag  DW_TAG_subprogram
     184                      .dwattr $C$DW$28, DW_AT_name("GPIO_setDirectionMode")
     185                      .dwattr $C$DW$28, DW_AT_linkage_name("GPIO_setDirectionMode")
     186                      .dwattr $C$DW$28, DW_AT_declaration
     187                      .dwattr $C$DW$28, DW_AT_external
     188                      .dwattr $C$DW$28, DW_AT_decl_file("C:/ti/C2000Ware_MotorControl_SDK_5_04_00_00/c2000ware/driverlib/f2
     189                      .dwattr $C$DW$28, DW_AT_decl_line(0x356)
     190                      .dwattr $C$DW$28, DW_AT_decl_column(0x01)
     191              $C$DW$29        .dwtag  DW_TAG_formal_parameter
     192                      .dwattr $C$DW$29, DW_AT_type(*$C$DW$T$28)
     193              
     194              $C$DW$30        .dwtag  DW_TAG_formal_parameter
     195                      .dwattr $C$DW$30, DW_AT_type(*$C$DW$T$125)
     196              
     197                      .dwendtag $C$DW$28
     198              
     199              
     200              $C$DW$31        .dwtag  DW_TAG_subprogram
     201                      .dwattr $C$DW$31, DW_AT_name("GPIO_setPadConfig")
     202                      .dwattr $C$DW$31, DW_AT_linkage_name("GPIO_setPadConfig")
     203                      .dwattr $C$DW$31, DW_AT_declaration
     204                      .dwattr $C$DW$31, DW_AT_external
     205                      .dwattr $C$DW$31, DW_AT_decl_file("C:/ti/C2000Ware_MotorControl_SDK_5_04_00_00/c2000ware/driverlib/f2
     206                      .dwattr $C$DW$31, DW_AT_decl_line(0x39f)
     207                      .dwattr $C$DW$31, DW_AT_decl_column(0x01)
     208              $C$DW$32        .dwtag  DW_TAG_formal_parameter
     209                      .dwattr $C$DW$32, DW_AT_type(*$C$DW$T$28)
     210              
     211              $C$DW$33        .dwtag  DW_TAG_formal_parameter
     212                      .dwattr $C$DW$33, DW_AT_type(*$C$DW$T$28)
     213              
     214                      .dwendtag $C$DW$31
     215              
     216              
     217              $C$DW$34        .dwtag  DW_TAG_subprogram
     218                      .dwattr $C$DW$34, DW_AT_name("GPIO_setQualificationMode")
     219                      .dwattr $C$DW$34, DW_AT_linkage_name("GPIO_setQualificationMode")
     220                      .dwattr $C$DW$34, DW_AT_declaration
TMS320C2000 Assembler PC v22.6.2 Thu Feb 12 10:37:10 2026

Copyright (c) 1996-2018 Texas Instruments Incorporated
dual_axis_servo_drive_hal.asm                                        PAGE    5

     221                      .dwattr $C$DW$34, DW_AT_external
     222                      .dwattr $C$DW$34, DW_AT_decl_file("C:/ti/C2000Ware_MotorControl_SDK_5_04_00_00/c2000ware/driverlib/f2
     223                      .dwattr $C$DW$34, DW_AT_decl_line(0x3c6)
     224                      .dwattr $C$DW$34, DW_AT_decl_column(0x01)
     225              $C$DW$35        .dwtag  DW_TAG_formal_parameter
     226                      .dwattr $C$DW$35, DW_AT_type(*$C$DW$T$28)
     227              
     228              $C$DW$36        .dwtag  DW_TAG_formal_parameter
     229                      .dwattr $C$DW$36, DW_AT_type(*$C$DW$T$127)
     230              
     231                      .dwendtag $C$DW$34
     232              
     233              
     234              $C$DW$37        .dwtag  DW_TAG_subprogram
     235                      .dwattr $C$DW$37, DW_AT_name("GPIO_setQualificationPeriod")
     236                      .dwattr $C$DW$37, DW_AT_linkage_name("GPIO_setQualificationPeriod")
     237                      .dwattr $C$DW$37, DW_AT_declaration
     238                      .dwattr $C$DW$37, DW_AT_external
     239                      .dwattr $C$DW$37, DW_AT_decl_file("C:/ti/C2000Ware_MotorControl_SDK_5_04_00_00/c2000ware/driverlib/f2
     240                      .dwattr $C$DW$37, DW_AT_decl_line(0x3ed)
     241                      .dwattr $C$DW$37, DW_AT_decl_column(0x01)
     242              $C$DW$38        .dwtag  DW_TAG_formal_parameter
     243                      .dwattr $C$DW$38, DW_AT_type(*$C$DW$T$28)
     244              
     245              $C$DW$39        .dwtag  DW_TAG_formal_parameter
     246                      .dwattr $C$DW$39, DW_AT_type(*$C$DW$T$28)
     247              
     248                      .dwendtag $C$DW$37
     249              
     250              
     251              $C$DW$40        .dwtag  DW_TAG_subprogram
     252                      .dwattr $C$DW$40, DW_AT_name("XBAR_setEPWMMuxConfig")
     253                      .dwattr $C$DW$40, DW_AT_linkage_name("XBAR_setEPWMMuxConfig")
     254                      .dwattr $C$DW$40, DW_AT_declaration
     255                      .dwattr $C$DW$40, DW_AT_external
     256                      .dwattr $C$DW$40, DW_AT_decl_file("C:\ti\C2000Ware_MotorControl_SDK_5_04_00_00\c2000ware\driverlib\f2
     257                      .dwattr $C$DW$40, DW_AT_decl_line(0x4b3)
     258                      .dwattr $C$DW$40, DW_AT_decl_column(0x01)
     259              $C$DW$41        .dwtag  DW_TAG_formal_parameter
     260                      .dwattr $C$DW$41, DW_AT_type(*$C$DW$T$119)
     261              
     262              $C$DW$42        .dwtag  DW_TAG_formal_parameter
     263                      .dwattr $C$DW$42, DW_AT_type(*$C$DW$T$123)
     264              
     265                      .dwendtag $C$DW$40
     266              
     267                      .global ||hlt||
     268 00000000               .data
     269                      .align  1
     270                      .elfsym ||hlt||,SYM_SIZE(1),SYM_BLOCKED(1)
     271 00000000       ||hlt||:
     272 00000000 7FFF          .bits           0x7fff,16
     273                                      ; hlt @ 0
     274              
     275              $C$DW$43        .dwtag  DW_TAG_variable
TMS320C2000 Assembler PC v22.6.2 Thu Feb 12 10:37:10 2026

Copyright (c) 1996-2018 Texas Instruments Incorporated
dual_axis_servo_drive_hal.asm                                        PAGE    6

     276                      .dwattr $C$DW$43, DW_AT_name("hlt")
     277                      .dwattr $C$DW$43, DW_AT_linkage_name("hlt")
     278                      .dwattr $C$DW$43, DW_AT_location[DW_OP_addr ||hlt||]
     279                      .dwattr $C$DW$43, DW_AT_type(*$C$DW$T$171)
     280                      .dwattr $C$DW$43, DW_AT_external
     281                      .dwattr $C$DW$43, DW_AT_decl_file("../sources/dual_axis_servo_drive_hal.c")
     282                      .dwattr $C$DW$43, DW_AT_decl_line(0x3a)
     283                      .dwattr $C$DW$43, DW_AT_decl_column(0x0a)
     284              
     285                      .global ||llt||
     286 00000001               .data
     287                      .align  1
     288                      .elfsym ||llt||,SYM_SIZE(1),SYM_BLOCKED(1)
     289 00000001       ||llt||:
     290 00000001 0000          .bits           0,16
     291                                      ; llt @ 0
     292              
     293              $C$DW$44        .dwtag  DW_TAG_variable
     294                      .dwattr $C$DW$44, DW_AT_name("llt")
     295                      .dwattr $C$DW$44, DW_AT_linkage_name("llt")
     296                      .dwattr $C$DW$44, DW_AT_location[DW_OP_addr ||llt||]
     297                      .dwattr $C$DW$44, DW_AT_type(*$C$DW$T$171)
     298                      .dwattr $C$DW$44, DW_AT_external
     299                      .dwattr $C$DW$44, DW_AT_decl_file("../sources/dual_axis_servo_drive_hal.c")
     300                      .dwattr $C$DW$44, DW_AT_decl_line(0x3b)
     301                      .dwattr $C$DW$44, DW_AT_decl_column(0x0a)
     302              
     303              
     304              $C$DW$45        .dwtag  DW_TAG_subprogram
     305                      .dwattr $C$DW$45, DW_AT_name("__eallow")
     306                      .dwattr $C$DW$45, DW_AT_linkage_name("__eallow")
     307                      .dwattr $C$DW$45, DW_AT_declaration
     308                      .dwattr $C$DW$45, DW_AT_external
     309                      .dwendtag $C$DW$45
     310              
     311              
     312              $C$DW$46        .dwtag  DW_TAG_subprogram
     313                      .dwattr $C$DW$46, DW_AT_name("__edis")
     314                      .dwattr $C$DW$46, DW_AT_linkage_name("__edis")
     315                      .dwattr $C$DW$46, DW_AT_declaration
     316                      .dwattr $C$DW$46, DW_AT_external
     317                      .dwendtag $C$DW$46
     318              
     319              $C$DW$47        .dwtag  DW_TAG_variable
     320                      .dwattr $C$DW$47, DW_AT_name("halMtr")
     321                      .dwattr $C$DW$47, DW_AT_linkage_name("halMtr")
     322                      .dwattr $C$DW$47, DW_AT_type(*$C$DW$T$139)
     323                      .dwattr $C$DW$47, DW_AT_declaration
     324                      .dwattr $C$DW$47, DW_AT_external
     325                      .dwattr $C$DW$47, DW_AT_decl_file("..\sources\dual_axis_servo_drive_hal.h")
     326                      .dwattr $C$DW$47, DW_AT_decl_line(0xc8)
     327                      .dwattr $C$DW$47, DW_AT_decl_column(0x17)
     328              
     329                      .sblock ".data"
     330              ;       C:\ti\ccs2031\ccs\tools\compiler\ti-cgt-c2000_22.6.2.LTS\bin\opt2000.exe C:\\Users\\Teddy\\AppData\\L
TMS320C2000 Assembler PC v22.6.2 Thu Feb 12 10:37:10 2026

Copyright (c) 1996-2018 Texas Instruments Incorporated
dual_axis_servo_drive_hal.asm                                        PAGE    7

     331              ;       C:\ti\ccs2031\ccs\tools\compiler\ti-cgt-c2000_22.6.2.LTS\bin\acia2000.exe -@C:\\Users\\Teddy\\AppData
     332 00000000               .sect   ".text:__signbitl"
     333                      .clink
     334                      .global ||__signbitl||
     335              
     336              $C$DW$48        .dwtag  DW_TAG_subprogram
     337                      .dwattr $C$DW$48, DW_AT_name("__signbitl")
     338                      .dwattr $C$DW$48, DW_AT_low_pc(||__signbitl||)
     339                      .dwattr $C$DW$48, DW_AT_high_pc(0x00)
     340                      .dwattr $C$DW$48, DW_AT_linkage_name("__signbitl")
     341                      .dwattr $C$DW$48, DW_AT_external
     342                      .dwattr $C$DW$48, DW_AT_type(*$C$DW$T$10)
     343                      .dwattr $C$DW$48, DW_AT_decl_file("C:/ti/ccs2031/ccs/tools/compiler/ti-cgt-c2000_22.6.2.LTS/include/_
     344                      .dwattr $C$DW$48, DW_AT_decl_line(0x16f)
     345                      .dwattr $C$DW$48, DW_AT_decl_column(0x18)
     346                      .dwattr $C$DW$48, DW_AT_TI_max_frame_size(-6)
     347                      .dwpsn  file "C:/ti/ccs2031/ccs/tools/compiler/ti-cgt-c2000_22.6.2.LTS/include/_defs.h",line 368,colu
     348              
     349                      .dwfde $C$DW$CIE, ||__signbitl||
     350              $C$DW$49        .dwtag  DW_TAG_formal_parameter
     351                      .dwattr $C$DW$49, DW_AT_name("e")
     352                      .dwattr $C$DW$49, DW_AT_type(*$C$DW$T$248)
     353                      .dwattr $C$DW$49, DW_AT_location[DW_OP_reg12]
     354              
     355              
     356              ;***************************************************************
     357              ;* FNAME: __signbitl                    FR SIZE:   4           *
     358              ;*                                                             *
     359              ;* FUNCTION ENVIRONMENT                                        *
     360              ;*                                                             *
     361              ;* FUNCTION PROPERTIES                                         *
     362              ;*                            4 Parameter,  0 Auto,  0 SOE     *
     363              ;***************************************************************
     364              
     365              ||__signbitl||:
     366              ;* AR4   assigned to e
     367              $C$DW$50        .dwtag  DW_TAG_variable
     368                      .dwattr $C$DW$50, DW_AT_name("e")
     369                      .dwattr $C$DW$50, DW_AT_type(*$C$DW$T$249)
     370                      .dwattr $C$DW$50, DW_AT_location[DW_OP_reg12]
     371              
     372                      .dwcfi  cfa_offset, -2
     373                      .dwcfi  save_reg_to_mem, 26, 0
     374 00000000 FE04          ADDB      SP,#4                 ; [CPU_ARAU] 
     375                      .dwcfi  cfa_offset, -6
     376                      .dwpsn  file "C:/ti/ccs2031/ccs/tools/compiler/ti-cgt-c2000_22.6.2.LTS/include/_defs.h",line 368,colu
     377 00000001 0200          MOVB      ACC,#0                ; [CPU_ALU] |368| 
     378 00000002 1E44          MOVL      *-SP[4],ACC           ; [CPU_ALU] |368| 
     379 00000003 2B42          MOV       *-SP[2],#0            ; [CPU_ALU] |368| 
     380 00000004 2B41          MOV       *-SP[1],#0            ; [CPU_ALU] |368| 
     381 00000005 A3C4          MOVL      P,*+XAR4[0]           ; [CPU_ALU] |368| 
     382 00000006 06D4          MOVL      ACC,*+XAR4[2]         ; [CPU_ALU] |368| 
     383 00000007 18AB          AND       PL,#0                 ; [CPU_ALU] |368| 
         00000008 0000 
     384 00000009 18AA          AND       PH,#0                 ; [CPU_ALU] |368| 
TMS320C2000 Assembler PC v22.6.2 Thu Feb 12 10:37:10 2026

Copyright (c) 1996-2018 Texas Instruments Incorporated
dual_axis_servo_drive_hal.asm                                        PAGE    8

         0000000a 0000 
     385 0000000b 9000          ANDB      AL,#0                 ; [CPU_ALU] |368| 
     386 0000000c 18A8          AND       AH,#32768             ; [CPU_ALU] |368| 
         0000000d 8000 
     387              $C$DW$51        .dwtag  DW_TAG_TI_branch
     388                      .dwattr $C$DW$51, DW_AT_low_pc(0x00)
     389                      .dwattr $C$DW$51, DW_AT_name("__c28xabi_cmpull")
     390                      .dwattr $C$DW$51, DW_AT_TI_call
     391              
     392 0000000e 7640!         LCR       #||__c28xabi_cmpull|| ; [CPU_ALU] |368| 
         0000000f 0000 
     393                      ; call occurs [#||__c28xabi_cmpull||] ; [] |368| 
     394 00000010 9B00          MOVB      AH,#0                 ; [CPU_ALU] |368| 
     395 00000011 5200          CMPB      AL,#0                 ; [CPU_ALU] |368| 
     396 00000012 56B0          MOVB      AH,#1,NEQ             ; [CPU_ALU] |368| 
         00000013 01A8 
     397 00000014 92A8          MOV       AL,AH                 ; [CPU_ALU] |368| 
     398 00000015 FE84          SUBB      SP,#4                 ; [CPU_ARAU] 
     399                      .dwcfi  cfa_offset, -2
     400              $C$DW$52        .dwtag  DW_TAG_TI_branch
     401                      .dwattr $C$DW$52, DW_AT_low_pc(0x00)
     402                      .dwattr $C$DW$52, DW_AT_TI_return
     403              
     404 00000016 0006          LRETR     ; [CPU_ALU] 
     405                      ; return occurs ; [] 
     406                      .dwattr $C$DW$48, DW_AT_TI_end_file("C:/ti/ccs2031/ccs/tools/compiler/ti-cgt-c2000_22.6.2.LTS/include
     407                      .dwattr $C$DW$48, DW_AT_TI_end_line(0x170)
     408                      .dwattr $C$DW$48, DW_AT_TI_end_column(0x2b)
     409                      .dwendentry
     410                      .dwendtag $C$DW$48
     411              
     412 00000000               .sect   ".text:__signbitf"
     413                      .clink
     414                      .global ||__signbitf||
     415              
     416              $C$DW$53        .dwtag  DW_TAG_subprogram
     417                      .dwattr $C$DW$53, DW_AT_name("__signbitf")
     418                      .dwattr $C$DW$53, DW_AT_low_pc(||__signbitf||)
     419                      .dwattr $C$DW$53, DW_AT_high_pc(0x00)
     420                      .dwattr $C$DW$53, DW_AT_linkage_name("__signbitf")
     421                      .dwattr $C$DW$53, DW_AT_external
     422                      .dwattr $C$DW$53, DW_AT_type(*$C$DW$T$10)
     423                      .dwattr $C$DW$53, DW_AT_decl_file("C:/ti/ccs2031/ccs/tools/compiler/ti-cgt-c2000_22.6.2.LTS/include/_
     424                      .dwattr $C$DW$53, DW_AT_decl_line(0x16d)
     425                      .dwattr $C$DW$53, DW_AT_decl_column(0x18)
     426                      .dwattr $C$DW$53, DW_AT_TI_max_frame_size(-2)
     427                      .dwpsn  file "C:/ti/ccs2031/ccs/tools/compiler/ti-cgt-c2000_22.6.2.LTS/include/_defs.h",line 366,colu
     428              
     429                      .dwfde $C$DW$CIE, ||__signbitf||
     430              $C$DW$54        .dwtag  DW_TAG_formal_parameter
     431                      .dwattr $C$DW$54, DW_AT_name("f")
     432                      .dwattr $C$DW$54, DW_AT_type(*$C$DW$T$16)
     433                      .dwattr $C$DW$54, DW_AT_location[DW_OP_regx 0x2b]
     434              
     435              
TMS320C2000 Assembler PC v22.6.2 Thu Feb 12 10:37:10 2026

Copyright (c) 1996-2018 Texas Instruments Incorporated
dual_axis_servo_drive_hal.asm                                        PAGE    9

     436              ;***************************************************************
     437              ;* FNAME: __signbitf                    FR SIZE:   0           *
     438              ;*                                                             *
     439              ;* FUNCTION ENVIRONMENT                                        *
     440              ;*                                                             *
     441              ;* FUNCTION PROPERTIES                                         *
     442              ;*                            0 Parameter,  0 Auto,  0 SOE     *
     443              ;***************************************************************
     444              
     445              ||__signbitf||:
     446              ;* R0    assigned to f
     447              $C$DW$55        .dwtag  DW_TAG_variable
     448                      .dwattr $C$DW$55, DW_AT_name("f")
     449                      .dwattr $C$DW$55, DW_AT_type(*$C$DW$T$244)
     450                      .dwattr $C$DW$55, DW_AT_location[DW_OP_regx 0x2b]
     451              
     452                      .dwcfi  cfa_offset, -2
     453                      .dwcfi  save_reg_to_mem, 26, 0
     454                      .dwpsn  file "C:/ti/ccs2031/ccs/tools/compiler/ti-cgt-c2000_22.6.2.LTS/include/_defs.h",line 366,colu
     455 00000000 BFA9          MOV32     ACC,R0H               ; [CPU_FPU] |366| 
         00000001 0F12 
     456 00000002 BE00          MOVB      XAR6,#0               ; [CPU_ALU] |366| 
     457 00000003 9000          ANDB      AL,#0                 ; [CPU_ALU] |366| 
     458 00000004 18A8          AND       AH,#32768             ; [CPU_ALU] |366| 
         00000005 8000 
     459 00000006 FF58          TEST      ACC                   ; [CPU_ALU] |366| 
     460 00000007 56B0          MOVB      XAR6,#1,NEQ           ; [CPU_ALU] |366| 
         00000008 01A6 
     461 00000009 92A6          MOV       AL,AR6                ; [CPU_ALU] |366| 
     462              $C$DW$56        .dwtag  DW_TAG_TI_branch
     463                      .dwattr $C$DW$56, DW_AT_low_pc(0x00)
     464                      .dwattr $C$DW$56, DW_AT_TI_return
     465              
     466 0000000a 0006          LRETR     ; [CPU_ALU] 
     467                      ; return occurs ; [] 
     468                      .dwattr $C$DW$53, DW_AT_TI_end_file("C:/ti/ccs2031/ccs/tools/compiler/ti-cgt-c2000_22.6.2.LTS/include
     469                      .dwattr $C$DW$53, DW_AT_TI_end_line(0x16e)
     470                      .dwattr $C$DW$53, DW_AT_TI_end_column(0x29)
     471                      .dwendentry
     472                      .dwendtag $C$DW$53
     473              
     474 00000000               .sect   ".text:__signbit"
     475                      .clink
     476                      .global ||__signbit||
     477              
     478              $C$DW$57        .dwtag  DW_TAG_subprogram
     479                      .dwattr $C$DW$57, DW_AT_name("__signbit")
     480                      .dwattr $C$DW$57, DW_AT_low_pc(||__signbit||)
     481                      .dwattr $C$DW$57, DW_AT_high_pc(0x00)
     482                      .dwattr $C$DW$57, DW_AT_linkage_name("__signbit")
     483                      .dwattr $C$DW$57, DW_AT_external
     484                      .dwattr $C$DW$57, DW_AT_type(*$C$DW$T$10)
     485                      .dwattr $C$DW$57, DW_AT_decl_file("C:/ti/ccs2031/ccs/tools/compiler/ti-cgt-c2000_22.6.2.LTS/include/_
     486                      .dwattr $C$DW$57, DW_AT_decl_line(0x16b)
     487                      .dwattr $C$DW$57, DW_AT_decl_column(0x18)
TMS320C2000 Assembler PC v22.6.2 Thu Feb 12 10:37:10 2026

Copyright (c) 1996-2018 Texas Instruments Incorporated
dual_axis_servo_drive_hal.asm                                        PAGE   10

     488                      .dwattr $C$DW$57, DW_AT_TI_max_frame_size(-6)
     489                      .dwpsn  file "C:/ti/ccs2031/ccs/tools/compiler/ti-cgt-c2000_22.6.2.LTS/include/_defs.h",line 364,colu
     490              
     491                      .dwfde $C$DW$CIE, ||__signbit||
     492              $C$DW$58        .dwtag  DW_TAG_formal_parameter
     493                      .dwattr $C$DW$58, DW_AT_name("d")
     494                      .dwattr $C$DW$58, DW_AT_type(*$C$DW$T$245)
     495                      .dwattr $C$DW$58, DW_AT_location[DW_OP_reg12]
     496              
     497              
     498              ;***************************************************************
     499              ;* FNAME: __signbit                     FR SIZE:   4           *
     500              ;*                                                             *
     501              ;* FUNCTION ENVIRONMENT                                        *
     502              ;*                                                             *
     503              ;* FUNCTION PROPERTIES                                         *
     504              ;*                            4 Parameter,  0 Auto,  0 SOE     *
     505              ;***************************************************************
     506              
     507              ||__signbit||:
     508              ;* AR4   assigned to d
     509              $C$DW$59        .dwtag  DW_TAG_variable
     510                      .dwattr $C$DW$59, DW_AT_name("d")
     511                      .dwattr $C$DW$59, DW_AT_type(*$C$DW$T$246)
     512                      .dwattr $C$DW$59, DW_AT_location[DW_OP_reg12]
     513              
     514                      .dwcfi  cfa_offset, -2
     515                      .dwcfi  save_reg_to_mem, 26, 0
     516 00000000 FE04          ADDB      SP,#4                 ; [CPU_ARAU] 
     517                      .dwcfi  cfa_offset, -6
     518                      .dwpsn  file "C:/ti/ccs2031/ccs/tools/compiler/ti-cgt-c2000_22.6.2.LTS/include/_defs.h",line 364,colu
     519 00000001 0200          MOVB      ACC,#0                ; [CPU_ALU] |364| 
     520 00000002 1E44          MOVL      *-SP[4],ACC           ; [CPU_ALU] |364| 
     521 00000003 2B42          MOV       *-SP[2],#0            ; [CPU_ALU] |364| 
     522 00000004 2B41          MOV       *-SP[1],#0            ; [CPU_ALU] |364| 
     523 00000005 A3C4          MOVL      P,*+XAR4[0]           ; [CPU_ALU] |364| 
     524 00000006 06D4          MOVL      ACC,*+XAR4[2]         ; [CPU_ALU] |364| 
     525 00000007 18AB          AND       PL,#0                 ; [CPU_ALU] |364| 
         00000008 0000 
     526 00000009 18AA          AND       PH,#0                 ; [CPU_ALU] |364| 
         0000000a 0000 
     527 0000000b 9000          ANDB      AL,#0                 ; [CPU_ALU] |364| 
     528 0000000c 18A8          AND       AH,#32768             ; [CPU_ALU] |364| 
         0000000d 8000 
     529              $C$DW$60        .dwtag  DW_TAG_TI_branch
     530                      .dwattr $C$DW$60, DW_AT_low_pc(0x00)
     531                      .dwattr $C$DW$60, DW_AT_name("__c28xabi_cmpull")
     532                      .dwattr $C$DW$60, DW_AT_TI_call
     533              
     534 0000000e 7640!         LCR       #||__c28xabi_cmpull|| ; [CPU_ALU] |364| 
         0000000f 0000 
     535                      ; call occurs [#||__c28xabi_cmpull||] ; [] |364| 
     536 00000010 9B00          MOVB      AH,#0                 ; [CPU_ALU] |364| 
     537 00000011 5200          CMPB      AL,#0                 ; [CPU_ALU] |364| 
     538 00000012 56B0          MOVB      AH,#1,NEQ             ; [CPU_ALU] |364| 
TMS320C2000 Assembler PC v22.6.2 Thu Feb 12 10:37:10 2026

Copyright (c) 1996-2018 Texas Instruments Incorporated
dual_axis_servo_drive_hal.asm                                        PAGE   11

         00000013 01A8 
     539 00000014 92A8          MOV       AL,AH                 ; [CPU_ALU] |364| 
     540 00000015 FE84          SUBB      SP,#4                 ; [CPU_ARAU] 
     541                      .dwcfi  cfa_offset, -2
     542              $C$DW$61        .dwtag  DW_TAG_TI_branch
     543                      .dwattr $C$DW$61, DW_AT_low_pc(0x00)
     544                      .dwattr $C$DW$61, DW_AT_TI_return
     545              
     546 00000016 0006          LRETR     ; [CPU_ALU] 
     547                      ; return occurs ; [] 
     548                      .dwattr $C$DW$57, DW_AT_TI_end_file("C:/ti/ccs2031/ccs/tools/compiler/ti-cgt-c2000_22.6.2.LTS/include
     549                      .dwattr $C$DW$57, DW_AT_TI_end_line(0x16c)
     550                      .dwattr $C$DW$57, DW_AT_TI_end_column(0x2a)
     551                      .dwendentry
     552                      .dwendtag $C$DW$57
     553              
     554 00000000               .sect   ".text:__relaxed_sqrtf"
     555                      .clink
     556                      .global ||__relaxed_sqrtf||
     557              
     558              $C$DW$62        .dwtag  DW_TAG_subprogram
     559                      .dwattr $C$DW$62, DW_AT_name("__relaxed_sqrtf")
     560                      .dwattr $C$DW$62, DW_AT_low_pc(||__relaxed_sqrtf||)
     561                      .dwattr $C$DW$62, DW_AT_high_pc(0x00)
     562                      .dwattr $C$DW$62, DW_AT_linkage_name("__relaxed_sqrtf")
     563                      .dwattr $C$DW$62, DW_AT_external
     564                      .dwattr $C$DW$62, DW_AT_type(*$C$DW$T$16)
     565                      .dwattr $C$DW$62, DW_AT_decl_file("C:/ti/ccs2031/ccs/tools/compiler/ti-cgt-c2000_22.6.2.LTS/include/m
     566                      .dwattr $C$DW$62, DW_AT_decl_line(0x103)
     567                      .dwattr $C$DW$62, DW_AT_decl_column(0x10)
     568                      .dwattr $C$DW$62, DW_AT_TI_max_frame_size(-2)
     569                      .dwpsn  file "C:/ti/ccs2031/ccs/tools/compiler/ti-cgt-c2000_22.6.2.LTS/include/math.h",line 260,colum
     570              
     571                      .dwfde $C$DW$CIE, ||__relaxed_sqrtf||
     572              $C$DW$63        .dwtag  DW_TAG_formal_parameter
     573                      .dwattr $C$DW$63, DW_AT_name("x")
     574                      .dwattr $C$DW$63, DW_AT_type(*$C$DW$T$16)
     575                      .dwattr $C$DW$63, DW_AT_location[DW_OP_regx 0x2b]
     576              
     577              
     578              ;***************************************************************
     579              ;* FNAME: __relaxed_sqrtf               FR SIZE:   0           *
     580              ;*                                                             *
     581              ;* FUNCTION ENVIRONMENT                                        *
     582              ;*                                                             *
     583              ;* FUNCTION PROPERTIES                                         *
     584              ;*                            0 Parameter,  0 Auto,  0 SOE     *
     585              ;***************************************************************
     586              
     587              ||__relaxed_sqrtf||:
     588              ;* R0    assigned to x
     589              $C$DW$64        .dwtag  DW_TAG_variable
     590                      .dwattr $C$DW$64, DW_AT_name("x")
     591                      .dwattr $C$DW$64, DW_AT_type(*$C$DW$T$244)
     592                      .dwattr $C$DW$64, DW_AT_location[DW_OP_regx 0x2b]
TMS320C2000 Assembler PC v22.6.2 Thu Feb 12 10:37:10 2026

Copyright (c) 1996-2018 Texas Instruments Incorporated
dual_axis_servo_drive_hal.asm                                        PAGE   12

     593              
     594                      .dwcfi  cfa_offset, -2
     595                      .dwcfi  save_reg_to_mem, 26, 0
     596                      .dwpsn  file "C:/ti/ccs2031/ccs/tools/compiler/ti-cgt-c2000_22.6.2.LTS/include/math.h",line 261,colum
     597 00000000 E277          SQRTF32   R0H,R0H               ; [CPU_FPU] |261| 
         00000001 0000 
     598 00000002 7700          NOP       ; [CPU_ALU] 
     599 00000003 7700          NOP       ; [CPU_ALU] 
     600 00000004 7700          NOP       ; [CPU_ALU] 
     601              $C$DW$65        .dwtag  DW_TAG_TI_branch
     602                      .dwattr $C$DW$65, DW_AT_low_pc(0x00)
     603                      .dwattr $C$DW$65, DW_AT_TI_return
     604              
     605 00000005 0006          LRETR     ; [CPU_ALU] 
     606                      ; return occurs ; [] 
     607                      .dwattr $C$DW$62, DW_AT_TI_end_file("C:/ti/ccs2031/ccs/tools/compiler/ti-cgt-c2000_22.6.2.LTS/include
     608                      .dwattr $C$DW$62, DW_AT_TI_end_line(0x106)
     609                      .dwattr $C$DW$62, DW_AT_TI_end_column(0x01)
     610                      .dwendentry
     611                      .dwendtag $C$DW$62
     612              
     613 00000000               .sect   ".text:__relaxed_sinf"
     614                      .clink
     615                      .global ||__relaxed_sinf||
     616              
     617              $C$DW$66        .dwtag  DW_TAG_subprogram
     618                      .dwattr $C$DW$66, DW_AT_name("__relaxed_sinf")
     619                      .dwattr $C$DW$66, DW_AT_low_pc(||__relaxed_sinf||)
     620                      .dwattr $C$DW$66, DW_AT_high_pc(0x00)
     621                      .dwattr $C$DW$66, DW_AT_linkage_name("__relaxed_sinf")
     622                      .dwattr $C$DW$66, DW_AT_external
     623                      .dwattr $C$DW$66, DW_AT_type(*$C$DW$T$16)
     624                      .dwattr $C$DW$66, DW_AT_decl_file("C:/ti/ccs2031/ccs/tools/compiler/ti-cgt-c2000_22.6.2.LTS/include/m
     625                      .dwattr $C$DW$66, DW_AT_decl_line(0x108)
     626                      .dwattr $C$DW$66, DW_AT_decl_column(0x10)
     627                      .dwattr $C$DW$66, DW_AT_TI_max_frame_size(-2)
     628                      .dwpsn  file "C:/ti/ccs2031/ccs/tools/compiler/ti-cgt-c2000_22.6.2.LTS/include/math.h",line 265,colum
     629              
     630                      .dwfde $C$DW$CIE, ||__relaxed_sinf||
     631              $C$DW$67        .dwtag  DW_TAG_formal_parameter
     632                      .dwattr $C$DW$67, DW_AT_name("x")
     633                      .dwattr $C$DW$67, DW_AT_type(*$C$DW$T$16)
     634                      .dwattr $C$DW$67, DW_AT_location[DW_OP_regx 0x2b]
     635              
     636              
     637              ;***************************************************************
     638              ;* FNAME: __relaxed_sinf                FR SIZE:   0           *
     639              ;*                                                             *
     640              ;* FUNCTION ENVIRONMENT                                        *
     641              ;*                                                             *
     642              ;* FUNCTION PROPERTIES                                         *
     643              ;*                            0 Parameter,  0 Auto,  0 SOE     *
     644              ;***************************************************************
     645              
     646              ||__relaxed_sinf||:
TMS320C2000 Assembler PC v22.6.2 Thu Feb 12 10:37:10 2026

Copyright (c) 1996-2018 Texas Instruments Incorporated
dual_axis_servo_drive_hal.asm                                        PAGE   13

     647              ;* R0    assigned to x
     648              $C$DW$68        .dwtag  DW_TAG_variable
     649                      .dwattr $C$DW$68, DW_AT_name("x")
     650                      .dwattr $C$DW$68, DW_AT_type(*$C$DW$T$244)
     651                      .dwattr $C$DW$68, DW_AT_location[DW_OP_regx 0x2b]
     652              
     653                      .dwcfi  cfa_offset, -2
     654                      .dwcfi  save_reg_to_mem, 26, 0
     655                      .dwpsn  file "C:/ti/ccs2031/ccs/tools/compiler/ti-cgt-c2000_22.6.2.LTS/include/math.h",line 266,colum
     656 00000000 E271          DIV2PIF32 R0H,R0H               ; [CPU_FPU] |266| 
         00000001 0000 
     657 00000002 7700          NOP       ; [CPU_ALU] 
     658 00000003 E278          SINPUF32  R0H,R0H               ; [CPU_FPU] |266| 
         00000004 0000 
     659 00000005 7700          NOP       ; [CPU_ALU] 
     660 00000006 7700          NOP       ; [CPU_ALU] 
     661              $C$DW$69        .dwtag  DW_TAG_TI_branch
     662                      .dwattr $C$DW$69, DW_AT_low_pc(0x00)
     663                      .dwattr $C$DW$69, DW_AT_TI_return
     664              
     665 00000007 0006          LRETR     ; [CPU_ALU] 
     666                      ; return occurs ; [] 
     667                      .dwattr $C$DW$66, DW_AT_TI_end_file("C:/ti/ccs2031/ccs/tools/compiler/ti-cgt-c2000_22.6.2.LTS/include
     668                      .dwattr $C$DW$66, DW_AT_TI_end_line(0x10b)
     669                      .dwattr $C$DW$66, DW_AT_TI_end_column(0x01)
     670                      .dwendentry
     671                      .dwendtag $C$DW$66
     672              
     673 00000000               .sect   ".text:__relaxed_powf"
     674                      .clink
     675                      .global ||__relaxed_powf||
     676              
     677              $C$DW$70        .dwtag  DW_TAG_subprogram
     678                      .dwattr $C$DW$70, DW_AT_name("__relaxed_powf")
     679                      .dwattr $C$DW$70, DW_AT_low_pc(||__relaxed_powf||)
     680                      .dwattr $C$DW$70, DW_AT_high_pc(0x00)
     681                      .dwattr $C$DW$70, DW_AT_linkage_name("__relaxed_powf")
     682                      .dwattr $C$DW$70, DW_AT_external
     683                      .dwattr $C$DW$70, DW_AT_type(*$C$DW$T$16)
     684                      .dwattr $C$DW$70, DW_AT_decl_file("C:/ti/ccs2031/ccs/tools/compiler/ti-cgt-c2000_22.6.2.LTS/include/m
     685                      .dwattr $C$DW$70, DW_AT_decl_line(0x13b)
     686                      .dwattr $C$DW$70, DW_AT_decl_column(0x10)
     687                      .dwattr $C$DW$70, DW_AT_TI_max_frame_size(-4)
     688                      .dwpsn  file "C:/ti/ccs2031/ccs/tools/compiler/ti-cgt-c2000_22.6.2.LTS/include/math.h",line 316,colum
     689              
     690                      .dwfde $C$DW$CIE, ||__relaxed_powf||
     691              $C$DW$71        .dwtag  DW_TAG_formal_parameter
     692                      .dwattr $C$DW$71, DW_AT_name("x")
     693                      .dwattr $C$DW$71, DW_AT_type(*$C$DW$T$16)
     694                      .dwattr $C$DW$71, DW_AT_location[DW_OP_regx 0x2b]
     695              
     696              $C$DW$72        .dwtag  DW_TAG_formal_parameter
     697                      .dwattr $C$DW$72, DW_AT_name("y")
     698                      .dwattr $C$DW$72, DW_AT_type(*$C$DW$T$16)
     699                      .dwattr $C$DW$72, DW_AT_location[DW_OP_regx 0x2f]
TMS320C2000 Assembler PC v22.6.2 Thu Feb 12 10:37:10 2026

Copyright (c) 1996-2018 Texas Instruments Incorporated
dual_axis_servo_drive_hal.asm                                        PAGE   14

     700              
     701              
     702              ;***************************************************************
     703              ;* FNAME: __relaxed_powf                FR SIZE:   2           *
     704              ;*                                                             *
     705              ;* FUNCTION ENVIRONMENT                                        *
     706              ;*                                                             *
     707              ;* FUNCTION PROPERTIES                                         *
     708              ;*                            2 Parameter,  0 Auto,  0 SOE     *
     709              ;***************************************************************
     710              
     711              ||__relaxed_powf||:
     712              ;* R1    assigned to $O$C2
     713              ;* R0    assigned to $O$K4
     714              ;* R0    assigned to $O$R1
     715              ;* R0    assigned to x
     716              $C$DW$73        .dwtag  DW_TAG_variable
     717                      .dwattr $C$DW$73, DW_AT_name("x")
     718                      .dwattr $C$DW$73, DW_AT_type(*$C$DW$T$244)
     719                      .dwattr $C$DW$73, DW_AT_location[DW_OP_regx 0x2b]
     720              
     721              ;* R1    assigned to y
     722              $C$DW$74        .dwtag  DW_TAG_variable
     723                      .dwattr $C$DW$74, DW_AT_name("y")
     724                      .dwattr $C$DW$74, DW_AT_type(*$C$DW$T$244)
     725                      .dwattr $C$DW$74, DW_AT_location[DW_OP_regx 0x2f]
     726              
     727              ;* R0    assigned to iexp2f
     728              $C$DW$75        .dwtag  DW_TAG_variable
     729                      .dwattr $C$DW$75, DW_AT_name("iexp2f")
     730                      .dwattr $C$DW$75, DW_AT_type(*$C$DW$T$16)
     731                      .dwattr $C$DW$75, DW_AT_location[DW_OP_regx 0x2b]
     732              
     733                      .dwcfi  cfa_offset, -2
     734                      .dwcfi  save_reg_to_mem, 26, 0
     735 00000000 FE02          ADDB      SP,#2                 ; [CPU_ARAU] 
     736                      .dwcfi  cfa_offset, -4
     737                      .dwpsn  file "C:/ti/ccs2031/ccs/tools/compiler/ti-cgt-c2000_22.6.2.LTS/include/math.h",line 298,colum
     738 00000001 E272          LOG2F32   R0H,R0H               ; [CPU_FPU] |298| 
         00000002 0000 
     739 00000003 7700          NOP       ; [CPU_ALU] 
     740 00000004 7700          NOP       ; [CPU_ALU] 
     741 00000005 7700          NOP       ; [CPU_ALU] 
     742 00000006 E700          MPYF32    R1H,R1H,R0H           ; [CPU_FPU] |298| 
         00000007 0009 
     743 00000008 7700          NOP       ; [CPU_ALU] 
     744                      .dwpsn  file "C:/ti/ccs2031/ccs/tools/compiler/ti-cgt-c2000_22.6.2.LTS/include/math.h",line 299,colum
     745 00000009 E5A1          CMPF32    R1H,#0                ; [CPU_FPU] |299| 
     746 0000000a AD14          MOVST0    ZF, NF                ; [CPU_FPU] |299| 
     747                      .dwpsn  file "C:/ti/ccs2031/ccs/tools/compiler/ti-cgt-c2000_22.6.2.LTS/include/math.h",line 298,colum
     748 0000000b E273          IEXP2F32  R0H,R1H               ; [CPU_FPU] |298| 
         0000000c 0008 
     749                      .dwpsn  file "C:/ti/ccs2031/ccs/tools/compiler/ti-cgt-c2000_22.6.2.LTS/include/math.h",line 299,colum
     750 0000000d 6507          B         ||$C$L1||,LEQ         ; [CPU_ALU] |299| 
     751                      ; branchcc occurs ; [] |299| 
TMS320C2000 Assembler PC v22.6.2 Thu Feb 12 10:37:10 2026

Copyright (c) 1996-2018 Texas Instruments Incorporated
dual_axis_servo_drive_hal.asm                                        PAGE   15

     752 0000000e E801          MOVIZ     R1H,#16256            ; [CPU_FPU] |299| 
         0000000f FC01 
     753 00000010 E274          DIVF32    R0H,R1H,R0H           ; [CPU_FPU] |299| 
         00000011 0008 
     754 00000012 7700          NOP       ; [CPU_ALU] 
     755 00000013 7700          NOP       ; [CPU_ALU] 
     756 00000014       ||$C$L1||:    
     757 00000014 FE82          SUBB      SP,#2                 ; [CPU_ARAU] 
     758                      .dwcfi  cfa_offset, -2
     759              $C$DW$76        .dwtag  DW_TAG_TI_branch
     760                      .dwattr $C$DW$76, DW_AT_low_pc(0x00)
     761                      .dwattr $C$DW$76, DW_AT_TI_return
     762              
     763 00000015 0006          LRETR     ; [CPU_ALU] 
     764                      ; return occurs ; [] 
     765                      .dwattr $C$DW$70, DW_AT_TI_end_file("C:/ti/ccs2031/ccs/tools/compiler/ti-cgt-c2000_22.6.2.LTS/include
     766                      .dwattr $C$DW$70, DW_AT_TI_end_line(0x141)
     767                      .dwattr $C$DW$70, DW_AT_TI_end_column(0x01)
     768                      .dwendentry
     769                      .dwendtag $C$DW$70
     770              
     771 00000000               .sect   ".text:__relaxed_logf"
     772                      .clink
     773                      .global ||__relaxed_logf||
     774              
     775              $C$DW$77        .dwtag  DW_TAG_subprogram
     776                      .dwattr $C$DW$77, DW_AT_name("__relaxed_logf")
     777                      .dwattr $C$DW$77, DW_AT_low_pc(||__relaxed_logf||)
     778                      .dwattr $C$DW$77, DW_AT_high_pc(0x00)
     779                      .dwattr $C$DW$77, DW_AT_linkage_name("__relaxed_logf")
     780                      .dwattr $C$DW$77, DW_AT_external
     781                      .dwattr $C$DW$77, DW_AT_type(*$C$DW$T$16)
     782                      .dwattr $C$DW$77, DW_AT_decl_file("C:/ti/ccs2031/ccs/tools/compiler/ti-cgt-c2000_22.6.2.LTS/include/m
     783                      .dwattr $C$DW$77, DW_AT_decl_line(0x135)
     784                      .dwattr $C$DW$77, DW_AT_decl_column(0x10)
     785                      .dwattr $C$DW$77, DW_AT_TI_max_frame_size(-2)
     786                      .dwpsn  file "C:/ti/ccs2031/ccs/tools/compiler/ti-cgt-c2000_22.6.2.LTS/include/math.h",line 310,colum
     787              
     788                      .dwfde $C$DW$CIE, ||__relaxed_logf||
     789              $C$DW$78        .dwtag  DW_TAG_formal_parameter
     790                      .dwattr $C$DW$78, DW_AT_name("x")
     791                      .dwattr $C$DW$78, DW_AT_type(*$C$DW$T$16)
     792                      .dwattr $C$DW$78, DW_AT_location[DW_OP_regx 0x2b]
     793              
     794              
     795              ;***************************************************************
     796              ;* FNAME: __relaxed_logf                FR SIZE:   0           *
     797              ;*                                                             *
     798              ;* FUNCTION ENVIRONMENT                                        *
     799              ;*                                                             *
     800              ;* FUNCTION PROPERTIES                                         *
     801              ;*                            0 Parameter,  0 Auto,  0 SOE     *
     802              ;***************************************************************
     803              
     804              ||__relaxed_logf||:
TMS320C2000 Assembler PC v22.6.2 Thu Feb 12 10:37:10 2026

Copyright (c) 1996-2018 Texas Instruments Incorporated
dual_axis_servo_drive_hal.asm                                        PAGE   16

     805              ;* R0    assigned to x
     806              $C$DW$79        .dwtag  DW_TAG_variable
     807                      .dwattr $C$DW$79, DW_AT_name("x")
     808                      .dwattr $C$DW$79, DW_AT_type(*$C$DW$T$244)
     809                      .dwattr $C$DW$79, DW_AT_location[DW_OP_regx 0x2b]
     810              
     811                      .dwcfi  cfa_offset, -2
     812                      .dwcfi  save_reg_to_mem, 26, 0
     813                      .dwpsn  file "C:/ti/ccs2031/ccs/tools/compiler/ti-cgt-c2000_22.6.2.LTS/include/math.h",line 312,colum
     814 00000000 E272          LOG2F32   R1H,R0H               ; [CPU_FPU] |312| 
         00000001 0001 
     815 00000002 7700          NOP       ; [CPU_ALU] 
     816 00000003 E801          MOVIZ     R0H,#16177            ; [CPU_FPU] |312| 
         00000004 F988 
     817 00000005 E80B          MOVXI     R0H,#29205            ; [CPU_FPU] |312| 
         00000006 90A8 
     818 00000007 E700          MPYF32    R0H,R0H,R1H           ; [CPU_FPU] |312| 
         00000008 0040 
     819              $C$DW$80        .dwtag  DW_TAG_TI_branch
     820                      .dwattr $C$DW$80, DW_AT_low_pc(0x00)
     821                      .dwattr $C$DW$80, DW_AT_TI_return
     822              
     823 00000009 0006          LRETR     ; [CPU_ALU] 
     824                      ; return occurs ; [] 
     825                      .dwattr $C$DW$77, DW_AT_TI_end_file("C:/ti/ccs2031/ccs/tools/compiler/ti-cgt-c2000_22.6.2.LTS/include
     826                      .dwattr $C$DW$77, DW_AT_TI_end_line(0x139)
     827                      .dwattr $C$DW$77, DW_AT_TI_end_column(0x01)
     828                      .dwendentry
     829                      .dwendtag $C$DW$77
     830              
     831 00000000               .sect   ".text:__relaxed_log2f"
     832                      .clink
     833                      .global ||__relaxed_log2f||
     834              
     835              $C$DW$81        .dwtag  DW_TAG_subprogram
     836                      .dwattr $C$DW$81, DW_AT_name("__relaxed_log2f")
     837                      .dwattr $C$DW$81, DW_AT_low_pc(||__relaxed_log2f||)
     838                      .dwattr $C$DW$81, DW_AT_high_pc(0x00)
     839                      .dwattr $C$DW$81, DW_AT_linkage_name("__relaxed_log2f")
     840                      .dwattr $C$DW$81, DW_AT_external
     841                      .dwattr $C$DW$81, DW_AT_type(*$C$DW$T$16)
     842                      .dwattr $C$DW$81, DW_AT_decl_file("C:/ti/ccs2031/ccs/tools/compiler/ti-cgt-c2000_22.6.2.LTS/include/m
     843                      .dwattr $C$DW$81, DW_AT_decl_line(0x123)
     844                      .dwattr $C$DW$81, DW_AT_decl_column(0x10)
     845                      .dwattr $C$DW$81, DW_AT_TI_max_frame_size(-2)
     846                      .dwpsn  file "C:/ti/ccs2031/ccs/tools/compiler/ti-cgt-c2000_22.6.2.LTS/include/math.h",line 292,colum
     847              
     848                      .dwfde $C$DW$CIE, ||__relaxed_log2f||
     849              $C$DW$82        .dwtag  DW_TAG_formal_parameter
     850                      .dwattr $C$DW$82, DW_AT_name("x")
     851                      .dwattr $C$DW$82, DW_AT_type(*$C$DW$T$16)
     852                      .dwattr $C$DW$82, DW_AT_location[DW_OP_regx 0x2b]
     853              
     854              
     855              ;***************************************************************
TMS320C2000 Assembler PC v22.6.2 Thu Feb 12 10:37:10 2026

Copyright (c) 1996-2018 Texas Instruments Incorporated
dual_axis_servo_drive_hal.asm                                        PAGE   17

     856              ;* FNAME: __relaxed_log2f               FR SIZE:   0           *
     857              ;*                                                             *
     858              ;* FUNCTION ENVIRONMENT                                        *
     859              ;*                                                             *
     860              ;* FUNCTION PROPERTIES                                         *
     861              ;*                            0 Parameter,  0 Auto,  0 SOE     *
     862              ;***************************************************************
     863              
     864              ||__relaxed_log2f||:
     865              ;* R0    assigned to x
     866              $C$DW$83        .dwtag  DW_TAG_variable
     867                      .dwattr $C$DW$83, DW_AT_name("x")
     868                      .dwattr $C$DW$83, DW_AT_type(*$C$DW$T$244)
     869                      .dwattr $C$DW$83, DW_AT_location[DW_OP_regx 0x2b]
     870              
     871                      .dwcfi  cfa_offset, -2
     872                      .dwcfi  save_reg_to_mem, 26, 0
     873                      .dwpsn  file "C:/ti/ccs2031/ccs/tools/compiler/ti-cgt-c2000_22.6.2.LTS/include/math.h",line 293,colum
     874 00000000 E272          LOG2F32   R0H,R0H               ; [CPU_FPU] |293| 
         00000001 0000 
     875 00000002 7700          NOP       ; [CPU_ALU] 
     876 00000003 7700          NOP       ; [CPU_ALU] 
     877              $C$DW$84        .dwtag  DW_TAG_TI_branch
     878                      .dwattr $C$DW$84, DW_AT_low_pc(0x00)
     879                      .dwattr $C$DW$84, DW_AT_TI_return
     880              
     881 00000004 0006          LRETR     ; [CPU_ALU] 
     882                      ; return occurs ; [] 
     883                      .dwattr $C$DW$81, DW_AT_TI_end_file("C:/ti/ccs2031/ccs/tools/compiler/ti-cgt-c2000_22.6.2.LTS/include
     884                      .dwattr $C$DW$81, DW_AT_TI_end_line(0x126)
     885                      .dwattr $C$DW$81, DW_AT_TI_end_column(0x01)
     886                      .dwendentry
     887                      .dwendtag $C$DW$81
     888              
     889 00000000               .sect   ".text:__relaxed_fmodf"
     890                      .clink
     891                      .global ||__relaxed_fmodf||
     892              
     893              $C$DW$85        .dwtag  DW_TAG_subprogram
     894                      .dwattr $C$DW$85, DW_AT_name("__relaxed_fmodf")
     895                      .dwattr $C$DW$85, DW_AT_low_pc(||__relaxed_fmodf||)
     896                      .dwattr $C$DW$85, DW_AT_high_pc(0x00)
     897                      .dwattr $C$DW$85, DW_AT_linkage_name("__relaxed_fmodf")
     898                      .dwattr $C$DW$85, DW_AT_external
     899                      .dwattr $C$DW$85, DW_AT_type(*$C$DW$T$16)
     900                      .dwattr $C$DW$85, DW_AT_decl_file("C:/ti/ccs2031/ccs/tools/compiler/ti-cgt-c2000_22.6.2.LTS/include/m
     901                      .dwattr $C$DW$85, DW_AT_decl_line(0x11c)
     902                      .dwattr $C$DW$85, DW_AT_decl_column(0x10)
     903                      .dwattr $C$DW$85, DW_AT_TI_max_frame_size(-2)
     904                      .dwpsn  file "C:/ti/ccs2031/ccs/tools/compiler/ti-cgt-c2000_22.6.2.LTS/include/math.h",line 285,colum
     905              
     906                      .dwfde $C$DW$CIE, ||__relaxed_fmodf||
     907              $C$DW$86        .dwtag  DW_TAG_formal_parameter
     908                      .dwattr $C$DW$86, DW_AT_name("y")
     909                      .dwattr $C$DW$86, DW_AT_type(*$C$DW$T$16)
TMS320C2000 Assembler PC v22.6.2 Thu Feb 12 10:37:10 2026

Copyright (c) 1996-2018 Texas Instruments Incorporated
dual_axis_servo_drive_hal.asm                                        PAGE   18

     910                      .dwattr $C$DW$86, DW_AT_location[DW_OP_regx 0x2b]
     911              
     912              $C$DW$87        .dwtag  DW_TAG_formal_parameter
     913                      .dwattr $C$DW$87, DW_AT_name("x")
     914                      .dwattr $C$DW$87, DW_AT_type(*$C$DW$T$16)
     915                      .dwattr $C$DW$87, DW_AT_location[DW_OP_regx 0x2f]
     916              
     917              
     918              ;***************************************************************
     919              ;* FNAME: __relaxed_fmodf               FR SIZE:   0           *
     920              ;*                                                             *
     921              ;* FUNCTION ENVIRONMENT                                        *
     922              ;*                                                             *
     923              ;* FUNCTION PROPERTIES                                         *
     924              ;*                            0 Parameter,  0 Auto,  0 SOE     *
     925              ;***************************************************************
     926              
     927              ||__relaxed_fmodf||:
     928              ;* R0    assigned to y
     929              $C$DW$88        .dwtag  DW_TAG_variable
     930                      .dwattr $C$DW$88, DW_AT_name("y")
     931                      .dwattr $C$DW$88, DW_AT_type(*$C$DW$T$244)
     932                      .dwattr $C$DW$88, DW_AT_location[DW_OP_regx 0x2b]
     933              
     934              ;* R1    assigned to x
     935              $C$DW$89        .dwtag  DW_TAG_variable
     936                      .dwattr $C$DW$89, DW_AT_name("x")
     937                      .dwattr $C$DW$89, DW_AT_type(*$C$DW$T$244)
     938                      .dwattr $C$DW$89, DW_AT_location[DW_OP_regx 0x2f]
     939              
     940                      .dwcfi  cfa_offset, -2
     941                      .dwcfi  save_reg_to_mem, 26, 0
     942                      .dwpsn  file "C:/ti/ccs2031/ccs/tools/compiler/ti-cgt-c2000_22.6.2.LTS/include/math.h",line 286,colum
     943 00000000 E274          DIVF32    R2H,R0H,R1H           ; [CPU_FPU] |286| 
         00000001 0042 
     944 00000002 7700          NOP       ; [CPU_ALU] 
     945 00000003 7700          NOP       ; [CPU_ALU] 
     946 00000004 7700          NOP       ; [CPU_ALU] 
     947 00000005 7700          NOP       ; [CPU_ALU] 
     948 00000006 E688          F32TOI32  R2H,R2H               ; [CPU_FPU] |286| 
         00000007 0012 
     949 00000008 7700          NOP       ; [CPU_ALU] 
     950 00000009 E689          I32TOF32  R2H,R2H               ; [CPU_FPU] |286| 
         0000000a 0012 
     951 0000000b 7700          NOP       ; [CPU_ALU] 
     952 0000000c E700          MPYF32    R1H,R1H,R2H           ; [CPU_FPU] |286| 
         0000000d 0089 
     953 0000000e 7700          NOP       ; [CPU_ALU] 
     954 0000000f E720          SUBF32    R0H,R0H,R1H           ; [CPU_FPU] |286| 
         00000010 0040 
     955              $C$DW$90        .dwtag  DW_TAG_TI_branch
     956                      .dwattr $C$DW$90, DW_AT_low_pc(0x00)
     957                      .dwattr $C$DW$90, DW_AT_TI_return
     958              
     959 00000011 0006          LRETR     ; [CPU_ALU] 
TMS320C2000 Assembler PC v22.6.2 Thu Feb 12 10:37:10 2026

Copyright (c) 1996-2018 Texas Instruments Incorporated
dual_axis_servo_drive_hal.asm                                        PAGE   19

     960                      ; return occurs ; [] 
     961                      .dwattr $C$DW$85, DW_AT_TI_end_file("C:/ti/ccs2031/ccs/tools/compiler/ti-cgt-c2000_22.6.2.LTS/include
     962                      .dwattr $C$DW$85, DW_AT_TI_end_line(0x11f)
     963                      .dwattr $C$DW$85, DW_AT_TI_end_column(0x01)
     964                      .dwendentry
     965                      .dwendtag $C$DW$85
     966              
     967 00000000               .sect   ".text:__relaxed_fminf"
     968                      .clink
     969                      .global ||__relaxed_fminf||
     970              
     971              $C$DW$91        .dwtag  DW_TAG_subprogram
     972                      .dwattr $C$DW$91, DW_AT_name("__relaxed_fminf")
     973                      .dwattr $C$DW$91, DW_AT_low_pc(||__relaxed_fminf||)
     974                      .dwattr $C$DW$91, DW_AT_high_pc(0x00)
     975                      .dwattr $C$DW$91, DW_AT_linkage_name("__relaxed_fminf")
     976                      .dwattr $C$DW$91, DW_AT_external
     977                      .dwattr $C$DW$91, DW_AT_type(*$C$DW$T$16)
     978                      .dwattr $C$DW$91, DW_AT_decl_file("C:/ti/ccs2031/ccs/tools/compiler/ti-cgt-c2000_22.6.2.LTS/include/m
     979                      .dwattr $C$DW$91, DW_AT_decl_line(0xee)
     980                      .dwattr $C$DW$91, DW_AT_decl_column(0x10)
     981                      .dwattr $C$DW$91, DW_AT_TI_max_frame_size(-2)
     982                      .dwpsn  file "C:/ti/ccs2031/ccs/tools/compiler/ti-cgt-c2000_22.6.2.LTS/include/math.h",line 239,colum
     983              
     984                      .dwfde $C$DW$CIE, ||__relaxed_fminf||
     985              $C$DW$92        .dwtag  DW_TAG_formal_parameter
     986                      .dwattr $C$DW$92, DW_AT_name("x")
     987                      .dwattr $C$DW$92, DW_AT_type(*$C$DW$T$16)
     988                      .dwattr $C$DW$92, DW_AT_location[DW_OP_regx 0x2b]
     989              
     990              $C$DW$93        .dwtag  DW_TAG_formal_parameter
     991                      .dwattr $C$DW$93, DW_AT_name("y")
     992                      .dwattr $C$DW$93, DW_AT_type(*$C$DW$T$16)
     993                      .dwattr $C$DW$93, DW_AT_location[DW_OP_regx 0x2f]
     994              
     995              
     996              ;***************************************************************
     997              ;* FNAME: __relaxed_fminf               FR SIZE:   0           *
     998              ;*                                                             *
     999              ;* FUNCTION ENVIRONMENT                                        *
    1000              ;*                                                             *
    1001              ;* FUNCTION PROPERTIES                                         *
    1002              ;*                            0 Parameter,  0 Auto,  0 SOE     *
    1003              ;***************************************************************
    1004              
    1005              ||__relaxed_fminf||:
    1006              ;* R1    assigned to y
    1007              $C$DW$94        .dwtag  DW_TAG_variable
    1008                      .dwattr $C$DW$94, DW_AT_name("y")
    1009                      .dwattr $C$DW$94, DW_AT_type(*$C$DW$T$244)
    1010                      .dwattr $C$DW$94, DW_AT_location[DW_OP_regx 0x2f]
    1011              
    1012                      .dwcfi  cfa_offset, -2
    1013                      .dwcfi  save_reg_to_mem, 26, 0
    1014                      .dwpsn  file "C:/ti/ccs2031/ccs/tools/compiler/ti-cgt-c2000_22.6.2.LTS/include/math.h",line 240,colum
TMS320C2000 Assembler PC v22.6.2 Thu Feb 12 10:37:10 2026

Copyright (c) 1996-2018 Texas Instruments Incorporated
dual_axis_servo_drive_hal.asm                                        PAGE   20

    1015 00000000 E697          MINF32    R0H,R1H               ; [CPU_FPU] |240| 
         00000001 0008 
    1016              $C$DW$95        .dwtag  DW_TAG_TI_branch
    1017                      .dwattr $C$DW$95, DW_AT_low_pc(0x00)
    1018                      .dwattr $C$DW$95, DW_AT_TI_return
    1019              
    1020 00000002 0006          LRETR     ; [CPU_ALU] 
    1021                      ; return occurs ; [] 
    1022                      .dwattr $C$DW$91, DW_AT_TI_end_file("C:/ti/ccs2031/ccs/tools/compiler/ti-cgt-c2000_22.6.2.LTS/include
    1023                      .dwattr $C$DW$91, DW_AT_TI_end_line(0xf1)
    1024                      .dwattr $C$DW$91, DW_AT_TI_end_column(0x01)
    1025                      .dwendentry
    1026                      .dwendtag $C$DW$91
    1027              
    1028 00000000               .sect   ".text:__relaxed_fmaxf"
    1029                      .clink
    1030                      .global ||__relaxed_fmaxf||
    1031              
    1032              $C$DW$96        .dwtag  DW_TAG_subprogram
    1033                      .dwattr $C$DW$96, DW_AT_name("__relaxed_fmaxf")
    1034                      .dwattr $C$DW$96, DW_AT_low_pc(||__relaxed_fmaxf||)
    1035                      .dwattr $C$DW$96, DW_AT_high_pc(0x00)
    1036                      .dwattr $C$DW$96, DW_AT_linkage_name("__relaxed_fmaxf")
    1037                      .dwattr $C$DW$96, DW_AT_external
    1038                      .dwattr $C$DW$96, DW_AT_type(*$C$DW$T$16)
    1039                      .dwattr $C$DW$96, DW_AT_decl_file("C:/ti/ccs2031/ccs/tools/compiler/ti-cgt-c2000_22.6.2.LTS/include/m
    1040                      .dwattr $C$DW$96, DW_AT_decl_line(0xe8)
    1041                      .dwattr $C$DW$96, DW_AT_decl_column(0x10)
    1042                      .dwattr $C$DW$96, DW_AT_TI_max_frame_size(-2)
    1043                      .dwpsn  file "C:/ti/ccs2031/ccs/tools/compiler/ti-cgt-c2000_22.6.2.LTS/include/math.h",line 233,colum
    1044              
    1045                      .dwfde $C$DW$CIE, ||__relaxed_fmaxf||
    1046              $C$DW$97        .dwtag  DW_TAG_formal_parameter
    1047                      .dwattr $C$DW$97, DW_AT_name("x")
    1048                      .dwattr $C$DW$97, DW_AT_type(*$C$DW$T$16)
    1049                      .dwattr $C$DW$97, DW_AT_location[DW_OP_regx 0x2b]
    1050              
    1051              $C$DW$98        .dwtag  DW_TAG_formal_parameter
    1052                      .dwattr $C$DW$98, DW_AT_name("y")
    1053                      .dwattr $C$DW$98, DW_AT_type(*$C$DW$T$16)
    1054                      .dwattr $C$DW$98, DW_AT_location[DW_OP_regx 0x2f]
    1055              
    1056              
    1057              ;***************************************************************
    1058              ;* FNAME: __relaxed_fmaxf               FR SIZE:   0           *
    1059              ;*                                                             *
    1060              ;* FUNCTION ENVIRONMENT                                        *
    1061              ;*                                                             *
    1062              ;* FUNCTION PROPERTIES                                         *
    1063              ;*                            0 Parameter,  0 Auto,  0 SOE     *
    1064              ;***************************************************************
    1065              
    1066              ||__relaxed_fmaxf||:
    1067              ;* R1    assigned to y
    1068              $C$DW$99        .dwtag  DW_TAG_variable
TMS320C2000 Assembler PC v22.6.2 Thu Feb 12 10:37:10 2026

Copyright (c) 1996-2018 Texas Instruments Incorporated
dual_axis_servo_drive_hal.asm                                        PAGE   21

    1069                      .dwattr $C$DW$99, DW_AT_name("y")
    1070                      .dwattr $C$DW$99, DW_AT_type(*$C$DW$T$244)
    1071                      .dwattr $C$DW$99, DW_AT_location[DW_OP_regx 0x2f]
    1072              
    1073                      .dwcfi  cfa_offset, -2
    1074                      .dwcfi  save_reg_to_mem, 26, 0
    1075                      .dwpsn  file "C:/ti/ccs2031/ccs/tools/compiler/ti-cgt-c2000_22.6.2.LTS/include/math.h",line 234,colum
    1076 00000000 E696          MAXF32    R0H,R1H               ; [CPU_FPU] |234| 
         00000001 0008 
    1077              $C$DW$100       .dwtag  DW_TAG_TI_branch
    1078                      .dwattr $C$DW$100, DW_AT_low_pc(0x00)
    1079                      .dwattr $C$DW$100, DW_AT_TI_return
    1080              
    1081 00000002 0006          LRETR     ; [CPU_ALU] 
    1082                      ; return occurs ; [] 
    1083                      .dwattr $C$DW$96, DW_AT_TI_end_file("C:/ti/ccs2031/ccs/tools/compiler/ti-cgt-c2000_22.6.2.LTS/include
    1084                      .dwattr $C$DW$96, DW_AT_TI_end_line(0xeb)
    1085                      .dwattr $C$DW$96, DW_AT_TI_end_column(0x01)
    1086                      .dwendentry
    1087                      .dwendtag $C$DW$96
    1088              
    1089 00000000               .sect   ".text:__relaxed_expf"
    1090                      .clink
    1091                      .global ||__relaxed_expf||
    1092              
    1093              $C$DW$101       .dwtag  DW_TAG_subprogram
    1094                      .dwattr $C$DW$101, DW_AT_name("__relaxed_expf")
    1095                      .dwattr $C$DW$101, DW_AT_low_pc(||__relaxed_expf||)
    1096                      .dwattr $C$DW$101, DW_AT_high_pc(0x00)
    1097                      .dwattr $C$DW$101, DW_AT_linkage_name("__relaxed_expf")
    1098                      .dwattr $C$DW$101, DW_AT_external
    1099                      .dwattr $C$DW$101, DW_AT_type(*$C$DW$T$16)
    1100                      .dwattr $C$DW$101, DW_AT_decl_file("C:/ti/ccs2031/ccs/tools/compiler/ti-cgt-c2000_22.6.2.LTS/include/
    1101                      .dwattr $C$DW$101, DW_AT_decl_line(0x12f)
    1102                      .dwattr $C$DW$101, DW_AT_decl_column(0x10)
    1103                      .dwattr $C$DW$101, DW_AT_TI_max_frame_size(-4)
    1104                      .dwpsn  file "C:/ti/ccs2031/ccs/tools/compiler/ti-cgt-c2000_22.6.2.LTS/include/math.h",line 304,colum
    1105              
    1106                      .dwfde $C$DW$CIE, ||__relaxed_expf||
    1107              $C$DW$102       .dwtag  DW_TAG_formal_parameter
    1108                      .dwattr $C$DW$102, DW_AT_name("x")
    1109                      .dwattr $C$DW$102, DW_AT_type(*$C$DW$T$16)
    1110                      .dwattr $C$DW$102, DW_AT_location[DW_OP_regx 0x2b]
    1111              
    1112              
    1113              ;***************************************************************
    1114              ;* FNAME: __relaxed_expf                FR SIZE:   2           *
    1115              ;*                                                             *
    1116              ;* FUNCTION ENVIRONMENT                                        *
    1117              ;*                                                             *
    1118              ;* FUNCTION PROPERTIES                                         *
    1119              ;*                            2 Parameter,  0 Auto,  0 SOE     *
    1120              ;***************************************************************
    1121              
    1122              ||__relaxed_expf||:
TMS320C2000 Assembler PC v22.6.2 Thu Feb 12 10:37:10 2026

Copyright (c) 1996-2018 Texas Instruments Incorporated
dual_axis_servo_drive_hal.asm                                        PAGE   22

    1123              ;* R1    assigned to $O$C2
    1124              ;* R0    assigned to $O$K3
    1125              ;* R0    assigned to $O$R1
    1126              ;* R0    assigned to x
    1127              $C$DW$103       .dwtag  DW_TAG_variable
    1128                      .dwattr $C$DW$103, DW_AT_name("x")
    1129                      .dwattr $C$DW$103, DW_AT_type(*$C$DW$T$244)
    1130                      .dwattr $C$DW$103, DW_AT_location[DW_OP_regx 0x2b]
    1131              
    1132              ;* R0    assigned to iexp2f
    1133              $C$DW$104       .dwtag  DW_TAG_variable
    1134                      .dwattr $C$DW$104, DW_AT_name("iexp2f")
    1135                      .dwattr $C$DW$104, DW_AT_type(*$C$DW$T$16)
    1136                      .dwattr $C$DW$104, DW_AT_location[DW_OP_regx 0x2b]
    1137              
    1138                      .dwcfi  cfa_offset, -2
    1139                      .dwcfi  save_reg_to_mem, 26, 0
    1140 00000000 FE02          ADDB      SP,#2                 ; [CPU_ARAU] 
    1141                      .dwcfi  cfa_offset, -4
    1142                      .dwpsn  file "C:/ti/ccs2031/ccs/tools/compiler/ti-cgt-c2000_22.6.2.LTS/include/math.h",line 298,colum
    1143 00000001 E801          MOVIZ     R1H,#16312            ; [CPU_FPU] |298| 
         00000002 FDC1 
    1144 00000003 E80D          MOVXI     R1H,#43537            ; [CPU_FPU] |298| 
         00000004 5089 
    1145 00000005 E700          MPYF32    R1H,R1H,R0H           ; [CPU_FPU] |298| 
         00000006 0009 
    1146 00000007 7700          NOP       ; [CPU_ALU] 
    1147                      .dwpsn  file "C:/ti/ccs2031/ccs/tools/compiler/ti-cgt-c2000_22.6.2.LTS/include/math.h",line 299,colum
    1148 00000008 E5A1          CMPF32    R1H,#0                ; [CPU_FPU] |299| 
    1149 00000009 AD14          MOVST0    ZF, NF                ; [CPU_FPU] |299| 
    1150                      .dwpsn  file "C:/ti/ccs2031/ccs/tools/compiler/ti-cgt-c2000_22.6.2.LTS/include/math.h",line 298,colum
    1151 0000000a E273          IEXP2F32  R0H,R1H               ; [CPU_FPU] |298| 
         0000000b 0008 
    1152                      .dwpsn  file "C:/ti/ccs2031/ccs/tools/compiler/ti-cgt-c2000_22.6.2.LTS/include/math.h",line 299,colum
    1153 0000000c 6507          B         ||$C$L2||,LEQ         ; [CPU_ALU] |299| 
    1154                      ; branchcc occurs ; [] |299| 
    1155 0000000d E801          MOVIZ     R1H,#16256            ; [CPU_FPU] |299| 
         0000000e FC01 
    1156 0000000f E274          DIVF32    R0H,R1H,R0H           ; [CPU_FPU] |299| 
         00000010 0008 
    1157 00000011 7700          NOP       ; [CPU_ALU] 
    1158 00000012 7700          NOP       ; [CPU_ALU] 
    1159 00000013       ||$C$L2||:    
    1160 00000013 FE82          SUBB      SP,#2                 ; [CPU_ARAU] 
    1161                      .dwcfi  cfa_offset, -2
    1162              $C$DW$105       .dwtag  DW_TAG_TI_branch
    1163                      .dwattr $C$DW$105, DW_AT_low_pc(0x00)
    1164                      .dwattr $C$DW$105, DW_AT_TI_return
    1165              
    1166 00000014 0006          LRETR     ; [CPU_ALU] 
    1167                      ; return occurs ; [] 
    1168                      .dwattr $C$DW$101, DW_AT_TI_end_file("C:/ti/ccs2031/ccs/tools/compiler/ti-cgt-c2000_22.6.2.LTS/includ
    1169                      .dwattr $C$DW$101, DW_AT_TI_end_line(0x133)
    1170                      .dwattr $C$DW$101, DW_AT_TI_end_column(0x01)
    1171                      .dwendentry
TMS320C2000 Assembler PC v22.6.2 Thu Feb 12 10:37:10 2026

Copyright (c) 1996-2018 Texas Instruments Incorporated
dual_axis_servo_drive_hal.asm                                        PAGE   23

    1172                      .dwendtag $C$DW$101
    1173              
    1174 00000000               .sect   ".text:__relaxed_cosf"
    1175                      .clink
    1176                      .global ||__relaxed_cosf||
    1177              
    1178              $C$DW$106       .dwtag  DW_TAG_subprogram
    1179                      .dwattr $C$DW$106, DW_AT_name("__relaxed_cosf")
    1180                      .dwattr $C$DW$106, DW_AT_low_pc(||__relaxed_cosf||)
    1181                      .dwattr $C$DW$106, DW_AT_high_pc(0x00)
    1182                      .dwattr $C$DW$106, DW_AT_linkage_name("__relaxed_cosf")
    1183                      .dwattr $C$DW$106, DW_AT_external
    1184                      .dwattr $C$DW$106, DW_AT_type(*$C$DW$T$16)
    1185                      .dwattr $C$DW$106, DW_AT_decl_file("C:/ti/ccs2031/ccs/tools/compiler/ti-cgt-c2000_22.6.2.LTS/include/
    1186                      .dwattr $C$DW$106, DW_AT_decl_line(0x10d)
    1187                      .dwattr $C$DW$106, DW_AT_decl_column(0x10)
    1188                      .dwattr $C$DW$106, DW_AT_TI_max_frame_size(-2)
    1189                      .dwpsn  file "C:/ti/ccs2031/ccs/tools/compiler/ti-cgt-c2000_22.6.2.LTS/include/math.h",line 270,colum
    1190              
    1191                      .dwfde $C$DW$CIE, ||__relaxed_cosf||
    1192              $C$DW$107       .dwtag  DW_TAG_formal_parameter
    1193                      .dwattr $C$DW$107, DW_AT_name("x")
    1194                      .dwattr $C$DW$107, DW_AT_type(*$C$DW$T$16)
    1195                      .dwattr $C$DW$107, DW_AT_location[DW_OP_regx 0x2b]
    1196              
    1197              
    1198              ;***************************************************************
    1199              ;* FNAME: __relaxed_cosf                FR SIZE:   0           *
    1200              ;*                                                             *
    1201              ;* FUNCTION ENVIRONMENT                                        *
    1202              ;*                                                             *
    1203              ;* FUNCTION PROPERTIES                                         *
    1204              ;*                            0 Parameter,  0 Auto,  0 SOE     *
    1205              ;***************************************************************
    1206              
    1207              ||__relaxed_cosf||:
    1208              ;* R0    assigned to x
    1209              $C$DW$108       .dwtag  DW_TAG_variable
    1210                      .dwattr $C$DW$108, DW_AT_name("x")
    1211                      .dwattr $C$DW$108, DW_AT_type(*$C$DW$T$244)
    1212                      .dwattr $C$DW$108, DW_AT_location[DW_OP_regx 0x2b]
    1213              
    1214                      .dwcfi  cfa_offset, -2
    1215                      .dwcfi  save_reg_to_mem, 26, 0
    1216                      .dwpsn  file "C:/ti/ccs2031/ccs/tools/compiler/ti-cgt-c2000_22.6.2.LTS/include/math.h",line 271,colum
    1217 00000000 E271          DIV2PIF32 R0H,R0H               ; [CPU_FPU] |271| 
         00000001 0000 
    1218 00000002 7700          NOP       ; [CPU_ALU] 
    1219 00000003 E279          COSPUF32  R0H,R0H               ; [CPU_FPU] |271| 
         00000004 0000 
    1220 00000005 7700          NOP       ; [CPU_ALU] 
    1221 00000006 7700          NOP       ; [CPU_ALU] 
    1222              $C$DW$109       .dwtag  DW_TAG_TI_branch
    1223                      .dwattr $C$DW$109, DW_AT_low_pc(0x00)
    1224                      .dwattr $C$DW$109, DW_AT_TI_return
TMS320C2000 Assembler PC v22.6.2 Thu Feb 12 10:37:10 2026

Copyright (c) 1996-2018 Texas Instruments Incorporated
dual_axis_servo_drive_hal.asm                                        PAGE   24

    1225              
    1226 00000007 0006          LRETR     ; [CPU_ALU] 
    1227                      ; return occurs ; [] 
    1228                      .dwattr $C$DW$106, DW_AT_TI_end_file("C:/ti/ccs2031/ccs/tools/compiler/ti-cgt-c2000_22.6.2.LTS/includ
    1229                      .dwattr $C$DW$106, DW_AT_TI_end_line(0x110)
    1230                      .dwattr $C$DW$106, DW_AT_TI_end_column(0x01)
    1231                      .dwendentry
    1232                      .dwendtag $C$DW$106
    1233              
    1234 00000000               .sect   ".text:__relaxed_atanf"
    1235                      .clink
    1236                      .global ||__relaxed_atanf||
    1237              
    1238              $C$DW$110       .dwtag  DW_TAG_subprogram
    1239                      .dwattr $C$DW$110, DW_AT_name("__relaxed_atanf")
    1240                      .dwattr $C$DW$110, DW_AT_low_pc(||__relaxed_atanf||)
    1241                      .dwattr $C$DW$110, DW_AT_high_pc(0x00)
    1242                      .dwattr $C$DW$110, DW_AT_linkage_name("__relaxed_atanf")
    1243                      .dwattr $C$DW$110, DW_AT_external
    1244                      .dwattr $C$DW$110, DW_AT_type(*$C$DW$T$16)
    1245                      .dwattr $C$DW$110, DW_AT_decl_file("C:/ti/ccs2031/ccs/tools/compiler/ti-cgt-c2000_22.6.2.LTS/include/
    1246                      .dwattr $C$DW$110, DW_AT_decl_line(0x112)
    1247                      .dwattr $C$DW$110, DW_AT_decl_column(0x10)
    1248                      .dwattr $C$DW$110, DW_AT_TI_max_frame_size(-2)
    1249                      .dwpsn  file "C:/ti/ccs2031/ccs/tools/compiler/ti-cgt-c2000_22.6.2.LTS/include/math.h",line 275,colum
    1250              
    1251                      .dwfde $C$DW$CIE, ||__relaxed_atanf||
    1252              $C$DW$111       .dwtag  DW_TAG_formal_parameter
    1253                      .dwattr $C$DW$111, DW_AT_name("x")
    1254                      .dwattr $C$DW$111, DW_AT_type(*$C$DW$T$16)
    1255                      .dwattr $C$DW$111, DW_AT_location[DW_OP_regx 0x2b]
    1256              
    1257              
    1258              ;***************************************************************
    1259              ;* FNAME: __relaxed_atanf               FR SIZE:   0           *
    1260              ;*                                                             *
    1261              ;* FUNCTION ENVIRONMENT                                        *
    1262              ;*                                                             *
    1263              ;* FUNCTION PROPERTIES                                         *
    1264              ;*                            0 Parameter,  0 Auto,  0 SOE     *
    1265              ;***************************************************************
    1266              
    1267              ||__relaxed_atanf||:
    1268              ;* R0    assigned to x
    1269              $C$DW$112       .dwtag  DW_TAG_variable
    1270                      .dwattr $C$DW$112, DW_AT_name("x")
    1271                      .dwattr $C$DW$112, DW_AT_type(*$C$DW$T$244)
    1272                      .dwattr $C$DW$112, DW_AT_location[DW_OP_regx 0x2b]
    1273              
    1274                      .dwcfi  cfa_offset, -2
    1275                      .dwcfi  save_reg_to_mem, 26, 0
    1276                      .dwpsn  file "C:/ti/ccs2031/ccs/tools/compiler/ti-cgt-c2000_22.6.2.LTS/include/math.h",line 276,colum
    1277 00000000 E801          MOVIZ     R1H,#16256            ; [CPU_FPU] |276| 
         00000001 FC01 
    1278 00000002 E27C          QUADF32   R1H,R0H,R0H,R1H       ; [CPU_FPU] |276| 
TMS320C2000 Assembler PC v22.6.2 Thu Feb 12 10:37:10 2026

Copyright (c) 1996-2018 Texas Instruments Incorporated
dual_axis_servo_drive_hal.asm                                        PAGE   25

         00000003 0201 
    1279 00000004 7700          NOP       ; [CPU_ALU] 
    1280 00000005 7700          NOP       ; [CPU_ALU] 
    1281 00000006 7700          NOP       ; [CPU_ALU] 
    1282 00000007 7700          NOP       ; [CPU_ALU] 
    1283 00000008 E27A          ATANPUF32 R0H,R0H               ; [CPU_FPU] |276| 
         00000009 0000 
    1284 0000000a 7700          NOP       ; [CPU_ALU] 
    1285 0000000b 7700          NOP       ; [CPU_ALU] 
    1286 0000000c 7700          NOP       ; [CPU_ALU] 
    1287 0000000d E710          ADDF32    R0H,R0H,R1H           ; [CPU_FPU] |276| 
         0000000e 0040 
    1288 0000000f 7700          NOP       ; [CPU_ALU] 
    1289 00000010 7700          NOP       ; [CPU_ALU] 
    1290 00000011 E270          MPY2PIF32 R0H,R0H               ; [CPU_FPU] |276| 
         00000012 0000 
    1291 00000013 7700          NOP       ; [CPU_ALU] 
    1292              $C$DW$113       .dwtag  DW_TAG_TI_branch
    1293                      .dwattr $C$DW$113, DW_AT_low_pc(0x00)
    1294                      .dwattr $C$DW$113, DW_AT_TI_return
    1295              
    1296 00000014 0006          LRETR     ; [CPU_ALU] 
    1297                      ; return occurs ; [] 
    1298                      .dwattr $C$DW$110, DW_AT_TI_end_file("C:/ti/ccs2031/ccs/tools/compiler/ti-cgt-c2000_22.6.2.LTS/includ
    1299                      .dwattr $C$DW$110, DW_AT_TI_end_line(0x115)
    1300                      .dwattr $C$DW$110, DW_AT_TI_end_column(0x01)
    1301                      .dwendentry
    1302                      .dwendtag $C$DW$110
    1303              
    1304 00000000               .sect   ".text:__relaxed_atan2f"
    1305                      .clink
    1306                      .global ||__relaxed_atan2f||
    1307              
    1308              $C$DW$114       .dwtag  DW_TAG_subprogram
    1309                      .dwattr $C$DW$114, DW_AT_name("__relaxed_atan2f")
    1310                      .dwattr $C$DW$114, DW_AT_low_pc(||__relaxed_atan2f||)
    1311                      .dwattr $C$DW$114, DW_AT_high_pc(0x00)
    1312                      .dwattr $C$DW$114, DW_AT_linkage_name("__relaxed_atan2f")
    1313                      .dwattr $C$DW$114, DW_AT_external
    1314                      .dwattr $C$DW$114, DW_AT_type(*$C$DW$T$16)
    1315                      .dwattr $C$DW$114, DW_AT_decl_file("C:/ti/ccs2031/ccs/tools/compiler/ti-cgt-c2000_22.6.2.LTS/include/
    1316                      .dwattr $C$DW$114, DW_AT_decl_line(0x117)
    1317                      .dwattr $C$DW$114, DW_AT_decl_column(0x10)
    1318                      .dwattr $C$DW$114, DW_AT_TI_max_frame_size(-2)
    1319                      .dwpsn  file "C:/ti/ccs2031/ccs/tools/compiler/ti-cgt-c2000_22.6.2.LTS/include/math.h",line 280,colum
    1320              
    1321                      .dwfde $C$DW$CIE, ||__relaxed_atan2f||
    1322              $C$DW$115       .dwtag  DW_TAG_formal_parameter
    1323                      .dwattr $C$DW$115, DW_AT_name("y")
    1324                      .dwattr $C$DW$115, DW_AT_type(*$C$DW$T$16)
    1325                      .dwattr $C$DW$115, DW_AT_location[DW_OP_regx 0x2b]
    1326              
    1327              $C$DW$116       .dwtag  DW_TAG_formal_parameter
    1328                      .dwattr $C$DW$116, DW_AT_name("x")
    1329                      .dwattr $C$DW$116, DW_AT_type(*$C$DW$T$16)
TMS320C2000 Assembler PC v22.6.2 Thu Feb 12 10:37:10 2026

Copyright (c) 1996-2018 Texas Instruments Incorporated
dual_axis_servo_drive_hal.asm                                        PAGE   26

    1330                      .dwattr $C$DW$116, DW_AT_location[DW_OP_regx 0x2f]
    1331              
    1332              
    1333              ;***************************************************************
    1334              ;* FNAME: __relaxed_atan2f              FR SIZE:   0           *
    1335              ;*                                                             *
    1336              ;* FUNCTION ENVIRONMENT                                        *
    1337              ;*                                                             *
    1338              ;* FUNCTION PROPERTIES                                         *
    1339              ;*                            0 Parameter,  0 Auto,  0 SOE     *
    1340              ;***************************************************************
    1341              
    1342              ||__relaxed_atan2f||:
    1343              ;* R0    assigned to y
    1344              $C$DW$117       .dwtag  DW_TAG_variable
    1345                      .dwattr $C$DW$117, DW_AT_name("y")
    1346                      .dwattr $C$DW$117, DW_AT_type(*$C$DW$T$244)
    1347                      .dwattr $C$DW$117, DW_AT_location[DW_OP_regx 0x2b]
    1348              
    1349              ;* R1    assigned to x
    1350              $C$DW$118       .dwtag  DW_TAG_variable
    1351                      .dwattr $C$DW$118, DW_AT_name("x")
    1352                      .dwattr $C$DW$118, DW_AT_type(*$C$DW$T$244)
    1353                      .dwattr $C$DW$118, DW_AT_location[DW_OP_regx 0x2f]
    1354              
    1355                      .dwcfi  cfa_offset, -2
    1356                      .dwcfi  save_reg_to_mem, 26, 0
    1357                      .dwpsn  file "C:/ti/ccs2031/ccs/tools/compiler/ti-cgt-c2000_22.6.2.LTS/include/math.h",line 281,colum
    1358 00000000 E27C          QUADF32   R1H,R0H,R0H,R1H       ; [CPU_FPU] |281| 
         00000001 0201 
    1359 00000002 7700          NOP       ; [CPU_ALU] 
    1360 00000003 7700          NOP       ; [CPU_ALU] 
    1361 00000004 7700          NOP       ; [CPU_ALU] 
    1362 00000005 7700          NOP       ; [CPU_ALU] 
    1363 00000006 E27A          ATANPUF32 R0H,R0H               ; [CPU_FPU] |281| 
         00000007 0000 
    1364 00000008 7700          NOP       ; [CPU_ALU] 
    1365 00000009 7700          NOP       ; [CPU_ALU] 
    1366 0000000a 7700          NOP       ; [CPU_ALU] 
    1367 0000000b E710          ADDF32    R0H,R0H,R1H           ; [CPU_FPU] |281| 
         0000000c 0040 
    1368 0000000d 7700          NOP       ; [CPU_ALU] 
    1369 0000000e 7700          NOP       ; [CPU_ALU] 
    1370 0000000f E270          MPY2PIF32 R0H,R0H               ; [CPU_FPU] |281| 
         00000010 0000 
    1371 00000011 7700          NOP       ; [CPU_ALU] 
    1372              $C$DW$119       .dwtag  DW_TAG_TI_branch
    1373                      .dwattr $C$DW$119, DW_AT_low_pc(0x00)
    1374                      .dwattr $C$DW$119, DW_AT_TI_return
    1375              
    1376 00000012 0006          LRETR     ; [CPU_ALU] 
    1377                      ; return occurs ; [] 
    1378                      .dwattr $C$DW$114, DW_AT_TI_end_file("C:/ti/ccs2031/ccs/tools/compiler/ti-cgt-c2000_22.6.2.LTS/includ
    1379                      .dwattr $C$DW$114, DW_AT_TI_end_line(0x11a)
    1380                      .dwattr $C$DW$114, DW_AT_TI_end_column(0x01)
TMS320C2000 Assembler PC v22.6.2 Thu Feb 12 10:37:10 2026

Copyright (c) 1996-2018 Texas Instruments Incorporated
dual_axis_servo_drive_hal.asm                                        PAGE   27

    1381                      .dwendentry
    1382                      .dwendtag $C$DW$114
    1383              
    1384 00000000               .sect   ".text:__isnormall"
    1385                      .clink
    1386                      .global ||__isnormall||
    1387              
    1388              $C$DW$120       .dwtag  DW_TAG_subprogram
    1389                      .dwattr $C$DW$120, DW_AT_name("__isnormall")
    1390                      .dwattr $C$DW$120, DW_AT_low_pc(||__isnormall||)
    1391                      .dwattr $C$DW$120, DW_AT_high_pc(0x00)
    1392                      .dwattr $C$DW$120, DW_AT_linkage_name("__isnormall")
    1393                      .dwattr $C$DW$120, DW_AT_external
    1394                      .dwattr $C$DW$120, DW_AT_type(*$C$DW$T$10)
    1395                      .dwattr $C$DW$120, DW_AT_decl_file("C:/ti/ccs2031/ccs/tools/compiler/ti-cgt-c2000_22.6.2.LTS/include/
    1396                      .dwattr $C$DW$120, DW_AT_decl_line(0x167)
    1397                      .dwattr $C$DW$120, DW_AT_decl_column(0x18)
    1398                      .dwattr $C$DW$120, DW_AT_TI_max_frame_size(-6)
    1399                      .dwpsn  file "C:/ti/ccs2031/ccs/tools/compiler/ti-cgt-c2000_22.6.2.LTS/include/_defs.h",line 360,colu
    1400              
    1401                      .dwfde $C$DW$CIE, ||__isnormall||
    1402              $C$DW$121       .dwtag  DW_TAG_formal_parameter
    1403                      .dwattr $C$DW$121, DW_AT_name("e")
    1404                      .dwattr $C$DW$121, DW_AT_type(*$C$DW$T$248)
    1405                      .dwattr $C$DW$121, DW_AT_location[DW_OP_reg12]
    1406              
    1407              
    1408              ;***************************************************************
    1409              ;* FNAME: __isnormall                   FR SIZE:   4           *
    1410              ;*                                                             *
    1411              ;* FUNCTION ENVIRONMENT                                        *
    1412              ;*                                                             *
    1413              ;* FUNCTION PROPERTIES                                         *
    1414              ;*                            4 Parameter,  0 Auto,  0 SOE     *
    1415              ;***************************************************************
    1416              
    1417              ||__isnormall||:
    1418              ;* AR5   assigned to $O$C2
    1419              ;* AR6   assigned to $O$S1
    1420              ;* AR4   assigned to e
    1421              $C$DW$122       .dwtag  DW_TAG_variable
    1422                      .dwattr $C$DW$122, DW_AT_name("e")
    1423                      .dwattr $C$DW$122, DW_AT_type(*$C$DW$T$249)
    1424                      .dwattr $C$DW$122, DW_AT_location[DW_OP_reg12]
    1425              
    1426                      .dwcfi  cfa_offset, -2
    1427                      .dwcfi  save_reg_to_mem, 26, 0
    1428 00000000 FE04          ADDB      SP,#4                 ; [CPU_ARAU] 
    1429                      .dwcfi  cfa_offset, -6
    1430                      .dwpsn  file "C:/ti/ccs2031/ccs/tools/compiler/ti-cgt-c2000_22.6.2.LTS/include/_defs.h",line 360,colu
    1431 00000001 83C4          MOVL      XAR5,*+XAR4[0]        ; [CPU_ALU] |360| 
    1432 00000002 8AD4          MOVL      XAR4,*+XAR4[2]        ; [CPU_ALU] |360| 
    1433 00000003 BE00          MOVB      XAR6,#0               ; [CPU_ALU] |360| 
    1434 00000004 28AC          MOV       T,#52                 ; [CPU_ALU] |360| 
         00000005 0034 
TMS320C2000 Assembler PC v22.6.2 Thu Feb 12 10:37:10 2026

Copyright (c) 1996-2018 Texas Instruments Incorporated
dual_axis_servo_drive_hal.asm                                        PAGE   28

    1435 00000006 A0AB          MOVL      P,XAR5                ; [CPU_ALU] |360| 
    1436 00000007 A8A9          MOVL      ACC,XAR4              ; [CPU_ALU] |360| 
    1437 00000008 C244          MOVL      *-SP[4],XAR6          ; [CPU_ALU] |360| 
    1438 00000009 2B42          MOV       *-SP[2],#0            ; [CPU_ALU] |360| 
    1439 0000000a 565B          LSR64     ACC:P,T               ; [CPU_ALU] |360| 
    1440 0000000b 2B41          MOV       *-SP[1],#0            ; [CPU_FPU] |360| 
    1441 0000000c 9000          ANDB      AL,#0                 ; [CPU_ALU] |360| 
    1442 0000000d 9100          ANDB      AH,#0                 ; [CPU_ALU] |360| 
    1443 0000000e 18AB          AND       PL,#2047              ; [CPU_ALU] |360| 
         0000000f 07FF 
    1444 00000010 18AA          AND       PH,#0                 ; [CPU_ALU] |360| 
         00000011 0000 
    1445              $C$DW$123       .dwtag  DW_TAG_TI_branch
    1446                      .dwattr $C$DW$123, DW_AT_low_pc(0x00)
    1447                      .dwattr $C$DW$123, DW_AT_name("__c28xabi_cmpull")
    1448                      .dwattr $C$DW$123, DW_AT_TI_call
    1449              
    1450 00000012 7640!         LCR       #||__c28xabi_cmpull|| ; [CPU_ALU] |360| 
         00000013 0000 
    1451                      ; call occurs [#||__c28xabi_cmpull||] ; [] |360| 
    1452 00000014 BE00          MOVB      XAR6,#0               ; [CPU_ALU] |360| 
    1453 00000015 5200          CMPB      AL,#0                 ; [CPU_ALU] |360| 
    1454 00000016 610E          B         ||$C$L3||,EQ          ; [CPU_ALU] |360| 
    1455                      ; branchcc occurs ; [] |360| 
    1456 00000017 A0AB          MOVL      P,XAR5                ; [CPU_ALU] |360| 
    1457 00000018 A8A9          MOVL      ACC,XAR4              ; [CPU_ALU] |360| 
    1458 00000019 28AC          MOV       T,#48                 ; [CPU_ALU] |360| 
         0000001a 0030 
    1459 0000001b 565B          LSR64     ACC:P,T               ; [CPU_ALU] |360| 
    1460 0000001c 18AB          AND       PL,#0x7ff0            ; [CPU_ALU] |360| 
         0000001d 7FF0 
    1461 0000001e 80AB          MOVZ      AR7,PL                ; [CPU_ALU] |360| 
    1462 0000001f FF20          MOV       ACC,#32752            ; [CPU_ALU] |360| 
         00000020 7FF0 
    1463 00000021 0FA7          CMPL      ACC,XAR7              ; [CPU_ALU] |360| 
    1464 00000022 56B0          MOVB      XAR6,#1,NEQ           ; [CPU_ALU] |360| 
         00000023 01A6 
    1465 00000024       ||$C$L3||:    
    1466 00000024 FE84          SUBB      SP,#4                 ; [CPU_ARAU] 
    1467                      .dwcfi  cfa_offset, -2
    1468 00000025 92A6          MOV       AL,AR6                ; [CPU_ALU] |360| 
    1469              $C$DW$124       .dwtag  DW_TAG_TI_branch
    1470                      .dwattr $C$DW$124, DW_AT_low_pc(0x00)
    1471                      .dwattr $C$DW$124, DW_AT_TI_return
    1472              
    1473 00000026 0006          LRETR     ; [CPU_ALU] 
    1474                      ; return occurs ; [] 
    1475                      .dwattr $C$DW$120, DW_AT_TI_end_file("C:/ti/ccs2031/ccs/tools/compiler/ti-cgt-c2000_22.6.2.LTS/includ
    1476                      .dwattr $C$DW$120, DW_AT_TI_end_line(0x169)
    1477                      .dwattr $C$DW$120, DW_AT_TI_end_column(0x31)
    1478                      .dwendentry
    1479                      .dwendtag $C$DW$120
    1480              
    1481 00000000               .sect   ".text:__isnormalf"
    1482                      .clink
TMS320C2000 Assembler PC v22.6.2 Thu Feb 12 10:37:10 2026

Copyright (c) 1996-2018 Texas Instruments Incorporated
dual_axis_servo_drive_hal.asm                                        PAGE   29

    1483                      .global ||__isnormalf||
    1484              
    1485              $C$DW$125       .dwtag  DW_TAG_subprogram
    1486                      .dwattr $C$DW$125, DW_AT_name("__isnormalf")
    1487                      .dwattr $C$DW$125, DW_AT_low_pc(||__isnormalf||)
    1488                      .dwattr $C$DW$125, DW_AT_high_pc(0x00)
    1489                      .dwattr $C$DW$125, DW_AT_linkage_name("__isnormalf")
    1490                      .dwattr $C$DW$125, DW_AT_external
    1491                      .dwattr $C$DW$125, DW_AT_type(*$C$DW$T$10)
    1492                      .dwattr $C$DW$125, DW_AT_decl_file("C:/ti/ccs2031/ccs/tools/compiler/ti-cgt-c2000_22.6.2.LTS/include/
    1493                      .dwattr $C$DW$125, DW_AT_decl_line(0x163)
    1494                      .dwattr $C$DW$125, DW_AT_decl_column(0x18)
    1495                      .dwattr $C$DW$125, DW_AT_TI_max_frame_size(-2)
    1496                      .dwpsn  file "C:/ti/ccs2031/ccs/tools/compiler/ti-cgt-c2000_22.6.2.LTS/include/_defs.h",line 356,colu
    1497              
    1498                      .dwfde $C$DW$CIE, ||__isnormalf||
    1499              $C$DW$126       .dwtag  DW_TAG_formal_parameter
    1500                      .dwattr $C$DW$126, DW_AT_name("f")
    1501                      .dwattr $C$DW$126, DW_AT_type(*$C$DW$T$16)
    1502                      .dwattr $C$DW$126, DW_AT_location[DW_OP_regx 0x2b]
    1503              
    1504              
    1505              ;***************************************************************
    1506              ;* FNAME: __isnormalf                   FR SIZE:   0           *
    1507              ;*                                                             *
    1508              ;* FUNCTION ENVIRONMENT                                        *
    1509              ;*                                                             *
    1510              ;* FUNCTION PROPERTIES                                         *
    1511              ;*                            0 Parameter,  0 Auto,  0 SOE     *
    1512              ;***************************************************************
    1513              
    1514              ||__isnormalf||:
    1515              ;* PL    assigned to $O$K3
    1516              ;* AR6   assigned to $O$S1
    1517              ;* R0    assigned to f
    1518              $C$DW$127       .dwtag  DW_TAG_variable
    1519                      .dwattr $C$DW$127, DW_AT_name("f")
    1520                      .dwattr $C$DW$127, DW_AT_type(*$C$DW$T$244)
    1521                      .dwattr $C$DW$127, DW_AT_location[DW_OP_regx 0x2b]
    1522              
    1523                      .dwcfi  cfa_offset, -2
    1524                      .dwcfi  save_reg_to_mem, 26, 0
    1525                      .dwpsn  file "C:/ti/ccs2031/ccs/tools/compiler/ti-cgt-c2000_22.6.2.LTS/include/_defs.h",line 356,colu
    1526 00000000 BFAB          MOV32     P,R0H                 ; [CPU_FPU] |356| 
         00000001 0F12 
    1527 00000002 28AC          MOV       T,#23                 ; [CPU_ALU] |356| 
         00000003 0017 
    1528 00000004 A9A9          MOVL      ACC,P                 ; [CPU_ALU] |356| 
    1529 00000005 BE00          MOVB      XAR6,#0               ; [CPU_ALU] |356| 
    1530 00000006 5622          LSRL      ACC,T                 ; [CPU_ALU] |356| 
    1531 00000007 90FF          ANDB      AL,#0xff              ; [CPU_ALU] |356| 
    1532 00000008 6109          B         ||$C$L4||,EQ          ; [CPU_ALU] |356| 
    1533                      ; branchcc occurs ; [] |356| 
    1534 00000009 CCAA          AND       AL,PH,#0x7f80         ; [CPU_ALU] |356| 
         0000000a 7F80 
TMS320C2000 Assembler PC v22.6.2 Thu Feb 12 10:37:10 2026

Copyright (c) 1996-2018 Texas Instruments Incorporated
dual_axis_servo_drive_hal.asm                                        PAGE   30

    1535 0000000b 80A9          MOVZ      AR7,AL                ; [CPU_ALU] |356| 
    1536 0000000c FF20          MOV       ACC,#32640            ; [CPU_ALU] |356| 
         0000000d 7F80 
    1537 0000000e 0FA7          CMPL      ACC,XAR7              ; [CPU_ALU] |356| 
    1538 0000000f 56B0          MOVB      XAR6,#1,NEQ           ; [CPU_ALU] |356| 
         00000010 01A6 
    1539 00000011       ||$C$L4||:    
    1540 00000011 92A6          MOV       AL,AR6                ; [CPU_ALU] |356| 
    1541              $C$DW$128       .dwtag  DW_TAG_TI_branch
    1542                      .dwattr $C$DW$128, DW_AT_low_pc(0x00)
    1543                      .dwattr $C$DW$128, DW_AT_TI_return
    1544              
    1545 00000012 0006          LRETR     ; [CPU_ALU] 
    1546                      ; return occurs ; [] 
    1547                      .dwattr $C$DW$125, DW_AT_TI_end_file("C:/ti/ccs2031/ccs/tools/compiler/ti-cgt-c2000_22.6.2.LTS/includ
    1548                      .dwattr $C$DW$125, DW_AT_TI_end_line(0x165)
    1549                      .dwattr $C$DW$125, DW_AT_TI_end_column(0x2f)
    1550                      .dwendentry
    1551                      .dwendtag $C$DW$125
    1552              
    1553 00000000               .sect   ".text:__isnormal"
    1554                      .clink
    1555                      .global ||__isnormal||
    1556              
    1557              $C$DW$129       .dwtag  DW_TAG_subprogram
    1558                      .dwattr $C$DW$129, DW_AT_name("__isnormal")
    1559                      .dwattr $C$DW$129, DW_AT_low_pc(||__isnormal||)
    1560                      .dwattr $C$DW$129, DW_AT_high_pc(0x00)
    1561                      .dwattr $C$DW$129, DW_AT_linkage_name("__isnormal")
    1562                      .dwattr $C$DW$129, DW_AT_external
    1563                      .dwattr $C$DW$129, DW_AT_type(*$C$DW$T$10)
    1564                      .dwattr $C$DW$129, DW_AT_decl_file("C:/ti/ccs2031/ccs/tools/compiler/ti-cgt-c2000_22.6.2.LTS/include/
    1565                      .dwattr $C$DW$129, DW_AT_decl_line(0x15f)
    1566                      .dwattr $C$DW$129, DW_AT_decl_column(0x18)
    1567                      .dwattr $C$DW$129, DW_AT_TI_max_frame_size(-6)
    1568                      .dwpsn  file "C:/ti/ccs2031/ccs/tools/compiler/ti-cgt-c2000_22.6.2.LTS/include/_defs.h",line 352,colu
    1569              
    1570                      .dwfde $C$DW$CIE, ||__isnormal||
    1571              $C$DW$130       .dwtag  DW_TAG_formal_parameter
    1572                      .dwattr $C$DW$130, DW_AT_name("d")
    1573                      .dwattr $C$DW$130, DW_AT_type(*$C$DW$T$245)
    1574                      .dwattr $C$DW$130, DW_AT_location[DW_OP_reg12]
    1575              
    1576              
    1577              ;***************************************************************
    1578              ;* FNAME: __isnormal                    FR SIZE:   4           *
    1579              ;*                                                             *
    1580              ;* FUNCTION ENVIRONMENT                                        *
    1581              ;*                                                             *
    1582              ;* FUNCTION PROPERTIES                                         *
    1583              ;*                            4 Parameter,  0 Auto,  0 SOE     *
    1584              ;***************************************************************
    1585              
    1586              ||__isnormal||:
    1587              ;* AR5   assigned to $O$C2
TMS320C2000 Assembler PC v22.6.2 Thu Feb 12 10:37:10 2026

Copyright (c) 1996-2018 Texas Instruments Incorporated
dual_axis_servo_drive_hal.asm                                        PAGE   31

    1588              ;* AR6   assigned to $O$S1
    1589              ;* AR4   assigned to d
    1590              $C$DW$131       .dwtag  DW_TAG_variable
    1591                      .dwattr $C$DW$131, DW_AT_name("d")
    1592                      .dwattr $C$DW$131, DW_AT_type(*$C$DW$T$246)
    1593                      .dwattr $C$DW$131, DW_AT_location[DW_OP_reg12]
    1594              
    1595                      .dwcfi  cfa_offset, -2
    1596                      .dwcfi  save_reg_to_mem, 26, 0
    1597 00000000 FE04          ADDB      SP,#4                 ; [CPU_ARAU] 
    1598                      .dwcfi  cfa_offset, -6
    1599                      .dwpsn  file "C:/ti/ccs2031/ccs/tools/compiler/ti-cgt-c2000_22.6.2.LTS/include/_defs.h",line 352,colu
    1600 00000001 83C4          MOVL      XAR5,*+XAR4[0]        ; [CPU_ALU] |352| 
    1601 00000002 8AD4          MOVL      XAR4,*+XAR4[2]        ; [CPU_ALU] |352| 
    1602 00000003 BE00          MOVB      XAR6,#0               ; [CPU_ALU] |352| 
    1603 00000004 28AC          MOV       T,#52                 ; [CPU_ALU] |352| 
         00000005 0034 
    1604 00000006 A0AB          MOVL      P,XAR5                ; [CPU_ALU] |352| 
    1605 00000007 A8A9          MOVL      ACC,XAR4              ; [CPU_ALU] |352| 
    1606 00000008 C244          MOVL      *-SP[4],XAR6          ; [CPU_ALU] |352| 
    1607 00000009 2B42          MOV       *-SP[2],#0            ; [CPU_ALU] |352| 
    1608 0000000a 565B          LSR64     ACC:P,T               ; [CPU_ALU] |352| 
    1609 0000000b 2B41          MOV       *-SP[1],#0            ; [CPU_FPU] |352| 
    1610 0000000c 9000          ANDB      AL,#0                 ; [CPU_ALU] |352| 
    1611 0000000d 9100          ANDB      AH,#0                 ; [CPU_ALU] |352| 
    1612 0000000e 18AB          AND       PL,#2047              ; [CPU_ALU] |352| 
         0000000f 07FF 
    1613 00000010 18AA          AND       PH,#0                 ; [CPU_ALU] |352| 
         00000011 0000 
    1614              $C$DW$132       .dwtag  DW_TAG_TI_branch
    1615                      .dwattr $C$DW$132, DW_AT_low_pc(0x00)
    1616                      .dwattr $C$DW$132, DW_AT_name("__c28xabi_cmpull")
    1617                      .dwattr $C$DW$132, DW_AT_TI_call
    1618              
    1619 00000012 7640!         LCR       #||__c28xabi_cmpull|| ; [CPU_ALU] |352| 
         00000013 0000 
    1620                      ; call occurs [#||__c28xabi_cmpull||] ; [] |352| 
    1621 00000014 BE00          MOVB      XAR6,#0               ; [CPU_ALU] |352| 
    1622 00000015 5200          CMPB      AL,#0                 ; [CPU_ALU] |352| 
    1623 00000016 610E          B         ||$C$L5||,EQ          ; [CPU_ALU] |352| 
    1624                      ; branchcc occurs ; [] |352| 
    1625 00000017 A0AB          MOVL      P,XAR5                ; [CPU_ALU] |352| 
    1626 00000018 A8A9          MOVL      ACC,XAR4              ; [CPU_ALU] |352| 
    1627 00000019 28AC          MOV       T,#48                 ; [CPU_ALU] |352| 
         0000001a 0030 
    1628 0000001b 565B          LSR64     ACC:P,T               ; [CPU_ALU] |352| 
    1629 0000001c 18AB          AND       PL,#0x7ff0            ; [CPU_ALU] |352| 
         0000001d 7FF0 
    1630 0000001e 80AB          MOVZ      AR7,PL                ; [CPU_ALU] |352| 
    1631 0000001f FF20          MOV       ACC,#32752            ; [CPU_ALU] |352| 
         00000020 7FF0 
    1632 00000021 0FA7          CMPL      ACC,XAR7              ; [CPU_ALU] |352| 
    1633 00000022 56B0          MOVB      XAR6,#1,NEQ           ; [CPU_ALU] |352| 
         00000023 01A6 
    1634 00000024       ||$C$L5||:    
TMS320C2000 Assembler PC v22.6.2 Thu Feb 12 10:37:10 2026

Copyright (c) 1996-2018 Texas Instruments Incorporated
dual_axis_servo_drive_hal.asm                                        PAGE   32

    1635 00000024 FE84          SUBB      SP,#4                 ; [CPU_ARAU] 
    1636                      .dwcfi  cfa_offset, -2
    1637 00000025 92A6          MOV       AL,AR6                ; [CPU_ALU] |352| 
    1638              $C$DW$133       .dwtag  DW_TAG_TI_branch
    1639                      .dwattr $C$DW$133, DW_AT_low_pc(0x00)
    1640                      .dwattr $C$DW$133, DW_AT_TI_return
    1641              
    1642 00000026 0006          LRETR     ; [CPU_ALU] 
    1643                      ; return occurs ; [] 
    1644                      .dwattr $C$DW$129, DW_AT_TI_end_file("C:/ti/ccs2031/ccs/tools/compiler/ti-cgt-c2000_22.6.2.LTS/includ
    1645                      .dwattr $C$DW$129, DW_AT_TI_end_line(0x161)
    1646                      .dwattr $C$DW$129, DW_AT_TI_end_column(0x30)
    1647                      .dwendentry
    1648                      .dwendtag $C$DW$129
    1649              
    1650 00000000               .sect   ".text:__isnanl"
    1651                      .clink
    1652                      .global ||__isnanl||
    1653              
    1654              $C$DW$134       .dwtag  DW_TAG_subprogram
    1655                      .dwattr $C$DW$134, DW_AT_name("__isnanl")
    1656                      .dwattr $C$DW$134, DW_AT_low_pc(||__isnanl||)
    1657                      .dwattr $C$DW$134, DW_AT_high_pc(0x00)
    1658                      .dwattr $C$DW$134, DW_AT_linkage_name("__isnanl")
    1659                      .dwattr $C$DW$134, DW_AT_external
    1660                      .dwattr $C$DW$134, DW_AT_type(*$C$DW$T$10)
    1661                      .dwattr $C$DW$134, DW_AT_decl_file("C:/ti/ccs2031/ccs/tools/compiler/ti-cgt-c2000_22.6.2.LTS/include/
    1662                      .dwattr $C$DW$134, DW_AT_decl_line(0x15b)
    1663                      .dwattr $C$DW$134, DW_AT_decl_column(0x18)
    1664                      .dwattr $C$DW$134, DW_AT_TI_max_frame_size(-6)
    1665                      .dwpsn  file "C:/ti/ccs2031/ccs/tools/compiler/ti-cgt-c2000_22.6.2.LTS/include/_defs.h",line 348,colu
    1666              
    1667                      .dwfde $C$DW$CIE, ||__isnanl||
    1668              $C$DW$135       .dwtag  DW_TAG_formal_parameter
    1669                      .dwattr $C$DW$135, DW_AT_name("e")
    1670                      .dwattr $C$DW$135, DW_AT_type(*$C$DW$T$248)
    1671                      .dwattr $C$DW$135, DW_AT_location[DW_OP_reg12]
    1672              
    1673              
    1674              ;***************************************************************
    1675              ;* FNAME: __isnanl                      FR SIZE:   4           *
    1676              ;*                                                             *
    1677              ;* FUNCTION ENVIRONMENT                                        *
    1678              ;*                                                             *
    1679              ;* FUNCTION PROPERTIES                                         *
    1680              ;*                            4 Parameter,  0 Auto,  0 SOE     *
    1681              ;***************************************************************
    1682              
    1683              ||__isnanl||:
    1684              ;* AR7   assigned to $O$C2
    1685              ;* AR4   assigned to $O$S1
    1686              ;* AR4   assigned to e
    1687              $C$DW$136       .dwtag  DW_TAG_variable
    1688                      .dwattr $C$DW$136, DW_AT_name("e")
    1689                      .dwattr $C$DW$136, DW_AT_type(*$C$DW$T$249)
TMS320C2000 Assembler PC v22.6.2 Thu Feb 12 10:37:10 2026

Copyright (c) 1996-2018 Texas Instruments Incorporated
dual_axis_servo_drive_hal.asm                                        PAGE   33

    1690                      .dwattr $C$DW$136, DW_AT_location[DW_OP_reg12]
    1691              
    1692                      .dwcfi  cfa_offset, -2
    1693                      .dwcfi  save_reg_to_mem, 26, 0
    1694 00000000 FE04          ADDB      SP,#4                 ; [CPU_ARAU] 
    1695                      .dwcfi  cfa_offset, -6
    1696                      .dwpsn  file "C:/ti/ccs2031/ccs/tools/compiler/ti-cgt-c2000_22.6.2.LTS/include/_defs.h",line 348,colu
    1697 00000001 C5C4          MOVL      XAR7,*+XAR4[0]        ; [CPU_ALU] |348| 
    1698 00000002 06D4          MOVL      ACC,*+XAR4[2]         ; [CPU_ALU] |348| 
    1699 00000003 28AC          MOV       T,#48                 ; [CPU_ALU] |348| 
         00000004 0030 
    1700 00000005 1EA6          MOVL      XAR6,ACC              ; [CPU_ALU] |348| 
    1701 00000006 A3A7          MOVL      P,XAR7                ; [CPU_ALU] |348| 
    1702 00000007 D400          MOVB      XAR4,#0               ; [CPU_ALU] |348| 
    1703 00000008 565B          LSR64     ACC:P,T               ; [CPU_ALU] |348| 
    1704 00000009 2BAA          MOV       PH,#0                 ; [CPU_ALU] |348| 
    1705 0000000a 18AB          AND       PL,#0x7ff0            ; [CPU_ALU] |348| 
         0000000b 7FF0 
    1706 0000000c FF20          MOV       ACC,#32752            ; [CPU_ALU] |348| 
         0000000d 7FF0 
    1707 0000000e 0FAB          CMPL      ACC,P                 ; [CPU_ALU] |348| 
    1708 0000000f 6013          B         ||$C$L6||,NEQ         ; [CPU_ALU] |348| 
    1709                      ; branchcc occurs ; [] |348| 
    1710 00000010 06A6          MOVL      ACC,XAR6              ; [CPU_ALU] |348| 
    1711 00000011 A3A7          MOVL      P,XAR7                ; [CPU_ALU] |348| 
    1712 00000012 BE00          MOVB      XAR6,#0               ; [CPU_ALU] |348| 
    1713 00000013 18A9          AND       AL,#65535             ; [CPU_ALU] |348| 
         00000014 FFFF 
    1714 00000015 910F          ANDB      AH,#15                ; [CPU_ALU] |348| 
    1715 00000016 18AB          AND       PL,#65535             ; [CPU_ALU] |348| 
         00000017 FFFF 
    1716 00000018 18AA          AND       PH,#65535             ; [CPU_ALU] |348| 
         00000019 FFFF 
    1717 0000001a C244          MOVL      *-SP[4],XAR6          ; [CPU_FPU] |348| 
    1718 0000001b 2B42          MOV       *-SP[2],#0            ; [CPU_FPU] |348| 
    1719 0000001c 2B41          MOV       *-SP[1],#0            ; [CPU_FPU] |348| 
    1720              $C$DW$137       .dwtag  DW_TAG_TI_branch
    1721                      .dwattr $C$DW$137, DW_AT_low_pc(0x00)
    1722                      .dwattr $C$DW$137, DW_AT_name("__c28xabi_cmpull")
    1723                      .dwattr $C$DW$137, DW_AT_TI_call
    1724              
    1725 0000001d 7640!         LCR       #||__c28xabi_cmpull|| ; [CPU_ALU] |348| 
         0000001e 0000 
    1726                      ; call occurs [#||__c28xabi_cmpull||] ; [] |348| 
    1727 0000001f 5200          CMPB      AL,#0                 ; [CPU_ALU] |348| 
    1728 00000020 56B0          MOVB      XAR4,#1,NEQ           ; [CPU_ALU] |348| 
         00000021 01A4 
    1729 00000022       ||$C$L6||:    
    1730 00000022 FE84          SUBB      SP,#4                 ; [CPU_ARAU] 
    1731                      .dwcfi  cfa_offset, -2
    1732 00000023 92A4          MOV       AL,AR4                ; [CPU_ALU] |348| 
    1733              $C$DW$138       .dwtag  DW_TAG_TI_branch
    1734                      .dwattr $C$DW$138, DW_AT_low_pc(0x00)
    1735                      .dwattr $C$DW$138, DW_AT_TI_return
    1736              
TMS320C2000 Assembler PC v22.6.2 Thu Feb 12 10:37:10 2026

Copyright (c) 1996-2018 Texas Instruments Incorporated
dual_axis_servo_drive_hal.asm                                        PAGE   34

    1737 00000024 0006          LRETR     ; [CPU_ALU] 
    1738                      ; return occurs ; [] 
    1739                      .dwattr $C$DW$134, DW_AT_TI_end_file("C:/ti/ccs2031/ccs/tools/compiler/ti-cgt-c2000_22.6.2.LTS/includ
    1740                      .dwattr $C$DW$134, DW_AT_TI_end_line(0x15d)
    1741                      .dwattr $C$DW$134, DW_AT_TI_end_column(0x30)
    1742                      .dwendentry
    1743                      .dwendtag $C$DW$134
    1744              
    1745 00000000               .sect   ".text:__isnanf"
    1746                      .clink
    1747                      .global ||__isnanf||
    1748              
    1749              $C$DW$139       .dwtag  DW_TAG_subprogram
    1750                      .dwattr $C$DW$139, DW_AT_name("__isnanf")
    1751                      .dwattr $C$DW$139, DW_AT_low_pc(||__isnanf||)
    1752                      .dwattr $C$DW$139, DW_AT_high_pc(0x00)
    1753                      .dwattr $C$DW$139, DW_AT_linkage_name("__isnanf")
    1754                      .dwattr $C$DW$139, DW_AT_external
    1755                      .dwattr $C$DW$139, DW_AT_type(*$C$DW$T$10)
    1756                      .dwattr $C$DW$139, DW_AT_decl_file("C:/ti/ccs2031/ccs/tools/compiler/ti-cgt-c2000_22.6.2.LTS/include/
    1757                      .dwattr $C$DW$139, DW_AT_decl_line(0x158)
    1758                      .dwattr $C$DW$139, DW_AT_decl_column(0x18)
    1759                      .dwattr $C$DW$139, DW_AT_TI_max_frame_size(-2)
    1760                      .dwpsn  file "C:/ti/ccs2031/ccs/tools/compiler/ti-cgt-c2000_22.6.2.LTS/include/_defs.h",line 345,colu
    1761              
    1762                      .dwfde $C$DW$CIE, ||__isnanf||
    1763              $C$DW$140       .dwtag  DW_TAG_formal_parameter
    1764                      .dwattr $C$DW$140, DW_AT_name("f")
    1765                      .dwattr $C$DW$140, DW_AT_type(*$C$DW$T$16)
    1766                      .dwattr $C$DW$140, DW_AT_location[DW_OP_regx 0x2b]
    1767              
    1768              
    1769              ;***************************************************************
    1770              ;* FNAME: __isnanf                      FR SIZE:   0           *
    1771              ;*                                                             *
    1772              ;* FUNCTION ENVIRONMENT                                        *
    1773              ;*                                                             *
    1774              ;* FUNCTION PROPERTIES                                         *
    1775              ;*                            0 Parameter,  0 Auto,  0 SOE     *
    1776              ;***************************************************************
    1777              
    1778              ||__isnanf||:
    1779              ;* PL    assigned to $O$K3
    1780              ;* AR6   assigned to $O$S1
    1781              ;* R0    assigned to f
    1782              $C$DW$141       .dwtag  DW_TAG_variable
    1783                      .dwattr $C$DW$141, DW_AT_name("f")
    1784                      .dwattr $C$DW$141, DW_AT_type(*$C$DW$T$244)
    1785                      .dwattr $C$DW$141, DW_AT_location[DW_OP_regx 0x2b]
    1786              
    1787                      .dwcfi  cfa_offset, -2
    1788                      .dwcfi  save_reg_to_mem, 26, 0
    1789                      .dwpsn  file "C:/ti/ccs2031/ccs/tools/compiler/ti-cgt-c2000_22.6.2.LTS/include/_defs.h",line 345,colu
    1790 00000000 BFAB          MOV32     P,R0H                 ; [CPU_FPU] |345| 
         00000001 0F12 
TMS320C2000 Assembler PC v22.6.2 Thu Feb 12 10:37:10 2026

Copyright (c) 1996-2018 Texas Instruments Incorporated
dual_axis_servo_drive_hal.asm                                        PAGE   35

    1791 00000002 CCAA          AND       AL,PH,#0x7f80         ; [CPU_ALU] |345| 
         00000003 7F80 
    1792 00000004 80A9          MOVZ      AR7,AL                ; [CPU_ALU] |345| 
    1793 00000005 BE00          MOVB      XAR6,#0               ; [CPU_ALU] |345| 
    1794 00000006 FF20          MOV       ACC,#32640            ; [CPU_ALU] |345| 
         00000007 7F80 
    1795 00000008 0FA7          CMPL      ACC,XAR7              ; [CPU_ALU] |345| 
    1796 00000009 6006          B         ||$C$L7||,NEQ         ; [CPU_ALU] |345| 
    1797                      ; branchcc occurs ; [] |345| 
    1798 0000000a A9A9          MOVL      ACC,P                 ; [CPU_ALU] |345| 
    1799 0000000b 917F          ANDB      AH,#127               ; [CPU_ALU] |345| 
    1800 0000000c FF58          TEST      ACC                   ; [CPU_ALU] |345| 
    1801 0000000d 56B0          MOVB      XAR6,#1,NEQ           ; [CPU_ALU] |345| 
         0000000e 01A6 
    1802 0000000f       ||$C$L7||:    
    1803 0000000f 92A6          MOV       AL,AR6                ; [CPU_ALU] |345| 
    1804              $C$DW$142       .dwtag  DW_TAG_TI_branch
    1805                      .dwattr $C$DW$142, DW_AT_low_pc(0x00)
    1806                      .dwattr $C$DW$142, DW_AT_TI_return
    1807              
    1808 00000010 0006          LRETR     ; [CPU_ALU] 
    1809                      ; return occurs ; [] 
    1810                      .dwattr $C$DW$139, DW_AT_TI_end_file("C:/ti/ccs2031/ccs/tools/compiler/ti-cgt-c2000_22.6.2.LTS/includ
    1811                      .dwattr $C$DW$139, DW_AT_TI_end_line(0x15a)
    1812                      .dwattr $C$DW$139, DW_AT_TI_end_column(0x2e)
    1813                      .dwendentry
    1814                      .dwendtag $C$DW$139
    1815              
    1816 00000000               .sect   ".text:__isnan"
    1817                      .clink
    1818                      .global ||__isnan||
    1819              
    1820              $C$DW$143       .dwtag  DW_TAG_subprogram
    1821                      .dwattr $C$DW$143, DW_AT_name("__isnan")
    1822                      .dwattr $C$DW$143, DW_AT_low_pc(||__isnan||)
    1823                      .dwattr $C$DW$143, DW_AT_high_pc(0x00)
    1824                      .dwattr $C$DW$143, DW_AT_linkage_name("__isnan")
    1825                      .dwattr $C$DW$143, DW_AT_external
    1826                      .dwattr $C$DW$143, DW_AT_type(*$C$DW$T$10)
    1827                      .dwattr $C$DW$143, DW_AT_decl_file("C:/ti/ccs2031/ccs/tools/compiler/ti-cgt-c2000_22.6.2.LTS/include/
    1828                      .dwattr $C$DW$143, DW_AT_decl_line(0x155)
    1829                      .dwattr $C$DW$143, DW_AT_decl_column(0x18)
    1830                      .dwattr $C$DW$143, DW_AT_TI_max_frame_size(-6)
    1831                      .dwpsn  file "C:/ti/ccs2031/ccs/tools/compiler/ti-cgt-c2000_22.6.2.LTS/include/_defs.h",line 342,colu
    1832              
    1833                      .dwfde $C$DW$CIE, ||__isnan||
    1834              $C$DW$144       .dwtag  DW_TAG_formal_parameter
    1835                      .dwattr $C$DW$144, DW_AT_name("d")
    1836                      .dwattr $C$DW$144, DW_AT_type(*$C$DW$T$245)
    1837                      .dwattr $C$DW$144, DW_AT_location[DW_OP_reg12]
    1838              
    1839              
    1840              ;***************************************************************
    1841              ;* FNAME: __isnan                       FR SIZE:   4           *
    1842              ;*                                                             *
TMS320C2000 Assembler PC v22.6.2 Thu Feb 12 10:37:10 2026

Copyright (c) 1996-2018 Texas Instruments Incorporated
dual_axis_servo_drive_hal.asm                                        PAGE   36

    1843              ;* FUNCTION ENVIRONMENT                                        *
    1844              ;*                                                             *
    1845              ;* FUNCTION PROPERTIES                                         *
    1846              ;*                            4 Parameter,  0 Auto,  0 SOE     *
    1847              ;***************************************************************
    1848              
    1849              ||__isnan||:
    1850              ;* AR7   assigned to $O$C2
    1851              ;* AR4   assigned to $O$S1
    1852              ;* AR4   assigned to d
    1853              $C$DW$145       .dwtag  DW_TAG_variable
    1854                      .dwattr $C$DW$145, DW_AT_name("d")
    1855                      .dwattr $C$DW$145, DW_AT_type(*$C$DW$T$246)
    1856                      .dwattr $C$DW$145, DW_AT_location[DW_OP_reg12]
    1857              
    1858                      .dwcfi  cfa_offset, -2
    1859                      .dwcfi  save_reg_to_mem, 26, 0
    1860 00000000 FE04          ADDB      SP,#4                 ; [CPU_ARAU] 
    1861                      .dwcfi  cfa_offset, -6
    1862                      .dwpsn  file "C:/ti/ccs2031/ccs/tools/compiler/ti-cgt-c2000_22.6.2.LTS/include/_defs.h",line 342,colu
    1863 00000001 C5C4          MOVL      XAR7,*+XAR4[0]        ; [CPU_ALU] |342| 
    1864 00000002 06D4          MOVL      ACC,*+XAR4[2]         ; [CPU_ALU] |342| 
    1865 00000003 28AC          MOV       T,#48                 ; [CPU_ALU] |342| 
         00000004 0030 
    1866 00000005 1EA6          MOVL      XAR6,ACC              ; [CPU_ALU] |342| 
    1867 00000006 A3A7          MOVL      P,XAR7                ; [CPU_ALU] |342| 
    1868 00000007 D400          MOVB      XAR4,#0               ; [CPU_ALU] |342| 
    1869 00000008 565B          LSR64     ACC:P,T               ; [CPU_ALU] |342| 
    1870 00000009 2BAA          MOV       PH,#0                 ; [CPU_ALU] |342| 
    1871 0000000a 18AB          AND       PL,#0x7ff0            ; [CPU_ALU] |342| 
         0000000b 7FF0 
    1872 0000000c FF20          MOV       ACC,#32752            ; [CPU_ALU] |342| 
         0000000d 7FF0 
    1873 0000000e 0FAB          CMPL      ACC,P                 ; [CPU_ALU] |342| 
    1874 0000000f 6013          B         ||$C$L8||,NEQ         ; [CPU_ALU] |342| 
    1875                      ; branchcc occurs ; [] |342| 
    1876 00000010 06A6          MOVL      ACC,XAR6              ; [CPU_ALU] |342| 
    1877 00000011 A3A7          MOVL      P,XAR7                ; [CPU_ALU] |342| 
    1878 00000012 BE00          MOVB      XAR6,#0               ; [CPU_ALU] |342| 
    1879 00000013 18A9          AND       AL,#65535             ; [CPU_ALU] |342| 
         00000014 FFFF 
    1880 00000015 910F          ANDB      AH,#15                ; [CPU_ALU] |342| 
    1881 00000016 18AB          AND       PL,#65535             ; [CPU_ALU] |342| 
         00000017 FFFF 
    1882 00000018 18AA          AND       PH,#65535             ; [CPU_ALU] |342| 
         00000019 FFFF 
    1883 0000001a C244          MOVL      *-SP[4],XAR6          ; [CPU_FPU] |342| 
    1884 0000001b 2B42          MOV       *-SP[2],#0            ; [CPU_FPU] |342| 
    1885 0000001c 2B41          MOV       *-SP[1],#0            ; [CPU_FPU] |342| 
    1886              $C$DW$146       .dwtag  DW_TAG_TI_branch
    1887                      .dwattr $C$DW$146, DW_AT_low_pc(0x00)
    1888                      .dwattr $C$DW$146, DW_AT_name("__c28xabi_cmpull")
    1889                      .dwattr $C$DW$146, DW_AT_TI_call
    1890              
    1891 0000001d 7640!         LCR       #||__c28xabi_cmpull|| ; [CPU_ALU] |342| 
TMS320C2000 Assembler PC v22.6.2 Thu Feb 12 10:37:10 2026

Copyright (c) 1996-2018 Texas Instruments Incorporated
dual_axis_servo_drive_hal.asm                                        PAGE   37

         0000001e 0000 
    1892                      ; call occurs [#||__c28xabi_cmpull||] ; [] |342| 
    1893 0000001f 5200          CMPB      AL,#0                 ; [CPU_ALU] |342| 
    1894 00000020 56B0          MOVB      XAR4,#1,NEQ           ; [CPU_ALU] |342| 
         00000021 01A4 
    1895 00000022       ||$C$L8||:    
    1896 00000022 FE84          SUBB      SP,#4                 ; [CPU_ARAU] 
    1897                      .dwcfi  cfa_offset, -2
    1898 00000023 92A4          MOV       AL,AR4                ; [CPU_ALU] |342| 
    1899              $C$DW$147       .dwtag  DW_TAG_TI_branch
    1900                      .dwattr $C$DW$147, DW_AT_low_pc(0x00)
    1901                      .dwattr $C$DW$147, DW_AT_TI_return
    1902              
    1903 00000024 0006          LRETR     ; [CPU_ALU] 
    1904                      ; return occurs ; [] 
    1905                      .dwattr $C$DW$143, DW_AT_TI_end_file("C:/ti/ccs2031/ccs/tools/compiler/ti-cgt-c2000_22.6.2.LTS/includ
    1906                      .dwattr $C$DW$143, DW_AT_TI_end_line(0x157)
    1907                      .dwattr $C$DW$143, DW_AT_TI_end_column(0x2f)
    1908                      .dwendentry
    1909                      .dwendtag $C$DW$143
    1910              
    1911 00000000               .sect   ".text:__isinfl"
    1912                      .clink
    1913                      .global ||__isinfl||
    1914              
    1915              $C$DW$148       .dwtag  DW_TAG_subprogram
    1916                      .dwattr $C$DW$148, DW_AT_name("__isinfl")
    1917                      .dwattr $C$DW$148, DW_AT_low_pc(||__isinfl||)
    1918                      .dwattr $C$DW$148, DW_AT_high_pc(0x00)
    1919                      .dwattr $C$DW$148, DW_AT_linkage_name("__isinfl")
    1920                      .dwattr $C$DW$148, DW_AT_external
    1921                      .dwattr $C$DW$148, DW_AT_type(*$C$DW$T$10)
    1922                      .dwattr $C$DW$148, DW_AT_decl_file("C:/ti/ccs2031/ccs/tools/compiler/ti-cgt-c2000_22.6.2.LTS/include/
    1923                      .dwattr $C$DW$148, DW_AT_decl_line(0x17a)
    1924                      .dwattr $C$DW$148, DW_AT_decl_column(0x18)
    1925                      .dwattr $C$DW$148, DW_AT_TI_max_frame_size(-6)
    1926                      .dwpsn  file "C:/ti/ccs2031/ccs/tools/compiler/ti-cgt-c2000_22.6.2.LTS/include/_defs.h",line 379,colu
    1927              
    1928                      .dwfde $C$DW$CIE, ||__isinfl||
    1929              $C$DW$149       .dwtag  DW_TAG_formal_parameter
    1930                      .dwattr $C$DW$149, DW_AT_name("e")
    1931                      .dwattr $C$DW$149, DW_AT_type(*$C$DW$T$248)
    1932                      .dwattr $C$DW$149, DW_AT_location[DW_OP_reg12]
    1933              
    1934              
    1935              ;***************************************************************
    1936              ;* FNAME: __isinfl                      FR SIZE:   4           *
    1937              ;*                                                             *
    1938              ;* FUNCTION ENVIRONMENT                                        *
    1939              ;*                                                             *
    1940              ;* FUNCTION PROPERTIES                                         *
    1941              ;*                            4 Parameter,  0 Auto,  0 SOE     *
    1942              ;***************************************************************
    1943              
    1944              ||__isinfl||:
TMS320C2000 Assembler PC v22.6.2 Thu Feb 12 10:37:10 2026

Copyright (c) 1996-2018 Texas Instruments Incorporated
dual_axis_servo_drive_hal.asm                                        PAGE   38

    1945              ;* AR7   assigned to $O$C2
    1946              ;* AR4   assigned to $O$S1
    1947              ;* AR4   assigned to e
    1948              $C$DW$150       .dwtag  DW_TAG_variable
    1949                      .dwattr $C$DW$150, DW_AT_name("e")
    1950                      .dwattr $C$DW$150, DW_AT_type(*$C$DW$T$249)
    1951                      .dwattr $C$DW$150, DW_AT_location[DW_OP_reg12]
    1952              
    1953                      .dwcfi  cfa_offset, -2
    1954                      .dwcfi  save_reg_to_mem, 26, 0
    1955 00000000 FE04          ADDB      SP,#4                 ; [CPU_ARAU] 
    1956                      .dwcfi  cfa_offset, -6
    1957                      .dwpsn  file "C:/ti/ccs2031/ccs/tools/compiler/ti-cgt-c2000_22.6.2.LTS/include/_defs.h",line 379,colu
    1958 00000001 C5C4          MOVL      XAR7,*+XAR4[0]        ; [CPU_ALU] |379| 
    1959 00000002 06D4          MOVL      ACC,*+XAR4[2]         ; [CPU_ALU] |379| 
    1960 00000003 28AC          MOV       T,#48                 ; [CPU_ALU] |379| 
         00000004 0030 
    1961 00000005 1EA6          MOVL      XAR6,ACC              ; [CPU_ALU] |379| 
    1962 00000006 A3A7          MOVL      P,XAR7                ; [CPU_ALU] |379| 
    1963 00000007 D400          MOVB      XAR4,#0               ; [CPU_ALU] |379| 
    1964 00000008 565B          LSR64     ACC:P,T               ; [CPU_ALU] |379| 
    1965 00000009 2BAA          MOV       PH,#0                 ; [CPU_ALU] |379| 
    1966 0000000a 18AB          AND       PL,#0x7ff0            ; [CPU_ALU] |379| 
         0000000b 7FF0 
    1967 0000000c FF20          MOV       ACC,#32752            ; [CPU_ALU] |379| 
         0000000d 7FF0 
    1968 0000000e 0FAB          CMPL      ACC,P                 ; [CPU_ALU] |379| 
    1969 0000000f 6013          B         ||$C$L9||,NEQ         ; [CPU_ALU] |379| 
    1970                      ; branchcc occurs ; [] |379| 
    1971 00000010 06A6          MOVL      ACC,XAR6              ; [CPU_ALU] |379| 
    1972 00000011 A3A7          MOVL      P,XAR7                ; [CPU_ALU] |379| 
    1973 00000012 BE00          MOVB      XAR6,#0               ; [CPU_ALU] |379| 
    1974 00000013 18A9          AND       AL,#65535             ; [CPU_ALU] |379| 
         00000014 FFFF 
    1975 00000015 910F          ANDB      AH,#15                ; [CPU_ALU] |379| 
    1976 00000016 18AB          AND       PL,#65535             ; [CPU_ALU] |379| 
         00000017 FFFF 
    1977 00000018 18AA          AND       PH,#65535             ; [CPU_ALU] |379| 
         00000019 FFFF 
    1978 0000001a C244          MOVL      *-SP[4],XAR6          ; [CPU_FPU] |379| 
    1979 0000001b 2B42          MOV       *-SP[2],#0            ; [CPU_FPU] |379| 
    1980 0000001c 2B41          MOV       *-SP[1],#0            ; [CPU_FPU] |379| 
    1981              $C$DW$151       .dwtag  DW_TAG_TI_branch
    1982                      .dwattr $C$DW$151, DW_AT_low_pc(0x00)
    1983                      .dwattr $C$DW$151, DW_AT_name("__c28xabi_cmpull")
    1984                      .dwattr $C$DW$151, DW_AT_TI_call
    1985              
    1986 0000001d 7640!         LCR       #||__c28xabi_cmpull|| ; [CPU_ALU] |379| 
         0000001e 0000 
    1987                      ; call occurs [#||__c28xabi_cmpull||] ; [] |379| 
    1988 0000001f 5200          CMPB      AL,#0                 ; [CPU_ALU] |379| 
    1989 00000020 56B1          MOVB      XAR4,#1,EQ            ; [CPU_ALU] |379| 
         00000021 01A4 
    1990 00000022       ||$C$L9||:    
    1991 00000022 FE84          SUBB      SP,#4                 ; [CPU_ARAU] 
TMS320C2000 Assembler PC v22.6.2 Thu Feb 12 10:37:10 2026

Copyright (c) 1996-2018 Texas Instruments Incorporated
dual_axis_servo_drive_hal.asm                                        PAGE   39

    1992                      .dwcfi  cfa_offset, -2
    1993 00000023 92A4          MOV       AL,AR4                ; [CPU_ALU] |379| 
    1994              $C$DW$152       .dwtag  DW_TAG_TI_branch
    1995                      .dwattr $C$DW$152, DW_AT_low_pc(0x00)
    1996                      .dwattr $C$DW$152, DW_AT_TI_return
    1997              
    1998 00000024 0006          LRETR     ; [CPU_ALU] 
    1999                      ; return occurs ; [] 
    2000                      .dwattr $C$DW$148, DW_AT_TI_end_file("C:/ti/ccs2031/ccs/tools/compiler/ti-cgt-c2000_22.6.2.LTS/includ
    2001                      .dwattr $C$DW$148, DW_AT_TI_end_line(0x17b)
    2002                      .dwattr $C$DW$148, DW_AT_TI_end_column(0x4c)
    2003                      .dwendentry
    2004                      .dwendtag $C$DW$148
    2005              
    2006 00000000               .sect   ".text:__isinff"
    2007                      .clink
    2008                      .global ||__isinff||
    2009              
    2010              $C$DW$153       .dwtag  DW_TAG_subprogram
    2011                      .dwattr $C$DW$153, DW_AT_name("__isinff")
    2012                      .dwattr $C$DW$153, DW_AT_low_pc(||__isinff||)
    2013                      .dwattr $C$DW$153, DW_AT_high_pc(0x00)
    2014                      .dwattr $C$DW$153, DW_AT_linkage_name("__isinff")
    2015                      .dwattr $C$DW$153, DW_AT_external
    2016                      .dwattr $C$DW$153, DW_AT_type(*$C$DW$T$10)
    2017                      .dwattr $C$DW$153, DW_AT_decl_file("C:/ti/ccs2031/ccs/tools/compiler/ti-cgt-c2000_22.6.2.LTS/include/
    2018                      .dwattr $C$DW$153, DW_AT_decl_line(0x176)
    2019                      .dwattr $C$DW$153, DW_AT_decl_column(0x18)
    2020                      .dwattr $C$DW$153, DW_AT_TI_max_frame_size(-2)
    2021                      .dwpsn  file "C:/ti/ccs2031/ccs/tools/compiler/ti-cgt-c2000_22.6.2.LTS/include/_defs.h",line 375,colu
    2022              
    2023                      .dwfde $C$DW$CIE, ||__isinff||
    2024              $C$DW$154       .dwtag  DW_TAG_formal_parameter
    2025                      .dwattr $C$DW$154, DW_AT_name("f")
    2026                      .dwattr $C$DW$154, DW_AT_type(*$C$DW$T$16)
    2027                      .dwattr $C$DW$154, DW_AT_location[DW_OP_regx 0x2b]
    2028              
    2029              
    2030              ;***************************************************************
    2031              ;* FNAME: __isinff                      FR SIZE:   0           *
    2032              ;*                                                             *
    2033              ;* FUNCTION ENVIRONMENT                                        *
    2034              ;*                                                             *
    2035              ;* FUNCTION PROPERTIES                                         *
    2036              ;*                            0 Parameter,  0 Auto,  0 SOE     *
    2037              ;***************************************************************
    2038              
    2039              ||__isinff||:
    2040              ;* PL    assigned to $O$K3
    2041              ;* AR6   assigned to $O$S1
    2042              ;* R0    assigned to f
    2043              $C$DW$155       .dwtag  DW_TAG_variable
    2044                      .dwattr $C$DW$155, DW_AT_name("f")
    2045                      .dwattr $C$DW$155, DW_AT_type(*$C$DW$T$244)
    2046                      .dwattr $C$DW$155, DW_AT_location[DW_OP_regx 0x2b]
TMS320C2000 Assembler PC v22.6.2 Thu Feb 12 10:37:10 2026

Copyright (c) 1996-2018 Texas Instruments Incorporated
dual_axis_servo_drive_hal.asm                                        PAGE   40

    2047              
    2048                      .dwcfi  cfa_offset, -2
    2049                      .dwcfi  save_reg_to_mem, 26, 0
    2050                      .dwpsn  file "C:/ti/ccs2031/ccs/tools/compiler/ti-cgt-c2000_22.6.2.LTS/include/_defs.h",line 375,colu
    2051 00000000 BFAB          MOV32     P,R0H                 ; [CPU_FPU] |375| 
         00000001 0F12 
    2052 00000002 CCAA          AND       AL,PH,#0x7f80         ; [CPU_ALU] |375| 
         00000003 7F80 
    2053 00000004 80A9          MOVZ      AR7,AL                ; [CPU_ALU] |375| 
    2054 00000005 BE00          MOVB      XAR6,#0               ; [CPU_ALU] |375| 
    2055 00000006 FF20          MOV       ACC,#32640            ; [CPU_ALU] |375| 
         00000007 7F80 
    2056 00000008 0FA7          CMPL      ACC,XAR7              ; [CPU_ALU] |375| 
    2057 00000009 6006          B         ||$C$L10||,NEQ        ; [CPU_ALU] |375| 
    2058                      ; branchcc occurs ; [] |375| 
    2059 0000000a A9A9          MOVL      ACC,P                 ; [CPU_ALU] |375| 
    2060 0000000b 917F          ANDB      AH,#127               ; [CPU_ALU] |375| 
    2061 0000000c FF58          TEST      ACC                   ; [CPU_ALU] |375| 
    2062 0000000d 56B1          MOVB      XAR6,#1,EQ            ; [CPU_ALU] |375| 
         0000000e 01A6 
    2063 0000000f       ||$C$L10||:    
    2064 0000000f 92A6          MOV       AL,AR6                ; [CPU_ALU] |375| 
    2065              $C$DW$156       .dwtag  DW_TAG_TI_branch
    2066                      .dwattr $C$DW$156, DW_AT_low_pc(0x00)
    2067                      .dwattr $C$DW$156, DW_AT_TI_return
    2068              
    2069 00000010 0006          LRETR     ; [CPU_ALU] 
    2070                      ; return occurs ; [] 
    2071                      .dwattr $C$DW$153, DW_AT_TI_end_file("C:/ti/ccs2031/ccs/tools/compiler/ti-cgt-c2000_22.6.2.LTS/includ
    2072                      .dwattr $C$DW$153, DW_AT_TI_end_line(0x177)
    2073                      .dwattr $C$DW$153, DW_AT_TI_end_column(0x48)
    2074                      .dwendentry
    2075                      .dwendtag $C$DW$153
    2076              
    2077 00000000               .sect   ".text:__isinf"
    2078                      .clink
    2079                      .global ||__isinf||
    2080              
    2081              $C$DW$157       .dwtag  DW_TAG_subprogram
    2082                      .dwattr $C$DW$157, DW_AT_name("__isinf")
    2083                      .dwattr $C$DW$157, DW_AT_low_pc(||__isinf||)
    2084                      .dwattr $C$DW$157, DW_AT_high_pc(0x00)
    2085                      .dwattr $C$DW$157, DW_AT_linkage_name("__isinf")
    2086                      .dwattr $C$DW$157, DW_AT_external
    2087                      .dwattr $C$DW$157, DW_AT_type(*$C$DW$T$10)
    2088                      .dwattr $C$DW$157, DW_AT_decl_file("C:/ti/ccs2031/ccs/tools/compiler/ti-cgt-c2000_22.6.2.LTS/include/
    2089                      .dwattr $C$DW$157, DW_AT_decl_line(0x178)
    2090                      .dwattr $C$DW$157, DW_AT_decl_column(0x18)
    2091                      .dwattr $C$DW$157, DW_AT_TI_max_frame_size(-6)
    2092                      .dwpsn  file "C:/ti/ccs2031/ccs/tools/compiler/ti-cgt-c2000_22.6.2.LTS/include/_defs.h",line 377,colu
    2093              
    2094                      .dwfde $C$DW$CIE, ||__isinf||
    2095              $C$DW$158       .dwtag  DW_TAG_formal_parameter
    2096                      .dwattr $C$DW$158, DW_AT_name("d")
    2097                      .dwattr $C$DW$158, DW_AT_type(*$C$DW$T$245)
TMS320C2000 Assembler PC v22.6.2 Thu Feb 12 10:37:10 2026

Copyright (c) 1996-2018 Texas Instruments Incorporated
dual_axis_servo_drive_hal.asm                                        PAGE   41

    2098                      .dwattr $C$DW$158, DW_AT_location[DW_OP_reg12]
    2099              
    2100              
    2101              ;***************************************************************
    2102              ;* FNAME: __isinf                       FR SIZE:   4           *
    2103              ;*                                                             *
    2104              ;* FUNCTION ENVIRONMENT                                        *
    2105              ;*                                                             *
    2106              ;* FUNCTION PROPERTIES                                         *
    2107              ;*                            4 Parameter,  0 Auto,  0 SOE     *
    2108              ;***************************************************************
    2109              
    2110              ||__isinf||:
    2111              ;* AR7   assigned to $O$C2
    2112              ;* AR4   assigned to $O$S1
    2113              ;* AR4   assigned to d
    2114              $C$DW$159       .dwtag  DW_TAG_variable
    2115                      .dwattr $C$DW$159, DW_AT_name("d")
    2116                      .dwattr $C$DW$159, DW_AT_type(*$C$DW$T$246)
    2117                      .dwattr $C$DW$159, DW_AT_location[DW_OP_reg12]
    2118              
    2119                      .dwcfi  cfa_offset, -2
    2120                      .dwcfi  save_reg_to_mem, 26, 0
    2121 00000000 FE04          ADDB      SP,#4                 ; [CPU_ARAU] 
    2122                      .dwcfi  cfa_offset, -6
    2123                      .dwpsn  file "C:/ti/ccs2031/ccs/tools/compiler/ti-cgt-c2000_22.6.2.LTS/include/_defs.h",line 377,colu
    2124 00000001 C5C4          MOVL      XAR7,*+XAR4[0]        ; [CPU_ALU] |377| 
    2125 00000002 06D4          MOVL      ACC,*+XAR4[2]         ; [CPU_ALU] |377| 
    2126 00000003 28AC          MOV       T,#48                 ; [CPU_ALU] |377| 
         00000004 0030 
    2127 00000005 1EA6          MOVL      XAR6,ACC              ; [CPU_ALU] |377| 
    2128 00000006 A3A7          MOVL      P,XAR7                ; [CPU_ALU] |377| 
    2129 00000007 D400          MOVB      XAR4,#0               ; [CPU_ALU] |377| 
    2130 00000008 565B          LSR64     ACC:P,T               ; [CPU_ALU] |377| 
    2131 00000009 2BAA          MOV       PH,#0                 ; [CPU_ALU] |377| 
    2132 0000000a 18AB          AND       PL,#0x7ff0            ; [CPU_ALU] |377| 
         0000000b 7FF0 
    2133 0000000c FF20          MOV       ACC,#32752            ; [CPU_ALU] |377| 
         0000000d 7FF0 
    2134 0000000e 0FAB          CMPL      ACC,P                 ; [CPU_ALU] |377| 
    2135 0000000f 6013          B         ||$C$L11||,NEQ        ; [CPU_ALU] |377| 
    2136                      ; branchcc occurs ; [] |377| 
    2137 00000010 06A6          MOVL      ACC,XAR6              ; [CPU_ALU] |377| 
    2138 00000011 A3A7          MOVL      P,XAR7                ; [CPU_ALU] |377| 
    2139 00000012 BE00          MOVB      XAR6,#0               ; [CPU_ALU] |377| 
    2140 00000013 18A9          AND       AL,#65535             ; [CPU_ALU] |377| 
         00000014 FFFF 
    2141 00000015 910F          ANDB      AH,#15                ; [CPU_ALU] |377| 
    2142 00000016 18AB          AND       PL,#65535             ; [CPU_ALU] |377| 
         00000017 FFFF 
    2143 00000018 18AA          AND       PH,#65535             ; [CPU_ALU] |377| 
         00000019 FFFF 
    2144 0000001a C244          MOVL      *-SP[4],XAR6          ; [CPU_FPU] |377| 
    2145 0000001b 2B42          MOV       *-SP[2],#0            ; [CPU_FPU] |377| 
    2146 0000001c 2B41          MOV       *-SP[1],#0            ; [CPU_FPU] |377| 
TMS320C2000 Assembler PC v22.6.2 Thu Feb 12 10:37:10 2026

Copyright (c) 1996-2018 Texas Instruments Incorporated
dual_axis_servo_drive_hal.asm                                        PAGE   42

    2147              $C$DW$160       .dwtag  DW_TAG_TI_branch
    2148                      .dwattr $C$DW$160, DW_AT_low_pc(0x00)
    2149                      .dwattr $C$DW$160, DW_AT_name("__c28xabi_cmpull")
    2150                      .dwattr $C$DW$160, DW_AT_TI_call
    2151              
    2152 0000001d 7640!         LCR       #||__c28xabi_cmpull|| ; [CPU_ALU] |377| 
         0000001e 0000 
    2153                      ; call occurs [#||__c28xabi_cmpull||] ; [] |377| 
    2154 0000001f 5200          CMPB      AL,#0                 ; [CPU_ALU] |377| 
    2155 00000020 56B1          MOVB      XAR4,#1,EQ            ; [CPU_ALU] |377| 
         00000021 01A4 
    2156 00000022       ||$C$L11||:    
    2157 00000022 FE84          SUBB      SP,#4                 ; [CPU_ARAU] 
    2158                      .dwcfi  cfa_offset, -2
    2159 00000023 92A4          MOV       AL,AR4                ; [CPU_ALU] |377| 
    2160              $C$DW$161       .dwtag  DW_TAG_TI_branch
    2161                      .dwattr $C$DW$161, DW_AT_low_pc(0x00)
    2162                      .dwattr $C$DW$161, DW_AT_TI_return
    2163              
    2164 00000024 0006          LRETR     ; [CPU_ALU] 
    2165                      ; return occurs ; [] 
    2166                      .dwattr $C$DW$157, DW_AT_TI_end_file("C:/ti/ccs2031/ccs/tools/compiler/ti-cgt-c2000_22.6.2.LTS/includ
    2167                      .dwattr $C$DW$157, DW_AT_TI_end_line(0x179)
    2168                      .dwattr $C$DW$157, DW_AT_TI_end_column(0x4a)
    2169                      .dwendentry
    2170                      .dwendtag $C$DW$157
    2171              
    2172 00000000               .sect   ".text:__isfinitel"
    2173                      .clink
    2174                      .global ||__isfinitel||
    2175              
    2176              $C$DW$162       .dwtag  DW_TAG_subprogram
    2177                      .dwattr $C$DW$162, DW_AT_name("__isfinitel")
    2178                      .dwattr $C$DW$162, DW_AT_low_pc(||__isfinitel||)
    2179                      .dwattr $C$DW$162, DW_AT_high_pc(0x00)
    2180                      .dwattr $C$DW$162, DW_AT_linkage_name("__isfinitel")
    2181                      .dwattr $C$DW$162, DW_AT_external
    2182                      .dwattr $C$DW$162, DW_AT_type(*$C$DW$T$10)
    2183                      .dwattr $C$DW$162, DW_AT_decl_file("C:/ti/ccs2031/ccs/tools/compiler/ti-cgt-c2000_22.6.2.LTS/include/
    2184                      .dwattr $C$DW$162, DW_AT_decl_line(0x152)
    2185                      .dwattr $C$DW$162, DW_AT_decl_column(0x18)
    2186                      .dwattr $C$DW$162, DW_AT_TI_max_frame_size(-2)
    2187                      .dwpsn  file "C:/ti/ccs2031/ccs/tools/compiler/ti-cgt-c2000_22.6.2.LTS/include/_defs.h",line 339,colu
    2188              
    2189                      .dwfde $C$DW$CIE, ||__isfinitel||
    2190              $C$DW$163       .dwtag  DW_TAG_formal_parameter
    2191                      .dwattr $C$DW$163, DW_AT_name("e")
    2192                      .dwattr $C$DW$163, DW_AT_type(*$C$DW$T$248)
    2193                      .dwattr $C$DW$163, DW_AT_location[DW_OP_reg12]
    2194              
    2195              
    2196              ;***************************************************************
    2197              ;* FNAME: __isfinitel                   FR SIZE:   0           *
    2198              ;*                                                             *
    2199              ;* FUNCTION ENVIRONMENT                                        *
TMS320C2000 Assembler PC v22.6.2 Thu Feb 12 10:37:10 2026

Copyright (c) 1996-2018 Texas Instruments Incorporated
dual_axis_servo_drive_hal.asm                                        PAGE   43

    2200              ;*                                                             *
    2201              ;* FUNCTION PROPERTIES                                         *
    2202              ;*                            0 Parameter,  0 Auto,  0 SOE     *
    2203              ;***************************************************************
    2204              
    2205              ||__isfinitel||:
    2206              ;* AR4   assigned to e
    2207              $C$DW$164       .dwtag  DW_TAG_variable
    2208                      .dwattr $C$DW$164, DW_AT_name("e")
    2209                      .dwattr $C$DW$164, DW_AT_type(*$C$DW$T$249)
    2210                      .dwattr $C$DW$164, DW_AT_location[DW_OP_reg12]
    2211              
    2212                      .dwcfi  cfa_offset, -2
    2213                      .dwcfi  save_reg_to_mem, 26, 0
    2214                      .dwpsn  file "C:/ti/ccs2031/ccs/tools/compiler/ti-cgt-c2000_22.6.2.LTS/include/_defs.h",line 339,colu
    2215 00000000 A3C4          MOVL      P,*+XAR4[0]           ; [CPU_ALU] |339| 
    2216 00000001 06D4          MOVL      ACC,*+XAR4[2]         ; [CPU_ALU] |339| 
    2217 00000002 28AC          MOV       T,#48                 ; [CPU_ALU] |339| 
         00000003 0030 
    2218 00000004 565B          LSR64     ACC:P,T               ; [CPU_ALU] |339| 
    2219 00000005 18AB          AND       PL,#0x7ff0            ; [CPU_ALU] |339| 
         00000006 7FF0 
    2220 00000007 80AB          MOVZ      AR7,PL                ; [CPU_ALU] |339| 
    2221 00000008 FF20          MOV       ACC,#32752            ; [CPU_ALU] |339| 
         00000009 7FF0 
    2222 0000000a BE00          MOVB      XAR6,#0               ; [CPU_ALU] |339| 
    2223 0000000b 0FA7          CMPL      ACC,XAR7              ; [CPU_ALU] |339| 
    2224 0000000c 56B0          MOVB      XAR6,#1,NEQ           ; [CPU_ALU] |339| 
         0000000d 01A6 
    2225 0000000e 92A6          MOV       AL,AR6                ; [CPU_ALU] |339| 
    2226              $C$DW$165       .dwtag  DW_TAG_TI_branch
    2227                      .dwattr $C$DW$165, DW_AT_low_pc(0x00)
    2228                      .dwattr $C$DW$165, DW_AT_TI_return
    2229              
    2230 0000000f 0006          LRETR     ; [CPU_ALU] 
    2231                      ; return occurs ; [] 
    2232                      .dwattr $C$DW$162, DW_AT_TI_end_file("C:/ti/ccs2031/ccs/tools/compiler/ti-cgt-c2000_22.6.2.LTS/includ
    2233                      .dwattr $C$DW$162, DW_AT_TI_end_line(0x153)
    2234                      .dwattr $C$DW$162, DW_AT_TI_end_column(0x2f)
    2235                      .dwendentry
    2236                      .dwendtag $C$DW$162
    2237              
    2238 00000000               .sect   ".text:__isfinitef"
    2239                      .clink
    2240                      .global ||__isfinitef||
    2241              
    2242              $C$DW$166       .dwtag  DW_TAG_subprogram
    2243                      .dwattr $C$DW$166, DW_AT_name("__isfinitef")
    2244                      .dwattr $C$DW$166, DW_AT_low_pc(||__isfinitef||)
    2245                      .dwattr $C$DW$166, DW_AT_high_pc(0x00)
    2246                      .dwattr $C$DW$166, DW_AT_linkage_name("__isfinitef")
    2247                      .dwattr $C$DW$166, DW_AT_external
    2248                      .dwattr $C$DW$166, DW_AT_type(*$C$DW$T$10)
    2249                      .dwattr $C$DW$166, DW_AT_decl_file("C:/ti/ccs2031/ccs/tools/compiler/ti-cgt-c2000_22.6.2.LTS/include/
    2250                      .dwattr $C$DW$166, DW_AT_decl_line(0x150)
TMS320C2000 Assembler PC v22.6.2 Thu Feb 12 10:37:10 2026

Copyright (c) 1996-2018 Texas Instruments Incorporated
dual_axis_servo_drive_hal.asm                                        PAGE   44

    2251                      .dwattr $C$DW$166, DW_AT_decl_column(0x18)
    2252                      .dwattr $C$DW$166, DW_AT_TI_max_frame_size(-2)
    2253                      .dwpsn  file "C:/ti/ccs2031/ccs/tools/compiler/ti-cgt-c2000_22.6.2.LTS/include/_defs.h",line 337,colu
    2254              
    2255                      .dwfde $C$DW$CIE, ||__isfinitef||
    2256              $C$DW$167       .dwtag  DW_TAG_formal_parameter
    2257                      .dwattr $C$DW$167, DW_AT_name("f")
    2258                      .dwattr $C$DW$167, DW_AT_type(*$C$DW$T$16)
    2259                      .dwattr $C$DW$167, DW_AT_location[DW_OP_regx 0x2b]
    2260              
    2261              
    2262              ;***************************************************************
    2263              ;* FNAME: __isfinitef                   FR SIZE:   0           *
    2264              ;*                                                             *
    2265              ;* FUNCTION ENVIRONMENT                                        *
    2266              ;*                                                             *
    2267              ;* FUNCTION PROPERTIES                                         *
    2268              ;*                            0 Parameter,  0 Auto,  0 SOE     *
    2269              ;***************************************************************
    2270              
    2271              ||__isfinitef||:
    2272              ;* R0    assigned to f
    2273              $C$DW$168       .dwtag  DW_TAG_variable
    2274                      .dwattr $C$DW$168, DW_AT_name("f")
    2275                      .dwattr $C$DW$168, DW_AT_type(*$C$DW$T$244)
    2276                      .dwattr $C$DW$168, DW_AT_location[DW_OP_regx 0x2b]
    2277              
    2278                      .dwcfi  cfa_offset, -2
    2279                      .dwcfi  save_reg_to_mem, 26, 0
    2280                      .dwpsn  file "C:/ti/ccs2031/ccs/tools/compiler/ti-cgt-c2000_22.6.2.LTS/include/_defs.h",line 337,colu
    2281 00000000 BFAB          MOV32     P,R0H                 ; [CPU_FPU] |337| 
         00000001 0F12 
    2282 00000002 18AA          AND       PH,#0x7f80            ; [CPU_ALU] |337| 
         00000003 7F80 
    2283 00000004 80AA          MOVZ      AR7,PH                ; [CPU_ALU] |337| 
    2284 00000005 FF20          MOV       ACC,#32640            ; [CPU_ALU] |337| 
         00000006 7F80 
    2285 00000007 BE00          MOVB      XAR6,#0               ; [CPU_ALU] |337| 
    2286 00000008 0FA7          CMPL      ACC,XAR7              ; [CPU_ALU] |337| 
    2287 00000009 56B0          MOVB      XAR6,#1,NEQ           ; [CPU_ALU] |337| 
         0000000a 01A6 
    2288 0000000b 92A6          MOV       AL,AR6                ; [CPU_ALU] |337| 
    2289              $C$DW$169       .dwtag  DW_TAG_TI_branch
    2290                      .dwattr $C$DW$169, DW_AT_low_pc(0x00)
    2291                      .dwattr $C$DW$169, DW_AT_TI_return
    2292              
    2293 0000000c 0006          LRETR     ; [CPU_ALU] 
    2294                      ; return occurs ; [] 
    2295                      .dwattr $C$DW$166, DW_AT_TI_end_file("C:/ti/ccs2031/ccs/tools/compiler/ti-cgt-c2000_22.6.2.LTS/includ
    2296                      .dwattr $C$DW$166, DW_AT_TI_end_line(0x151)
    2297                      .dwattr $C$DW$166, DW_AT_TI_end_column(0x2d)
    2298                      .dwendentry
    2299                      .dwendtag $C$DW$166
    2300              
    2301 00000000               .sect   ".text:__isfinite"
TMS320C2000 Assembler PC v22.6.2 Thu Feb 12 10:37:10 2026

Copyright (c) 1996-2018 Texas Instruments Incorporated
dual_axis_servo_drive_hal.asm                                        PAGE   45

    2302                      .clink
    2303                      .global ||__isfinite||
    2304              
    2305              $C$DW$170       .dwtag  DW_TAG_subprogram
    2306                      .dwattr $C$DW$170, DW_AT_name("__isfinite")
    2307                      .dwattr $C$DW$170, DW_AT_low_pc(||__isfinite||)
    2308                      .dwattr $C$DW$170, DW_AT_high_pc(0x00)
    2309                      .dwattr $C$DW$170, DW_AT_linkage_name("__isfinite")
    2310                      .dwattr $C$DW$170, DW_AT_external
    2311                      .dwattr $C$DW$170, DW_AT_type(*$C$DW$T$10)
    2312                      .dwattr $C$DW$170, DW_AT_decl_file("C:/ti/ccs2031/ccs/tools/compiler/ti-cgt-c2000_22.6.2.LTS/include/
    2313                      .dwattr $C$DW$170, DW_AT_decl_line(0x14e)
    2314                      .dwattr $C$DW$170, DW_AT_decl_column(0x18)
    2315                      .dwattr $C$DW$170, DW_AT_TI_max_frame_size(-2)
    2316                      .dwpsn  file "C:/ti/ccs2031/ccs/tools/compiler/ti-cgt-c2000_22.6.2.LTS/include/_defs.h",line 335,colu
    2317              
    2318                      .dwfde $C$DW$CIE, ||__isfinite||
    2319              $C$DW$171       .dwtag  DW_TAG_formal_parameter
    2320                      .dwattr $C$DW$171, DW_AT_name("d")
    2321                      .dwattr $C$DW$171, DW_AT_type(*$C$DW$T$245)
    2322                      .dwattr $C$DW$171, DW_AT_location[DW_OP_reg12]
    2323              
    2324              
    2325              ;***************************************************************
    2326              ;* FNAME: __isfinite                    FR SIZE:   0           *
    2327              ;*                                                             *
    2328              ;* FUNCTION ENVIRONMENT                                        *
    2329              ;*                                                             *
    2330              ;* FUNCTION PROPERTIES                                         *
    2331              ;*                            0 Parameter,  0 Auto,  0 SOE     *
    2332              ;***************************************************************
    2333              
    2334              ||__isfinite||:
    2335              ;* AR4   assigned to d
    2336              $C$DW$172       .dwtag  DW_TAG_variable
    2337                      .dwattr $C$DW$172, DW_AT_name("d")
    2338                      .dwattr $C$DW$172, DW_AT_type(*$C$DW$T$246)
    2339                      .dwattr $C$DW$172, DW_AT_location[DW_OP_reg12]
    2340              
    2341                      .dwcfi  cfa_offset, -2
    2342                      .dwcfi  save_reg_to_mem, 26, 0
    2343                      .dwpsn  file "C:/ti/ccs2031/ccs/tools/compiler/ti-cgt-c2000_22.6.2.LTS/include/_defs.h",line 335,colu
    2344 00000000 A3C4          MOVL      P,*+XAR4[0]           ; [CPU_ALU] |335| 
    2345 00000001 06D4          MOVL      ACC,*+XAR4[2]         ; [CPU_ALU] |335| 
    2346 00000002 28AC          MOV       T,#48                 ; [CPU_ALU] |335| 
         00000003 0030 
    2347 00000004 565B          LSR64     ACC:P,T               ; [CPU_ALU] |335| 
    2348 00000005 18AB          AND       PL,#0x7ff0            ; [CPU_ALU] |335| 
         00000006 7FF0 
    2349 00000007 80AB          MOVZ      AR7,PL                ; [CPU_ALU] |335| 
    2350 00000008 FF20          MOV       ACC,#32752            ; [CPU_ALU] |335| 
         00000009 7FF0 
    2351 0000000a BE00          MOVB      XAR6,#0               ; [CPU_ALU] |335| 
    2352 0000000b 0FA7          CMPL      ACC,XAR7              ; [CPU_ALU] |335| 
    2353 0000000c 56B0          MOVB      XAR6,#1,NEQ           ; [CPU_ALU] |335| 
TMS320C2000 Assembler PC v22.6.2 Thu Feb 12 10:37:10 2026

Copyright (c) 1996-2018 Texas Instruments Incorporated
dual_axis_servo_drive_hal.asm                                        PAGE   46

         0000000d 01A6 
    2354 0000000e 92A6          MOV       AL,AR6                ; [CPU_ALU] |335| 
    2355              $C$DW$173       .dwtag  DW_TAG_TI_branch
    2356                      .dwattr $C$DW$173, DW_AT_low_pc(0x00)
    2357                      .dwattr $C$DW$173, DW_AT_TI_return
    2358              
    2359 0000000f 0006          LRETR     ; [CPU_ALU] 
    2360                      ; return occurs ; [] 
    2361                      .dwattr $C$DW$170, DW_AT_TI_end_file("C:/ti/ccs2031/ccs/tools/compiler/ti-cgt-c2000_22.6.2.LTS/includ
    2362                      .dwattr $C$DW$170, DW_AT_TI_end_line(0x14f)
    2363                      .dwattr $C$DW$170, DW_AT_TI_end_column(0x2e)
    2364                      .dwendentry
    2365                      .dwendtag $C$DW$170
    2366              
    2367 00000000               .sect   ".text:__fpclassifyl"
    2368                      .clink
    2369                      .global ||__fpclassifyl||
    2370              
    2371              $C$DW$174       .dwtag  DW_TAG_subprogram
    2372                      .dwattr $C$DW$174, DW_AT_name("__fpclassifyl")
    2373                      .dwattr $C$DW$174, DW_AT_low_pc(||__fpclassifyl||)
    2374                      .dwattr $C$DW$174, DW_AT_high_pc(0x00)
    2375                      .dwattr $C$DW$174, DW_AT_linkage_name("__fpclassifyl")
    2376                      .dwattr $C$DW$174, DW_AT_external
    2377                      .dwattr $C$DW$174, DW_AT_type(*$C$DW$T$10)
    2378                      .dwattr $C$DW$174, DW_AT_decl_file("C:/ti/ccs2031/ccs/tools/compiler/ti-cgt-c2000_22.6.2.LTS/include/
    2379                      .dwattr $C$DW$174, DW_AT_decl_line(0x1ae)
    2380                      .dwattr $C$DW$174, DW_AT_decl_column(0x18)
    2381                      .dwattr $C$DW$174, DW_AT_TI_max_frame_size(-10)
    2382                      .dwpsn  file "C:/ti/ccs2031/ccs/tools/compiler/ti-cgt-c2000_22.6.2.LTS/include/_defs.h",line 431,colu
    2383              
    2384                      .dwfde $C$DW$CIE, ||__fpclassifyl||
    2385              $C$DW$175       .dwtag  DW_TAG_formal_parameter
    2386                      .dwattr $C$DW$175, DW_AT_name("e")
    2387                      .dwattr $C$DW$175, DW_AT_type(*$C$DW$T$248)
    2388                      .dwattr $C$DW$175, DW_AT_location[DW_OP_reg12]
    2389              
    2390              
    2391              ;***************************************************************
    2392              ;* FNAME: __fpclassifyl                 FR SIZE:   8           *
    2393              ;*                                                             *
    2394              ;* FUNCTION ENVIRONMENT                                        *
    2395              ;*                                                             *
    2396              ;* FUNCTION PROPERTIES                                         *
    2397              ;*                            4 Parameter,  4 Auto,  0 SOE     *
    2398              ;***************************************************************
    2399              
    2400              ||__fpclassifyl||:
    2401              $C$DW$176       .dwtag  DW_TAG_variable
    2402                      .dwattr $C$DW$176, DW_AT_name("e")
    2403                      .dwattr $C$DW$176, DW_AT_type(*$C$DW$T$18)
    2404                      .dwattr $C$DW$176, DW_AT_location[DW_OP_breg20 -8]
    2405              
    2406              ;* AR5   assigned to $O$C1
    2407              ;* AR4   assigned to e
TMS320C2000 Assembler PC v22.6.2 Thu Feb 12 10:37:10 2026

Copyright (c) 1996-2018 Texas Instruments Incorporated
dual_axis_servo_drive_hal.asm                                        PAGE   47

    2408              $C$DW$177       .dwtag  DW_TAG_variable
    2409                      .dwattr $C$DW$177, DW_AT_name("e")
    2410                      .dwattr $C$DW$177, DW_AT_type(*$C$DW$T$249)
    2411                      .dwattr $C$DW$177, DW_AT_location[DW_OP_reg12]
    2412              
    2413                      .dwcfi  cfa_offset, -2
    2414                      .dwcfi  save_reg_to_mem, 26, 0
    2415 00000000 FE08          ADDB      SP,#8                 ; [CPU_ARAU] 
    2416                      .dwcfi  cfa_offset, -10
    2417 00000001 C4D4          MOVL      XAR6,*+XAR4[2]        ; [CPU_ALU] |431| 
    2418 00000002 06C4          MOVL      ACC,*+XAR4[0]         ; [CPU_ALU] |431| 
    2419 00000003 1E48          MOVL      *-SP[8],ACC           ; [CPU_ALU] |431| 
    2420 00000004 C246          MOVL      *-SP[6],XAR6          ; [CPU_ALU] |431| 
    2421                      .dwpsn  file "C:/ti/ccs2031/ccs/tools/compiler/ti-cgt-c2000_22.6.2.LTS/include/_defs.h",line 432,colu
    2422 00000005 8348          MOVL      XAR5,*-SP[8]          ; [CPU_ALU] |432| 
    2423 00000006 8A46          MOVL      XAR4,*-SP[6]          ; [CPU_ALU] |432| 
    2424                      .dwpsn  file "C:/ti/ccs2031/ccs/tools/compiler/ti-cgt-c2000_22.6.2.LTS/include/_defs.h",line 436,colu
    2425 00000007 28AC          MOV       T,#48                 ; [CPU_ALU] |436| 
         00000008 0030 
    2426 00000009 A0AB          MOVL      P,XAR5                ; [CPU_ALU] |436| 
    2427 0000000a A8A9          MOVL      ACC,XAR4              ; [CPU_ALU] |436| 
    2428 0000000b 565B          LSR64     ACC:P,T               ; [CPU_ALU] |436| 
    2429 0000000c 18AB          AND       PL,#0x7ff0            ; [CPU_ALU] |436| 
         0000000d 7FF0 
    2430 0000000e 88AB          MOVZ      AR6,PL                ; [CPU_ALU] |436| 
    2431 0000000f FF20          MOV       ACC,#32752            ; [CPU_ALU] |436| 
         00000010 7FF0 
    2432 00000011 0FA6          CMPL      ACC,XAR6              ; [CPU_ALU] |436| 
    2433 00000012 6016          B         ||$C$L13||,NEQ        ; [CPU_ALU] |436| 
    2434                      ; branchcc occurs ; [] |436| 
    2435 00000013 0200          MOVB      ACC,#0                ; [CPU_ALU] |436| 
    2436 00000014 1E44          MOVL      *-SP[4],ACC           ; [CPU_ALU] |436| 
    2437 00000015 2B42          MOV       *-SP[2],#0            ; [CPU_ALU] |436| 
    2438 00000016 2B41          MOV       *-SP[1],#0            ; [CPU_ALU] |436| 
    2439 00000017 A348          MOVL      P,*-SP[8]             ; [CPU_ALU] |436| 
    2440 00000018 0646          MOVL      ACC,*-SP[6]           ; [CPU_ALU] |436| 
    2441 00000019 18AB          AND       PL,#65535             ; [CPU_ALU] |436| 
         0000001a FFFF 
    2442 0000001b 18AA          AND       PH,#65535             ; [CPU_ALU] |436| 
         0000001c FFFF 
    2443 0000001d 18A9          AND       AL,#65535             ; [CPU_ALU] |436| 
         0000001e FFFF 
    2444 0000001f 910F          ANDB      AH,#15                ; [CPU_ALU] |436| 
    2445              $C$DW$178       .dwtag  DW_TAG_TI_branch
    2446                      .dwattr $C$DW$178, DW_AT_low_pc(0x00)
    2447                      .dwattr $C$DW$178, DW_AT_name("__c28xabi_cmpull")
    2448                      .dwattr $C$DW$178, DW_AT_TI_call
    2449              
    2450 00000020 7640!         LCR       #||__c28xabi_cmpull|| ; [CPU_ALU] |436| 
         00000021 0000 
    2451                      ; call occurs [#||__c28xabi_cmpull||] ; [] |436| 
    2452 00000022 5200          CMPB      AL,#0                 ; [CPU_ALU] |436| 
    2453 00000023 6103          B         ||$C$L12||,EQ         ; [CPU_ALU] |436| 
    2454                      ; branchcc occurs ; [] |436| 
    2455 00000024 9A02          MOVB      AL,#2                 ; [CPU_ALU] |436| 
TMS320C2000 Assembler PC v22.6.2 Thu Feb 12 10:37:10 2026

Copyright (c) 1996-2018 Texas Instruments Incorporated
dual_axis_servo_drive_hal.asm                                        PAGE   48

    2456 00000025 6F2D          B         ||$C$L16||,UNC        ; [CPU_ALU] |436| 
    2457                      ; branch occurs ; [] |436| 
    2458 00000026       ||$C$L12||:    
    2459 00000026 9A01          MOVB      AL,#1                 ; [CPU_ALU] |436| 
    2460 00000027 6F2B          B         ||$C$L16||,UNC        ; [CPU_ALU] |436| 
    2461                      ; branch occurs ; [] |436| 
    2462 00000028       ||$C$L13||:    
    2463 00000028 BE00          MOVB      XAR6,#0               ; [CPU_ALU] |436| 
    2464 00000029 A0AB          MOVL      P,XAR5                ; [CPU_ALU] |436| 
    2465 0000002a A8A9          MOVL      ACC,XAR4              ; [CPU_ALU] |436| 
    2466 0000002b 28AC          MOV       T,#52                 ; [CPU_ALU] |436| 
         0000002c 0034 
    2467 0000002d C244          MOVL      *-SP[4],XAR6          ; [CPU_ALU] |436| 
    2468 0000002e 2B42          MOV       *-SP[2],#0            ; [CPU_ALU] |436| 
    2469 0000002f 565B          LSR64     ACC:P,T               ; [CPU_ALU] |436| 
    2470 00000030 2B41          MOV       *-SP[1],#0            ; [CPU_FPU] |436| 
    2471 00000031 9000          ANDB      AL,#0                 ; [CPU_ALU] |436| 
    2472 00000032 9100          ANDB      AH,#0                 ; [CPU_ALU] |436| 
    2473 00000033 18AB          AND       PL,#2047              ; [CPU_ALU] |436| 
         00000034 07FF 
    2474 00000035 18AA          AND       PH,#0                 ; [CPU_ALU] |436| 
         00000036 0000 
    2475              $C$DW$179       .dwtag  DW_TAG_TI_branch
    2476                      .dwattr $C$DW$179, DW_AT_low_pc(0x00)
    2477                      .dwattr $C$DW$179, DW_AT_name("__c28xabi_cmpull")
    2478                      .dwattr $C$DW$179, DW_AT_TI_call
    2479              
    2480 00000037 7640!         LCR       #||__c28xabi_cmpull|| ; [CPU_ALU] |436| 
         00000038 0000 
    2481                      ; call occurs [#||__c28xabi_cmpull||] ; [] |436| 
    2482 00000039 5200          CMPB      AL,#0                 ; [CPU_ALU] |436| 
    2483 0000003a 6104          B         ||$C$L14||,EQ         ; [CPU_ALU] |436| 
    2484                      ; branchcc occurs ; [] |436| 
    2485 0000003b 28A9          MOV       AL,#-1                ; [CPU_ALU] |436| 
         0000003c FFFF 
    2486 0000003d 6F15          B         ||$C$L16||,UNC        ; [CPU_ALU] |436| 
    2487                      ; branch occurs ; [] |436| 
    2488 0000003e       ||$C$L14||:    
    2489 0000003e C244          MOVL      *-SP[4],XAR6          ; [CPU_ALU] |436| 
    2490 0000003f A8A9          MOVL      ACC,XAR4              ; [CPU_ALU] |436| 
    2491 00000040 A0AB          MOVL      P,XAR5                ; [CPU_ALU] |436| 
    2492 00000041 2B42          MOV       *-SP[2],#0            ; [CPU_ALU] |436| 
    2493 00000042 18A9          AND       AL,#65535             ; [CPU_ALU] |436| 
         00000043 FFFF 
    2494 00000044 910F          ANDB      AH,#15                ; [CPU_ALU] |436| 
    2495 00000045 18AB          AND       PL,#65535             ; [CPU_ALU] |436| 
         00000046 FFFF 
    2496 00000047 18AA          AND       PH,#65535             ; [CPU_ALU] |436| 
         00000048 FFFF 
    2497 00000049 2B41          MOV       *-SP[1],#0            ; [CPU_FPU] |436| 
    2498              $C$DW$180       .dwtag  DW_TAG_TI_branch
    2499                      .dwattr $C$DW$180, DW_AT_low_pc(0x00)
    2500                      .dwattr $C$DW$180, DW_AT_name("__c28xabi_cmpull")
    2501                      .dwattr $C$DW$180, DW_AT_TI_call
    2502              
TMS320C2000 Assembler PC v22.6.2 Thu Feb 12 10:37:10 2026

Copyright (c) 1996-2018 Texas Instruments Incorporated
dual_axis_servo_drive_hal.asm                                        PAGE   49

    2503 0000004a 7640!         LCR       #||__c28xabi_cmpull|| ; [CPU_ALU] |436| 
         0000004b 0000 
    2504                      ; call occurs [#||__c28xabi_cmpull||] ; [] |436| 
    2505 0000004c 5200          CMPB      AL,#0                 ; [CPU_ALU] |436| 
    2506 0000004d 6104          B         ||$C$L15||,EQ         ; [CPU_ALU] |436| 
    2507                      ; branchcc occurs ; [] |436| 
    2508 0000004e 28A9          MOV       AL,#-2                ; [CPU_ALU] |436| 
         0000004f FFFE 
    2509 00000050 6F02          B         ||$C$L16||,UNC        ; [CPU_ALU] |436| 
    2510                      ; branch occurs ; [] |436| 
    2511 00000051       ||$C$L15||:    
    2512 00000051 9A00          MOVB      AL,#0                 ; [CPU_ALU] |436| 
    2513 00000052       ||$C$L16||:    
    2514 00000052 FE88          SUBB      SP,#8                 ; [CPU_ARAU] 
    2515                      .dwcfi  cfa_offset, -2
    2516              $C$DW$181       .dwtag  DW_TAG_TI_branch
    2517                      .dwattr $C$DW$181, DW_AT_low_pc(0x00)
    2518                      .dwattr $C$DW$181, DW_AT_TI_return
    2519              
    2520 00000053 0006          LRETR     ; [CPU_ALU] 
    2521                      ; return occurs ; [] 
    2522                      .dwattr $C$DW$174, DW_AT_TI_end_file("C:/ti/ccs2031/ccs/tools/compiler/ti-cgt-c2000_22.6.2.LTS/includ
    2523                      .dwattr $C$DW$174, DW_AT_TI_end_line(0x1bd)
    2524                      .dwattr $C$DW$174, DW_AT_TI_end_column(0x01)
    2525                      .dwendentry
    2526                      .dwendtag $C$DW$174
    2527              
    2528 00000000               .sect   ".text:__fpclassifyf"
    2529                      .clink
    2530                      .global ||__fpclassifyf||
    2531              
    2532              $C$DW$182       .dwtag  DW_TAG_subprogram
    2533                      .dwattr $C$DW$182, DW_AT_name("__fpclassifyf")
    2534                      .dwattr $C$DW$182, DW_AT_low_pc(||__fpclassifyf||)
    2535                      .dwattr $C$DW$182, DW_AT_high_pc(0x00)
    2536                      .dwattr $C$DW$182, DW_AT_linkage_name("__fpclassifyf")
    2537                      .dwattr $C$DW$182, DW_AT_external
    2538                      .dwattr $C$DW$182, DW_AT_type(*$C$DW$T$10)
    2539                      .dwattr $C$DW$182, DW_AT_decl_file("C:/ti/ccs2031/ccs/tools/compiler/ti-cgt-c2000_22.6.2.LTS/include/
    2540                      .dwattr $C$DW$182, DW_AT_decl_line(0x18c)
    2541                      .dwattr $C$DW$182, DW_AT_decl_column(0x18)
    2542                      .dwattr $C$DW$182, DW_AT_TI_max_frame_size(-2)
    2543                      .dwpsn  file "C:/ti/ccs2031/ccs/tools/compiler/ti-cgt-c2000_22.6.2.LTS/include/_defs.h",line 397,colu
    2544              
    2545                      .dwfde $C$DW$CIE, ||__fpclassifyf||
    2546              $C$DW$183       .dwtag  DW_TAG_formal_parameter
    2547                      .dwattr $C$DW$183, DW_AT_name("f")
    2548                      .dwattr $C$DW$183, DW_AT_type(*$C$DW$T$16)
    2549                      .dwattr $C$DW$183, DW_AT_location[DW_OP_regx 0x2b]
    2550              
    2551              
    2552              ;***************************************************************
    2553              ;* FNAME: __fpclassifyf                 FR SIZE:   0           *
    2554              ;*                                                             *
    2555              ;* FUNCTION ENVIRONMENT                                        *
TMS320C2000 Assembler PC v22.6.2 Thu Feb 12 10:37:10 2026

Copyright (c) 1996-2018 Texas Instruments Incorporated
dual_axis_servo_drive_hal.asm                                        PAGE   50

    2556              ;*                                                             *
    2557              ;* FUNCTION PROPERTIES                                         *
    2558              ;*                            0 Parameter,  0 Auto,  0 SOE     *
    2559              ;***************************************************************
    2560              
    2561              ||__fpclassifyf||:
    2562              ;* PL    assigned to $O$K1
    2563              ;* R0    assigned to f
    2564              $C$DW$184       .dwtag  DW_TAG_variable
    2565                      .dwattr $C$DW$184, DW_AT_name("f")
    2566                      .dwattr $C$DW$184, DW_AT_type(*$C$DW$T$244)
    2567                      .dwattr $C$DW$184, DW_AT_location[DW_OP_regx 0x2b]
    2568              
    2569                      .dwcfi  cfa_offset, -2
    2570                      .dwcfi  save_reg_to_mem, 26, 0
    2571                      .dwpsn  file "C:/ti/ccs2031/ccs/tools/compiler/ti-cgt-c2000_22.6.2.LTS/include/_defs.h",line 398,colu
    2572 00000000 BFAB          MOV32     P,R0H                 ; [CPU_FPU] |398| 
         00000001 0F12 
    2573                      .dwpsn  file "C:/ti/ccs2031/ccs/tools/compiler/ti-cgt-c2000_22.6.2.LTS/include/_defs.h",line 402,colu
    2574 00000002 CCAA          AND       AL,PH,#0x7f80         ; [CPU_ALU] |402| 
         00000003 7F80 
    2575 00000004 88A9          MOVZ      AR6,AL                ; [CPU_ALU] |402| 
    2576 00000005 FF20          MOV       ACC,#32640            ; [CPU_ALU] |402| 
         00000006 7F80 
    2577 00000007 0FA6          CMPL      ACC,XAR6              ; [CPU_ALU] |402| 
    2578 00000008 6009          B         ||$C$L18||,NEQ        ; [CPU_ALU] |402| 
    2579                      ; branchcc occurs ; [] |402| 
    2580 00000009 A9A9          MOVL      ACC,P                 ; [CPU_ALU] |402| 
    2581 0000000a 917F          ANDB      AH,#127               ; [CPU_ALU] |402| 
    2582 0000000b FF58          TEST      ACC                   ; [CPU_ALU] |402| 
    2583 0000000c 6103          B         ||$C$L17||,EQ         ; [CPU_ALU] |402| 
    2584                      ; branchcc occurs ; [] |402| 
    2585                      .dwcfi  remember_state
    2586 0000000d 9A02          MOVB      AL,#2                 ; [CPU_ALU] |402| 
    2587              $C$DW$185       .dwtag  DW_TAG_TI_branch
    2588                      .dwattr $C$DW$185, DW_AT_low_pc(0x00)
    2589                      .dwattr $C$DW$185, DW_AT_TI_return
    2590              
    2591 0000000e 0006          LRETR     ; [CPU_ALU] 
    2592                      ; return occurs ; [] 
    2593                      .dwcfi  restore_state
    2594 0000000f       ||$C$L17||:    
    2595                      .dwcfi  remember_state
    2596 0000000f 9A01          MOVB      AL,#1                 ; [CPU_ALU] |402| 
    2597              $C$DW$186       .dwtag  DW_TAG_TI_branch
    2598                      .dwattr $C$DW$186, DW_AT_low_pc(0x00)
    2599                      .dwattr $C$DW$186, DW_AT_TI_return
    2600              
    2601 00000010 0006          LRETR     ; [CPU_ALU] 
    2602                      ; return occurs ; [] 
    2603                      .dwcfi  restore_state
    2604 00000011       ||$C$L18||:    
    2605 00000011 A9A9          MOVL      ACC,P                 ; [CPU_ALU] |402| 
    2606 00000012 28AC          MOV       T,#23                 ; [CPU_ALU] |402| 
         00000013 0017 
TMS320C2000 Assembler PC v22.6.2 Thu Feb 12 10:37:10 2026

Copyright (c) 1996-2018 Texas Instruments Incorporated
dual_axis_servo_drive_hal.asm                                        PAGE   51

    2607 00000014 5622          LSRL      ACC,T                 ; [CPU_ALU] |402| 
    2608 00000015 90FF          ANDB      AL,#0xff              ; [CPU_ALU] |402| 
    2609 00000016 6104          B         ||$C$L19||,EQ         ; [CPU_ALU] |402| 
    2610                      ; branchcc occurs ; [] |402| 
    2611                      .dwcfi  remember_state
    2612 00000017 28A9          MOV       AL,#-1                ; [CPU_ALU] |402| 
         00000018 FFFF 
    2613              $C$DW$187       .dwtag  DW_TAG_TI_branch
    2614                      .dwattr $C$DW$187, DW_AT_low_pc(0x00)
    2615                      .dwattr $C$DW$187, DW_AT_TI_return
    2616              
    2617 00000019 0006          LRETR     ; [CPU_ALU] 
    2618                      ; return occurs ; [] 
    2619                      .dwcfi  restore_state
    2620 0000001a       ||$C$L19||:    
    2621 0000001a A9A9          MOVL      ACC,P                 ; [CPU_ALU] |402| 
    2622 0000001b 917F          ANDB      AH,#127               ; [CPU_ALU] |402| 
    2623 0000001c FF58          TEST      ACC                   ; [CPU_ALU] |402| 
    2624 0000001d 6104          B         ||$C$L20||,EQ         ; [CPU_ALU] |402| 
    2625                      ; branchcc occurs ; [] |402| 
    2626                      .dwcfi  remember_state
    2627 0000001e 28A9          MOV       AL,#-2                ; [CPU_ALU] |402| 
         0000001f FFFE 
    2628              $C$DW$188       .dwtag  DW_TAG_TI_branch
    2629                      .dwattr $C$DW$188, DW_AT_low_pc(0x00)
    2630                      .dwattr $C$DW$188, DW_AT_TI_return
    2631              
    2632 00000020 0006          LRETR     ; [CPU_ALU] 
    2633                      ; return occurs ; [] 
    2634                      .dwcfi  restore_state
    2635 00000021       ||$C$L20||:    
    2636 00000021 9A00          MOVB      AL,#0                 ; [CPU_ALU] |402| 
    2637              $C$DW$189       .dwtag  DW_TAG_TI_branch
    2638                      .dwattr $C$DW$189, DW_AT_low_pc(0x00)
    2639                      .dwattr $C$DW$189, DW_AT_TI_return
    2640              
    2641 00000022 0006          LRETR     ; [CPU_ALU] 
    2642                      ; return occurs ; [] 
    2643                      .dwattr $C$DW$182, DW_AT_TI_end_file("C:/ti/ccs2031/ccs/tools/compiler/ti-cgt-c2000_22.6.2.LTS/includ
    2644                      .dwattr $C$DW$182, DW_AT_TI_end_line(0x19b)
    2645                      .dwattr $C$DW$182, DW_AT_TI_end_column(0x01)
    2646                      .dwendentry
    2647                      .dwendtag $C$DW$182
    2648              
    2649 00000000               .sect   ".text:__fpclassify"
    2650                      .clink
    2651                      .global ||__fpclassify||
    2652              
    2653              $C$DW$190       .dwtag  DW_TAG_subprogram
    2654                      .dwattr $C$DW$190, DW_AT_name("__fpclassify")
    2655                      .dwattr $C$DW$190, DW_AT_low_pc(||__fpclassify||)
    2656                      .dwattr $C$DW$190, DW_AT_high_pc(0x00)
    2657                      .dwattr $C$DW$190, DW_AT_linkage_name("__fpclassify")
    2658                      .dwattr $C$DW$190, DW_AT_external
    2659                      .dwattr $C$DW$190, DW_AT_type(*$C$DW$T$10)
TMS320C2000 Assembler PC v22.6.2 Thu Feb 12 10:37:10 2026

Copyright (c) 1996-2018 Texas Instruments Incorporated
dual_axis_servo_drive_hal.asm                                        PAGE   52

    2660                      .dwattr $C$DW$190, DW_AT_decl_file("C:/ti/ccs2031/ccs/tools/compiler/ti-cgt-c2000_22.6.2.LTS/include/
    2661                      .dwattr $C$DW$190, DW_AT_decl_line(0x19d)
    2662                      .dwattr $C$DW$190, DW_AT_decl_column(0x18)
    2663                      .dwattr $C$DW$190, DW_AT_TI_max_frame_size(-10)
    2664                      .dwpsn  file "C:/ti/ccs2031/ccs/tools/compiler/ti-cgt-c2000_22.6.2.LTS/include/_defs.h",line 414,colu
    2665              
    2666                      .dwfde $C$DW$CIE, ||__fpclassify||
    2667              $C$DW$191       .dwtag  DW_TAG_formal_parameter
    2668                      .dwattr $C$DW$191, DW_AT_name("d")
    2669                      .dwattr $C$DW$191, DW_AT_type(*$C$DW$T$245)
    2670                      .dwattr $C$DW$191, DW_AT_location[DW_OP_reg12]
    2671              
    2672              
    2673              ;***************************************************************
    2674              ;* FNAME: __fpclassify                  FR SIZE:   8           *
    2675              ;*                                                             *
    2676              ;* FUNCTION ENVIRONMENT                                        *
    2677              ;*                                                             *
    2678              ;* FUNCTION PROPERTIES                                         *
    2679              ;*                            4 Parameter,  4 Auto,  0 SOE     *
    2680              ;***************************************************************
    2681              
    2682              ||__fpclassify||:
    2683              $C$DW$192       .dwtag  DW_TAG_variable
    2684                      .dwattr $C$DW$192, DW_AT_name("d")
    2685                      .dwattr $C$DW$192, DW_AT_type(*$C$DW$T$17)
    2686                      .dwattr $C$DW$192, DW_AT_location[DW_OP_breg20 -8]
    2687              
    2688              ;* AR5   assigned to $O$C1
    2689              ;* AR4   assigned to d
    2690              $C$DW$193       .dwtag  DW_TAG_variable
    2691                      .dwattr $C$DW$193, DW_AT_name("d")
    2692                      .dwattr $C$DW$193, DW_AT_type(*$C$DW$T$246)
    2693                      .dwattr $C$DW$193, DW_AT_location[DW_OP_reg12]
    2694              
    2695                      .dwcfi  cfa_offset, -2
    2696                      .dwcfi  save_reg_to_mem, 26, 0
    2697 00000000 FE08          ADDB      SP,#8                 ; [CPU_ARAU] 
    2698                      .dwcfi  cfa_offset, -10
    2699 00000001 C4D4          MOVL      XAR6,*+XAR4[2]        ; [CPU_ALU] |414| 
    2700 00000002 06C4          MOVL      ACC,*+XAR4[0]         ; [CPU_ALU] |414| 
    2701 00000003 1E48          MOVL      *-SP[8],ACC           ; [CPU_ALU] |414| 
    2702 00000004 C246          MOVL      *-SP[6],XAR6          ; [CPU_ALU] |414| 
    2703                      .dwpsn  file "C:/ti/ccs2031/ccs/tools/compiler/ti-cgt-c2000_22.6.2.LTS/include/_defs.h",line 415,colu
    2704 00000005 8348          MOVL      XAR5,*-SP[8]          ; [CPU_ALU] |415| 
    2705 00000006 8A46          MOVL      XAR4,*-SP[6]          ; [CPU_ALU] |415| 
    2706                      .dwpsn  file "C:/ti/ccs2031/ccs/tools/compiler/ti-cgt-c2000_22.6.2.LTS/include/_defs.h",line 419,colu
    2707 00000007 28AC          MOV       T,#48                 ; [CPU_ALU] |419| 
         00000008 0030 
    2708 00000009 A0AB          MOVL      P,XAR5                ; [CPU_ALU] |419| 
    2709 0000000a A8A9          MOVL      ACC,XAR4              ; [CPU_ALU] |419| 
    2710 0000000b 565B          LSR64     ACC:P,T               ; [CPU_ALU] |419| 
    2711 0000000c 18AB          AND       PL,#0x7ff0            ; [CPU_ALU] |419| 
         0000000d 7FF0 
    2712 0000000e 88AB          MOVZ      AR6,PL                ; [CPU_ALU] |419| 
TMS320C2000 Assembler PC v22.6.2 Thu Feb 12 10:37:10 2026

Copyright (c) 1996-2018 Texas Instruments Incorporated
dual_axis_servo_drive_hal.asm                                        PAGE   53

    2713 0000000f FF20          MOV       ACC,#32752            ; [CPU_ALU] |419| 
         00000010 7FF0 
    2714 00000011 0FA6          CMPL      ACC,XAR6              ; [CPU_ALU] |419| 
    2715 00000012 6016          B         ||$C$L22||,NEQ        ; [CPU_ALU] |419| 
    2716                      ; branchcc occurs ; [] |419| 
    2717 00000013 0200          MOVB      ACC,#0                ; [CPU_ALU] |419| 
    2718 00000014 1E44          MOVL      *-SP[4],ACC           ; [CPU_ALU] |419| 
    2719 00000015 2B42          MOV       *-SP[2],#0            ; [CPU_ALU] |419| 
    2720 00000016 2B41          MOV       *-SP[1],#0            ; [CPU_ALU] |419| 
    2721 00000017 A348          MOVL      P,*-SP[8]             ; [CPU_ALU] |419| 
    2722 00000018 0646          MOVL      ACC,*-SP[6]           ; [CPU_ALU] |419| 
    2723 00000019 18AB          AND       PL,#65535             ; [CPU_ALU] |419| 
         0000001a FFFF 
    2724 0000001b 18AA          AND       PH,#65535             ; [CPU_ALU] |419| 
         0000001c FFFF 
    2725 0000001d 18A9          AND       AL,#65535             ; [CPU_ALU] |419| 
         0000001e FFFF 
    2726 0000001f 910F          ANDB      AH,#15                ; [CPU_ALU] |419| 
    2727              $C$DW$194       .dwtag  DW_TAG_TI_branch
    2728                      .dwattr $C$DW$194, DW_AT_low_pc(0x00)
    2729                      .dwattr $C$DW$194, DW_AT_name("__c28xabi_cmpull")
    2730                      .dwattr $C$DW$194, DW_AT_TI_call
    2731              
    2732 00000020 7640!         LCR       #||__c28xabi_cmpull|| ; [CPU_ALU] |419| 
         00000021 0000 
    2733                      ; call occurs [#||__c28xabi_cmpull||] ; [] |419| 
    2734 00000022 5200          CMPB      AL,#0                 ; [CPU_ALU] |419| 
    2735 00000023 6103          B         ||$C$L21||,EQ         ; [CPU_ALU] |419| 
    2736                      ; branchcc occurs ; [] |419| 
    2737 00000024 9A02          MOVB      AL,#2                 ; [CPU_ALU] |419| 
    2738 00000025 6F2D          B         ||$C$L25||,UNC        ; [CPU_ALU] |419| 
    2739                      ; branch occurs ; [] |419| 
    2740 00000026       ||$C$L21||:    
    2741 00000026 9A01          MOVB      AL,#1                 ; [CPU_ALU] |419| 
    2742 00000027 6F2B          B         ||$C$L25||,UNC        ; [CPU_ALU] |419| 
    2743                      ; branch occurs ; [] |419| 
    2744 00000028       ||$C$L22||:    
    2745 00000028 BE00          MOVB      XAR6,#0               ; [CPU_ALU] |419| 
    2746 00000029 A0AB          MOVL      P,XAR5                ; [CPU_ALU] |419| 
    2747 0000002a A8A9          MOVL      ACC,XAR4              ; [CPU_ALU] |419| 
    2748 0000002b 28AC          MOV       T,#52                 ; [CPU_ALU] |419| 
         0000002c 0034 
    2749 0000002d C244          MOVL      *-SP[4],XAR6          ; [CPU_ALU] |419| 
    2750 0000002e 2B42          MOV       *-SP[2],#0            ; [CPU_ALU] |419| 
    2751 0000002f 565B          LSR64     ACC:P,T               ; [CPU_ALU] |419| 
    2752 00000030 2B41          MOV       *-SP[1],#0            ; [CPU_FPU] |419| 
    2753 00000031 9000          ANDB      AL,#0                 ; [CPU_ALU] |419| 
    2754 00000032 9100          ANDB      AH,#0                 ; [CPU_ALU] |419| 
    2755 00000033 18AB          AND       PL,#2047              ; [CPU_ALU] |419| 
         00000034 07FF 
    2756 00000035 18AA          AND       PH,#0                 ; [CPU_ALU] |419| 
         00000036 0000 
    2757              $C$DW$195       .dwtag  DW_TAG_TI_branch
    2758                      .dwattr $C$DW$195, DW_AT_low_pc(0x00)
    2759                      .dwattr $C$DW$195, DW_AT_name("__c28xabi_cmpull")
TMS320C2000 Assembler PC v22.6.2 Thu Feb 12 10:37:10 2026

Copyright (c) 1996-2018 Texas Instruments Incorporated
dual_axis_servo_drive_hal.asm                                        PAGE   54

    2760                      .dwattr $C$DW$195, DW_AT_TI_call
    2761              
    2762 00000037 7640!         LCR       #||__c28xabi_cmpull|| ; [CPU_ALU] |419| 
         00000038 0000 
    2763                      ; call occurs [#||__c28xabi_cmpull||] ; [] |419| 
    2764 00000039 5200          CMPB      AL,#0                 ; [CPU_ALU] |419| 
    2765 0000003a 6104          B         ||$C$L23||,EQ         ; [CPU_ALU] |419| 
    2766                      ; branchcc occurs ; [] |419| 
    2767 0000003b 28A9          MOV       AL,#-1                ; [CPU_ALU] |419| 
         0000003c FFFF 
    2768 0000003d 6F15          B         ||$C$L25||,UNC        ; [CPU_ALU] |419| 
    2769                      ; branch occurs ; [] |419| 
    2770 0000003e       ||$C$L23||:    
    2771 0000003e C244          MOVL      *-SP[4],XAR6          ; [CPU_ALU] |419| 
    2772 0000003f A8A9          MOVL      ACC,XAR4              ; [CPU_ALU] |419| 
    2773 00000040 A0AB          MOVL      P,XAR5                ; [CPU_ALU] |419| 
    2774 00000041 2B42          MOV       *-SP[2],#0            ; [CPU_ALU] |419| 
    2775 00000042 18A9          AND       AL,#65535             ; [CPU_ALU] |419| 
         00000043 FFFF 
    2776 00000044 910F          ANDB      AH,#15                ; [CPU_ALU] |419| 
    2777 00000045 18AB          AND       PL,#65535             ; [CPU_ALU] |419| 
         00000046 FFFF 
    2778 00000047 18AA          AND       PH,#65535             ; [CPU_ALU] |419| 
         00000048 FFFF 
    2779 00000049 2B41          MOV       *-SP[1],#0            ; [CPU_FPU] |419| 
    2780              $C$DW$196       .dwtag  DW_TAG_TI_branch
    2781                      .dwattr $C$DW$196, DW_AT_low_pc(0x00)
    2782                      .dwattr $C$DW$196, DW_AT_name("__c28xabi_cmpull")
    2783                      .dwattr $C$DW$196, DW_AT_TI_call
    2784              
    2785 0000004a 7640!         LCR       #||__c28xabi_cmpull|| ; [CPU_ALU] |419| 
         0000004b 0000 
    2786                      ; call occurs [#||__c28xabi_cmpull||] ; [] |419| 
    2787 0000004c 5200          CMPB      AL,#0                 ; [CPU_ALU] |419| 
    2788 0000004d 6104          B         ||$C$L24||,EQ         ; [CPU_ALU] |419| 
    2789                      ; branchcc occurs ; [] |419| 
    2790 0000004e 28A9          MOV       AL,#-2                ; [CPU_ALU] |419| 
         0000004f FFFE 
    2791 00000050 6F02          B         ||$C$L25||,UNC        ; [CPU_ALU] |419| 
    2792                      ; branch occurs ; [] |419| 
    2793 00000051       ||$C$L24||:    
    2794 00000051 9A00          MOVB      AL,#0                 ; [CPU_ALU] |419| 
    2795 00000052       ||$C$L25||:    
    2796 00000052 FE88          SUBB      SP,#8                 ; [CPU_ARAU] 
    2797                      .dwcfi  cfa_offset, -2
    2798              $C$DW$197       .dwtag  DW_TAG_TI_branch
    2799                      .dwattr $C$DW$197, DW_AT_low_pc(0x00)
    2800                      .dwattr $C$DW$197, DW_AT_TI_return
    2801              
    2802 00000053 0006          LRETR     ; [CPU_ALU] 
    2803                      ; return occurs ; [] 
    2804                      .dwattr $C$DW$190, DW_AT_TI_end_file("C:/ti/ccs2031/ccs/tools/compiler/ti-cgt-c2000_22.6.2.LTS/includ
    2805                      .dwattr $C$DW$190, DW_AT_TI_end_line(0x1ac)
    2806                      .dwattr $C$DW$190, DW_AT_TI_end_column(0x01)
    2807                      .dwendentry
TMS320C2000 Assembler PC v22.6.2 Thu Feb 12 10:37:10 2026

Copyright (c) 1996-2018 Texas Instruments Incorporated
dual_axis_servo_drive_hal.asm                                        PAGE   55

    2808                      .dwendtag $C$DW$190
    2809              
    2810 00000000               .sect   ".text:__fast_lldiv"
    2811                      .clink
    2812                      .global ||__fast_lldiv||
    2813              
    2814              $C$DW$198       .dwtag  DW_TAG_subprogram
    2815                      .dwattr $C$DW$198, DW_AT_name("__fast_lldiv")
    2816                      .dwattr $C$DW$198, DW_AT_low_pc(||__fast_lldiv||)
    2817                      .dwattr $C$DW$198, DW_AT_high_pc(0x00)
    2818                      .dwattr $C$DW$198, DW_AT_linkage_name("__fast_lldiv")
    2819                      .dwattr $C$DW$198, DW_AT_external
    2820                      .dwattr $C$DW$198, DW_AT_type(*$C$DW$T$132)
    2821                      .dwattr $C$DW$198, DW_AT_decl_file("C:/ti/ccs2031/ccs/tools/compiler/ti-cgt-c2000_22.6.2.LTS/include/
    2822                      .dwattr $C$DW$198, DW_AT_decl_line(0x1ab)
    2823                      .dwattr $C$DW$198, DW_AT_decl_column(0x12)
    2824                      .dwattr $C$DW$198, DW_AT_TI_max_frame_size(-14)
    2825                      .dwpsn  file "C:/ti/ccs2031/ccs/tools/compiler/ti-cgt-c2000_22.6.2.LTS/include/stdlib.h",line 428,col
    2826              
    2827                      .dwfde $C$DW$CIE, ||__fast_lldiv||
    2828              $C$DW$199       .dwtag  DW_TAG_formal_parameter
    2829                      .dwattr $C$DW$199, DW_AT_name("_numer")
    2830                      .dwattr $C$DW$199, DW_AT_type(*$C$DW$T$14)
    2831                      .dwattr $C$DW$199, DW_AT_location[DW_OP_reg2]
    2832              
    2833              $C$DW$200       .dwtag  DW_TAG_formal_parameter
    2834                      .dwattr $C$DW$200, DW_AT_name("_denom")
    2835                      .dwattr $C$DW$200, DW_AT_type(*$C$DW$T$14)
    2836                      .dwattr $C$DW$200, DW_AT_location[DW_OP_breg20 -18]
    2837              
    2838              
    2839              ;***************************************************************
    2840              ;* FNAME: __fast_lldiv                  FR SIZE:  12           *
    2841              ;*                                                             *
    2842              ;* FUNCTION ENVIRONMENT                                        *
    2843              ;*                                                             *
    2844              ;* FUNCTION PROPERTIES                                         *
    2845              ;*                            0 Parameter,  8 Auto,  4 SOE     *
    2846              ;***************************************************************
    2847              
    2848 00000000       ||__fast_lldiv||:
    2849                      .dwcfi  cfa_offset, -2
    2850                      .dwcfi  save_reg_to_mem, 26, 0
    2851 00000000 E203          MOV32     *SP++,R4H             ; [CPU_FPU] 
         00000001 04BD 
    2852                      .dwcfi  save_reg_to_mem, 59, 2
    2853                      .dwcfi  cfa_offset, -4
    2854 00000002 E203          MOV32     *SP++,R5H             ; [CPU_FPU] 
         00000003 05BD 
    2855                      .dwcfi  save_reg_to_mem, 63, 4
    2856                      .dwcfi  cfa_offset, -6
    2857 00000004 FE08          ADDB      SP,#8                 ; [CPU_ARAU] 
    2858                      .dwcfi  cfa_offset, -14
    2859 00000005 1EA7          MOVL      XAR7,ACC              ; [CPU_ALU] |428| 
    2860 00000006 5CAD          MOVZ      AR4,SP                ; [CPU_ALU] |428| 
TMS320C2000 Assembler PC v22.6.2 Thu Feb 12 10:37:10 2026

Copyright (c) 1996-2018 Texas Instruments Incorporated
dual_axis_servo_drive_hal.asm                                        PAGE   56

    2861 00000007 06A6          MOVL      ACC,XAR6              ; [CPU_ALU] |428| 
    2862                      .dwpsn  file "C:/ti/ccs2031/ccs/tools/compiler/ti-cgt-c2000_22.6.2.LTS/include/stdlib.h",line 429,col
    2863 00000008 C4A7          MOVL      XAR6,XAR7             ; [CPU_ALU] |429| 
    2864                      .dwpsn  file "C:/ti/ccs2031/ccs/tools/compiler/ti-cgt-c2000_22.6.2.LTS/include/stdlib.h",line 428,col
    2865 00000009 DC92          SUBB      XAR4,#18              ; [CPU_ARAU] |428| 
    2866                      .dwpsn  file "C:/ti/ccs2031/ccs/tools/compiler/ti-cgt-c2000_22.6.2.LTS/include/stdlib.h",line 429,col
    2867 0000000a E2AF          MOV32     R3H,*+XAR4[2]         ; [CPU_FPU] |429| 
         0000000b 03D4 
    2868 0000000c BDA6          MOV32     R1H,XAR6              ; [CPU_FPU] |429| 
         0000000d 0F16 
    2869 0000000e BDAB          MOV32     R0H,P                 ; [CPU_FPU] |429| 
         0000000f 0F12 
    2870 00000010 E2AF          MOV32     R5H,*+XAR4[0]         ; [CPU_FPU] |429| 
         00000011 05C4 
    2871 00000012 5CAD          MOVZ      AR4,SP                ; [CPU_ALU] |429| 
    2872 00000013 DC88          SUBB      XAR4,#8               ; [CPU_ARAU] |429| 
    2873 00000014 80A4          MOVZ      AR7,AR4               ; [CPU_ALU] |429| 
    2874 00000015 E5B8          ABSI64DIV64 R2H:R4H,R1H:R0H,R3H:R5H ; [CPU_FPU] |429| 
    2875 00000016 E565          SUBC2UI64 R2H:R4H,R1H:R0H,R3H:R5H ; [CPU_FPU] |429| 
    2876 00000017 E565          SUBC2UI64 R2H:R4H,R1H:R0H,R3H:R5H ; [CPU_FPU] |429| 
    2877 00000018 E565          SUBC2UI64 R2H:R4H,R1H:R0H,R3H:R5H ; [CPU_FPU] |429| 
    2878 00000019 E565          SUBC2UI64 R2H:R4H,R1H:R0H,R3H:R5H ; [CPU_FPU] |429| 
    2879 0000001a E565          SUBC2UI64 R2H:R4H,R1H:R0H,R3H:R5H ; [CPU_FPU] |429| 
    2880 0000001b E565          SUBC2UI64 R2H:R4H,R1H:R0H,R3H:R5H ; [CPU_FPU] |429| 
    2881 0000001c E565          SUBC2UI64 R2H:R4H,R1H:R0H,R3H:R5H ; [CPU_FPU] |429| 
    2882 0000001d E565          SUBC2UI64 R2H:R4H,R1H:R0H,R3H:R5H ; [CPU_FPU] |429| 
    2883 0000001e E565          SUBC2UI64 R2H:R4H,R1H:R0H,R3H:R5H ; [CPU_FPU] |429| 
    2884 0000001f E565          SUBC2UI64 R2H:R4H,R1H:R0H,R3H:R5H ; [CPU_FPU] |429| 
    2885 00000020 E565          SUBC2UI64 R2H:R4H,R1H:R0H,R3H:R5H ; [CPU_FPU] |429| 
    2886 00000021 E565          SUBC2UI64 R2H:R4H,R1H:R0H,R3H:R5H ; [CPU_FPU] |429| 
    2887 00000022 E565          SUBC2UI64 R2H:R4H,R1H:R0H,R3H:R5H ; [CPU_FPU] |429| 
    2888 00000023 E565          SUBC2UI64 R2H:R4H,R1H:R0H,R3H:R5H ; [CPU_FPU] |429| 
    2889 00000024 E565          SUBC2UI64 R2H:R4H,R1H:R0H,R3H:R5H ; [CPU_FPU] |429| 
    2890 00000025 E565          SUBC2UI64 R2H:R4H,R1H:R0H,R3H:R5H ; [CPU_FPU] |429| 
    2891 00000026 E565          SUBC2UI64 R2H:R4H,R1H:R0H,R3H:R5H ; [CPU_FPU] |429| 
    2892 00000027 E565          SUBC2UI64 R2H:R4H,R1H:R0H,R3H:R5H ; [CPU_FPU] |429| 
    2893 00000028 E565          SUBC2UI64 R2H:R4H,R1H:R0H,R3H:R5H ; [CPU_FPU] |429| 
    2894 00000029 E565          SUBC2UI64 R2H:R4H,R1H:R0H,R3H:R5H ; [CPU_FPU] |429| 
    2895 0000002a E565          SUBC2UI64 R2H:R4H,R1H:R0H,R3H:R5H ; [CPU_FPU] |429| 
    2896 0000002b E565          SUBC2UI64 R2H:R4H,R1H:R0H,R3H:R5H ; [CPU_FPU] |429| 
    2897 0000002c E565          SUBC2UI64 R2H:R4H,R1H:R0H,R3H:R5H ; [CPU_FPU] |429| 
    2898 0000002d E565          SUBC2UI64 R2H:R4H,R1H:R0H,R3H:R5H ; [CPU_FPU] |429| 
    2899 0000002e E565          SUBC2UI64 R2H:R4H,R1H:R0H,R3H:R5H ; [CPU_FPU] |429| 
    2900 0000002f E565          SUBC2UI64 R2H:R4H,R1H:R0H,R3H:R5H ; [CPU_FPU] |429| 
    2901 00000030 E565          SUBC2UI64 R2H:R4H,R1H:R0H,R3H:R5H ; [CPU_FPU] |429| 
    2902 00000031 E565          SUBC2UI64 R2H:R4H,R1H:R0H,R3H:R5H ; [CPU_FPU] |429| 
    2903 00000032 E565          SUBC2UI64 R2H:R4H,R1H:R0H,R3H:R5H ; [CPU_FPU] |429| 
    2904 00000033 E565          SUBC2UI64 R2H:R4H,R1H:R0H,R3H:R5H ; [CPU_FPU] |429| 
    2905 00000034 E565          SUBC2UI64 R2H:R4H,R1H:R0H,R3H:R5H ; [CPU_FPU] |429| 
    2906 00000035 E565          SUBC2UI64 R2H:R4H,R1H:R0H,R3H:R5H ; [CPU_FPU] |429| 
    2907 00000036 E5BA          NEGI64DIV64 R1H:R0H,R2H:R4H     ; [CPU_FPU] |429| 
    2908 00000037 E203          MOV32     *-SP[6],R1H           ; [CPU_FPU] |429| 
         00000038 0146 
    2909 00000039 E203          MOV32     *-SP[8],R0H           ; [CPU_FPU] |429| 
         0000003a 0048 
TMS320C2000 Assembler PC v22.6.2 Thu Feb 12 10:37:10 2026

Copyright (c) 1996-2018 Texas Instruments Incorporated
dual_axis_servo_drive_hal.asm                                        PAGE   57

    2910 0000003b E203          MOV32     *-SP[2],R2H           ; [CPU_FPU] |429| 
         0000003c 0242 
    2911 0000003d E203          MOV32     *-SP[4],R4H           ; [CPU_FPU] |429| 
         0000003e 0444 
    2912 0000003f 6104          B         ||$C$L26||,EQ         ; [CPU_ALU] |429| 
    2913                      ; branchcc occurs ; [] |429| 
    2914 00000040 8AA9          MOVL      XAR4,ACC              ; [CPU_ALU] |429| 
    2915 00000041 F607          RPT       #7
    2916 00000042 2484  ||     PREAD     *XAR4++,*XAR7         ; [CPU_ALU] |429| 
    2917 00000043       ||$C$L26||:    
    2918 00000043 FE88          SUBB      SP,#8                 ; [CPU_ARAU] 
    2919                      .dwcfi  cfa_offset, -6
    2920 00000044 E2AF          MOV32     R5H,*--SP             ; [CPU_FPU] 
         00000045 05BE 
    2921                      .dwcfi  cfa_offset, -4
    2922                      .dwcfi  restore_reg, 63
    2923 00000046 E2AF          MOV32     R4H,*--SP             ; [CPU_FPU] 
         00000047 04BE 
    2924                      .dwcfi  cfa_offset, -2
    2925                      .dwcfi  restore_reg, 59
    2926              $C$DW$201       .dwtag  DW_TAG_TI_branch
    2927                      .dwattr $C$DW$201, DW_AT_low_pc(0x00)
    2928                      .dwattr $C$DW$201, DW_AT_TI_return
    2929              
    2930 00000048 0006          LRETR     ; [CPU_ALU] 
    2931                      ; return occurs ; [] 
    2932                      .dwattr $C$DW$198, DW_AT_TI_end_file("C:/ti/ccs2031/ccs/tools/compiler/ti-cgt-c2000_22.6.2.LTS/includ
    2933                      .dwattr $C$DW$198, DW_AT_TI_end_line(0x1ae)
    2934                      .dwattr $C$DW$198, DW_AT_TI_end_column(0x01)
    2935                      .dwendentry
    2936                      .dwendtag $C$DW$198
    2937              
    2938 00000000               .sect   ".text:__fast_ldiv"
    2939                      .clink
    2940                      .global ||__fast_ldiv||
    2941              
    2942              $C$DW$202       .dwtag  DW_TAG_subprogram
    2943                      .dwattr $C$DW$202, DW_AT_name("__fast_ldiv")
    2944                      .dwattr $C$DW$202, DW_AT_low_pc(||__fast_ldiv||)
    2945                      .dwattr $C$DW$202, DW_AT_high_pc(0x00)
    2946                      .dwattr $C$DW$202, DW_AT_linkage_name("__fast_ldiv")
    2947                      .dwattr $C$DW$202, DW_AT_external
    2948                      .dwattr $C$DW$202, DW_AT_type(*$C$DW$T$129)
    2949                      .dwattr $C$DW$202, DW_AT_decl_file("C:/ti/ccs2031/ccs/tools/compiler/ti-cgt-c2000_22.6.2.LTS/include/
    2950                      .dwattr $C$DW$202, DW_AT_decl_line(0x1a4)
    2951                      .dwattr $C$DW$202, DW_AT_decl_column(0x11)
    2952                      .dwattr $C$DW$202, DW_AT_TI_max_frame_size(-6)
    2953                      .dwpsn  file "C:/ti/ccs2031/ccs/tools/compiler/ti-cgt-c2000_22.6.2.LTS/include/stdlib.h",line 421,col
    2954              
    2955                      .dwfde $C$DW$CIE, ||__fast_ldiv||
    2956              $C$DW$203       .dwtag  DW_TAG_formal_parameter
    2957                      .dwattr $C$DW$203, DW_AT_name("_numer")
    2958                      .dwattr $C$DW$203, DW_AT_type(*$C$DW$T$12)
    2959                      .dwattr $C$DW$203, DW_AT_location[DW_OP_reg0]
    2960              
TMS320C2000 Assembler PC v22.6.2 Thu Feb 12 10:37:10 2026

Copyright (c) 1996-2018 Texas Instruments Incorporated
dual_axis_servo_drive_hal.asm                                        PAGE   58

    2961              $C$DW$204       .dwtag  DW_TAG_formal_parameter
    2962                      .dwattr $C$DW$204, DW_AT_name("_denom")
    2963                      .dwattr $C$DW$204, DW_AT_type(*$C$DW$T$12)
    2964                      .dwattr $C$DW$204, DW_AT_location[DW_OP_breg20 -8]
    2965              
    2966              
    2967              ;***************************************************************
    2968              ;* FNAME: __fast_ldiv                   FR SIZE:   4           *
    2969              ;*                                                             *
    2970              ;* FUNCTION ENVIRONMENT                                        *
    2971              ;*                                                             *
    2972              ;* FUNCTION PROPERTIES                                         *
    2973              ;*                            0 Parameter,  4 Auto,  0 SOE     *
    2974              ;***************************************************************
    2975              
    2976              ||__fast_ldiv||:
    2977              ;* AR7   assigned to _numer
    2978              $C$DW$205       .dwtag  DW_TAG_variable
    2979                      .dwattr $C$DW$205, DW_AT_name("_numer")
    2980                      .dwattr $C$DW$205, DW_AT_type(*$C$DW$T$233)
    2981                      .dwattr $C$DW$205, DW_AT_location[DW_OP_reg18]
    2982              
    2983                      .dwcfi  cfa_offset, -2
    2984                      .dwcfi  save_reg_to_mem, 26, 0
    2985 00000000 FE04          ADDB      SP,#4                 ; [CPU_ARAU] 
    2986                      .dwcfi  cfa_offset, -6
    2987 00000001 1EA7          MOVL      XAR7,ACC              ; [CPU_ALU] |421| 
    2988                      .dwpsn  file "C:/ti/ccs2031/ccs/tools/compiler/ti-cgt-c2000_22.6.2.LTS/include/stdlib.h",line 422,col
    2989 00000002 5CAD          MOVZ      AR4,SP                ; [CPU_ALU] |422| 
    2990 00000003 BDA7          MOV32     R1H,XAR7              ; [CPU_FPU] |422| 
         00000004 0F16 
    2991 00000005 E2AF          MOV32     R3H,*-SP[8]           ; [CPU_FPU] |422| 
         00000006 0348 
    2992 00000007 DC84          SUBB      XAR4,#4               ; [CPU_ARAU] |422| 
    2993                      .dwpsn  file "C:/ti/ccs2031/ccs/tools/compiler/ti-cgt-c2000_22.6.2.LTS/include/stdlib.h",line 421,col
    2994 00000008 06A6          MOVL      ACC,XAR6              ; [CPU_ALU] |421| 
    2995                      .dwpsn  file "C:/ti/ccs2031/ccs/tools/compiler/ti-cgt-c2000_22.6.2.LTS/include/stdlib.h",line 422,col
    2996 00000009 80A4          MOVZ      AR7,AR4               ; [CPU_ALU] |422| 
    2997 0000000a E568          ABSI32DIV32 R2H,R1H,R3H         ; [CPU_FPU] |422| 
    2998 0000000b E564          SUBC4UI32 R2H,R1H,R3H           ; [CPU_FPU] |422| 
    2999 0000000c E564          SUBC4UI32 R2H,R1H,R3H           ; [CPU_FPU] |422| 
    3000 0000000d E564          SUBC4UI32 R2H,R1H,R3H           ; [CPU_FPU] |422| 
    3001 0000000e E564          SUBC4UI32 R2H,R1H,R3H           ; [CPU_FPU] |422| 
    3002 0000000f E564          SUBC4UI32 R2H,R1H,R3H           ; [CPU_FPU] |422| 
    3003 00000010 E564          SUBC4UI32 R2H,R1H,R3H           ; [CPU_FPU] |422| 
    3004 00000011 E564          SUBC4UI32 R2H,R1H,R3H           ; [CPU_FPU] |422| 
    3005 00000012 E564          SUBC4UI32 R2H,R1H,R3H           ; [CPU_FPU] |422| 
    3006 00000013 E56A          NEGI32DIV32 R1H,R2H             ; [CPU_FPU] |422| 
    3007 00000014 E203          MOV32     *-SP[4],R1H           ; [CPU_FPU] |422| 
         00000015 0144 
    3008 00000016 E203          MOV32     *-SP[2],R2H           ; [CPU_FPU] |422| 
         00000017 0242 
    3009 00000018 6104          B         ||$C$L27||,EQ         ; [CPU_ALU] |422| 
    3010                      ; branchcc occurs ; [] |422| 
    3011 00000019 8AA9          MOVL      XAR4,ACC              ; [CPU_ALU] |422| 
TMS320C2000 Assembler PC v22.6.2 Thu Feb 12 10:37:10 2026

Copyright (c) 1996-2018 Texas Instruments Incorporated
dual_axis_servo_drive_hal.asm                                        PAGE   59

    3012 0000001a F603          RPT       #3
    3013 0000001b 2484  ||     PREAD     *XAR4++,*XAR7         ; [CPU_ALU] |422| 
    3014 0000001c       ||$C$L27||:    
    3015 0000001c FE84          SUBB      SP,#4                 ; [CPU_ARAU] 
    3016                      .dwcfi  cfa_offset, -2
    3017              $C$DW$206       .dwtag  DW_TAG_TI_branch
    3018                      .dwattr $C$DW$206, DW_AT_low_pc(0x00)
    3019                      .dwattr $C$DW$206, DW_AT_TI_return
    3020              
    3021 0000001d 0006          LRETR     ; [CPU_ALU] 
    3022                      ; return occurs ; [] 
    3023                      .dwattr $C$DW$202, DW_AT_TI_end_file("C:/ti/ccs2031/ccs/tools/compiler/ti-cgt-c2000_22.6.2.LTS/includ
    3024                      .dwattr $C$DW$202, DW_AT_TI_end_line(0x1a7)
    3025                      .dwattr $C$DW$202, DW_AT_TI_end_column(0x01)
    3026                      .dwendentry
    3027                      .dwendtag $C$DW$202
    3028              
    3029 00000000               .sect   ".text:HAL_setupQEP"
    3030                      .clink
    3031                      .global ||HAL_setupQEP||
    3032              
    3033              $C$DW$207       .dwtag  DW_TAG_subprogram
    3034                      .dwattr $C$DW$207, DW_AT_name("HAL_setupQEP")
    3035                      .dwattr $C$DW$207, DW_AT_low_pc(||HAL_setupQEP||)
    3036                      .dwattr $C$DW$207, DW_AT_high_pc(0x00)
    3037                      .dwattr $C$DW$207, DW_AT_linkage_name("HAL_setupQEP")
    3038                      .dwattr $C$DW$207, DW_AT_external
    3039                      .dwattr $C$DW$207, DW_AT_decl_file("../sources/dual_axis_servo_drive_hal.c")
    3040                      .dwattr $C$DW$207, DW_AT_decl_line(0x52d)
    3041                      .dwattr $C$DW$207, DW_AT_decl_column(0x06)
    3042                      .dwattr $C$DW$207, DW_AT_TI_max_frame_size(-6)
    3043                      .dwpsn  file "../sources/dual_axis_servo_drive_hal.c",line 1326,column 1,is_stmt,address ||HAL_setupQ
    3044              
    3045                      .dwfde $C$DW$CIE, ||HAL_setupQEP||
    3046              $C$DW$208       .dwtag  DW_TAG_formal_parameter
    3047                      .dwattr $C$DW$208, DW_AT_name("handle")
    3048                      .dwattr $C$DW$208, DW_AT_type(*$C$DW$T$141)
    3049                      .dwattr $C$DW$208, DW_AT_location[DW_OP_reg12]
    3050              
    3051              
    3052              ;***************************************************************
    3053              ;* FNAME: HAL_setupQEP                  FR SIZE:   4           *
    3054              ;*                                                             *
    3055              ;* FUNCTION ENVIRONMENT                                        *
    3056              ;*                                                             *
    3057              ;* FUNCTION PROPERTIES                                         *
    3058              ;*                            0 Parameter,  0 Auto,  4 SOE     *
    3059              ;***************************************************************
    3060              
    3061              ||HAL_setupQEP||:
    3062              ;* AR5   assigned to $O$C1
    3063              ;* AR5   assigned to $O$C2
    3064              ;* AR5   assigned to $O$U2
    3065              ;* AR4   assigned to handle
    3066              $C$DW$209       .dwtag  DW_TAG_variable
TMS320C2000 Assembler PC v22.6.2 Thu Feb 12 10:37:10 2026

Copyright (c) 1996-2018 Texas Instruments Incorporated
dual_axis_servo_drive_hal.asm                                        PAGE   60

    3067                      .dwattr $C$DW$209, DW_AT_name("handle")
    3068                      .dwattr $C$DW$209, DW_AT_type(*$C$DW$T$142)
    3069                      .dwattr $C$DW$209, DW_AT_location[DW_OP_reg12]
    3070              
    3071              ;* AR5   assigned to base
    3072              $C$DW$210       .dwtag  DW_TAG_variable
    3073                      .dwattr $C$DW$210, DW_AT_name("base")
    3074                      .dwattr $C$DW$210, DW_AT_type(*$C$DW$T$28)
    3075                      .dwattr $C$DW$210, DW_AT_location[DW_OP_reg14]
    3076              
    3077              ;* AR6   assigned to base
    3078              $C$DW$211       .dwtag  DW_TAG_variable
    3079                      .dwattr $C$DW$211, DW_AT_name("base")
    3080                      .dwattr $C$DW$211, DW_AT_type(*$C$DW$T$28)
    3081                      .dwattr $C$DW$211, DW_AT_location[DW_OP_reg16]
    3082              
    3083                      .dwcfi  cfa_offset, -2
    3084                      .dwcfi  save_reg_to_mem, 26, 0
    3085 00000000 B2BD          MOVL      *SP++,XAR1            ; [CPU_ALU] 
    3086                      .dwcfi  save_reg_to_mem, 7, 2
    3087                      .dwcfi  cfa_offset, -4
    3088                      .dwpsn  file "C:/ti/C2000Ware_MotorControl_SDK_5_04_00_00/c2000ware/driverlib/f28002x/driverlib/eqep.
    3089 00000001 D10E          MOVB      XAR1,#14              ; [CPU_ALU] |473| 
    3090 00000002 AABD          MOVL      *SP++,XAR2            ; [CPU_ALU] 
    3091                      .dwcfi  save_reg_to_mem, 9, 4
    3092                      .dwcfi  cfa_offset, -6
    3093 00000003 839C          MOVL      XAR5,*+XAR4[AR1]      ; [CPU_ALU] |473| 
    3094 00000004 D014          MOVB      XAR0,#20              ; [CPU_ALU] |473| 
    3095                      .dwpsn  file "C:/ti/C2000Ware_MotorControl_SDK_5_04_00_00/c2000ware/driverlib/f28002x/driverlib/eqep.
    3096 00000005 D10E          MOVB      XAR1,#14              ; [CPU_ALU] |1832| 
    3097                      .dwpsn  file "C:/ti/C2000Ware_MotorControl_SDK_5_04_00_00/c2000ware/driverlib/f28002x/driverlib/eqep.
    3098 00000006 CC95          AND       AL,*+XAR5[AR0],#0x31ff ; [CPU_ALU] |473| 
         00000007 31FF 
    3099 00000008 D014          MOVB      XAR0,#20              ; [CPU_ALU] |473| 
    3100 00000009 9695          MOV       *+XAR5[AR0],AL        ; [CPU_ALU] |473| 
    3101                      .dwpsn  file "C:/ti/C2000Ware_MotorControl_SDK_5_04_00_00/c2000ware/driverlib/f28002x/driverlib/eqep.
    3102 0000000a 839C          MOVL      XAR5,*+XAR4[AR1]      ; [CPU_ALU] |1832| 
    3103 0000000b D015          MOVB      XAR0,#21              ; [CPU_ALU] |1832| 
    3104                      .dwpsn  file "C:/ti/C2000Ware_MotorControl_SDK_5_04_00_00/c2000ware/driverlib/f28002x/driverlib/eqep.
    3105 0000000c D10E          MOVB      XAR1,#14              ; [CPU_ALU] |1498| 
    3106                      .dwpsn  file "C:/ti/C2000Ware_MotorControl_SDK_5_04_00_00/c2000ware/driverlib/f28002x/driverlib/eqep.
    3107 0000000d CC95          AND       AL,*+XAR5[AR0],#0x3fff ; [CPU_ALU] |1832| 
         0000000e 3FFF 
    3108 0000000f D015          MOVB      XAR0,#21              ; [CPU_ALU] |1832| 
    3109 00000010 1AA9          OR        AL,#0x8000            ; [CPU_ALU] |1832| 
         00000011 8000 
    3110 00000012 9695          MOV       *+XAR5[AR0],AL        ; [CPU_ALU] |1832| 
    3111                      .dwpsn  file "C:/ti/C2000Ware_MotorControl_SDK_5_04_00_00/c2000ware/driverlib/f28002x/driverlib/eqep.
    3112 00000013 839C          MOVL      XAR5,*+XAR4[AR1]      ; [CPU_ALU] |1498| 
    3113 00000014 D015          MOVB      XAR0,#21              ; [CPU_ALU] |1498| 
    3114                      .dwpsn  file "../sources/dual_axis_servo_drive_hal.c",line 1343,column 5,is_stmt,isa 0
    3115 00000015 7680!         MOVL      XAR6,#||halMtr||      ; [CPU_ARAU] |1343| 
         00000016 0000 
    3116                      .dwpsn  file "C:/ti/C2000Ware_MotorControl_SDK_5_04_00_00/c2000ware/driverlib/f28002x/driverlib/eqep.
    3117 00000017 CC95          AND       AL,*+XAR5[AR0],#0xff9f ; [CPU_ALU] |1498| 
TMS320C2000 Assembler PC v22.6.2 Thu Feb 12 10:37:10 2026

Copyright (c) 1996-2018 Texas Instruments Incorporated
dual_axis_servo_drive_hal.asm                                        PAGE   61

         00000018 FF9F 
    3118 00000019 D015          MOVB      XAR0,#21              ; [CPU_ALU] |1498| 
    3119 0000001a 5014          ORB       AL,#0x14              ; [CPU_ALU] |1498| 
    3120 0000001b 9695          MOV       *+XAR5[AR0],AL        ; [CPU_ALU] |1498| 
    3121                      .dwpsn  file "../sources/dual_axis_servo_drive_hal.c",line 1343,column 5,is_stmt,isa 0
    3122 0000001c 06A6          MOVL      ACC,XAR6              ; [CPU_ALU] |1343| 
    3123 0000001d 0FA4          CMPL      ACC,XAR4              ; [CPU_ALU] |1343| 
    3124 0000001e 6014          B         ||$C$L28||,NEQ        ; [CPU_ALU] |1343| 
    3125                      ; branchcc occurs ; [] |1343| 
    3126                      .dwpsn  file "C:/ti/C2000Ware_MotorControl_SDK_5_04_00_00/c2000ware/driverlib/f28002x/driverlib/eqep.
    3127 0000001f D015          MOVB      XAR0,#21              ; [CPU_ALU] |513| 
    3128 00000020 CC95          AND       AL,*+XAR5[AR0],#0xdfff ; [CPU_ALU] |513| 
         00000021 DFFF 
    3129 00000022 D115          MOVB      XAR1,#21              ; [CPU_ALU] |513| 
    3130                      .dwpsn  file "C:/ti/C2000Ware_MotorControl_SDK_5_04_00_00/c2000ware/driverlib/f28002x/driverlib/eqep.
    3131 00000023 8D80          MOVL      XAR2,#1999            ; [CPU_ARAU] |519| 
         00000024 07CF 
    3132                      .dwpsn  file "C:/ti/C2000Ware_MotorControl_SDK_5_04_00_00/c2000ware/driverlib/f28002x/driverlib/eqep.
    3133 00000025 8AA5          MOVL      XAR4,XAR5             ; [CPU_ALU] |1192| 
    3134 00000026 C4A5          MOVL      XAR6,XAR5             ; [CPU_ALU] |1192| 
    3135                      .dwpsn  file "C:/ti/C2000Ware_MotorControl_SDK_5_04_00_00/c2000ware/driverlib/f28002x/driverlib/eqep.
    3136 00000027 76C0          MOVL      XAR7,#1999            ; [CPU_ARAU] |1201| 
         00000028 07CF 
    3137                      .dwpsn  file "C:/ti/C2000Ware_MotorControl_SDK_5_04_00_00/c2000ware/driverlib/f28002x/driverlib/eqep.
    3138 00000029 1AA9          OR        AL,#0x1000            ; [CPU_ALU] |513| 
         0000002a 1000 
    3139                      .dwpsn  file "C:/ti/C2000Ware_MotorControl_SDK_5_04_00_00/c2000ware/driverlib/f28002x/driverlib/eqep.
    3140 0000002b D010          MOVB      XAR0,#16              ; [CPU_ALU] |1201| 
    3141                      .dwpsn  file "C:/ti/C2000Ware_MotorControl_SDK_5_04_00_00/c2000ware/driverlib/f28002x/driverlib/eqep.
    3142 0000002c 969D          MOV       *+XAR5[AR1],AL        ; [CPU_ALU] |513| 
    3143                      .dwpsn  file "C:/ti/C2000Ware_MotorControl_SDK_5_04_00_00/c2000ware/driverlib/f28002x/driverlib/eqep.
    3144 0000002d AAE5          MOVL      *+XAR5[4],XAR2        ; [CPU_ALU] |519| 
    3145                      .dwpsn  file "C:/ti/C2000Ware_MotorControl_SDK_5_04_00_00/c2000ware/driverlib/f28002x/driverlib/eqep.
    3146 0000002e DC15          ADDB      XAR4,#21              ; [CPU_ALU] |1206| 
    3147                      .dwpsn  file "C:/ti/C2000Ware_MotorControl_SDK_5_04_00_00/c2000ware/driverlib/f28002x/driverlib/eqep.
    3148 0000002f C396          MOVL      *+XAR6[AR0],XAR7      ; [CPU_FPU] |1201| 
    3149                      .dwpsn  file "C:/ti/C2000Ware_MotorControl_SDK_5_04_00_00/c2000ware/driverlib/f28002x/driverlib/eqep.
    3150 00000030 1AC4          OR        *+XAR4[0],#0x0002     ; [CPU_ALU] |1206| 
         00000031 0002 
    3151 00000032       ||$C$L28||:    
    3152                      .dwpsn  file "C:/ti/C2000Ware_MotorControl_SDK_5_04_00_00/c2000ware/driverlib/f28002x/driverlib/eqep.
    3153 00000032 8AA5          MOVL      XAR4,XAR5             ; [CPU_ALU] |1113| 
    3154                      .dwpsn  file "C:/ti/C2000Ware_MotorControl_SDK_5_04_00_00/c2000ware/driverlib/f28002x/driverlib/eqep.
    3155 00000033 C5A5          MOVL      XAR7,XAR5             ; [CPU_ALU] |986| 
    3156                      .dwpsn  file "C:/ti/C2000Ware_MotorControl_SDK_5_04_00_00/c2000ware/driverlib/f28002x/driverlib/eqep.
    3157 00000034 C4A5          MOVL      XAR6,XAR5             ; [CPU_ALU] |654| 
    3158                      .dwpsn  file "C:/ti/C2000Ware_MotorControl_SDK_5_04_00_00/c2000ware/driverlib/f28002x/driverlib/eqep.
    3159 00000035 D016          MOVB      XAR0,#22              ; [CPU_ALU] |958| 
    3160                      .dwpsn  file "C:/ti/C2000Ware_MotorControl_SDK_5_04_00_00/c2000ware/driverlib/f28002x/driverlib/eqep.
    3161 00000036 DC17          ADDB      XAR4,#23              ; [CPU_ALU] |1113| 
    3162 00000037 18C4          AND       *+XAR4[0],#0xefff     ; [CPU_ALU] |1113| 
         00000038 EFFF 
    3163                      .dwpsn  file "C:/ti/C2000Ware_MotorControl_SDK_5_04_00_00/c2000ware/driverlib/f28002x/driverlib/eqep.
    3164 00000039 DF16          ADDB      XAR7,#22              ; [CPU_ALU] |986| 
    3165                      .dwpsn  file "C:/ti/C2000Ware_MotorControl_SDK_5_04_00_00/c2000ware/driverlib/f28002x/driverlib/eqep.
TMS320C2000 Assembler PC v22.6.2 Thu Feb 12 10:37:10 2026

Copyright (c) 1996-2018 Texas Instruments Incorporated
dual_axis_servo_drive_hal.asm                                        PAGE   62

    3166 0000003a DE18          ADDB      XAR6,#24              ; [CPU_ALU] |654| 
    3167                      .dwpsn  file "C:/ti/C2000Ware_MotorControl_SDK_5_04_00_00/c2000ware/driverlib/f28002x/driverlib/eqep.
    3168 0000003b CC95          AND       AL,*+XAR5[AR0],#0xfff0 ; [CPU_FPU] |958| 
         0000003c FFF0 
    3169                      .dwpsn  file "C:/ti/C2000Ware_MotorControl_SDK_5_04_00_00/c2000ware/driverlib/f28002x/driverlib/eqep.
    3170 0000003d 8AA5          MOVL      XAR4,XAR5             ; [CPU_FPU] |406| 
    3171                      .dwpsn  file "C:/ti/C2000Ware_MotorControl_SDK_5_04_00_00/c2000ware/driverlib/f28002x/driverlib/eqep.
    3172 0000003e D016          MOVB      XAR0,#22              ; [CPU_FPU] |958| 
    3173 0000003f 5075          ORB       AL,#0x75              ; [CPU_ALU] |958| 
    3174 00000040 9695          MOV       *+XAR5[AR0],AL        ; [CPU_FPU] |958| 
    3175                      .dwpsn  file "C:/ti/C2000Ware_MotorControl_SDK_5_04_00_00/c2000ware/driverlib/f28002x/driverlib/eqep.
    3176 00000041 DC15          ADDB      XAR4,#21              ; [CPU_ALU] |406| 
    3177                      .dwpsn  file "C:/ti/C2000Ware_MotorControl_SDK_5_04_00_00/c2000ware/driverlib/f28002x/driverlib/eqep.
    3178 00000042 1AC7          OR        *+XAR7[0],#0x8000     ; [CPU_FPU] |986| 
         00000043 8000 
    3179                      .dwpsn  file "C:/ti/C2000Ware_MotorControl_SDK_5_04_00_00/c2000ware/driverlib/f28002x/driverlib/eqep.
    3180 00000044 1AC6          OR        *+XAR6[0],#0x0800     ; [CPU_FPU] |654| 
         00000045 0800 
    3181                      .dwpsn  file "C:/ti/C2000Ware_MotorControl_SDK_5_04_00_00/c2000ware/driverlib/f28002x/driverlib/eqep.
    3182 00000046 1AC4          OR        *+XAR4[0],#0x0008     ; [CPU_ALU] |406| 
         00000047 0008 
    3183 00000048 86BE          MOVL      XAR2,*--SP            ; [CPU_ALU] 
    3184                      .dwcfi  cfa_offset, -4
    3185                      .dwcfi  restore_reg, 9
    3186 00000049 8BBE          MOVL      XAR1,*--SP            ; [CPU_ALU] 
    3187                      .dwcfi  cfa_offset, -2
    3188                      .dwcfi  restore_reg, 7
    3189              $C$DW$212       .dwtag  DW_TAG_TI_branch
    3190                      .dwattr $C$DW$212, DW_AT_low_pc(0x00)
    3191                      .dwattr $C$DW$212, DW_AT_TI_return
    3192              
    3193 0000004a 0006          LRETR     ; [CPU_ALU] 
    3194                      ; return occurs ; [] 
    3195                      .dwattr $C$DW$207, DW_AT_TI_end_file("../sources/dual_axis_servo_drive_hal.c")
    3196                      .dwattr $C$DW$207, DW_AT_TI_end_line(0x564)
    3197                      .dwattr $C$DW$207, DW_AT_TI_end_column(0x01)
    3198                      .dwendentry
    3199                      .dwendtag $C$DW$207
    3200              
    3201 00000000               .sect   ".text:HAL_setupMotorPWMs"
    3202                      .clink
    3203                      .global ||HAL_setupMotorPWMs||
    3204              
    3205              $C$DW$213       .dwtag  DW_TAG_subprogram
    3206                      .dwattr $C$DW$213, DW_AT_name("HAL_setupMotorPWMs")
    3207                      .dwattr $C$DW$213, DW_AT_low_pc(||HAL_setupMotorPWMs||)
    3208                      .dwattr $C$DW$213, DW_AT_high_pc(0x00)
    3209                      .dwattr $C$DW$213, DW_AT_linkage_name("HAL_setupMotorPWMs")
    3210                      .dwattr $C$DW$213, DW_AT_external
    3211                      .dwattr $C$DW$213, DW_AT_decl_file("../sources/dual_axis_servo_drive_hal.c")
    3212                      .dwattr $C$DW$213, DW_AT_decl_line(0x415)
    3213                      .dwattr $C$DW$213, DW_AT_decl_column(0x06)
    3214                      .dwattr $C$DW$213, DW_AT_TI_max_frame_size(-6)
    3215                      .dwpsn  file "../sources/dual_axis_servo_drive_hal.c",line 1046,column 1,is_stmt,address ||HAL_setupM
    3216              
TMS320C2000 Assembler PC v22.6.2 Thu Feb 12 10:37:10 2026

Copyright (c) 1996-2018 Texas Instruments Incorporated
dual_axis_servo_drive_hal.asm                                        PAGE   63

    3217                      .dwfde $C$DW$CIE, ||HAL_setupMotorPWMs||
    3218              $C$DW$214       .dwtag  DW_TAG_formal_parameter
    3219                      .dwattr $C$DW$214, DW_AT_name("handle")
    3220                      .dwattr $C$DW$214, DW_AT_type(*$C$DW$T$141)
    3221                      .dwattr $C$DW$214, DW_AT_location[DW_OP_reg12]
    3222              
    3223              
    3224              ;***************************************************************
    3225              ;* FNAME: HAL_setupMotorPWMs            FR SIZE:   4           *
    3226              ;*                                                             *
    3227              ;* FUNCTION ENVIRONMENT                                        *
    3228              ;*                                                             *
    3229              ;* FUNCTION PROPERTIES                                         *
    3230              ;*                            0 Parameter,  0 Auto,  4 SOE     *
    3231              ;***************************************************************
    3232              
    3233              ||HAL_setupMotorPWMs||:
    3234              ;* AL    assigned to $O$A1
    3235              ;* AR7   assigned to $O$U10
    3236              ;* AR4   assigned to handle
    3237              $C$DW$215       .dwtag  DW_TAG_variable
    3238                      .dwattr $C$DW$215, DW_AT_name("handle")
    3239                      .dwattr $C$DW$215, DW_AT_type(*$C$DW$T$142)
    3240                      .dwattr $C$DW$215, DW_AT_location[DW_OP_reg12]
    3241              
    3242              ;* AR6   assigned to halfPeriod
    3243              $C$DW$216       .dwtag  DW_TAG_variable
    3244                      .dwattr $C$DW$216, DW_AT_name("halfPeriod")
    3245                      .dwattr $C$DW$216, DW_AT_type(*$C$DW$T$171)
    3246                      .dwattr $C$DW$216, DW_AT_location[DW_OP_reg16]
    3247              
    3248              ;* AR2   assigned to base
    3249              $C$DW$217       .dwtag  DW_TAG_variable
    3250                      .dwattr $C$DW$217, DW_AT_name("base")
    3251                      .dwattr $C$DW$217, DW_AT_type(*$C$DW$T$28)
    3252                      .dwattr $C$DW$217, DW_AT_location[DW_OP_reg8]
    3253              
    3254              ;* AR5   assigned to base
    3255              $C$DW$218       .dwtag  DW_TAG_variable
    3256                      .dwattr $C$DW$218, DW_AT_name("base")
    3257                      .dwattr $C$DW$218, DW_AT_type(*$C$DW$T$28)
    3258                      .dwattr $C$DW$218, DW_AT_location[DW_OP_reg14]
    3259              
    3260                      .dwcfi  cfa_offset, -2
    3261                      .dwcfi  save_reg_to_mem, 26, 0
    3262 00000000 B2BD          MOVL      *SP++,XAR1            ; [CPU_ALU] 
    3263                      .dwcfi  save_reg_to_mem, 7, 2
    3264                      .dwcfi  cfa_offset, -4
    3265 00000001 AABD          MOVL      *SP++,XAR2            ; [CPU_ALU] 
    3266                      .dwcfi  save_reg_to_mem, 9, 4
    3267                      .dwcfi  cfa_offset, -6
    3268                      .dwpsn  file "C:\ti\C2000Ware_MotorControl_SDK_5_04_00_00\c2000ware\driverlib\f28002x\driverlib\sysct
    3269 00000002 7622          EALLOW    ; [CPU_ALU] |951| 
    3270                      .dwpsn  file "C:\ti\C2000Ware_MotorControl_SDK_5_04_00_00\c2000ware\driverlib\f28002x\driverlib\sysct
    3271 00000003 8F45          MOVL      XAR5,#381730          ; [CPU_ARAU] |956| 
TMS320C2000 Assembler PC v22.6.2 Thu Feb 12 10:37:10 2026

Copyright (c) 1996-2018 Texas Instruments Incorporated
dual_axis_servo_drive_hal.asm                                        PAGE   64

         00000004 D322 
    3272 00000005 06C5          MOVL      ACC,*+XAR5[0]         ; [CPU_ALU] |956| 
    3273 00000006 18A8          AND       AH,#65531             ; [CPU_ALU] |956| 
         00000007 FFFB 
    3274 00000008 1EC5          MOVL      *+XAR5[0],ACC         ; [CPU_ALU] |956| 
    3275                      .dwpsn  file "C:\ti\C2000Ware_MotorControl_SDK_5_04_00_00\c2000ware\driverlib\f28002x\driverlib\sysct
    3276 00000009 761A          EDIS      ; [CPU_ALU] |957| 
    3277 0000000a C5A4          MOVL      XAR7,XAR4             ; [CPU_ALU] 
    3278 0000000b BE02          MOVB      XAR6,#2               ; [CPU_ALU] 
    3279 0000000c       ||$C$L29||:    
    3280                      .dwpsn  file "C:/ti/C2000Ware_MotorControl_SDK_5_04_00_00/c2000ware/driverlib/f28002x/driverlib/epwm.
    3281 0000000c 83C7          MOVL      XAR5,*+XAR7[0]        ; [CPU_ALU] |1967| 
    3282                      .dwpsn  file "C:/ti/C2000Ware_MotorControl_SDK_5_04_00_00/c2000ware/driverlib/f28002x/driverlib/epwm.
    3283 0000000d 0263          MOVB      ACC,#99               ; [CPU_ALU] |2383| 
    3284                      .dwpsn  file "C:/ti/C2000Ware_MotorControl_SDK_5_04_00_00/c2000ware/driverlib/f28002x/driverlib/epwm.
    3285 0000000e 1AC5          OR        *+XAR5[0],#0x0008     ; [CPU_ALU] |1967| 
         0000000f 0008 
    3286                      .dwpsn  file "C:/ti/C2000Ware_MotorControl_SDK_5_04_00_00/c2000ware/driverlib/f28002x/driverlib/epwm.
    3287 00000010 07C7          ADDL      ACC,*+XAR7[0]         ; [CPU_ALU] |2383| 
    3288 00000011 83A9          MOVL      XAR5,ACC              ; [CPU_ALU] |2383| 
    3289                      .dwpsn  file "C:/ti/C2000Ware_MotorControl_SDK_5_04_00_00/c2000ware/driverlib/f28002x/driverlib/epwm.
    3290 00000012 0260          MOVB      ACC,#96               ; [CPU_ALU] |2349| 
    3291                      .dwpsn  file "C:/ti/C2000Ware_MotorControl_SDK_5_04_00_00/c2000ware/driverlib/f28002x/driverlib/epwm.
    3292 00000013 2BC5          MOV       *+XAR5[0],#0          ; [CPU_ALU] |2383| 
    3293                      .dwpsn  file "C:/ti/C2000Ware_MotorControl_SDK_5_04_00_00/c2000ware/driverlib/f28002x/driverlib/epwm.
    3294 00000014 07C7          ADDL      ACC,*+XAR7[0]         ; [CPU_ALU] |2349| 
    3295 00000015 83A9          MOVL      XAR5,ACC              ; [CPU_ALU] |2349| 
    3296 00000016 0260          MOVB      ACC,#96               ; [CPU_ALU] |2349| 
    3297 00000017 A3C5          MOVL      P,*+XAR5[0]           ; [CPU_ALU] |2349| 
    3298 00000018 07C7          ADDL      ACC,*+XAR7[0]         ; [CPU_ALU] |2349| 
    3299 00000019 83A9          MOVL      XAR5,ACC              ; [CPU_ALU] |2349| 
    3300 0000001a 18AA          AND       PH,#0                 ; [CPU_ALU] |2349| 
         0000001b 0000 
    3301 0000001c A9C5          MOVL      *+XAR5[0],P           ; [CPU_ALU] |2349| 
    3302                      .dwpsn  file "C:/ti/C2000Ware_MotorControl_SDK_5_04_00_00/c2000ware/driverlib/f28002x/driverlib/epwm.
    3303 0000001d 83C7          MOVL      XAR5,*+XAR7[0]        ; [CPU_ALU] |1647| 
    3304 0000001e 2BE5          MOV       *+XAR5[4],#0          ; [CPU_ALU] |1647| 
    3305                      .dwpsn  file "C:/ti/C2000Ware_MotorControl_SDK_5_04_00_00/c2000ware/driverlib/f28002x/driverlib/epwm.
    3306 0000001f 83C7          MOVL      XAR5,*+XAR7[0]        ; [CPU_ALU] |2050| 
    3307 00000020 CCC5          AND       AL,*+XAR5[0],#0xfffe  ; [CPU_ALU] |2050| 
         00000021 FFFE 
    3308 00000022 83C7          MOVL      XAR5,*+XAR7[0]        ; [CPU_ALU] |2050| 
    3309 00000023 5002          ORB       AL,#0x02              ; [CPU_ALU] |2050| 
    3310 00000024 96C5          MOV       *+XAR5[0],AL          ; [CPU_ALU] |2050| 
    3311                      .dwpsn  file "C:/ti/C2000Ware_MotorControl_SDK_5_04_00_00/c2000ware/driverlib/f28002x/driverlib/epwm.
    3312 00000025 83C7          MOVL      XAR5,*+XAR7[0]        ; [CPU_ALU] |1725| 
    3313 00000026 8EC7          MOVL      XAR0,*+XAR7[0]        ; [CPU_ALU] |1725| 
    3314 00000027 CCC5          AND       AL,*+XAR5[0],#0xe07f  ; [CPU_ALU] |1725| 
         00000028 E07F 
    3315 00000029 96C0          MOV       *+XAR0[0],AL          ; [CPU_ALU] |1725| 
    3316                      .dwpsn  file "C:/ti/C2000Ware_MotorControl_SDK_5_04_00_00/c2000ware/driverlib/f28002x/driverlib/epwm.
    3317 0000002a 026B          MOVB      ACC,#107              ; [CPU_ALU] |2642| 
    3318 0000002b 07C7          ADDL      ACC,*+XAR7[0]         ; [CPU_ALU] |2642| 
    3319 0000002c 83A9          MOVL      XAR5,ACC              ; [CPU_ALU] |2642| 
    3320                      .dwpsn  file "C:/ti/C2000Ware_MotorControl_SDK_5_04_00_00/c2000ware/driverlib/f28002x/driverlib/epwm.
TMS320C2000 Assembler PC v22.6.2 Thu Feb 12 10:37:10 2026

Copyright (c) 1996-2018 Texas Instruments Incorporated
dual_axis_servo_drive_hal.asm                                        PAGE   65

    3321 0000002d 0208          MOVB      ACC,#8                ; [CPU_ALU] |2537| 
    3322                      .dwpsn  file "C:/ti/C2000Ware_MotorControl_SDK_5_04_00_00/c2000ware/driverlib/f28002x/driverlib/epwm.
    3323 0000002e 2BC5          MOV       *+XAR5[0],#0          ; [CPU_ALU] |2642| 
    3324                      .dwpsn  file "C:/ti/C2000Ware_MotorControl_SDK_5_04_00_00/c2000ware/driverlib/f28002x/driverlib/epwm.
    3325 0000002f 07C7          ADDL      ACC,*+XAR7[0]         ; [CPU_ALU] |2537| 
    3326 00000030 83A9          MOVL      XAR5,ACC              ; [CPU_ALU] |2537| 
    3327 00000031 CCC5          AND       AL,*+XAR5[0],#0xf3ec  ; [CPU_ALU] |2537| 
         00000032 F3EC 
    3328 00000033 27A9          MOV       PL,AL                 ; [CPU_ALU] |2537| 
    3329 00000034 0208          MOVB      ACC,#8                ; [CPU_ALU] |2537| 
    3330 00000035 07C7          ADDL      ACC,*+XAR7[0]         ; [CPU_ALU] |2537| 
    3331 00000036 83A9          MOVL      XAR5,ACC              ; [CPU_ALU] |2537| 
    3332                      .dwpsn  file "C:/ti/C2000Ware_MotorControl_SDK_5_04_00_00/c2000ware/driverlib/f28002x/driverlib/epwm.
    3333 00000037 0240          MOVB      ACC,#64               ; [CPU_ALU] |3113| 
    3334                      .dwpsn  file "C:/ti/C2000Ware_MotorControl_SDK_5_04_00_00/c2000ware/driverlib/f28002x/driverlib/epwm.
    3335 00000038 3FC5          MOV       *+XAR5[0],P           ; [CPU_ALU] |2537| 
    3336                      .dwpsn  file "C:/ti/C2000Ware_MotorControl_SDK_5_04_00_00/c2000ware/driverlib/f28002x/driverlib/epwm.
    3337 00000039 07C7          ADDL      ACC,*+XAR7[0]         ; [CPU_ALU] |3113| 
    3338 0000003a 83A9          MOVL      XAR5,ACC              ; [CPU_ALU] |3113| 
    3339                      .dwpsn  file "C:/ti/C2000Ware_MotorControl_SDK_5_04_00_00/c2000ware/driverlib/f28002x/driverlib/epwm.
    3340 0000003b 020C          MOVB      ACC,#12               ; [CPU_ALU] |3556| 
    3341                      .dwpsn  file "C:/ti/C2000Ware_MotorControl_SDK_5_04_00_00/c2000ware/driverlib/f28002x/driverlib/epwm.
    3342 0000003c 56BF          MOVB      *+XAR5[0],#144,UNC    ; [CPU_ALU] |3113| 
         0000003d 90C5 
    3343                      .dwpsn  file "C:/ti/C2000Ware_MotorControl_SDK_5_04_00_00/c2000ware/driverlib/f28002x/driverlib/epwm.
    3344 0000003e 07C7          ADDL      ACC,*+XAR7[0]         ; [CPU_ALU] |3556| 
    3345 0000003f 83A9          MOVL      XAR5,ACC              ; [CPU_ALU] |3556| 
    3346 00000040 CCC5          AND       AL,*+XAR5[0],#0xffef  ; [CPU_ALU] |3556| 
         00000041 FFEF 
    3347 00000042 27A9          MOV       PL,AL                 ; [CPU_ALU] |3556| 
    3348 00000043 020C          MOVB      ACC,#12               ; [CPU_ALU] |3556| 
    3349 00000044 07C7          ADDL      ACC,*+XAR7[0]         ; [CPU_ALU] |3556| 
    3350 00000045 83A9          MOVL      XAR5,ACC              ; [CPU_ALU] |3556| 
    3351 00000046 3FC5          MOV       *+XAR5[0],P           ; [CPU_ALU] |3556| 
    3352                      .dwpsn  file "C:/ti/C2000Ware_MotorControl_SDK_5_04_00_00/c2000ware/driverlib/f28002x/driverlib/epwm.
    3353 00000047 86C7          MOVL      XAR2,*+XAR7[0]        ; [CPU_ALU] |3583| 
    3354                      .dwpsn  file "C:/ti/C2000Ware_MotorControl_SDK_5_04_00_00/c2000ware/driverlib/f28002x/driverlib/epwm.
    3355 00000048 83A2          MOVL      XAR5,XAR2             ; [CPU_ALU] |3604| 
    3356                      .dwpsn  file "C:/ti/C2000Ware_MotorControl_SDK_5_04_00_00/c2000ware/driverlib/f28002x/driverlib/epwm.
    3357 00000049 D00C          MOVB      XAR0,#12              ; [CPU_ALU] |3609| 
    3358 0000004a D10C          MOVB      XAR1,#12              ; [CPU_ALU] |3609| 
    3359                      .dwpsn  file "C:/ti/C2000Ware_MotorControl_SDK_5_04_00_00/c2000ware/driverlib/f28002x/driverlib/epwm.
    3360 0000004b DD0C          ADDB      XAR5,#12              ; [CPU_ALU] |3604| 
    3361 0000004c 18C5          AND       *+XAR5[0],#0xbfff     ; [CPU_ALU] |3604| 
         0000004d BFFF 
    3362                      .dwpsn  file "C:/ti/C2000Ware_MotorControl_SDK_5_04_00_00/c2000ware/driverlib/f28002x/driverlib/epwm.
    3363 0000004e CC92          AND       AL,*+XAR2[AR0],#0xffdf ; [CPU_ALU] |3609| 
         0000004f FFDF 
    3364 00000050 969A          MOV       *+XAR2[AR1],AL        ; [CPU_ALU] |3609| 
    3365                      .dwpsn  file "C:/ti/C2000Ware_MotorControl_SDK_5_04_00_00/c2000ware/driverlib/f28002x/driverlib/epwm.
    3366 00000051 020C          MOVB      ACC,#12               ; [CPU_ALU] |3472| 
    3367 00000052 07C7          ADDL      ACC,*+XAR7[0]         ; [CPU_ALU] |3472| 
    3368 00000053 83A9          MOVL      XAR5,ACC              ; [CPU_ALU] |3472| 
    3369 00000054 92C5          MOV       AL,*+XAR5[0]          ; [CPU_ALU] |3472| 
    3370 00000055 5002          ORB       AL,#0x02              ; [CPU_ALU] |3472| 
TMS320C2000 Assembler PC v22.6.2 Thu Feb 12 10:37:10 2026

Copyright (c) 1996-2018 Texas Instruments Incorporated
dual_axis_servo_drive_hal.asm                                        PAGE   66

    3371 00000056 27A9          MOV       PL,AL                 ; [CPU_ALU] |3472| 
    3372 00000057 020C          MOVB      ACC,#12               ; [CPU_ALU] |3472| 
    3373 00000058 07C7          ADDL      ACC,*+XAR7[0]         ; [CPU_ALU] |3472| 
    3374 00000059 83A9          MOVL      XAR5,ACC              ; [CPU_ALU] |3472| 
    3375 0000005a 020C          MOVB      ACC,#12               ; [CPU_ALU] |3472| 
    3376 0000005b 3FC5          MOV       *+XAR5[0],P           ; [CPU_ALU] |3472| 
    3377 0000005c 07C7          ADDL      ACC,*+XAR7[0]         ; [CPU_ALU] |3472| 
    3378 0000005d 83A9          MOVL      XAR5,ACC              ; [CPU_ALU] |3472| 
    3379 0000005e 92C5          MOV       AL,*+XAR5[0]          ; [CPU_ALU] |3472| 
    3380 0000005f 5001          ORB       AL,#0x01              ; [CPU_ALU] |3472| 
    3381 00000060 27A9          MOV       PL,AL                 ; [CPU_ALU] |3472| 
    3382 00000061 020C          MOVB      ACC,#12               ; [CPU_ALU] |3472| 
    3383 00000062 07C7          ADDL      ACC,*+XAR7[0]         ; [CPU_ALU] |3472| 
    3384 00000063 83A9          MOVL      XAR5,ACC              ; [CPU_ALU] |3472| 
    3385                      .dwpsn  file "C:/ti/C2000Ware_MotorControl_SDK_5_04_00_00/c2000ware/driverlib/f28002x/driverlib/epwm.
    3386 00000064 020C          MOVB      ACC,#12               ; [CPU_ALU] |3521| 
    3387                      .dwpsn  file "C:/ti/C2000Ware_MotorControl_SDK_5_04_00_00/c2000ware/driverlib/f28002x/driverlib/epwm.
    3388 00000065 3FC5          MOV       *+XAR5[0],P           ; [CPU_ALU] |3472| 
    3389                      .dwpsn  file "C:/ti/C2000Ware_MotorControl_SDK_5_04_00_00/c2000ware/driverlib/f28002x/driverlib/epwm.
    3390 00000066 07C7          ADDL      ACC,*+XAR7[0]         ; [CPU_ALU] |3521| 
    3391 00000067 83A9          MOVL      XAR5,ACC              ; [CPU_ALU] |3521| 
    3392 00000068 CCC5          AND       AL,*+XAR5[0],#0xfffb  ; [CPU_ALU] |3521| 
         00000069 FFFB 
    3393 0000006a 27A9          MOV       PL,AL                 ; [CPU_ALU] |3521| 
    3394 0000006b 020C          MOVB      ACC,#12               ; [CPU_ALU] |3521| 
    3395 0000006c 07C7          ADDL      ACC,*+XAR7[0]         ; [CPU_ALU] |3521| 
    3396 0000006d 83A9          MOVL      XAR5,ACC              ; [CPU_ALU] |3521| 
    3397 0000006e 020C          MOVB      ACC,#12               ; [CPU_ALU] |3521| 
    3398 0000006f 3FC5          MOV       *+XAR5[0],P           ; [CPU_ALU] |3521| 
    3399 00000070 07C7          ADDL      ACC,*+XAR7[0]         ; [CPU_ALU] |3521| 
    3400 00000071 83A9          MOVL      XAR5,ACC              ; [CPU_ALU] |3521| 
    3401 00000072 92C5          MOV       AL,*+XAR5[0]          ; [CPU_ALU] |3521| 
    3402 00000073 5008          ORB       AL,#0x08              ; [CPU_ALU] |3521| 
    3403 00000074 27A9          MOV       PL,AL                 ; [CPU_ALU] |3521| 
    3404 00000075 020C          MOVB      ACC,#12               ; [CPU_ALU] |3521| 
    3405 00000076 07C7          ADDL      ACC,*+XAR7[0]         ; [CPU_ALU] |3521| 
    3406 00000077 83A9          MOVL      XAR5,ACC              ; [CPU_ALU] |3521| 
    3407                      .dwpsn  file "C:/ti/C2000Ware_MotorControl_SDK_5_04_00_00/c2000ware/driverlib/f28002x/driverlib/epwm.
    3408 00000078 0251          MOVB      ACC,#81               ; [CPU_ALU] |3866| 
    3409                      .dwpsn  file "C:/ti/C2000Ware_MotorControl_SDK_5_04_00_00/c2000ware/driverlib/f28002x/driverlib/epwm.
    3410 00000079 3FC5          MOV       *+XAR5[0],P           ; [CPU_ALU] |3521| 
    3411                      .dwpsn  file "C:/ti/C2000Ware_MotorControl_SDK_5_04_00_00/c2000ware/driverlib/f28002x/driverlib/epwm.
    3412 0000007a 07C7          ADDL      ACC,*+XAR7[0]         ; [CPU_ALU] |3866| 
    3413 0000007b 83A9          MOVL      XAR5,ACC              ; [CPU_ALU] |3866| 
    3414                      .dwpsn  file "C:/ti/C2000Ware_MotorControl_SDK_5_04_00_00/c2000ware/driverlib/f28002x/driverlib/epwm.
    3415 0000007c 0253          MOVB      ACC,#83               ; [CPU_ALU] |3894| 
    3416                      .dwpsn  file "C:/ti/C2000Ware_MotorControl_SDK_5_04_00_00/c2000ware/driverlib/f28002x/driverlib/epwm.
    3417 0000007d 56BF          MOVB      *+XAR5[0],#60,UNC     ; [CPU_ALU] |3866| 
         0000007e 3CC5 
    3418                      .dwpsn  file "C:/ti/C2000Ware_MotorControl_SDK_5_04_00_00/c2000ware/driverlib/f28002x/driverlib/epwm.
    3419 0000007f 07C7          ADDL      ACC,*+XAR7[0]         ; [CPU_ALU] |3894| 
    3420 00000080 83A9          MOVL      XAR5,ACC              ; [CPU_ALU] |3894| 
    3421 00000081 56BF          MOVB      *+XAR5[0],#60,UNC     ; [CPU_ALU] |3894| 
         00000082 3CC5 
    3422                      .dwpsn  file "C:/ti/C2000Ware_MotorControl_SDK_5_04_00_00/c2000ware/driverlib/f28002x/driverlib/epwm.
TMS320C2000 Assembler PC v22.6.2 Thu Feb 12 10:37:10 2026

Copyright (c) 1996-2018 Texas Instruments Incorporated
dual_axis_servo_drive_hal.asm                                        PAGE   67

    3423 00000083 83C7          MOVL      XAR5,*+XAR7[0]        ; [CPU_ALU] |1994| 
    3424 00000084 1AC5          OR        *+XAR5[0],#0x0004     ; [CPU_ALU] |1994| 
         00000085 0004 
    3425                      .dwpsn  file "C:/ti/C2000Ware_MotorControl_SDK_5_04_00_00/c2000ware/driverlib/f28002x/driverlib/epwm.
    3426 00000086 83C7          MOVL      XAR5,*+XAR7[0]        ; [CPU_ALU] |1679| 
    3427 00000087 1AC5          OR        *+XAR5[0],#0x2000     ; [CPU_ALU] |1679| 
         00000088 2000 
    3428                      .dwpsn  file "C:/ti/C2000Ware_MotorControl_SDK_5_04_00_00/c2000ware/driverlib/f28002x/driverlib/epwm.
    3429 00000089 83C7          MOVL      XAR5,*+XAR7[0]        ; [CPU_ALU] |1848| 
    3430 0000008a 92F5          MOV       AL,*+XAR5[6]          ; [CPU_ALU] |1848| 
    3431 0000008b 8387          MOVL      XAR5,*XAR7++          ; [CPU_ALU] |1848| 
    3432 0000008c 5002          ORB       AL,#0x02              ; [CPU_ALU] |1848| 
    3433 0000008d 96F5          MOV       *+XAR5[6],AL          ; [CPU_ALU] |1848| 
    3434                      .dwpsn  file "../sources/dual_axis_servo_drive_hal.c",line 1057,column 18,is_stmt,isa 0
    3435 0000008e 000E          BANZ      ||$C$L29||,AR6--      ; [CPU_ALU] |1057| 
         0000008f FF7E 
    3436                      ; branchcc occurs ; [] |1057| 
    3437                      .dwpsn  file "C:\ti\C2000Ware_MotorControl_SDK_5_04_00_00\c2000ware\driverlib\f28002x\driverlib\sysct
    3438 00000090 7622          EALLOW    ; [CPU_ALU] |2667| 
    3439                      .dwpsn  file "C:\ti\C2000Ware_MotorControl_SDK_5_04_00_00\c2000ware\driverlib\f28002x\driverlib\sysct
    3440 00000091 BFA9          MOV32     ACC,*(0:0x7940)       ; [CPU_FPU] |2668| 
         00000092 7940 
    3441 00000093 18A8          AND       AH,#57599             ; [CPU_ALU] |2668| 
         00000094 E0FF 
    3442 00000095 BDA9          MOV32     *(0:0x7940),ACC       ; [CPU_FPU] |2668| 
         00000096 7940 
    3443                      .dwpsn  file "C:\ti\C2000Ware_MotorControl_SDK_5_04_00_00\c2000ware\driverlib\f28002x\driverlib\sysct
    3444 00000097 761A          EDIS      ; [CPU_ALU] |2672| 
    3445                      .dwpsn  file "../sources/dual_axis_servo_drive_hal.c",line 1113,column 5,is_stmt,isa 0
    3446 00000098 8F40!         MOVL      XAR5,#||halMtr||      ; [CPU_ARAU] |1113| 
         00000099 0000 
    3447 0000009a A0A9          MOVL      ACC,XAR5              ; [CPU_ALU] |1113| 
    3448 0000009b 0FA4          CMPL      ACC,XAR4              ; [CPU_ALU] |1113| 
    3449                      .dwpsn  file "../sources/dual_axis_servo_drive_hal.c",line 1050,column 26,is_stmt,isa 0
    3450 0000009c 56B0          MOVB      XAR6,#0,NEQ           ; [CPU_ALU] |1050| 
         0000009d 00A6 
    3451 0000009e 6029          B         ||$C$L30||,NEQ        ; [CPU_ALU] 
    3452                      ; branchcc occurs ; [] 
    3453                      .dwpsn  file "C:/ti/C2000Ware_MotorControl_SDK_5_04_00_00/c2000ware/driverlib/f28002x/driverlib/epwm.
    3454 0000009f 83C4          MOVL      XAR5,*+XAR4[0]        ; [CPU_ALU] |2019| 
    3455 000000a0 18C5          AND       *+XAR5[0],#0xfffb     ; [CPU_ALU] |2019| 
         000000a1 FFFB 
    3456                      .dwpsn  file "C:/ti/C2000Ware_MotorControl_SDK_5_04_00_00/c2000ware/driverlib/f28002x/driverlib/epwm.
    3457 000000a2 83C4          MOVL      XAR5,*+XAR4[0]        ; [CPU_ALU] |1848| 
    3458 000000a3 92F5          MOV       AL,*+XAR5[6]          ; [CPU_ALU] |1848| 
    3459 000000a4 83C4          MOVL      XAR5,*+XAR4[0]        ; [CPU_ALU] |1848| 
    3460 000000a5 5002          ORB       AL,#0x02              ; [CPU_ALU] |1848| 
    3461 000000a6 96F5          MOV       *+XAR5[6],AL          ; [CPU_ALU] |1848| 
    3462                      .dwpsn  file "C:/ti/C2000Ware_MotorControl_SDK_5_04_00_00/c2000ware/driverlib/f28002x/driverlib/epwm.
    3463 000000a7 0260          MOVB      ACC,#96               ; [CPU_ALU] |2349| 
    3464 000000a8 07C4          ADDL      ACC,*+XAR4[0]         ; [CPU_ALU] |2349| 
    3465 000000a9 83A9          MOVL      XAR5,ACC              ; [CPU_ALU] |2349| 
    3466 000000aa 0260          MOVB      ACC,#96               ; [CPU_ALU] |2349| 
    3467 000000ab A3C5          MOVL      P,*+XAR5[0]           ; [CPU_ALU] |2349| 
    3468 000000ac 07C4          ADDL      ACC,*+XAR4[0]         ; [CPU_ALU] |2349| 
TMS320C2000 Assembler PC v22.6.2 Thu Feb 12 10:37:10 2026

Copyright (c) 1996-2018 Texas Instruments Incorporated
dual_axis_servo_drive_hal.asm                                        PAGE   68

    3469 000000ad 83A9          MOVL      XAR5,ACC              ; [CPU_ALU] |2349| 
    3470 000000ae 18AA          AND       PH,#0                 ; [CPU_ALU] |2349| 
         000000af 0000 
    3471 000000b0 0260          MOVB      ACC,#96               ; [CPU_FPU] |2349| 
    3472 000000b1 A9C5          MOVL      *+XAR5[0],P           ; [CPU_ALU] |2349| 
    3473 000000b2 07D4          ADDL      ACC,*+XAR4[2]         ; [CPU_ALU] |2349| 
    3474 000000b3 83A9          MOVL      XAR5,ACC              ; [CPU_ALU] |2349| 
    3475 000000b4 0260          MOVB      ACC,#96               ; [CPU_ALU] |2349| 
    3476 000000b5 07D4          ADDL      ACC,*+XAR4[2]         ; [CPU_ALU] |2349| 
    3477 000000b6 A3C5          MOVL      P,*+XAR5[0]           ; [CPU_FPU] |2349| 
    3478 000000b7 83A9          MOVL      XAR5,ACC              ; [CPU_ALU] |2349| 
    3479 000000b8 18AA          AND       PH,#0                 ; [CPU_ALU] |2349| 
         000000b9 0000 
    3480 000000ba 0260          MOVB      ACC,#96               ; [CPU_FPU] |2349| 
    3481 000000bb A9C5          MOVL      *+XAR5[0],P           ; [CPU_ALU] |2349| 
    3482 000000bc 07E4          ADDL      ACC,*+XAR4[4]         ; [CPU_ALU] |2349| 
    3483 000000bd 83A9          MOVL      XAR5,ACC              ; [CPU_ALU] |2349| 
    3484 000000be 0260          MOVB      ACC,#96               ; [CPU_ALU] |2349| 
    3485 000000bf 07E4          ADDL      ACC,*+XAR4[4]         ; [CPU_ALU] |2349| 
    3486 000000c0 A3C5          MOVL      P,*+XAR5[0]           ; [CPU_FPU] |2349| 
    3487 000000c1 83A9          MOVL      XAR5,ACC              ; [CPU_ALU] |2349| 
    3488 000000c2 18AA          AND       PH,#0                 ; [CPU_ALU] |2349| 
         000000c3 0000 
    3489                      .dwpsn  file "../sources/dual_axis_servo_drive_hal.c",line 1115,column 9,is_stmt,isa 0
    3490 000000c4 7680          MOVL      XAR6,#2000            ; [CPU_FPU] |1115| 
         000000c5 07D0 
    3491                      .dwpsn  file "C:/ti/C2000Ware_MotorControl_SDK_5_04_00_00/c2000ware/driverlib/f28002x/driverlib/epwm.
    3492 000000c6 A9C5          MOVL      *+XAR5[0],P           ; [CPU_ALU] |2349| 
    3493 000000c7       ||$C$L30||:    
    3494                      .dwpsn  file "C:/ti/C2000Ware_MotorControl_SDK_5_04_00_00/c2000ware/driverlib/f28002x/driverlib/epwm.
    3495 000000c7 0263          MOVB      ACC,#99               ; [CPU_ALU] |2383| 
    3496 000000c8 07C4          ADDL      ACC,*+XAR4[0]         ; [CPU_ALU] |2383| 
    3497 000000c9 83A9          MOVL      XAR5,ACC              ; [CPU_ALU] |2383| 
    3498 000000ca 0263          MOVB      ACC,#99               ; [CPU_ALU] |2383| 
    3499 000000cb 7EC5          MOV       *+XAR5[0],AR6         ; [CPU_ALU] |2383| 
    3500 000000cc 07D4          ADDL      ACC,*+XAR4[2]         ; [CPU_ALU] |2383| 
    3501 000000cd 83A9          MOVL      XAR5,ACC              ; [CPU_ALU] |2383| 
    3502 000000ce 0263          MOVB      ACC,#99               ; [CPU_ALU] |2383| 
    3503 000000cf 7EC5          MOV       *+XAR5[0],AR6         ; [CPU_ALU] |2383| 
    3504 000000d0 07E4          ADDL      ACC,*+XAR4[4]         ; [CPU_ALU] |2383| 
    3505 000000d1 83A9          MOVL      XAR5,ACC              ; [CPU_ALU] |2383| 
    3506                      .dwpsn  file "C:/ti/C2000Ware_MotorControl_SDK_5_04_00_00/c2000ware/driverlib/f28002x/driverlib/epwm.
    3507 000000d2 02A4          MOVB      ACC,#164              ; [CPU_ALU] |5373| 
    3508                      .dwpsn  file "C:/ti/C2000Ware_MotorControl_SDK_5_04_00_00/c2000ware/driverlib/f28002x/driverlib/epwm.
    3509 000000d3 7EC5          MOV       *+XAR5[0],AR6         ; [CPU_ALU] |2383| 
    3510                      .dwpsn  file "C:/ti/C2000Ware_MotorControl_SDK_5_04_00_00/c2000ware/driverlib/f28002x/driverlib/epwm.
    3511 000000d4 07C4          ADDL      ACC,*+XAR4[0]         ; [CPU_ALU] |5373| 
    3512 000000d5 83A9          MOVL      XAR5,ACC              ; [CPU_ALU] |5373| 
    3513 000000d6 CCC5          AND       AL,*+XAR5[0],#0xf9ff  ; [CPU_ALU] |5373| 
         000000d7 F9FF 
    3514 000000d8 88A9          MOVZ      AR6,AL                ; [CPU_ALU] |5373| 
    3515 000000d9 1AA6          OR        AR6,#0x0100           ; [CPU_ALU] |5373| 
         000000da 0100 
    3516 000000db 02A4          MOVB      ACC,#164              ; [CPU_ALU] |5373| 
    3517 000000dc 07C4          ADDL      ACC,*+XAR4[0]         ; [CPU_ALU] |5373| 
TMS320C2000 Assembler PC v22.6.2 Thu Feb 12 10:37:10 2026

Copyright (c) 1996-2018 Texas Instruments Incorporated
dual_axis_servo_drive_hal.asm                                        PAGE   69

    3518 000000dd 83A9          MOVL      XAR5,ACC              ; [CPU_ALU] |5373| 
    3519 000000de 7EC5          MOV       *+XAR5[0],AR6         ; [CPU_ALU] |5373| 
    3520                      .dwpsn  file "C:/ti/C2000Ware_MotorControl_SDK_5_04_00_00/c2000ware/driverlib/f28002x/driverlib/epwm.
    3521 000000df 83C4          MOVL      XAR5,*+XAR4[0]        ; [CPU_ALU] |5475| 
    3522                      .dwpsn  file "C:/ti/C2000Ware_MotorControl_SDK_5_04_00_00/c2000ware/driverlib/f28002x/driverlib/epwm.
    3523 000000e0 A0A9          MOVL      ACC,XAR5              ; [CPU_ALU] |5485| 
    3524 000000e1 09A6          ADDB      ACC,#166              ; [CPU_ALU] |5485| 
    3525 000000e2 1EA6          MOVL      XAR6,ACC              ; [CPU_ALU] |5485| 
    3526                      .dwpsn  file "C:/ti/C2000Ware_MotorControl_SDK_5_04_00_00/c2000ware/driverlib/f28002x/driverlib/epwm.
    3527 000000e3 D0B0          MOVB      XAR0,#176             ; [CPU_ALU] |5491| 
    3528                      .dwpsn  file "C:/ti/C2000Ware_MotorControl_SDK_5_04_00_00/c2000ware/driverlib/f28002x/driverlib/epwm.
    3529 000000e4 1AC6          OR        *+XAR6[0],#0x0020     ; [CPU_ALU] |5485| 
         000000e5 0020 
    3530                      .dwpsn  file "C:/ti/C2000Ware_MotorControl_SDK_5_04_00_00/c2000ware/driverlib/f28002x/driverlib/epwm.
    3531 000000e6 CC95          AND       AL,*+XAR5[AR0],#0xfff0 ; [CPU_ALU] |5491| 
         000000e7 FFF0 
    3532 000000e8 D0B0          MOVB      XAR0,#176             ; [CPU_ALU] |5491| 
    3533 000000e9 5001          ORB       AL,#0x01              ; [CPU_ALU] |5491| 
    3534 000000ea 9695          MOV       *+XAR5[AR0],AL        ; [CPU_ALU] |5491| 
    3535                      .dwpsn  file "C:/ti/C2000Ware_MotorControl_SDK_5_04_00_00/c2000ware/driverlib/f28002x/driverlib/epwm.
    3536 000000eb 02A4          MOVB      ACC,#164              ; [CPU_ALU] |5269| 
    3537 000000ec 07C4          ADDL      ACC,*+XAR4[0]         ; [CPU_ALU] |5269| 
    3538 000000ed 8AA9          MOVL      XAR4,ACC              ; [CPU_ALU] |5269| 
    3539 000000ee 1AC4          OR        *+XAR4[0],#0x0800     ; [CPU_ALU] |5269| 
         000000ef 0800 
    3540 000000f0 86BE          MOVL      XAR2,*--SP            ; [CPU_ALU] 
    3541                      .dwcfi  cfa_offset, -4
    3542                      .dwcfi  restore_reg, 9
    3543 000000f1 8BBE          MOVL      XAR1,*--SP            ; [CPU_ALU] 
    3544                      .dwcfi  cfa_offset, -2
    3545                      .dwcfi  restore_reg, 7
    3546              $C$DW$219       .dwtag  DW_TAG_TI_branch
    3547                      .dwattr $C$DW$219, DW_AT_low_pc(0x00)
    3548                      .dwattr $C$DW$219, DW_AT_TI_return
    3549              
    3550 000000f2 0006          LRETR     ; [CPU_ALU] 
    3551                      ; return occurs ; [] 
    3552                      .dwattr $C$DW$213, DW_AT_TI_end_file("../sources/dual_axis_servo_drive_hal.c")
    3553                      .dwattr $C$DW$213, DW_AT_TI_end_line(0x488)
    3554                      .dwattr $C$DW$213, DW_AT_TI_end_column(0x01)
    3555                      .dwendentry
    3556                      .dwendtag $C$DW$213
    3557              
    3558 00000000               .sect   ".text:HAL_setupMotorFaultProtection"
    3559                      .clink
    3560                      .global ||HAL_setupMotorFaultProtection||
    3561              
    3562              $C$DW$220       .dwtag  DW_TAG_subprogram
    3563                      .dwattr $C$DW$220, DW_AT_name("HAL_setupMotorFaultProtection")
    3564                      .dwattr $C$DW$220, DW_AT_low_pc(||HAL_setupMotorFaultProtection||)
    3565                      .dwattr $C$DW$220, DW_AT_high_pc(0x00)
    3566                      .dwattr $C$DW$220, DW_AT_linkage_name("HAL_setupMotorFaultProtection")
    3567                      .dwattr $C$DW$220, DW_AT_external
    3568                      .dwattr $C$DW$220, DW_AT_decl_file("../sources/dual_axis_servo_drive_hal.c")
    3569                      .dwattr $C$DW$220, DW_AT_decl_line(0x48d)
TMS320C2000 Assembler PC v22.6.2 Thu Feb 12 10:37:10 2026

Copyright (c) 1996-2018 Texas Instruments Incorporated
dual_axis_servo_drive_hal.asm                                        PAGE   70

    3570                      .dwattr $C$DW$220, DW_AT_decl_column(0x06)
    3571                      .dwattr $C$DW$220, DW_AT_TI_max_frame_size(-4)
    3572                      .dwpsn  file "../sources/dual_axis_servo_drive_hal.c",line 1166,column 1,is_stmt,address ||HAL_setupM
    3573              
    3574                      .dwfde $C$DW$CIE, ||HAL_setupMotorFaultProtection||
    3575              $C$DW$221       .dwtag  DW_TAG_formal_parameter
    3576                      .dwattr $C$DW$221, DW_AT_name("handle")
    3577                      .dwattr $C$DW$221, DW_AT_type(*$C$DW$T$141)
    3578                      .dwattr $C$DW$221, DW_AT_location[DW_OP_reg12]
    3579              
    3580              
    3581              ;***************************************************************
    3582              ;* FNAME: HAL_setupMotorFaultProtection FR SIZE:   2           *
    3583              ;*                                                             *
    3584              ;* FUNCTION ENVIRONMENT                                        *
    3585              ;*                                                             *
    3586              ;* FUNCTION PROPERTIES                                         *
    3587              ;*                            0 Parameter,  0 Auto,  2 SOE     *
    3588              ;***************************************************************
    3589              
    3590              ||HAL_setupMotorFaultProtection||:
    3591              ;* AR4   assigned to $O$U26
    3592              ;* AR1   assigned to handle
    3593              $C$DW$222       .dwtag  DW_TAG_variable
    3594                      .dwattr $C$DW$222, DW_AT_name("handle")
    3595                      .dwattr $C$DW$222, DW_AT_type(*$C$DW$T$142)
    3596                      .dwattr $C$DW$222, DW_AT_location[DW_OP_reg6]
    3597              
    3598              ;* AL    assigned to base
    3599              $C$DW$223       .dwtag  DW_TAG_variable
    3600                      .dwattr $C$DW$223, DW_AT_name("base")
    3601                      .dwattr $C$DW$223, DW_AT_type(*$C$DW$T$28)
    3602                      .dwattr $C$DW$223, DW_AT_location[DW_OP_reg0]
    3603              
    3604              ;* AL    assigned to base
    3605              $C$DW$224       .dwtag  DW_TAG_variable
    3606                      .dwattr $C$DW$224, DW_AT_name("base")
    3607                      .dwattr $C$DW$224, DW_AT_type(*$C$DW$T$28)
    3608                      .dwattr $C$DW$224, DW_AT_location[DW_OP_reg0]
    3609              
    3610              ;* AR5   assigned to base
    3611              $C$DW$225       .dwtag  DW_TAG_variable
    3612                      .dwattr $C$DW$225, DW_AT_name("base")
    3613                      .dwattr $C$DW$225, DW_AT_type(*$C$DW$T$28)
    3614                      .dwattr $C$DW$225, DW_AT_location[DW_OP_reg14]
    3615              
    3616              ;* AR5   assigned to base
    3617              $C$DW$226       .dwtag  DW_TAG_variable
    3618                      .dwattr $C$DW$226, DW_AT_name("base")
    3619                      .dwattr $C$DW$226, DW_AT_type(*$C$DW$T$28)
    3620                      .dwattr $C$DW$226, DW_AT_location[DW_OP_reg14]
    3621              
    3622              ;* AR5   assigned to base
    3623              $C$DW$227       .dwtag  DW_TAG_variable
    3624                      .dwattr $C$DW$227, DW_AT_name("base")
TMS320C2000 Assembler PC v22.6.2 Thu Feb 12 10:37:10 2026

Copyright (c) 1996-2018 Texas Instruments Incorporated
dual_axis_servo_drive_hal.asm                                        PAGE   71

    3625                      .dwattr $C$DW$227, DW_AT_type(*$C$DW$T$28)
    3626                      .dwattr $C$DW$227, DW_AT_location[DW_OP_reg14]
    3627              
    3628              ;* AR5   assigned to base
    3629              $C$DW$228       .dwtag  DW_TAG_variable
    3630                      .dwattr $C$DW$228, DW_AT_name("base")
    3631                      .dwattr $C$DW$228, DW_AT_type(*$C$DW$T$28)
    3632                      .dwattr $C$DW$228, DW_AT_location[DW_OP_reg14]
    3633              
    3634              ;* AR5   assigned to base
    3635              $C$DW$229       .dwtag  DW_TAG_variable
    3636                      .dwattr $C$DW$229, DW_AT_name("base")
    3637                      .dwattr $C$DW$229, DW_AT_type(*$C$DW$T$28)
    3638                      .dwattr $C$DW$229, DW_AT_location[DW_OP_reg14]
    3639              
    3640              ;* AR5   assigned to base
    3641              $C$DW$230       .dwtag  DW_TAG_variable
    3642                      .dwattr $C$DW$230, DW_AT_name("base")
    3643                      .dwattr $C$DW$230, DW_AT_type(*$C$DW$T$28)
    3644                      .dwattr $C$DW$230, DW_AT_location[DW_OP_reg14]
    3645              
    3646              ;* AR5   assigned to base
    3647              $C$DW$231       .dwtag  DW_TAG_variable
    3648                      .dwattr $C$DW$231, DW_AT_name("base")
    3649                      .dwattr $C$DW$231, DW_AT_type(*$C$DW$T$28)
    3650                      .dwattr $C$DW$231, DW_AT_location[DW_OP_reg14]
    3651              
    3652              ;* AR5   assigned to base
    3653              $C$DW$232       .dwtag  DW_TAG_variable
    3654                      .dwattr $C$DW$232, DW_AT_name("base")
    3655                      .dwattr $C$DW$232, DW_AT_type(*$C$DW$T$28)
    3656                      .dwattr $C$DW$232, DW_AT_location[DW_OP_reg14]
    3657              
    3658              ;* AL    assigned to base
    3659              $C$DW$233       .dwtag  DW_TAG_variable
    3660                      .dwattr $C$DW$233, DW_AT_name("base")
    3661                      .dwattr $C$DW$233, DW_AT_type(*$C$DW$T$28)
    3662                      .dwattr $C$DW$233, DW_AT_location[DW_OP_reg0]
    3663              
    3664              ;* AL    assigned to base
    3665              $C$DW$234       .dwtag  DW_TAG_variable
    3666                      .dwattr $C$DW$234, DW_AT_name("base")
    3667                      .dwattr $C$DW$234, DW_AT_type(*$C$DW$T$28)
    3668                      .dwattr $C$DW$234, DW_AT_location[DW_OP_reg0]
    3669              
    3670              ;* AR5   assigned to base
    3671              $C$DW$235       .dwtag  DW_TAG_variable
    3672                      .dwattr $C$DW$235, DW_AT_name("base")
    3673                      .dwattr $C$DW$235, DW_AT_type(*$C$DW$T$28)
    3674                      .dwattr $C$DW$235, DW_AT_location[DW_OP_reg14]
    3675              
    3676              ;* AR5   assigned to base
    3677              $C$DW$236       .dwtag  DW_TAG_variable
    3678                      .dwattr $C$DW$236, DW_AT_name("base")
    3679                      .dwattr $C$DW$236, DW_AT_type(*$C$DW$T$28)
TMS320C2000 Assembler PC v22.6.2 Thu Feb 12 10:37:10 2026

Copyright (c) 1996-2018 Texas Instruments Incorporated
dual_axis_servo_drive_hal.asm                                        PAGE   72

    3680                      .dwattr $C$DW$236, DW_AT_location[DW_OP_reg14]
    3681              
    3682              ;* AR5   assigned to base
    3683              $C$DW$237       .dwtag  DW_TAG_variable
    3684                      .dwattr $C$DW$237, DW_AT_name("base")
    3685                      .dwattr $C$DW$237, DW_AT_type(*$C$DW$T$28)
    3686                      .dwattr $C$DW$237, DW_AT_location[DW_OP_reg14]
    3687              
    3688              ;* AR5   assigned to base
    3689              $C$DW$238       .dwtag  DW_TAG_variable
    3690                      .dwattr $C$DW$238, DW_AT_name("base")
    3691                      .dwattr $C$DW$238, DW_AT_type(*$C$DW$T$28)
    3692                      .dwattr $C$DW$238, DW_AT_location[DW_OP_reg14]
    3693              
    3694              ;* AL    assigned to base
    3695              $C$DW$239       .dwtag  DW_TAG_variable
    3696                      .dwattr $C$DW$239, DW_AT_name("base")
    3697                      .dwattr $C$DW$239, DW_AT_type(*$C$DW$T$28)
    3698                      .dwattr $C$DW$239, DW_AT_location[DW_OP_reg0]
    3699              
    3700                      .dwcfi  cfa_offset, -2
    3701                      .dwcfi  save_reg_to_mem, 26, 0
    3702 00000000 B2BD          MOVL      *SP++,XAR1            ; [CPU_ALU] 
    3703                      .dwcfi  save_reg_to_mem, 7, 2
    3704                      .dwcfi  cfa_offset, -4
    3705 00000001 8BA4          MOVL      XAR1,XAR4             ; [CPU_ALU] |1166| 
    3706                      .dwpsn  file "../sources/dual_axis_servo_drive_hal.c",line 1173,column 5,is_stmt,isa 0
    3707 00000002 8F00!         MOVL      XAR4,#||halMtr||      ; [CPU_ARAU] |1173| 
         00000003 0000 
    3708 00000004 A8A9          MOVL      ACC,XAR4              ; [CPU_ALU] |1173| 
    3709 00000005 0FA1          CMPL      ACC,XAR1              ; [CPU_ALU] |1173| 
    3710 00000006 6029          B         ||$C$L31||,NEQ        ; [CPU_ALU] |1173| 
    3711                      ; branchcc occurs ; [] |1173| 
    3712                      .dwpsn  file "../sources/dual_axis_servo_drive_hal.c",line 1177,column 9,is_stmt,isa 0
    3713 00000007 7622          EALLOW    ; [CPU_ALU] |1177| 
    3714                      .dwpsn  file "../sources/dual_axis_servo_drive_hal.c",line 1178,column 9,is_stmt,isa 0
    3715 00000008 BE00          MOVB      XAR6,#0               ; [CPU_ALU] |1178| 
    3716                      .dwpsn  file "../sources/dual_axis_servo_drive_hal.c",line 1179,column 9,is_stmt,isa 0
    3717 00000009 0200          MOVB      ACC,#0                ; [CPU_ALU] |1179| 
    3718                      .dwpsn  file "../sources/dual_axis_servo_drive_hal.c",line 1178,column 9,is_stmt,isa 0
    3719 0000000a BDA6          MOV32     *(0:0x7a00),XAR6      ; [CPU_FPU] |1178| 
         0000000b 7A00 
    3720                      .dwpsn  file "../sources/dual_axis_servo_drive_hal.c",line 1179,column 9,is_stmt,isa 0
    3721 0000000c BDA9          MOV32     *(0:0x7a02),ACC       ; [CPU_FPU] |1179| 
         0000000d 7A02 
    3722                      .dwpsn  file "C:\ti\C2000Ware_MotorControl_SDK_5_04_00_00\c2000ware\driverlib\f28002x\driverlib\xbar.
    3723 0000000e 9A2A          MOVB      AL,#42                ; [CPU_ALU] |930| 
    3724 0000000f F4A9          MOV       *(0:0x7900),AL        ; [CPU_ALU] |930| 
         00000010 7900 
    3725                      .dwpsn  file "C:\ti\C2000Ware_MotorControl_SDK_5_04_00_00\c2000ware\driverlib\f28002x\driverlib\xbar.
    3726 00000011 0202          MOVB      ACC,#2                ; [CPU_ALU] |963| 
    3727 00000012 BDA9          MOV32     *(0:0x791e),ACC       ; [CPU_FPU] |963| 
         00000013 791E 
    3728                      .dwpsn  file "C:\ti\C2000Ware_MotorControl_SDK_5_04_00_00\c2000ware\driverlib\f28002x\driverlib\xbar.
    3729 00000014 761A          EDIS      ; [CPU_ALU] |965| 
TMS320C2000 Assembler PC v22.6.2 Thu Feb 12 10:37:10 2026

Copyright (c) 1996-2018 Texas Instruments Incorporated
dual_axis_servo_drive_hal.asm                                        PAGE   73

    3730                      .dwpsn  file "../sources/dual_axis_servo_drive_hal.c",line 1188,column 9,is_stmt,isa 0
    3731 00000015 9A00          MOVB      AL,#0                 ; [CPU_ALU] |1188| 
    3732 00000016 28A8          MOV       AH,#2048              ; [CPU_ALU] |1188| 
         00000017 0800 
    3733              $C$DW$240       .dwtag  DW_TAG_TI_branch
    3734                      .dwattr $C$DW$240, DW_AT_low_pc(0x00)
    3735                      .dwattr $C$DW$240, DW_AT_name("XBAR_setEPWMMuxConfig")
    3736                      .dwattr $C$DW$240, DW_AT_TI_call
    3737              
    3738 00000018 7640!         LCR       #||XBAR_setEPWMMuxConfig|| ; [CPU_ALU] |1188| 
         00000019 0000 
    3739                      ; call occurs [#||XBAR_setEPWMMuxConfig||] ; [] |1188| 
    3740                      .dwpsn  file "../sources/dual_axis_servo_drive_hal.c",line 1191,column 9,is_stmt,isa 0
    3741 0000001a 9A00          MOVB      AL,#0                 ; [CPU_ALU] |1191| 
    3742 0000001b 9B01          MOVB      AH,#1                 ; [CPU_ALU] |1191| 
    3743              $C$DW$241       .dwtag  DW_TAG_TI_branch
    3744                      .dwattr $C$DW$241, DW_AT_low_pc(0x00)
    3745                      .dwattr $C$DW$241, DW_AT_name("XBAR_setEPWMMuxConfig")
    3746                      .dwattr $C$DW$241, DW_AT_TI_call
    3747              
    3748 0000001c 7640!         LCR       #||XBAR_setEPWMMuxConfig|| ; [CPU_ALU] |1191| 
         0000001d 0000 
    3749                      ; call occurs [#||XBAR_setEPWMMuxConfig||] ; [] |1191| 
    3750                      .dwpsn  file "../sources/dual_axis_servo_drive_hal.c",line 1194,column 9,is_stmt,isa 0
    3751 0000001e 9A00          MOVB      AL,#0                 ; [CPU_ALU] |1194| 
    3752 0000001f 28A8          MOV       AH,#3584              ; [CPU_ALU] |1194| 
         00000020 0E00 
    3753              $C$DW$242       .dwtag  DW_TAG_TI_branch
    3754                      .dwattr $C$DW$242, DW_AT_low_pc(0x00)
    3755                      .dwattr $C$DW$242, DW_AT_name("XBAR_setEPWMMuxConfig")
    3756                      .dwattr $C$DW$242, DW_AT_TI_call
    3757              
    3758 00000021 7640!         LCR       #||XBAR_setEPWMMuxConfig|| ; [CPU_ALU] |1194| 
         00000022 0000 
    3759                      ; call occurs [#||XBAR_setEPWMMuxConfig||] ; [] |1194| 
    3760                      .dwpsn  file "C:\ti\C2000Ware_MotorControl_SDK_5_04_00_00\c2000ware\driverlib\f28002x\driverlib\xbar.
    3761 00000023 7622          EALLOW    ; [CPU_ALU] |840| 
    3762                      .dwpsn  file "C:\ti\C2000Ware_MotorControl_SDK_5_04_00_00\c2000ware\driverlib\f28002x\driverlib\xbar.
    3763 00000024 BFA9          MOV32     ACC,*(0:0x7a20)       ; [CPU_FPU] |842| 
         00000025 7A20 
    3764 00000026 9000          ANDB      AL,#0                 ; [CPU_ALU] |842| 
    3765 00000027 BDA9          MOV32     *(0:0x7a20),ACC       ; [CPU_FPU] |842| 
         00000028 7A20 
    3766                      .dwpsn  file "C:\ti\C2000Ware_MotorControl_SDK_5_04_00_00\c2000ware\driverlib\f28002x\driverlib\xbar.
    3767 00000029 BFA9          MOV32     ACC,*(0:0x7a20)       ; [CPU_FPU] |811| 
         0000002a 7A20 
    3768 0000002b 5091          ORB       AL,#0x91              ; [CPU_ALU] |811| 
    3769 0000002c BDA9          MOV32     *(0:0x7a20),ACC       ; [CPU_FPU] |811| 
         0000002d 7A20 
    3770                      .dwpsn  file "C:\ti\C2000Ware_MotorControl_SDK_5_04_00_00\c2000ware\driverlib\f28002x\driverlib\xbar.
    3771 0000002e 761A          EDIS      ; [CPU_ALU] |812| 
    3772 0000002f       ||$C$L31||:    
    3773 0000002f 8AA1          MOVL      XAR4,XAR1             ; [CPU_ALU] 
    3774 00000030 BE02          MOVB      XAR6,#2               ; [CPU_ALU] 
    3775 00000031       ||$C$L32||:    
TMS320C2000 Assembler PC v22.6.2 Thu Feb 12 10:37:10 2026

Copyright (c) 1996-2018 Texas Instruments Incorporated
dual_axis_servo_drive_hal.asm                                        PAGE   74

    3776                      .dwpsn  file "C:/ti/C2000Ware_MotorControl_SDK_5_04_00_00/c2000ware/driverlib/f28002x/driverlib/epwm.
    3777 00000031 06C4          MOVL      ACC,*+XAR4[0]         ; [CPU_ALU] |4086| 
    3778                      .dwpsn  file "C:/ti/C2000Ware_MotorControl_SDK_5_04_00_00/c2000ware/driverlib/f28002x/driverlib/epwm.
    3779 00000032 7622          EALLOW    ; [CPU_ALU] |4095| 
    3780                      .dwpsn  file "C:/ti/C2000Ware_MotorControl_SDK_5_04_00_00/c2000ware/driverlib/f28002x/driverlib/epwm.
    3781 00000033 0980          ADDB      ACC,#128              ; [CPU_ALU] |4096| 
    3782 00000034 83A9          MOVL      XAR5,ACC              ; [CPU_ALU] |4096| 
    3783 00000035 1AC5          OR        *+XAR5[0],#0x0100     ; [CPU_ALU] |4096| 
         00000036 0100 
    3784                      .dwpsn  file "C:/ti/C2000Ware_MotorControl_SDK_5_04_00_00/c2000ware/driverlib/f28002x/driverlib/epwm.
    3785 00000037 761A          EDIS      ; [CPU_ALU] |4097| 
    3786                      .dwpsn  file "C:/ti/C2000Ware_MotorControl_SDK_5_04_00_00/c2000ware/driverlib/f28002x/driverlib/epwm.
    3787 00000038 06C4          MOVL      ACC,*+XAR4[0]         ; [CPU_ALU] |4086| 
    3788                      .dwpsn  file "C:/ti/C2000Ware_MotorControl_SDK_5_04_00_00/c2000ware/driverlib/f28002x/driverlib/epwm.
    3789 00000039 7622          EALLOW    ; [CPU_ALU] |4095| 
    3790                      .dwpsn  file "C:/ti/C2000Ware_MotorControl_SDK_5_04_00_00/c2000ware/driverlib/f28002x/driverlib/epwm.
    3791 0000003a 0980          ADDB      ACC,#128              ; [CPU_ALU] |4096| 
    3792 0000003b 83A9          MOVL      XAR5,ACC              ; [CPU_ALU] |4096| 
    3793 0000003c 1AC5          OR        *+XAR5[0],#0x0020     ; [CPU_ALU] |4096| 
         0000003d 0020 
    3794                      .dwpsn  file "C:/ti/C2000Ware_MotorControl_SDK_5_04_00_00/c2000ware/driverlib/f28002x/driverlib/epwm.
    3795 0000003e 761A          EDIS      ; [CPU_ALU] |4097| 
    3796                      .dwpsn  file "C:/ti/C2000Ware_MotorControl_SDK_5_04_00_00/c2000ware/driverlib/f28002x/driverlib/epwm.
    3797 0000003f 83C4          MOVL      XAR5,*+XAR4[0]        ; [CPU_ALU] |7003| 
    3798                      .dwpsn  file "C:/ti/C2000Ware_MotorControl_SDK_5_04_00_00/c2000ware/driverlib/f28002x/driverlib/epwm.
    3799 00000040 7622          EALLOW    ; [CPU_ALU] |7020| 
    3800                      .dwpsn  file "C:/ti/C2000Ware_MotorControl_SDK_5_04_00_00/c2000ware/driverlib/f28002x/driverlib/epwm.
    3801 00000041 D0D2          MOVB      XAR0,#210             ; [CPU_ALU] |7021| 
    3802 00000042 D1D2          MOVB      XAR1,#210             ; [CPU_ALU] |7021| 
    3803 00000043 9295          MOV       AL,*+XAR5[AR0]        ; [CPU_ALU] |7021| 
    3804 00000044 5008          ORB       AL,#0x08              ; [CPU_ALU] |7021| 
    3805                      .dwpsn  file "C:/ti/C2000Ware_MotorControl_SDK_5_04_00_00/c2000ware/driverlib/f28002x/driverlib/epwm.
    3806 00000045 D0C0          MOVB      XAR0,#192             ; [CPU_ALU] |7027| 
    3807                      .dwpsn  file "C:/ti/C2000Ware_MotorControl_SDK_5_04_00_00/c2000ware/driverlib/f28002x/driverlib/epwm.
    3808 00000046 969D          MOV       *+XAR5[AR1],AL        ; [CPU_ALU] |7021| 
    3809                      .dwpsn  file "C:/ti/C2000Ware_MotorControl_SDK_5_04_00_00/c2000ware/driverlib/f28002x/driverlib/epwm.
    3810 00000047 9295          MOV       AL,*+XAR5[AR0]        ; [CPU_ALU] |7027| 
    3811 00000048 D0C0          MOVB      XAR0,#192             ; [CPU_ALU] |7027| 
    3812 00000049 500F          ORB       AL,#0x0f              ; [CPU_ALU] |7027| 
    3813 0000004a 9695          MOV       *+XAR5[AR0],AL        ; [CPU_ALU] |7027| 
    3814                      .dwpsn  file "C:/ti/C2000Ware_MotorControl_SDK_5_04_00_00/c2000ware/driverlib/f28002x/driverlib/epwm.
    3815 0000004b 761A          EDIS      ; [CPU_ALU] |7029| 
    3816                      .dwpsn  file "C:/ti/C2000Ware_MotorControl_SDK_5_04_00_00/c2000ware/driverlib/f28002x/driverlib/epwm.
    3817 0000004c 83C4          MOVL      XAR5,*+XAR4[0]        ; [CPU_ALU] |7003| 
    3818                      .dwpsn  file "C:/ti/C2000Ware_MotorControl_SDK_5_04_00_00/c2000ware/driverlib/f28002x/driverlib/epwm.
    3819 0000004d 7622          EALLOW    ; [CPU_ALU] |7020| 
    3820                      .dwpsn  file "C:/ti/C2000Ware_MotorControl_SDK_5_04_00_00/c2000ware/driverlib/f28002x/driverlib/epwm.
    3821 0000004e D0D4          MOVB      XAR0,#212             ; [CPU_ALU] |7021| 
    3822 0000004f D1D4          MOVB      XAR1,#212             ; [CPU_ALU] |7021| 
    3823 00000050 9295          MOV       AL,*+XAR5[AR0]        ; [CPU_ALU] |7021| 
    3824 00000051 5008          ORB       AL,#0x08              ; [CPU_ALU] |7021| 
    3825                      .dwpsn  file "C:/ti/C2000Ware_MotorControl_SDK_5_04_00_00/c2000ware/driverlib/f28002x/driverlib/epwm.
    3826 00000052 D0C0          MOVB      XAR0,#192             ; [CPU_ALU] |7027| 
    3827                      .dwpsn  file "C:/ti/C2000Ware_MotorControl_SDK_5_04_00_00/c2000ware/driverlib/f28002x/driverlib/epwm.
    3828 00000053 969D          MOV       *+XAR5[AR1],AL        ; [CPU_ALU] |7021| 
TMS320C2000 Assembler PC v22.6.2 Thu Feb 12 10:37:10 2026

Copyright (c) 1996-2018 Texas Instruments Incorporated
dual_axis_servo_drive_hal.asm                                        PAGE   75

    3829                      .dwpsn  file "C:/ti/C2000Ware_MotorControl_SDK_5_04_00_00/c2000ware/driverlib/f28002x/driverlib/epwm.
    3830 00000054 9295          MOV       AL,*+XAR5[AR0]        ; [CPU_ALU] |7027| 
    3831 00000055 D0C0          MOVB      XAR0,#192             ; [CPU_ALU] |7027| 
    3832 00000056 1AA9          OR        AL,#0x0f00            ; [CPU_ALU] |7027| 
         00000057 0F00 
    3833 00000058 9695          MOV       *+XAR5[AR0],AL        ; [CPU_ALU] |7027| 
    3834                      .dwpsn  file "C:/ti/C2000Ware_MotorControl_SDK_5_04_00_00/c2000ware/driverlib/f28002x/driverlib/epwm.
    3835 00000059 761A          EDIS      ; [CPU_ALU] |7029| 
    3836                      .dwpsn  file "C:/ti/C2000Ware_MotorControl_SDK_5_04_00_00/c2000ware/driverlib/f28002x/driverlib/epwm.
    3837 0000005a 83C4          MOVL      XAR5,*+XAR4[0]        ; [CPU_ALU] |4185| 
    3838                      .dwpsn  file "C:/ti/C2000Ware_MotorControl_SDK_5_04_00_00/c2000ware/driverlib/f28002x/driverlib/epwm.
    3839 0000005b 7622          EALLOW    ; [CPU_ALU] |4194| 
    3840                      .dwpsn  file "C:/ti/C2000Ware_MotorControl_SDK_5_04_00_00/c2000ware/driverlib/f28002x/driverlib/epwm.
    3841 0000005c D082          MOVB      XAR0,#130             ; [CPU_ALU] |4195| 
    3842 0000005d CC95          AND       AL,*+XAR5[AR0],#0xfff8 ; [CPU_ALU] |4195| 
         0000005e FFF8 
    3843 0000005f D082          MOVB      XAR0,#130             ; [CPU_ALU] |4195| 
    3844 00000060 5002          ORB       AL,#0x02              ; [CPU_ALU] |4195| 
    3845 00000061 9695          MOV       *+XAR5[AR0],AL        ; [CPU_ALU] |4195| 
    3846                      .dwpsn  file "C:/ti/C2000Ware_MotorControl_SDK_5_04_00_00/c2000ware/driverlib/f28002x/driverlib/epwm.
    3847 00000062 761A          EDIS      ; [CPU_ALU] |4198| 
    3848                      .dwpsn  file "C:/ti/C2000Ware_MotorControl_SDK_5_04_00_00/c2000ware/driverlib/f28002x/driverlib/epwm.
    3849 00000063 83C4          MOVL      XAR5,*+XAR4[0]        ; [CPU_ALU] |4185| 
    3850                      .dwpsn  file "C:/ti/C2000Ware_MotorControl_SDK_5_04_00_00/c2000ware/driverlib/f28002x/driverlib/epwm.
    3851 00000064 7622          EALLOW    ; [CPU_ALU] |4194| 
    3852                      .dwpsn  file "C:/ti/C2000Ware_MotorControl_SDK_5_04_00_00/c2000ware/driverlib/f28002x/driverlib/epwm.
    3853 00000065 D082          MOVB      XAR0,#130             ; [CPU_ALU] |4195| 
    3854 00000066 CC95          AND       AL,*+XAR5[AR0],#0xff3f ; [CPU_ALU] |4195| 
         00000067 FF3F 
    3855 00000068 D082          MOVB      XAR0,#130             ; [CPU_ALU] |4195| 
    3856 00000069 1AA9          OR        AL,#0x0100            ; [CPU_ALU] |4195| 
         0000006a 0100 
    3857 0000006b 9695          MOV       *+XAR5[AR0],AL        ; [CPU_ALU] |4195| 
    3858                      .dwpsn  file "C:/ti/C2000Ware_MotorControl_SDK_5_04_00_00/c2000ware/driverlib/f28002x/driverlib/epwm.
    3859 0000006c 761A          EDIS      ; [CPU_ALU] |4198| 
    3860                      .dwpsn  file "C:/ti/C2000Ware_MotorControl_SDK_5_04_00_00/c2000ware/driverlib/f28002x/driverlib/epwm.
    3861 0000006d 83C4          MOVL      XAR5,*+XAR4[0]        ; [CPU_ALU] |6342| 
    3862                      .dwpsn  file "C:/ti/C2000Ware_MotorControl_SDK_5_04_00_00/c2000ware/driverlib/f28002x/driverlib/epwm.
    3863 0000006e 7622          EALLOW    ; [CPU_ALU] |6355| 
    3864                      .dwpsn  file "C:/ti/C2000Ware_MotorControl_SDK_5_04_00_00/c2000ware/driverlib/f28002x/driverlib/epwm.
    3865 0000006f D0C3          MOVB      XAR0,#195             ; [CPU_ALU] |6358| 
    3866 00000070 9295          MOV       AL,*+XAR5[AR0]        ; [CPU_ALU] |6358| 
    3867 00000071 D0C3          MOVB      XAR0,#195             ; [CPU_ALU] |6358| 
    3868 00000072 5001          ORB       AL,#0x01              ; [CPU_ALU] |6358| 
    3869 00000073 9695          MOV       *+XAR5[AR0],AL        ; [CPU_ALU] |6358| 
    3870                      .dwpsn  file "C:/ti/C2000Ware_MotorControl_SDK_5_04_00_00/c2000ware/driverlib/f28002x/driverlib/epwm.
    3871 00000074 761A          EDIS      ; [CPU_ALU] |6368| 
    3872                      .dwpsn  file "C:/ti/C2000Ware_MotorControl_SDK_5_04_00_00/c2000ware/driverlib/f28002x/driverlib/epwm.
    3873 00000075 83C4          MOVL      XAR5,*+XAR4[0]        ; [CPU_ALU] |6342| 
    3874                      .dwpsn  file "C:/ti/C2000Ware_MotorControl_SDK_5_04_00_00/c2000ware/driverlib/f28002x/driverlib/epwm.
    3875 00000076 7622          EALLOW    ; [CPU_ALU] |6355| 
    3876                      .dwpsn  file "C:/ti/C2000Ware_MotorControl_SDK_5_04_00_00/c2000ware/driverlib/f28002x/driverlib/epwm.
    3877 00000077 D0C4          MOVB      XAR0,#196             ; [CPU_ALU] |6358| 
    3878 00000078 9295          MOV       AL,*+XAR5[AR0]        ; [CPU_ALU] |6358| 
    3879 00000079 D0C4          MOVB      XAR0,#196             ; [CPU_ALU] |6358| 
TMS320C2000 Assembler PC v22.6.2 Thu Feb 12 10:37:10 2026

Copyright (c) 1996-2018 Texas Instruments Incorporated
dual_axis_servo_drive_hal.asm                                        PAGE   76

    3880 0000007a 5001          ORB       AL,#0x01              ; [CPU_ALU] |6358| 
    3881 0000007b 9695          MOV       *+XAR5[AR0],AL        ; [CPU_ALU] |6358| 
    3882                      .dwpsn  file "C:/ti/C2000Ware_MotorControl_SDK_5_04_00_00/c2000ware/driverlib/f28002x/driverlib/epwm.
    3883 0000007c 761A          EDIS      ; [CPU_ALU] |6368| 
    3884                      .dwpsn  file "C:/ti/C2000Ware_MotorControl_SDK_5_04_00_00/c2000ware/driverlib/f28002x/driverlib/epwm.
    3885 0000007d 83C4          MOVL      XAR5,*+XAR4[0]        ; [CPU_ALU] |6402| 
    3886                      .dwpsn  file "C:/ti/C2000Ware_MotorControl_SDK_5_04_00_00/c2000ware/driverlib/f28002x/driverlib/epwm.
    3887 0000007e 7622          EALLOW    ; [CPU_ALU] |6415| 
    3888                      .dwpsn  file "C:/ti/C2000Ware_MotorControl_SDK_5_04_00_00/c2000ware/driverlib/f28002x/driverlib/epwm.
    3889 0000007f D0C3          MOVB      XAR0,#195             ; [CPU_ALU] |6418| 
    3890 00000080 9295          MOV       AL,*+XAR5[AR0]        ; [CPU_ALU] |6418| 
    3891 00000081 D0C3          MOVB      XAR0,#195             ; [CPU_ALU] |6418| 
    3892 00000082 5002          ORB       AL,#0x02              ; [CPU_ALU] |6418| 
    3893 00000083 9695          MOV       *+XAR5[AR0],AL        ; [CPU_ALU] |6418| 
    3894                      .dwpsn  file "C:/ti/C2000Ware_MotorControl_SDK_5_04_00_00/c2000ware/driverlib/f28002x/driverlib/epwm.
    3895 00000084 761A          EDIS      ; [CPU_ALU] |6428| 
    3896                      .dwpsn  file "C:/ti/C2000Ware_MotorControl_SDK_5_04_00_00/c2000ware/driverlib/f28002x/driverlib/epwm.
    3897 00000085 83C4          MOVL      XAR5,*+XAR4[0]        ; [CPU_ALU] |6402| 
    3898                      .dwpsn  file "C:/ti/C2000Ware_MotorControl_SDK_5_04_00_00/c2000ware/driverlib/f28002x/driverlib/epwm.
    3899 00000086 7622          EALLOW    ; [CPU_ALU] |6415| 
    3900                      .dwpsn  file "C:/ti/C2000Ware_MotorControl_SDK_5_04_00_00/c2000ware/driverlib/f28002x/driverlib/epwm.
    3901 00000087 D0C4          MOVB      XAR0,#196             ; [CPU_ALU] |6418| 
    3902 00000088 9295          MOV       AL,*+XAR5[AR0]        ; [CPU_ALU] |6418| 
    3903 00000089 D0C4          MOVB      XAR0,#196             ; [CPU_ALU] |6418| 
    3904 0000008a 5002          ORB       AL,#0x02              ; [CPU_ALU] |6418| 
    3905 0000008b 9695          MOV       *+XAR5[AR0],AL        ; [CPU_ALU] |6418| 
    3906                      .dwpsn  file "C:/ti/C2000Ware_MotorControl_SDK_5_04_00_00/c2000ware/driverlib/f28002x/driverlib/epwm.
    3907 0000008c 761A          EDIS      ; [CPU_ALU] |6428| 
    3908                      .dwpsn  file "C:/ti/C2000Ware_MotorControl_SDK_5_04_00_00/c2000ware/driverlib/f28002x/driverlib/epwm.
    3909 0000008d 06C4          MOVL      ACC,*+XAR4[0]         ; [CPU_ALU] |4086| 
    3910                      .dwpsn  file "C:/ti/C2000Ware_MotorControl_SDK_5_04_00_00/c2000ware/driverlib/f28002x/driverlib/epwm.
    3911 0000008e 7622          EALLOW    ; [CPU_ALU] |4095| 
    3912                      .dwpsn  file "C:/ti/C2000Ware_MotorControl_SDK_5_04_00_00/c2000ware/driverlib/f28002x/driverlib/epwm.
    3913 0000008f 0980          ADDB      ACC,#128              ; [CPU_ALU] |4096| 
    3914 00000090 83A9          MOVL      XAR5,ACC              ; [CPU_ALU] |4096| 
    3915 00000091 1AC5          OR        *+XAR5[0],#0x4000     ; [CPU_ALU] |4096| 
         00000092 4000 
    3916                      .dwpsn  file "C:/ti/C2000Ware_MotorControl_SDK_5_04_00_00/c2000ware/driverlib/f28002x/driverlib/epwm.
    3917 00000093 761A          EDIS      ; [CPU_ALU] |4097| 
    3918                      .dwpsn  file "C:/ti/C2000Ware_MotorControl_SDK_5_04_00_00/c2000ware/driverlib/f28002x/driverlib/epwm.
    3919 00000094 06C4          MOVL      ACC,*+XAR4[0]         ; [CPU_ALU] |4086| 
    3920                      .dwpsn  file "C:/ti/C2000Ware_MotorControl_SDK_5_04_00_00/c2000ware/driverlib/f28002x/driverlib/epwm.
    3921 00000095 7622          EALLOW    ; [CPU_ALU] |4095| 
    3922                      .dwpsn  file "C:/ti/C2000Ware_MotorControl_SDK_5_04_00_00/c2000ware/driverlib/f28002x/driverlib/epwm.
    3923 00000096 0980          ADDB      ACC,#128              ; [CPU_ALU] |4096| 
    3924 00000097 83A9          MOVL      XAR5,ACC              ; [CPU_ALU] |4096| 
    3925 00000098 1AC5          OR        *+XAR5[0],#0x8000     ; [CPU_ALU] |4096| 
         00000099 8000 
    3926                      .dwpsn  file "C:/ti/C2000Ware_MotorControl_SDK_5_04_00_00/c2000ware/driverlib/f28002x/driverlib/epwm.
    3927 0000009a 761A          EDIS      ; [CPU_ALU] |4097| 
    3928                      .dwpsn  file "C:/ti/C2000Ware_MotorControl_SDK_5_04_00_00/c2000ware/driverlib/f28002x/driverlib/epwm.
    3929 0000009b 83C4          MOVL      XAR5,*+XAR4[0]        ; [CPU_ALU] |4292| 
    3930                      .dwpsn  file "C:/ti/C2000Ware_MotorControl_SDK_5_04_00_00/c2000ware/driverlib/f28002x/driverlib/epwm.
    3931 0000009c 7622          EALLOW    ; [CPU_ALU] |4301| 
    3932                      .dwpsn  file "C:/ti/C2000Ware_MotorControl_SDK_5_04_00_00/c2000ware/driverlib/f28002x/driverlib/epwm.
TMS320C2000 Assembler PC v22.6.2 Thu Feb 12 10:37:10 2026

Copyright (c) 1996-2018 Texas Instruments Incorporated
dual_axis_servo_drive_hal.asm                                        PAGE   77

    3933 0000009d D084          MOVB      XAR0,#132             ; [CPU_ALU] |4302| 
    3934 0000009e CC95          AND       AL,*+XAR5[AR0],#0xfffe ; [CPU_ALU] |4302| 
         0000009f FFFE 
    3935 000000a0 D084          MOVB      XAR0,#132             ; [CPU_ALU] |4302| 
    3936 000000a1 5002          ORB       AL,#0x02              ; [CPU_ALU] |4302| 
    3937 000000a2 9695          MOV       *+XAR5[AR0],AL        ; [CPU_ALU] |4302| 
    3938                      .dwpsn  file "C:/ti/C2000Ware_MotorControl_SDK_5_04_00_00/c2000ware/driverlib/f28002x/driverlib/epwm.
    3939 000000a3 761A          EDIS      ; [CPU_ALU] |4305| 
    3940                      .dwpsn  file "C:/ti/C2000Ware_MotorControl_SDK_5_04_00_00/c2000ware/driverlib/f28002x/driverlib/epwm.
    3941 000000a4 83C4          MOVL      XAR5,*+XAR4[0]        ; [CPU_ALU] |4292| 
    3942                      .dwpsn  file "C:/ti/C2000Ware_MotorControl_SDK_5_04_00_00/c2000ware/driverlib/f28002x/driverlib/epwm.
    3943 000000a5 7622          EALLOW    ; [CPU_ALU] |4301| 
    3944                      .dwpsn  file "C:/ti/C2000Ware_MotorControl_SDK_5_04_00_00/c2000ware/driverlib/f28002x/driverlib/epwm.
    3945 000000a6 D084          MOVB      XAR0,#132             ; [CPU_ALU] |4302| 
    3946 000000a7 CC95          AND       AL,*+XAR5[AR0],#0xfffb ; [CPU_ALU] |4302| 
         000000a8 FFFB 
    3947 000000a9 D084          MOVB      XAR0,#132             ; [CPU_ALU] |4302| 
    3948 000000aa 5008          ORB       AL,#0x08              ; [CPU_ALU] |4302| 
    3949 000000ab 9695          MOV       *+XAR5[AR0],AL        ; [CPU_ALU] |4302| 
    3950                      .dwpsn  file "C:/ti/C2000Ware_MotorControl_SDK_5_04_00_00/c2000ware/driverlib/f28002x/driverlib/epwm.
    3951 000000ac 761A          EDIS      ; [CPU_ALU] |4305| 
    3952                      .dwpsn  file "C:/ti/C2000Ware_MotorControl_SDK_5_04_00_00/c2000ware/driverlib/f28002x/driverlib/cmpss
    3953 000000ad 83F4          MOVL      XAR5,*+XAR4[6]        ; [CPU_ALU] |757| 
    3954                      .dwpsn  file "C:/ti/C2000Ware_MotorControl_SDK_5_04_00_00/c2000ware/driverlib/f28002x/driverlib/cmpss
    3955 000000ae 7622          EALLOW    ; [CPU_ALU] |766| 
    3956                      .dwpsn  file "C:/ti/C2000Ware_MotorControl_SDK_5_04_00_00/c2000ware/driverlib/f28002x/driverlib/cmpss
    3957 000000af 1ADD          OR        *+XAR5[3],#0x0002     ; [CPU_ALU] |768| 
         000000b0 0002 
    3958                      .dwpsn  file "C:/ti/C2000Ware_MotorControl_SDK_5_04_00_00/c2000ware/driverlib/f28002x/driverlib/cmpss
    3959 000000b1 761A          EDIS      ; [CPU_ALU] |770| 
    3960                      .dwpsn  file "C:/ti/C2000Ware_MotorControl_SDK_5_04_00_00/c2000ware/driverlib/f28002x/driverlib/cmpss
    3961 000000b2 83F4          MOVL      XAR5,*+XAR4[6]        ; [CPU_ALU] |787| 
    3962                      .dwpsn  file "C:/ti/C2000Ware_MotorControl_SDK_5_04_00_00/c2000ware/driverlib/f28002x/driverlib/cmpss
    3963 000000b3 7622          EALLOW    ; [CPU_ALU] |796| 
    3964                      .dwpsn  file "C:/ti/C2000Ware_MotorControl_SDK_5_04_00_00/c2000ware/driverlib/f28002x/driverlib/cmpss
    3965 000000b4 1ADD          OR        *+XAR5[3],#0x0200     ; [CPU_ALU] |798| 
         000000b5 0200 
    3966                      .dwpsn  file "C:/ti/C2000Ware_MotorControl_SDK_5_04_00_00/c2000ware/driverlib/f28002x/driverlib/cmpss
    3967 000000b6 761A          EDIS      ; [CPU_ALU] |800| 
    3968                      .dwpsn  file "C:/ti/C2000Ware_MotorControl_SDK_5_04_00_00/c2000ware/driverlib/f28002x/driverlib/epwm.
    3969 000000b7 0684          MOVL      ACC,*XAR4++           ; [CPU_ALU] |4727| 
    3970                      .dwpsn  file "C:/ti/C2000Ware_MotorControl_SDK_5_04_00_00/c2000ware/driverlib/f28002x/driverlib/epwm.
    3971 000000b8 7622          EALLOW    ; [CPU_ALU] |4737| 
    3972                      .dwpsn  file "C:/ti/C2000Ware_MotorControl_SDK_5_04_00_00/c2000ware/driverlib/f28002x/driverlib/epwm.
    3973 000000b9 0997          ADDB      ACC,#151              ; [CPU_ALU] |4738| 
    3974 000000ba 83A9          MOVL      XAR5,ACC              ; [CPU_ALU] |4738| 
    3975 000000bb 1AC5          OR        *+XAR5[0],#0x007e     ; [CPU_ALU] |4738| 
         000000bc 007E 
    3976                      .dwpsn  file "C:/ti/C2000Ware_MotorControl_SDK_5_04_00_00/c2000ware/driverlib/f28002x/driverlib/epwm.
    3977 000000bd 761A          EDIS      ; [CPU_ALU] |4739| 
    3978                      .dwpsn  file "../sources/dual_axis_servo_drive_hal.c",line 1244,column 18,is_stmt,isa 0
    3979 000000be 000E          BANZ      ||$C$L32||,AR6--      ; [CPU_ALU] |1244| 
         000000bf FF73 
    3980                      ; branchcc occurs ; [] |1244| 
    3981 000000c0 8BBE          MOVL      XAR1,*--SP            ; [CPU_ALU] 
TMS320C2000 Assembler PC v22.6.2 Thu Feb 12 10:37:10 2026

Copyright (c) 1996-2018 Texas Instruments Incorporated
dual_axis_servo_drive_hal.asm                                        PAGE   78

    3982                      .dwcfi  cfa_offset, -2
    3983                      .dwcfi  restore_reg, 7
    3984              $C$DW$243       .dwtag  DW_TAG_TI_branch
    3985                      .dwattr $C$DW$243, DW_AT_low_pc(0x00)
    3986                      .dwattr $C$DW$243, DW_AT_TI_return
    3987              
    3988 000000c1 0006          LRETR     ; [CPU_ALU] 
    3989                      ; return occurs ; [] 
    3990                      .dwattr $C$DW$220, DW_AT_TI_end_file("../sources/dual_axis_servo_drive_hal.c")
    3991                      .dwattr $C$DW$220, DW_AT_TI_end_line(0x52b)
    3992                      .dwattr $C$DW$220, DW_AT_TI_end_column(0x01)
    3993                      .dwendentry
    3994                      .dwendtag $C$DW$220
    3995              
    3996 00000000               .sect   ".text:HAL_setupInterrupts"
    3997                      .clink
    3998                      .global ||HAL_setupInterrupts||
    3999              
    4000              $C$DW$244       .dwtag  DW_TAG_subprogram
    4001                      .dwattr $C$DW$244, DW_AT_name("HAL_setupInterrupts")
    4002                      .dwattr $C$DW$244, DW_AT_low_pc(||HAL_setupInterrupts||)
    4003                      .dwattr $C$DW$244, DW_AT_high_pc(0x00)
    4004                      .dwattr $C$DW$244, DW_AT_linkage_name("HAL_setupInterrupts")
    4005                      .dwattr $C$DW$244, DW_AT_external
    4006                      .dwattr $C$DW$244, DW_AT_decl_file("../sources/dual_axis_servo_drive_hal.c")
    4007                      .dwattr $C$DW$244, DW_AT_decl_line(0x2a2)
    4008                      .dwattr $C$DW$244, DW_AT_decl_column(0x06)
    4009                      .dwattr $C$DW$244, DW_AT_TI_max_frame_size(-2)
    4010                      .dwpsn  file "../sources/dual_axis_servo_drive_hal.c",line 675,column 1,is_stmt,address ||HAL_setupIn
    4011              
    4012                      .dwfde $C$DW$CIE, ||HAL_setupInterrupts||
    4013              $C$DW$245       .dwtag  DW_TAG_formal_parameter
    4014                      .dwattr $C$DW$245, DW_AT_name("handle")
    4015                      .dwattr $C$DW$245, DW_AT_type(*$C$DW$T$141)
    4016                      .dwattr $C$DW$245, DW_AT_location[DW_OP_reg12]
    4017              
    4018              
    4019              ;***************************************************************
    4020              ;* FNAME: HAL_setupInterrupts           FR SIZE:   0           *
    4021              ;*                                                             *
    4022              ;* FUNCTION ENVIRONMENT                                        *
    4023              ;*                                                             *
    4024              ;* FUNCTION PROPERTIES                                         *
    4025              ;*                            0 Parameter,  0 Auto,  0 SOE     *
    4026              ;***************************************************************
    4027              
    4028              ||HAL_setupInterrupts||:
    4029              ;* AR4   assigned to handle
    4030              $C$DW$246       .dwtag  DW_TAG_variable
    4031                      .dwattr $C$DW$246, DW_AT_name("handle")
    4032                      .dwattr $C$DW$246, DW_AT_type(*$C$DW$T$142)
    4033                      .dwattr $C$DW$246, DW_AT_location[DW_OP_reg12]
    4034              
    4035              ;* AR5   assigned to base
    4036              $C$DW$247       .dwtag  DW_TAG_variable
TMS320C2000 Assembler PC v22.6.2 Thu Feb 12 10:37:10 2026

Copyright (c) 1996-2018 Texas Instruments Incorporated
dual_axis_servo_drive_hal.asm                                        PAGE   79

    4037                      .dwattr $C$DW$247, DW_AT_name("base")
    4038                      .dwattr $C$DW$247, DW_AT_type(*$C$DW$T$28)
    4039                      .dwattr $C$DW$247, DW_AT_location[DW_OP_reg14]
    4040              
    4041                      .dwcfi  cfa_offset, -2
    4042                      .dwcfi  save_reg_to_mem, 26, 0
    4043                      .dwpsn  file "C:/ti/C2000Ware_MotorControl_SDK_5_04_00_00/c2000ware/driverlib/f28002x/driverlib/epwm.
    4044 00000000 02A4          MOVB      ACC,#164              ; [CPU_ALU] |4985| 
    4045 00000001 07C4          ADDL      ACC,*+XAR4[0]         ; [CPU_ALU] |4985| 
    4046 00000002 83A9          MOVL      XAR5,ACC              ; [CPU_ALU] |4985| 
    4047 00000003 CCC5          AND       AL,*+XAR5[0],#0xfff8  ; [CPU_ALU] |4985| 
         00000004 FFF8 
    4048 00000005 5001          ORB       AL,#0x01              ; [CPU_ALU] |4985| 
    4049 00000006 88A9          MOVZ      AR6,AL                ; [CPU_ALU] |4985| 
    4050 00000007 02A4          MOVB      ACC,#164              ; [CPU_ALU] |4985| 
    4051 00000008 07C4          ADDL      ACC,*+XAR4[0]         ; [CPU_ALU] |4985| 
    4052 00000009 83A9          MOVL      XAR5,ACC              ; [CPU_ALU] |4985| 
    4053                      .dwpsn  file "C:/ti/C2000Ware_MotorControl_SDK_5_04_00_00/c2000ware/driverlib/f28002x/driverlib/epwm.
    4054 0000000a 02A4          MOVB      ACC,#164              ; [CPU_ALU] |4881| 
    4055                      .dwpsn  file "C:/ti/C2000Ware_MotorControl_SDK_5_04_00_00/c2000ware/driverlib/f28002x/driverlib/epwm.
    4056 0000000b 7EC5          MOV       *+XAR5[0],AR6         ; [CPU_ALU] |4985| 
    4057                      .dwpsn  file "C:/ti/C2000Ware_MotorControl_SDK_5_04_00_00/c2000ware/driverlib/f28002x/driverlib/epwm.
    4058 0000000c 07C4          ADDL      ACC,*+XAR4[0]         ; [CPU_ALU] |4881| 
    4059 0000000d 83A9          MOVL      XAR5,ACC              ; [CPU_ALU] |4881| 
    4060 0000000e 1AC5          OR        *+XAR5[0],#0x0008     ; [CPU_ALU] |4881| 
         0000000f 0008 
    4061                      .dwpsn  file "C:/ti/C2000Ware_MotorControl_SDK_5_04_00_00/c2000ware/driverlib/f28002x/driverlib/epwm.
    4062 00000010 83C4          MOVL      XAR5,*+XAR4[0]        ; [CPU_ALU] |5005| 
    4063                      .dwpsn  file "C:/ti/C2000Ware_MotorControl_SDK_5_04_00_00/c2000ware/driverlib/f28002x/driverlib/epwm.
    4064 00000011 A0A9          MOVL      ACC,XAR5              ; [CPU_ALU] |5015| 
    4065 00000012 09A6          ADDB      ACC,#166              ; [CPU_ALU] |5015| 
    4066 00000013 1EA6          MOVL      XAR6,ACC              ; [CPU_ALU] |5015| 
    4067                      .dwpsn  file "C:/ti/C2000Ware_MotorControl_SDK_5_04_00_00/c2000ware/driverlib/f28002x/driverlib/epwm.
    4068 00000014 D0AE          MOVB      XAR0,#174             ; [CPU_ALU] |5016| 
    4069                      .dwpsn  file "C:/ti/C2000Ware_MotorControl_SDK_5_04_00_00/c2000ware/driverlib/f28002x/driverlib/epwm.
    4070 00000015 1AC6          OR        *+XAR6[0],#0x0010     ; [CPU_ALU] |5015| 
         00000016 0010 
    4071                      .dwpsn  file "C:/ti/C2000Ware_MotorControl_SDK_5_04_00_00/c2000ware/driverlib/f28002x/driverlib/epwm.
    4072 00000017 CC95          AND       AL,*+XAR5[AR0],#0xfff0 ; [CPU_ALU] |5016| 
         00000018 FFF0 
    4073 00000019 D0AE          MOVB      XAR0,#174             ; [CPU_ALU] |5016| 
    4074 0000001a 5001          ORB       AL,#0x01              ; [CPU_ALU] |5016| 
    4075 0000001b 9695          MOV       *+XAR5[AR0],AL        ; [CPU_ALU] |5016| 
    4076                      .dwpsn  file "C:/ti/C2000Ware_MotorControl_SDK_5_04_00_00/c2000ware/driverlib/f28002x/driverlib/epwm.
    4077 0000001c 02AA          MOVB      ACC,#170              ; [CPU_ALU] |5070| 
    4078 0000001d 07C4          ADDL      ACC,*+XAR4[0]         ; [CPU_ALU] |5070| 
    4079 0000001e 83A9          MOVL      XAR5,ACC              ; [CPU_ALU] |5070| 
    4080 0000001f 1AC5          OR        *+XAR5[0],#0x0001     ; [CPU_ALU] |5070| 
         00000020 0001 
    4081                      .dwpsn  file "../sources/dual_axis_servo_drive_hal.c",line 699,column 5,is_stmt,isa 0
    4082 00000021 8F40!         MOVL      XAR5,#||halMtr||      ; [CPU_ARAU] |699| 
         00000022 0000 
    4083 00000023 A0A9          MOVL      ACC,XAR5              ; [CPU_ALU] |699| 
    4084 00000024 0FA4          CMPL      ACC,XAR4              ; [CPU_ALU] |699| 
    4085 00000025 6017          B         ||$C$L33||,NEQ        ; [CPU_ALU] |699| 
TMS320C2000 Assembler PC v22.6.2 Thu Feb 12 10:37:10 2026

Copyright (c) 1996-2018 Texas Instruments Incorporated
dual_axis_servo_drive_hal.asm                                        PAGE   80

    4086                      ; branchcc occurs ; [] |699| 
    4087                      .dwpsn  file "C:\ti\C2000Ware_MotorControl_SDK_5_04_00_00\c2000ware\driverlib\f28002x\driverlib\inter
    4088 00000026 7622          EALLOW    ; [CPU_ALU] |256| 
    4089                      .dwpsn  file "C:\ti\C2000Ware_MotorControl_SDK_5_04_00_00\c2000ware\driverlib\f28002x\driverlib\inter
    4090 00000027 8F00!         MOVL      XAR4,#||motor1ControlISR|| ; [CPU_ARAU] |257| 
         00000028 0000 
    4091 00000029 BDA4          MOV32     *(0:0x0d60),XAR4      ; [CPU_FPU] |257| 
         0000002a 0D60 
    4092                      .dwpsn  file "C:/ti/C2000Ware_MotorControl_SDK_5_04_00_00/c2000ware/driverlib/f28002x/driverlib/adc.h
    4093 0000002b F5A9          MOV       AL,*(0:0x7407)        ; [CPU_ALU] |1835| 
         0000002c 7407 
    4094 0000002d 18A9          AND       AL,#0xfff0            ; [CPU_ALU] |1835| 
         0000002e FFF0 
    4095 0000002f F4A9          MOV       *(0:0x7407),AL        ; [CPU_ALU] |1835| 
         00000030 7407 
    4096                      .dwpsn  file "C:/ti/C2000Ware_MotorControl_SDK_5_04_00_00/c2000ware/driverlib/f28002x/driverlib/adc.h
    4097 00000031 F5A9          MOV       AL,*(0:0x7407)        ; [CPU_ALU] |1884| 
         00000032 7407 
    4098 00000033 5040          ORB       AL,#0x40              ; [CPU_ALU] |1884| 
    4099 00000034 F4A9          MOV       *(0:0x7407),AL        ; [CPU_ALU] |1884| 
         00000035 7407 
    4100                      .dwpsn  file "C:/ti/C2000Ware_MotorControl_SDK_5_04_00_00/c2000ware/driverlib/f28002x/driverlib/adc.h
    4101 00000036 F5A9          MOV       AL,*(0:0x7407)        ; [CPU_ALU] |1737| 
         00000037 7407 
    4102 00000038 5020          ORB       AL,#0x20              ; [CPU_ALU] |1737| 
    4103 00000039 F4A9          MOV       *(0:0x7407),AL        ; [CPU_ALU] |1737| 
         0000003a 7407 
    4104                      .dwpsn  file "C:/ti/C2000Ware_MotorControl_SDK_5_04_00_00/c2000ware/driverlib/f28002x/driverlib/adc.h
    4105 0000003b 761A          EDIS      ; [CPU_ALU] |1739| 
    4106              ||$C$L33||:    
    4107              $C$DW$248       .dwtag  DW_TAG_TI_branch
    4108                      .dwattr $C$DW$248, DW_AT_low_pc(0x00)
    4109                      .dwattr $C$DW$248, DW_AT_TI_return
    4110              
    4111 0000003c 0006          LRETR     ; [CPU_ALU] 
    4112                      ; return occurs ; [] 
    4113                      .dwattr $C$DW$244, DW_AT_TI_end_file("../sources/dual_axis_servo_drive_hal.c")
    4114                      .dwattr $C$DW$244, DW_AT_TI_end_line(0x2d2)
    4115                      .dwattr $C$DW$244, DW_AT_TI_end_column(0x01)
    4116                      .dwendentry
    4117                      .dwendtag $C$DW$244
    4118              
    4119 00000000               .sect   ".text:HAL_setupGPIOs"
    4120                      .clink
    4121                      .global ||HAL_setupGPIOs||
    4122              
    4123              $C$DW$249       .dwtag  DW_TAG_subprogram
    4124                      .dwattr $C$DW$249, DW_AT_name("HAL_setupGPIOs")
    4125                      .dwattr $C$DW$249, DW_AT_low_pc(||HAL_setupGPIOs||)
    4126                      .dwattr $C$DW$249, DW_AT_high_pc(0x00)
    4127                      .dwattr $C$DW$249, DW_AT_linkage_name("HAL_setupGPIOs")
    4128                      .dwattr $C$DW$249, DW_AT_external
    4129                      .dwattr $C$DW$249, DW_AT_decl_file("../sources/dual_axis_servo_drive_hal.c")
    4130                      .dwattr $C$DW$249, DW_AT_decl_line(0x2e8)
    4131                      .dwattr $C$DW$249, DW_AT_decl_column(0x06)
TMS320C2000 Assembler PC v22.6.2 Thu Feb 12 10:37:10 2026

Copyright (c) 1996-2018 Texas Instruments Incorporated
dual_axis_servo_drive_hal.asm                                        PAGE   81

    4132                      .dwattr $C$DW$249, DW_AT_TI_max_frame_size(-4)
    4133                      .dwpsn  file "../sources/dual_axis_servo_drive_hal.c",line 745,column 1,is_stmt,address ||HAL_setupGP
    4134              
    4135                      .dwfde $C$DW$CIE, ||HAL_setupGPIOs||
    4136              $C$DW$250       .dwtag  DW_TAG_formal_parameter
    4137                      .dwattr $C$DW$250, DW_AT_name("handle")
    4138                      .dwattr $C$DW$250, DW_AT_type(*$C$DW$T$151)
    4139                      .dwattr $C$DW$250, DW_AT_location[DW_OP_reg12]
    4140              
    4141              
    4142              ;***************************************************************
    4143              ;* FNAME: HAL_setupGPIOs                FR SIZE:   2           *
    4144              ;*                                                             *
    4145              ;* FUNCTION ENVIRONMENT                                        *
    4146              ;*                                                             *
    4147              ;* FUNCTION PROPERTIES                                         *
    4148              ;*                            2 Parameter,  0 Auto,  0 SOE     *
    4149              ;***************************************************************
    4150              
    4151 00000000       ||HAL_setupGPIOs||:
    4152                      .dwcfi  cfa_offset, -2
    4153                      .dwcfi  save_reg_to_mem, 26, 0
    4154 00000000 FE02          ADDB      SP,#2                 ; [CPU_ARAU] 
    4155                      .dwcfi  cfa_offset, -4
    4156                      .dwpsn  file "../sources/dual_axis_servo_drive_hal.c",line 747,column 5,is_stmt,isa 0
    4157 00000001 8F06          MOVL      XAR4,#393217          ; [CPU_ARAU] |747| 
         00000002 0001 
    4158 00000003 A8A9          MOVL      ACC,XAR4              ; [CPU_ALU] |747| 
    4159              $C$DW$251       .dwtag  DW_TAG_TI_branch
    4160                      .dwattr $C$DW$251, DW_AT_low_pc(0x00)
    4161                      .dwattr $C$DW$251, DW_AT_name("GPIO_setPinConfig")
    4162                      .dwattr $C$DW$251, DW_AT_TI_call
    4163              
    4164 00000004 7640!         LCR       #||GPIO_setPinConfig|| ; [CPU_ALU] |747| 
         00000005 0000 
    4165                      ; call occurs [#||GPIO_setPinConfig||] ; [] |747| 
    4166                      .dwpsn  file "../sources/dual_axis_servo_drive_hal.c",line 748,column 5,is_stmt,isa 0
    4167 00000006 D401          MOVB      XAR4,#1               ; [CPU_ALU] |748| 
    4168 00000007 0200          MOVB      ACC,#0                ; [CPU_ALU] |748| 
    4169              $C$DW$252       .dwtag  DW_TAG_TI_branch
    4170                      .dwattr $C$DW$252, DW_AT_low_pc(0x00)
    4171                      .dwattr $C$DW$252, DW_AT_name("GPIO_setDirectionMode")
    4172                      .dwattr $C$DW$252, DW_AT_TI_call
    4173              
    4174 00000008 7640!         LCR       #||GPIO_setDirectionMode|| ; [CPU_ALU] |748| 
         00000009 0000 
    4175                      ; call occurs [#||GPIO_setDirectionMode||] ; [] |748| 
    4176                      .dwpsn  file "../sources/dual_axis_servo_drive_hal.c",line 749,column 5,is_stmt,isa 0
    4177 0000000a 0200          MOVB      ACC,#0                ; [CPU_ALU] |749| 
    4178 0000000b 1E42          MOVL      *-SP[2],ACC           ; [CPU_ALU] |749| 
    4179              $C$DW$253       .dwtag  DW_TAG_TI_branch
    4180                      .dwattr $C$DW$253, DW_AT_low_pc(0x00)
    4181                      .dwattr $C$DW$253, DW_AT_name("GPIO_setPadConfig")
    4182                      .dwattr $C$DW$253, DW_AT_TI_call
    4183              
TMS320C2000 Assembler PC v22.6.2 Thu Feb 12 10:37:10 2026

Copyright (c) 1996-2018 Texas Instruments Incorporated
dual_axis_servo_drive_hal.asm                                        PAGE   82

    4184 0000000c 7640!         LCR       #||GPIO_setPadConfig|| ; [CPU_ALU] |749| 
         0000000d 0000 
    4185                      ; call occurs [#||GPIO_setPadConfig||] ; [] |749| 
    4186                      .dwpsn  file "../sources/dual_axis_servo_drive_hal.c",line 752,column 5,is_stmt,isa 0
    4187 0000000e 8F06          MOVL      XAR4,#393729          ; [CPU_ARAU] |752| 
         0000000f 0201 
    4188 00000010 A8A9          MOVL      ACC,XAR4              ; [CPU_ALU] |752| 
    4189              $C$DW$254       .dwtag  DW_TAG_TI_branch
    4190                      .dwattr $C$DW$254, DW_AT_low_pc(0x00)
    4191                      .dwattr $C$DW$254, DW_AT_name("GPIO_setPinConfig")
    4192                      .dwattr $C$DW$254, DW_AT_TI_call
    4193              
    4194 00000011 7640!         LCR       #||GPIO_setPinConfig|| ; [CPU_ALU] |752| 
         00000012 0000 
    4195                      ; call occurs [#||GPIO_setPinConfig||] ; [] |752| 
    4196                      .dwpsn  file "../sources/dual_axis_servo_drive_hal.c",line 753,column 5,is_stmt,isa 0
    4197 00000013 D401          MOVB      XAR4,#1               ; [CPU_ALU] |753| 
    4198 00000014 0201          MOVB      ACC,#1                ; [CPU_ALU] |753| 
    4199              $C$DW$255       .dwtag  DW_TAG_TI_branch
    4200                      .dwattr $C$DW$255, DW_AT_low_pc(0x00)
    4201                      .dwattr $C$DW$255, DW_AT_name("GPIO_setDirectionMode")
    4202                      .dwattr $C$DW$255, DW_AT_TI_call
    4203              
    4204 00000015 7640!         LCR       #||GPIO_setDirectionMode|| ; [CPU_ALU] |753| 
         00000016 0000 
    4205                      ; call occurs [#||GPIO_setDirectionMode||] ; [] |753| 
    4206                      .dwpsn  file "../sources/dual_axis_servo_drive_hal.c",line 754,column 5,is_stmt,isa 0
    4207 00000017 0200          MOVB      ACC,#0                ; [CPU_ALU] |754| 
    4208 00000018 1E42          MOVL      *-SP[2],ACC           ; [CPU_ALU] |754| 
    4209 00000019 0201          MOVB      ACC,#1                ; [CPU_ALU] |754| 
    4210              $C$DW$256       .dwtag  DW_TAG_TI_branch
    4211                      .dwattr $C$DW$256, DW_AT_low_pc(0x00)
    4212                      .dwattr $C$DW$256, DW_AT_name("GPIO_setPadConfig")
    4213                      .dwattr $C$DW$256, DW_AT_TI_call
    4214              
    4215 0000001a 7640!         LCR       #||GPIO_setPadConfig|| ; [CPU_ALU] |754| 
         0000001b 0000 
    4216                      ; call occurs [#||GPIO_setPadConfig||] ; [] |754| 
    4217                      .dwpsn  file "../sources/dual_axis_servo_drive_hal.c",line 757,column 5,is_stmt,isa 0
    4218 0000001c 8F06          MOVL      XAR4,#394241          ; [CPU_ARAU] |757| 
         0000001d 0401 
    4219 0000001e A8A9          MOVL      ACC,XAR4              ; [CPU_ALU] |757| 
    4220              $C$DW$257       .dwtag  DW_TAG_TI_branch
    4221                      .dwattr $C$DW$257, DW_AT_low_pc(0x00)
    4222                      .dwattr $C$DW$257, DW_AT_name("GPIO_setPinConfig")
    4223                      .dwattr $C$DW$257, DW_AT_TI_call
    4224              
    4225 0000001f 7640!         LCR       #||GPIO_setPinConfig|| ; [CPU_ALU] |757| 
         00000020 0000 
    4226                      ; call occurs [#||GPIO_setPinConfig||] ; [] |757| 
    4227                      .dwpsn  file "../sources/dual_axis_servo_drive_hal.c",line 758,column 5,is_stmt,isa 0
    4228 00000021 D401          MOVB      XAR4,#1               ; [CPU_ALU] |758| 
    4229 00000022 0202          MOVB      ACC,#2                ; [CPU_ALU] |758| 
    4230              $C$DW$258       .dwtag  DW_TAG_TI_branch
    4231                      .dwattr $C$DW$258, DW_AT_low_pc(0x00)
TMS320C2000 Assembler PC v22.6.2 Thu Feb 12 10:37:10 2026

Copyright (c) 1996-2018 Texas Instruments Incorporated
dual_axis_servo_drive_hal.asm                                        PAGE   83

    4232                      .dwattr $C$DW$258, DW_AT_name("GPIO_setDirectionMode")
    4233                      .dwattr $C$DW$258, DW_AT_TI_call
    4234              
    4235 00000023 7640!         LCR       #||GPIO_setDirectionMode|| ; [CPU_ALU] |758| 
         00000024 0000 
    4236                      ; call occurs [#||GPIO_setDirectionMode||] ; [] |758| 
    4237                      .dwpsn  file "../sources/dual_axis_servo_drive_hal.c",line 759,column 5,is_stmt,isa 0
    4238 00000025 0200          MOVB      ACC,#0                ; [CPU_ALU] |759| 
    4239 00000026 1E42          MOVL      *-SP[2],ACC           ; [CPU_ALU] |759| 
    4240 00000027 0202          MOVB      ACC,#2                ; [CPU_ALU] |759| 
    4241              $C$DW$259       .dwtag  DW_TAG_TI_branch
    4242                      .dwattr $C$DW$259, DW_AT_low_pc(0x00)
    4243                      .dwattr $C$DW$259, DW_AT_name("GPIO_setPadConfig")
    4244                      .dwattr $C$DW$259, DW_AT_TI_call
    4245              
    4246 00000028 7640!         LCR       #||GPIO_setPadConfig|| ; [CPU_ALU] |759| 
         00000029 0000 
    4247                      ; call occurs [#||GPIO_setPadConfig||] ; [] |759| 
    4248                      .dwpsn  file "../sources/dual_axis_servo_drive_hal.c",line 762,column 5,is_stmt,isa 0
    4249 0000002a 8F06          MOVL      XAR4,#394753          ; [CPU_ARAU] |762| 
         0000002b 0601 
    4250 0000002c A8A9          MOVL      ACC,XAR4              ; [CPU_ALU] |762| 
    4251              $C$DW$260       .dwtag  DW_TAG_TI_branch
    4252                      .dwattr $C$DW$260, DW_AT_low_pc(0x00)
    4253                      .dwattr $C$DW$260, DW_AT_name("GPIO_setPinConfig")
    4254                      .dwattr $C$DW$260, DW_AT_TI_call
    4255              
    4256 0000002d 7640!         LCR       #||GPIO_setPinConfig|| ; [CPU_ALU] |762| 
         0000002e 0000 
    4257                      ; call occurs [#||GPIO_setPinConfig||] ; [] |762| 
    4258                      .dwpsn  file "../sources/dual_axis_servo_drive_hal.c",line 763,column 5,is_stmt,isa 0
    4259 0000002f D401          MOVB      XAR4,#1               ; [CPU_ALU] |763| 
    4260 00000030 0203          MOVB      ACC,#3                ; [CPU_ALU] |763| 
    4261              $C$DW$261       .dwtag  DW_TAG_TI_branch
    4262                      .dwattr $C$DW$261, DW_AT_low_pc(0x00)
    4263                      .dwattr $C$DW$261, DW_AT_name("GPIO_setDirectionMode")
    4264                      .dwattr $C$DW$261, DW_AT_TI_call
    4265              
    4266 00000031 7640!         LCR       #||GPIO_setDirectionMode|| ; [CPU_ALU] |763| 
         00000032 0000 
    4267                      ; call occurs [#||GPIO_setDirectionMode||] ; [] |763| 
    4268                      .dwpsn  file "../sources/dual_axis_servo_drive_hal.c",line 764,column 5,is_stmt,isa 0
    4269 00000033 0200          MOVB      ACC,#0                ; [CPU_ALU] |764| 
    4270 00000034 1E42          MOVL      *-SP[2],ACC           ; [CPU_ALU] |764| 
    4271 00000035 0203          MOVB      ACC,#3                ; [CPU_ALU] |764| 
    4272              $C$DW$262       .dwtag  DW_TAG_TI_branch
    4273                      .dwattr $C$DW$262, DW_AT_low_pc(0x00)
    4274                      .dwattr $C$DW$262, DW_AT_name("GPIO_setPadConfig")
    4275                      .dwattr $C$DW$262, DW_AT_TI_call
    4276              
    4277 00000036 7640!         LCR       #||GPIO_setPadConfig|| ; [CPU_ALU] |764| 
         00000037 0000 
    4278                      ; call occurs [#||GPIO_setPadConfig||] ; [] |764| 
    4279                      .dwpsn  file "../sources/dual_axis_servo_drive_hal.c",line 767,column 5,is_stmt,isa 0
    4280 00000038 8F06          MOVL      XAR4,#395265          ; [CPU_ARAU] |767| 
TMS320C2000 Assembler PC v22.6.2 Thu Feb 12 10:37:10 2026

Copyright (c) 1996-2018 Texas Instruments Incorporated
dual_axis_servo_drive_hal.asm                                        PAGE   84

         00000039 0801 
    4281 0000003a A8A9          MOVL      ACC,XAR4              ; [CPU_ALU] |767| 
    4282              $C$DW$263       .dwtag  DW_TAG_TI_branch
    4283                      .dwattr $C$DW$263, DW_AT_low_pc(0x00)
    4284                      .dwattr $C$DW$263, DW_AT_name("GPIO_setPinConfig")
    4285                      .dwattr $C$DW$263, DW_AT_TI_call
    4286              
    4287 0000003b 7640!         LCR       #||GPIO_setPinConfig|| ; [CPU_ALU] |767| 
         0000003c 0000 
    4288                      ; call occurs [#||GPIO_setPinConfig||] ; [] |767| 
    4289                      .dwpsn  file "../sources/dual_axis_servo_drive_hal.c",line 768,column 5,is_stmt,isa 0
    4290 0000003d D401          MOVB      XAR4,#1               ; [CPU_ALU] |768| 
    4291 0000003e 0204          MOVB      ACC,#4                ; [CPU_ALU] |768| 
    4292              $C$DW$264       .dwtag  DW_TAG_TI_branch
    4293                      .dwattr $C$DW$264, DW_AT_low_pc(0x00)
    4294                      .dwattr $C$DW$264, DW_AT_name("GPIO_setDirectionMode")
    4295                      .dwattr $C$DW$264, DW_AT_TI_call
    4296              
    4297 0000003f 7640!         LCR       #||GPIO_setDirectionMode|| ; [CPU_ALU] |768| 
         00000040 0000 
    4298                      ; call occurs [#||GPIO_setDirectionMode||] ; [] |768| 
    4299                      .dwpsn  file "../sources/dual_axis_servo_drive_hal.c",line 769,column 5,is_stmt,isa 0
    4300 00000041 0200          MOVB      ACC,#0                ; [CPU_ALU] |769| 
    4301 00000042 1E42          MOVL      *-SP[2],ACC           ; [CPU_ALU] |769| 
    4302 00000043 0204          MOVB      ACC,#4                ; [CPU_ALU] |769| 
    4303              $C$DW$265       .dwtag  DW_TAG_TI_branch
    4304                      .dwattr $C$DW$265, DW_AT_low_pc(0x00)
    4305                      .dwattr $C$DW$265, DW_AT_name("GPIO_setPadConfig")
    4306                      .dwattr $C$DW$265, DW_AT_TI_call
    4307              
    4308 00000044 7640!         LCR       #||GPIO_setPadConfig|| ; [CPU_ALU] |769| 
         00000045 0000 
    4309                      ; call occurs [#||GPIO_setPadConfig||] ; [] |769| 
    4310                      .dwpsn  file "../sources/dual_axis_servo_drive_hal.c",line 778,column 5,is_stmt,isa 0
    4311 00000046 8F06          MOVL      XAR4,#395776          ; [CPU_ARAU] |778| 
         00000047 0A00 
    4312 00000048 A8A9          MOVL      ACC,XAR4              ; [CPU_ALU] |778| 
    4313              $C$DW$266       .dwtag  DW_TAG_TI_branch
    4314                      .dwattr $C$DW$266, DW_AT_low_pc(0x00)
    4315                      .dwattr $C$DW$266, DW_AT_name("GPIO_setPinConfig")
    4316                      .dwattr $C$DW$266, DW_AT_TI_call
    4317              
    4318 00000049 7640!         LCR       #||GPIO_setPinConfig|| ; [CPU_ALU] |778| 
         0000004a 0000 
    4319                      ; call occurs [#||GPIO_setPinConfig||] ; [] |778| 
    4320                      .dwpsn  file "../sources/dual_axis_servo_drive_hal.c",line 779,column 5,is_stmt,isa 0
    4321 0000004b D400          MOVB      XAR4,#0               ; [CPU_ALU] |779| 
    4322 0000004c 0205          MOVB      ACC,#5                ; [CPU_ALU] |779| 
    4323              $C$DW$267       .dwtag  DW_TAG_TI_branch
    4324                      .dwattr $C$DW$267, DW_AT_low_pc(0x00)
    4325                      .dwattr $C$DW$267, DW_AT_name("GPIO_setDirectionMode")
    4326                      .dwattr $C$DW$267, DW_AT_TI_call
    4327              
    4328 0000004d 7640!         LCR       #||GPIO_setDirectionMode|| ; [CPU_ALU] |779| 
         0000004e 0000 
TMS320C2000 Assembler PC v22.6.2 Thu Feb 12 10:37:10 2026

Copyright (c) 1996-2018 Texas Instruments Incorporated
dual_axis_servo_drive_hal.asm                                        PAGE   85

    4329                      ; call occurs [#||GPIO_setDirectionMode||] ; [] |779| 
    4330                      .dwpsn  file "../sources/dual_axis_servo_drive_hal.c",line 780,column 5,is_stmt,isa 0
    4331 0000004f 0200          MOVB      ACC,#0                ; [CPU_ALU] |780| 
    4332 00000050 1E42          MOVL      *-SP[2],ACC           ; [CPU_ALU] |780| 
    4333 00000051 0205          MOVB      ACC,#5                ; [CPU_ALU] |780| 
    4334              $C$DW$268       .dwtag  DW_TAG_TI_branch
    4335                      .dwattr $C$DW$268, DW_AT_low_pc(0x00)
    4336                      .dwattr $C$DW$268, DW_AT_name("GPIO_setPadConfig")
    4337                      .dwattr $C$DW$268, DW_AT_TI_call
    4338              
    4339 00000052 7640!         LCR       #||GPIO_setPadConfig|| ; [CPU_ALU] |780| 
         00000053 0000 
    4340                      ; call occurs [#||GPIO_setPadConfig||] ; [] |780| 
    4341                      .dwpsn  file "../sources/dual_axis_servo_drive_hal.c",line 784,column 5,is_stmt,isa 0
    4342 00000054 8F06          MOVL      XAR4,#396289          ; [CPU_ARAU] |784| 
         00000055 0C01 
    4343 00000056 A8A9          MOVL      ACC,XAR4              ; [CPU_ALU] |784| 
    4344              $C$DW$269       .dwtag  DW_TAG_TI_branch
    4345                      .dwattr $C$DW$269, DW_AT_low_pc(0x00)
    4346                      .dwattr $C$DW$269, DW_AT_name("GPIO_setPinConfig")
    4347                      .dwattr $C$DW$269, DW_AT_TI_call
    4348              
    4349 00000057 7640!         LCR       #||GPIO_setPinConfig|| ; [CPU_ALU] |784| 
         00000058 0000 
    4350                      ; call occurs [#||GPIO_setPinConfig||] ; [] |784| 
    4351                      .dwpsn  file "../sources/dual_axis_servo_drive_hal.c",line 785,column 5,is_stmt,isa 0
    4352 00000059 D401          MOVB      XAR4,#1               ; [CPU_ALU] |785| 
    4353 0000005a 0206          MOVB      ACC,#6                ; [CPU_ALU] |785| 
    4354              $C$DW$270       .dwtag  DW_TAG_TI_branch
    4355                      .dwattr $C$DW$270, DW_AT_low_pc(0x00)
    4356                      .dwattr $C$DW$270, DW_AT_name("GPIO_setDirectionMode")
    4357                      .dwattr $C$DW$270, DW_AT_TI_call
    4358              
    4359 0000005b 7640!         LCR       #||GPIO_setDirectionMode|| ; [CPU_ALU] |785| 
         0000005c 0000 
    4360                      ; call occurs [#||GPIO_setDirectionMode||] ; [] |785| 
    4361                      .dwpsn  file "../sources/dual_axis_servo_drive_hal.c",line 786,column 5,is_stmt,isa 0
    4362 0000005d 0200          MOVB      ACC,#0                ; [CPU_ALU] |786| 
    4363 0000005e 1E42          MOVL      *-SP[2],ACC           ; [CPU_ALU] |786| 
    4364 0000005f 0206          MOVB      ACC,#6                ; [CPU_ALU] |786| 
    4365              $C$DW$271       .dwtag  DW_TAG_TI_branch
    4366                      .dwattr $C$DW$271, DW_AT_low_pc(0x00)
    4367                      .dwattr $C$DW$271, DW_AT_name("GPIO_setPadConfig")
    4368                      .dwattr $C$DW$271, DW_AT_TI_call
    4369              
    4370 00000060 7640!         LCR       #||GPIO_setPadConfig|| ; [CPU_ALU] |786| 
         00000061 0000 
    4371                      ; call occurs [#||GPIO_setPadConfig||] ; [] |786| 
    4372                      .dwpsn  file "../sources/dual_axis_servo_drive_hal.c",line 789,column 5,is_stmt,isa 0
    4373 00000062 8F06          MOVL      XAR4,#396801          ; [CPU_ARAU] |789| 
         00000063 0E01 
    4374 00000064 A8A9          MOVL      ACC,XAR4              ; [CPU_ALU] |789| 
    4375              $C$DW$272       .dwtag  DW_TAG_TI_branch
    4376                      .dwattr $C$DW$272, DW_AT_low_pc(0x00)
    4377                      .dwattr $C$DW$272, DW_AT_name("GPIO_setPinConfig")
TMS320C2000 Assembler PC v22.6.2 Thu Feb 12 10:37:10 2026

Copyright (c) 1996-2018 Texas Instruments Incorporated
dual_axis_servo_drive_hal.asm                                        PAGE   86

    4378                      .dwattr $C$DW$272, DW_AT_TI_call
    4379              
    4380 00000065 7640!         LCR       #||GPIO_setPinConfig|| ; [CPU_ALU] |789| 
         00000066 0000 
    4381                      ; call occurs [#||GPIO_setPinConfig||] ; [] |789| 
    4382                      .dwpsn  file "../sources/dual_axis_servo_drive_hal.c",line 790,column 5,is_stmt,isa 0
    4383 00000067 D401          MOVB      XAR4,#1               ; [CPU_ALU] |790| 
    4384 00000068 0207          MOVB      ACC,#7                ; [CPU_ALU] |790| 
    4385              $C$DW$273       .dwtag  DW_TAG_TI_branch
    4386                      .dwattr $C$DW$273, DW_AT_low_pc(0x00)
    4387                      .dwattr $C$DW$273, DW_AT_name("GPIO_setDirectionMode")
    4388                      .dwattr $C$DW$273, DW_AT_TI_call
    4389              
    4390 00000069 7640!         LCR       #||GPIO_setDirectionMode|| ; [CPU_ALU] |790| 
         0000006a 0000 
    4391                      ; call occurs [#||GPIO_setDirectionMode||] ; [] |790| 
    4392                      .dwpsn  file "../sources/dual_axis_servo_drive_hal.c",line 791,column 5,is_stmt,isa 0
    4393 0000006b 0200          MOVB      ACC,#0                ; [CPU_ALU] |791| 
    4394 0000006c 1E42          MOVL      *-SP[2],ACC           ; [CPU_ALU] |791| 
    4395 0000006d 0207          MOVB      ACC,#7                ; [CPU_ALU] |791| 
    4396              $C$DW$274       .dwtag  DW_TAG_TI_branch
    4397                      .dwattr $C$DW$274, DW_AT_low_pc(0x00)
    4398                      .dwattr $C$DW$274, DW_AT_name("GPIO_setPadConfig")
    4399                      .dwattr $C$DW$274, DW_AT_TI_call
    4400              
    4401 0000006e 7640!         LCR       #||GPIO_setPadConfig|| ; [CPU_ALU] |791| 
         0000006f 0000 
    4402                      ; call occurs [#||GPIO_setPadConfig||] ; [] |791| 
    4403                      .dwpsn  file "../sources/dual_axis_servo_drive_hal.c",line 794,column 5,is_stmt,isa 0
    4404 00000070 8F06          MOVL      XAR4,#397312          ; [CPU_ARAU] |794| 
         00000071 1000 
    4405 00000072 A8A9          MOVL      ACC,XAR4              ; [CPU_ALU] |794| 
    4406              $C$DW$275       .dwtag  DW_TAG_TI_branch
    4407                      .dwattr $C$DW$275, DW_AT_low_pc(0x00)
    4408                      .dwattr $C$DW$275, DW_AT_name("GPIO_setPinConfig")
    4409                      .dwattr $C$DW$275, DW_AT_TI_call
    4410              
    4411 00000073 7640!         LCR       #||GPIO_setPinConfig|| ; [CPU_ALU] |794| 
         00000074 0000 
    4412                      ; call occurs [#||GPIO_setPinConfig||] ; [] |794| 
    4413                      .dwpsn  file "../sources/dual_axis_servo_drive_hal.c",line 795,column 5,is_stmt,isa 0
    4414 00000075 D400          MOVB      XAR4,#0               ; [CPU_ALU] |795| 
    4415 00000076 0208          MOVB      ACC,#8                ; [CPU_ALU] |795| 
    4416              $C$DW$276       .dwtag  DW_TAG_TI_branch
    4417                      .dwattr $C$DW$276, DW_AT_low_pc(0x00)
    4418                      .dwattr $C$DW$276, DW_AT_name("GPIO_setDirectionMode")
    4419                      .dwattr $C$DW$276, DW_AT_TI_call
    4420              
    4421 00000077 7640!         LCR       #||GPIO_setDirectionMode|| ; [CPU_ALU] |795| 
         00000078 0000 
    4422                      ; call occurs [#||GPIO_setDirectionMode||] ; [] |795| 
    4423                      .dwpsn  file "../sources/dual_axis_servo_drive_hal.c",line 796,column 5,is_stmt,isa 0
    4424 00000079 0200          MOVB      ACC,#0                ; [CPU_ALU] |796| 
    4425 0000007a 1E42          MOVL      *-SP[2],ACC           ; [CPU_ALU] |796| 
    4426 0000007b 0208          MOVB      ACC,#8                ; [CPU_ALU] |796| 
TMS320C2000 Assembler PC v22.6.2 Thu Feb 12 10:37:10 2026

Copyright (c) 1996-2018 Texas Instruments Incorporated
dual_axis_servo_drive_hal.asm                                        PAGE   87

    4427              $C$DW$277       .dwtag  DW_TAG_TI_branch
    4428                      .dwattr $C$DW$277, DW_AT_low_pc(0x00)
    4429                      .dwattr $C$DW$277, DW_AT_name("GPIO_setPadConfig")
    4430                      .dwattr $C$DW$277, DW_AT_TI_call
    4431              
    4432 0000007c 7640!         LCR       #||GPIO_setPadConfig|| ; [CPU_ALU] |796| 
         0000007d 0000 
    4433                      ; call occurs [#||GPIO_setPadConfig||] ; [] |796| 
    4434                      .dwpsn  file "../sources/dual_axis_servo_drive_hal.c",line 805,column 5,is_stmt,isa 0
    4435 0000007e 8F06          MOVL      XAR4,#397824          ; [CPU_ARAU] |805| 
         0000007f 1200 
    4436 00000080 A8A9          MOVL      ACC,XAR4              ; [CPU_ALU] |805| 
    4437              $C$DW$278       .dwtag  DW_TAG_TI_branch
    4438                      .dwattr $C$DW$278, DW_AT_low_pc(0x00)
    4439                      .dwattr $C$DW$278, DW_AT_name("GPIO_setPinConfig")
    4440                      .dwattr $C$DW$278, DW_AT_TI_call
    4441              
    4442 00000081 7640!         LCR       #||GPIO_setPinConfig|| ; [CPU_ALU] |805| 
         00000082 0000 
    4443                      ; call occurs [#||GPIO_setPinConfig||] ; [] |805| 
    4444                      .dwpsn  file "../sources/dual_axis_servo_drive_hal.c",line 806,column 5,is_stmt,isa 0
    4445 00000083 D400          MOVB      XAR4,#0               ; [CPU_ALU] |806| 
    4446 00000084 0209          MOVB      ACC,#9                ; [CPU_ALU] |806| 
    4447              $C$DW$279       .dwtag  DW_TAG_TI_branch
    4448                      .dwattr $C$DW$279, DW_AT_low_pc(0x00)
    4449                      .dwattr $C$DW$279, DW_AT_name("GPIO_setDirectionMode")
    4450                      .dwattr $C$DW$279, DW_AT_TI_call
    4451              
    4452 00000085 7640!         LCR       #||GPIO_setDirectionMode|| ; [CPU_ALU] |806| 
         00000086 0000 
    4453                      ; call occurs [#||GPIO_setDirectionMode||] ; [] |806| 
    4454                      .dwpsn  file "../sources/dual_axis_servo_drive_hal.c",line 807,column 5,is_stmt,isa 0
    4455 00000087 0200          MOVB      ACC,#0                ; [CPU_ALU] |807| 
    4456 00000088 1E42          MOVL      *-SP[2],ACC           ; [CPU_ALU] |807| 
    4457 00000089 0209          MOVB      ACC,#9                ; [CPU_ALU] |807| 
    4458              $C$DW$280       .dwtag  DW_TAG_TI_branch
    4459                      .dwattr $C$DW$280, DW_AT_low_pc(0x00)
    4460                      .dwattr $C$DW$280, DW_AT_name("GPIO_setPadConfig")
    4461                      .dwattr $C$DW$280, DW_AT_TI_call
    4462              
    4463 0000008a 7640!         LCR       #||GPIO_setPadConfig|| ; [CPU_ALU] |807| 
         0000008b 0000 
    4464                      ; call occurs [#||GPIO_setPadConfig||] ; [] |807| 
    4465                      .dwpsn  file "../sources/dual_axis_servo_drive_hal.c",line 817,column 5,is_stmt,isa 0
    4466 0000008c 8F06          MOVL      XAR4,#398336          ; [CPU_ARAU] |817| 
         0000008d 1400 
    4467 0000008e A8A9          MOVL      ACC,XAR4              ; [CPU_ALU] |817| 
    4468              $C$DW$281       .dwtag  DW_TAG_TI_branch
    4469                      .dwattr $C$DW$281, DW_AT_low_pc(0x00)
    4470                      .dwattr $C$DW$281, DW_AT_name("GPIO_setPinConfig")
    4471                      .dwattr $C$DW$281, DW_AT_TI_call
    4472              
    4473 0000008f 7640!         LCR       #||GPIO_setPinConfig|| ; [CPU_ALU] |817| 
         00000090 0000 
    4474                      ; call occurs [#||GPIO_setPinConfig||] ; [] |817| 
TMS320C2000 Assembler PC v22.6.2 Thu Feb 12 10:37:10 2026

Copyright (c) 1996-2018 Texas Instruments Incorporated
dual_axis_servo_drive_hal.asm                                        PAGE   88

    4475                      .dwpsn  file "../sources/dual_axis_servo_drive_hal.c",line 818,column 5,is_stmt,isa 0
    4476 00000091 D400          MOVB      XAR4,#0               ; [CPU_ALU] |818| 
    4477 00000092 020A          MOVB      ACC,#10               ; [CPU_ALU] |818| 
    4478              $C$DW$282       .dwtag  DW_TAG_TI_branch
    4479                      .dwattr $C$DW$282, DW_AT_low_pc(0x00)
    4480                      .dwattr $C$DW$282, DW_AT_name("GPIO_setDirectionMode")
    4481                      .dwattr $C$DW$282, DW_AT_TI_call
    4482              
    4483 00000093 7640!         LCR       #||GPIO_setDirectionMode|| ; [CPU_ALU] |818| 
         00000094 0000 
    4484                      ; call occurs [#||GPIO_setDirectionMode||] ; [] |818| 
    4485                      .dwpsn  file "../sources/dual_axis_servo_drive_hal.c",line 819,column 5,is_stmt,isa 0
    4486 00000095 0200          MOVB      ACC,#0                ; [CPU_ALU] |819| 
    4487 00000096 1E42          MOVL      *-SP[2],ACC           ; [CPU_ALU] |819| 
    4488 00000097 020A          MOVB      ACC,#10               ; [CPU_ALU] |819| 
    4489              $C$DW$283       .dwtag  DW_TAG_TI_branch
    4490                      .dwattr $C$DW$283, DW_AT_low_pc(0x00)
    4491                      .dwattr $C$DW$283, DW_AT_name("GPIO_setPadConfig")
    4492                      .dwattr $C$DW$283, DW_AT_TI_call
    4493              
    4494 00000098 7640!         LCR       #||GPIO_setPadConfig|| ; [CPU_ALU] |819| 
         00000099 0000 
    4495                      ; call occurs [#||GPIO_setPadConfig||] ; [] |819| 
    4496                      .dwpsn  file "../sources/dual_axis_servo_drive_hal.c",line 829,column 5,is_stmt,isa 0
    4497 0000009a 8F06          MOVL      XAR4,#398848          ; [CPU_ARAU] |829| 
         0000009b 1600 
    4498 0000009c A8A9          MOVL      ACC,XAR4              ; [CPU_ALU] |829| 
    4499              $C$DW$284       .dwtag  DW_TAG_TI_branch
    4500                      .dwattr $C$DW$284, DW_AT_low_pc(0x00)
    4501                      .dwattr $C$DW$284, DW_AT_name("GPIO_setPinConfig")
    4502                      .dwattr $C$DW$284, DW_AT_TI_call
    4503              
    4504 0000009d 7640!         LCR       #||GPIO_setPinConfig|| ; [CPU_ALU] |829| 
         0000009e 0000 
    4505                      ; call occurs [#||GPIO_setPinConfig||] ; [] |829| 
    4506                      .dwpsn  file "../sources/dual_axis_servo_drive_hal.c",line 830,column 5,is_stmt,isa 0
    4507 0000009f D400          MOVB      XAR4,#0               ; [CPU_ALU] |830| 
    4508 000000a0 020B          MOVB      ACC,#11               ; [CPU_ALU] |830| 
    4509              $C$DW$285       .dwtag  DW_TAG_TI_branch
    4510                      .dwattr $C$DW$285, DW_AT_low_pc(0x00)
    4511                      .dwattr $C$DW$285, DW_AT_name("GPIO_setDirectionMode")
    4512                      .dwattr $C$DW$285, DW_AT_TI_call
    4513              
    4514 000000a1 7640!         LCR       #||GPIO_setDirectionMode|| ; [CPU_ALU] |830| 
         000000a2 0000 
    4515                      ; call occurs [#||GPIO_setDirectionMode||] ; [] |830| 
    4516                      .dwpsn  file "../sources/dual_axis_servo_drive_hal.c",line 831,column 5,is_stmt,isa 0
    4517 000000a3 0200          MOVB      ACC,#0                ; [CPU_ALU] |831| 
    4518 000000a4 1E42          MOVL      *-SP[2],ACC           ; [CPU_ALU] |831| 
    4519 000000a5 020B          MOVB      ACC,#11               ; [CPU_ALU] |831| 
    4520              $C$DW$286       .dwtag  DW_TAG_TI_branch
    4521                      .dwattr $C$DW$286, DW_AT_low_pc(0x00)
    4522                      .dwattr $C$DW$286, DW_AT_name("GPIO_setPadConfig")
    4523                      .dwattr $C$DW$286, DW_AT_TI_call
    4524              
TMS320C2000 Assembler PC v22.6.2 Thu Feb 12 10:37:10 2026

Copyright (c) 1996-2018 Texas Instruments Incorporated
dual_axis_servo_drive_hal.asm                                        PAGE   89

    4525 000000a6 7640!         LCR       #||GPIO_setPadConfig|| ; [CPU_ALU] |831| 
         000000a7 0000 
    4526                      ; call occurs [#||GPIO_setPadConfig||] ; [] |831| 
    4527                      .dwpsn  file "../sources/dual_axis_servo_drive_hal.c",line 835,column 5,is_stmt,isa 0
    4528 000000a8 8F06          MOVL      XAR4,#399361          ; [CPU_ARAU] |835| 
         000000a9 1801 
    4529 000000aa A8A9          MOVL      ACC,XAR4              ; [CPU_ALU] |835| 
    4530              $C$DW$287       .dwtag  DW_TAG_TI_branch
    4531                      .dwattr $C$DW$287, DW_AT_low_pc(0x00)
    4532                      .dwattr $C$DW$287, DW_AT_name("GPIO_setPinConfig")
    4533                      .dwattr $C$DW$287, DW_AT_TI_call
    4534              
    4535 000000ab 7640!         LCR       #||GPIO_setPinConfig|| ; [CPU_ALU] |835| 
         000000ac 0000 
    4536                      ; call occurs [#||GPIO_setPinConfig||] ; [] |835| 
    4537                      .dwpsn  file "../sources/dual_axis_servo_drive_hal.c",line 836,column 5,is_stmt,isa 0
    4538 000000ad D401          MOVB      XAR4,#1               ; [CPU_ALU] |836| 
    4539 000000ae 020C          MOVB      ACC,#12               ; [CPU_ALU] |836| 
    4540              $C$DW$288       .dwtag  DW_TAG_TI_branch
    4541                      .dwattr $C$DW$288, DW_AT_low_pc(0x00)
    4542                      .dwattr $C$DW$288, DW_AT_name("GPIO_setDirectionMode")
    4543                      .dwattr $C$DW$288, DW_AT_TI_call
    4544              
    4545 000000af 7640!         LCR       #||GPIO_setDirectionMode|| ; [CPU_ALU] |836| 
         000000b0 0000 
    4546                      ; call occurs [#||GPIO_setDirectionMode||] ; [] |836| 
    4547                      .dwpsn  file "../sources/dual_axis_servo_drive_hal.c",line 837,column 5,is_stmt,isa 0
    4548 000000b1 0200          MOVB      ACC,#0                ; [CPU_ALU] |837| 
    4549 000000b2 1E42          MOVL      *-SP[2],ACC           ; [CPU_ALU] |837| 
    4550 000000b3 020C          MOVB      ACC,#12               ; [CPU_ALU] |837| 
    4551              $C$DW$289       .dwtag  DW_TAG_TI_branch
    4552                      .dwattr $C$DW$289, DW_AT_low_pc(0x00)
    4553                      .dwattr $C$DW$289, DW_AT_name("GPIO_setPadConfig")
    4554                      .dwattr $C$DW$289, DW_AT_TI_call
    4555              
    4556 000000b4 7640!         LCR       #||GPIO_setPadConfig|| ; [CPU_ALU] |837| 
         000000b5 0000 
    4557                      ; call occurs [#||GPIO_setPadConfig||] ; [] |837| 
    4558                      .dwpsn  file "../sources/dual_axis_servo_drive_hal.c",line 840,column 5,is_stmt,isa 0
    4559 000000b6 8F06          MOVL      XAR4,#399873          ; [CPU_ARAU] |840| 
         000000b7 1A01 
    4560 000000b8 A8A9          MOVL      ACC,XAR4              ; [CPU_ALU] |840| 
    4561              $C$DW$290       .dwtag  DW_TAG_TI_branch
    4562                      .dwattr $C$DW$290, DW_AT_low_pc(0x00)
    4563                      .dwattr $C$DW$290, DW_AT_name("GPIO_setPinConfig")
    4564                      .dwattr $C$DW$290, DW_AT_TI_call
    4565              
    4566 000000b9 7640!         LCR       #||GPIO_setPinConfig|| ; [CPU_ALU] |840| 
         000000ba 0000 
    4567                      ; call occurs [#||GPIO_setPinConfig||] ; [] |840| 
    4568                      .dwpsn  file "../sources/dual_axis_servo_drive_hal.c",line 841,column 5,is_stmt,isa 0
    4569 000000bb D401          MOVB      XAR4,#1               ; [CPU_ALU] |841| 
    4570 000000bc 020D          MOVB      ACC,#13               ; [CPU_ALU] |841| 
    4571              $C$DW$291       .dwtag  DW_TAG_TI_branch
    4572                      .dwattr $C$DW$291, DW_AT_low_pc(0x00)
TMS320C2000 Assembler PC v22.6.2 Thu Feb 12 10:37:10 2026

Copyright (c) 1996-2018 Texas Instruments Incorporated
dual_axis_servo_drive_hal.asm                                        PAGE   90

    4573                      .dwattr $C$DW$291, DW_AT_name("GPIO_setDirectionMode")
    4574                      .dwattr $C$DW$291, DW_AT_TI_call
    4575              
    4576 000000bd 7640!         LCR       #||GPIO_setDirectionMode|| ; [CPU_ALU] |841| 
         000000be 0000 
    4577                      ; call occurs [#||GPIO_setDirectionMode||] ; [] |841| 
    4578                      .dwpsn  file "../sources/dual_axis_servo_drive_hal.c",line 842,column 5,is_stmt,isa 0
    4579 000000bf 0200          MOVB      ACC,#0                ; [CPU_ALU] |842| 
    4580 000000c0 1E42          MOVL      *-SP[2],ACC           ; [CPU_ALU] |842| 
    4581 000000c1 020D          MOVB      ACC,#13               ; [CPU_ALU] |842| 
    4582              $C$DW$292       .dwtag  DW_TAG_TI_branch
    4583                      .dwattr $C$DW$292, DW_AT_low_pc(0x00)
    4584                      .dwattr $C$DW$292, DW_AT_name("GPIO_setPadConfig")
    4585                      .dwattr $C$DW$292, DW_AT_TI_call
    4586              
    4587 000000c2 7640!         LCR       #||GPIO_setPadConfig|| ; [CPU_ALU] |842| 
         000000c3 0000 
    4588                      ; call occurs [#||GPIO_setPadConfig||] ; [] |842| 
    4589                      .dwpsn  file "../sources/dual_axis_servo_drive_hal.c",line 845,column 5,is_stmt,isa 0
    4590 000000c4 8F06          MOVL      XAR4,#400394          ; [CPU_ARAU] |845| 
         000000c5 1C0A 
    4591 000000c6 A8A9          MOVL      ACC,XAR4              ; [CPU_ALU] |845| 
    4592              $C$DW$293       .dwtag  DW_TAG_TI_branch
    4593                      .dwattr $C$DW$293, DW_AT_low_pc(0x00)
    4594                      .dwattr $C$DW$293, DW_AT_name("GPIO_setPinConfig")
    4595                      .dwattr $C$DW$293, DW_AT_TI_call
    4596              
    4597 000000c7 7640!         LCR       #||GPIO_setPinConfig|| ; [CPU_ALU] |845| 
         000000c8 0000 
    4598                      ; call occurs [#||GPIO_setPinConfig||] ; [] |845| 
    4599                      .dwpsn  file "../sources/dual_axis_servo_drive_hal.c",line 846,column 5,is_stmt,isa 0
    4600 000000c9 D400          MOVB      XAR4,#0               ; [CPU_ALU] |846| 
    4601 000000ca 020E          MOVB      ACC,#14               ; [CPU_ALU] |846| 
    4602              $C$DW$294       .dwtag  DW_TAG_TI_branch
    4603                      .dwattr $C$DW$294, DW_AT_low_pc(0x00)
    4604                      .dwattr $C$DW$294, DW_AT_name("GPIO_setDirectionMode")
    4605                      .dwattr $C$DW$294, DW_AT_TI_call
    4606              
    4607 000000cb 7640!         LCR       #||GPIO_setDirectionMode|| ; [CPU_ALU] |846| 
         000000cc 0000 
    4608                      ; call occurs [#||GPIO_setDirectionMode||] ; [] |846| 
    4609                      .dwpsn  file "../sources/dual_axis_servo_drive_hal.c",line 847,column 5,is_stmt,isa 0
    4610 000000cd 0201          MOVB      ACC,#1                ; [CPU_ALU] |847| 
    4611 000000ce 1E42          MOVL      *-SP[2],ACC           ; [CPU_ALU] |847| 
    4612 000000cf 020E          MOVB      ACC,#14               ; [CPU_ALU] |847| 
    4613              $C$DW$295       .dwtag  DW_TAG_TI_branch
    4614                      .dwattr $C$DW$295, DW_AT_low_pc(0x00)
    4615                      .dwattr $C$DW$295, DW_AT_name("GPIO_setPadConfig")
    4616                      .dwattr $C$DW$295, DW_AT_TI_call
    4617              
    4618 000000d0 7640!         LCR       #||GPIO_setPadConfig|| ; [CPU_ALU] |847| 
         000000d1 0000 
    4619                      ; call occurs [#||GPIO_setPadConfig||] ; [] |847| 
    4620                      .dwpsn  file "../sources/dual_axis_servo_drive_hal.c",line 848,column 5,is_stmt,isa 0
    4621 000000d2 020E          MOVB      ACC,#14               ; [CPU_ALU] |848| 
TMS320C2000 Assembler PC v22.6.2 Thu Feb 12 10:37:10 2026

Copyright (c) 1996-2018 Texas Instruments Incorporated
dual_axis_servo_drive_hal.asm                                        PAGE   91

    4622 000000d3 D401          MOVB      XAR4,#1               ; [CPU_ALU] |848| 
    4623              $C$DW$296       .dwtag  DW_TAG_TI_branch
    4624                      .dwattr $C$DW$296, DW_AT_low_pc(0x00)
    4625                      .dwattr $C$DW$296, DW_AT_name("GPIO_setQualificationMode")
    4626                      .dwattr $C$DW$296, DW_AT_TI_call
    4627              
    4628 000000d4 7640!         LCR       #||GPIO_setQualificationMode|| ; [CPU_ALU] |848| 
         000000d5 0000 
    4629                      ; call occurs [#||GPIO_setQualificationMode||] ; [] |848| 
    4630                      .dwpsn  file "../sources/dual_axis_servo_drive_hal.c",line 849,column 5,is_stmt,isa 0
    4631 000000d6 0204          MOVB      ACC,#4                ; [CPU_ALU] |849| 
    4632 000000d7 1E42          MOVL      *-SP[2],ACC           ; [CPU_ALU] |849| 
    4633 000000d8 020E          MOVB      ACC,#14               ; [CPU_ALU] |849| 
    4634              $C$DW$297       .dwtag  DW_TAG_TI_branch
    4635                      .dwattr $C$DW$297, DW_AT_low_pc(0x00)
    4636                      .dwattr $C$DW$297, DW_AT_name("GPIO_setQualificationPeriod")
    4637                      .dwattr $C$DW$297, DW_AT_TI_call
    4638              
    4639 000000d9 7640!         LCR       #||GPIO_setQualificationPeriod|| ; [CPU_ALU] |849| 
         000000da 0000 
    4640                      ; call occurs [#||GPIO_setQualificationPeriod||] ; [] |849| 
    4641                      .dwpsn  file "../sources/dual_axis_servo_drive_hal.c",line 852,column 5,is_stmt,isa 0
    4642 000000db 8F06          MOVL      XAR4,#400909          ; [CPU_ARAU] |852| 
         000000dc 1E0D 
    4643 000000dd A8A9          MOVL      ACC,XAR4              ; [CPU_ALU] |852| 
    4644              $C$DW$298       .dwtag  DW_TAG_TI_branch
    4645                      .dwattr $C$DW$298, DW_AT_low_pc(0x00)
    4646                      .dwattr $C$DW$298, DW_AT_name("GPIO_setPinConfig")
    4647                      .dwattr $C$DW$298, DW_AT_TI_call
    4648              
    4649 000000de 7640!         LCR       #||GPIO_setPinConfig|| ; [CPU_ALU] |852| 
         000000df 0000 
    4650                      ; call occurs [#||GPIO_setPinConfig||] ; [] |852| 
    4651                      .dwpsn  file "../sources/dual_axis_servo_drive_hal.c",line 853,column 5,is_stmt,isa 0
    4652 000000e0 D401          MOVB      XAR4,#1               ; [CPU_ALU] |853| 
    4653 000000e1 020F          MOVB      ACC,#15               ; [CPU_ALU] |853| 
    4654              $C$DW$299       .dwtag  DW_TAG_TI_branch
    4655                      .dwattr $C$DW$299, DW_AT_low_pc(0x00)
    4656                      .dwattr $C$DW$299, DW_AT_name("GPIO_setDirectionMode")
    4657                      .dwattr $C$DW$299, DW_AT_TI_call
    4658              
    4659 000000e2 7640!         LCR       #||GPIO_setDirectionMode|| ; [CPU_ALU] |853| 
         000000e3 0000 
    4660                      ; call occurs [#||GPIO_setDirectionMode||] ; [] |853| 
    4661                      .dwpsn  file "../sources/dual_axis_servo_drive_hal.c",line 854,column 5,is_stmt,isa 0
    4662 000000e4 0200          MOVB      ACC,#0                ; [CPU_ALU] |854| 
    4663 000000e5 1E42          MOVL      *-SP[2],ACC           ; [CPU_ALU] |854| 
    4664 000000e6 020F          MOVB      ACC,#15               ; [CPU_ALU] |854| 
    4665              $C$DW$300       .dwtag  DW_TAG_TI_branch
    4666                      .dwattr $C$DW$300, DW_AT_low_pc(0x00)
    4667                      .dwattr $C$DW$300, DW_AT_name("GPIO_setPadConfig")
    4668                      .dwattr $C$DW$300, DW_AT_TI_call
    4669              
    4670 000000e7 7640!         LCR       #||GPIO_setPadConfig|| ; [CPU_ALU] |854| 
         000000e8 0000 
TMS320C2000 Assembler PC v22.6.2 Thu Feb 12 10:37:10 2026

Copyright (c) 1996-2018 Texas Instruments Incorporated
dual_axis_servo_drive_hal.asm                                        PAGE   92

    4671                      ; call occurs [#||GPIO_setPadConfig||] ; [] |854| 
    4672                      .dwpsn  file "../sources/dual_axis_servo_drive_hal.c",line 857,column 5,is_stmt,isa 0
    4673 000000e9 8F08          MOVL      XAR4,#524293          ; [CPU_ARAU] |857| 
         000000ea 0005 
    4674 000000eb A8A9          MOVL      ACC,XAR4              ; [CPU_ALU] |857| 
    4675              $C$DW$301       .dwtag  DW_TAG_TI_branch
    4676                      .dwattr $C$DW$301, DW_AT_low_pc(0x00)
    4677                      .dwattr $C$DW$301, DW_AT_name("GPIO_setPinConfig")
    4678                      .dwattr $C$DW$301, DW_AT_TI_call
    4679              
    4680 000000ec 7640!         LCR       #||GPIO_setPinConfig|| ; [CPU_ALU] |857| 
         000000ed 0000 
    4681                      ; call occurs [#||GPIO_setPinConfig||] ; [] |857| 
    4682                      .dwpsn  file "../sources/dual_axis_servo_drive_hal.c",line 858,column 5,is_stmt,isa 0
    4683 000000ee D401          MOVB      XAR4,#1               ; [CPU_ALU] |858| 
    4684 000000ef 0210          MOVB      ACC,#16               ; [CPU_ALU] |858| 
    4685              $C$DW$302       .dwtag  DW_TAG_TI_branch
    4686                      .dwattr $C$DW$302, DW_AT_low_pc(0x00)
    4687                      .dwattr $C$DW$302, DW_AT_name("GPIO_setDirectionMode")
    4688                      .dwattr $C$DW$302, DW_AT_TI_call
    4689              
    4690 000000f0 7640!         LCR       #||GPIO_setDirectionMode|| ; [CPU_ALU] |858| 
         000000f1 0000 
    4691                      ; call occurs [#||GPIO_setDirectionMode||] ; [] |858| 
    4692                      .dwpsn  file "../sources/dual_axis_servo_drive_hal.c",line 859,column 5,is_stmt,isa 0
    4693 000000f2 0200          MOVB      ACC,#0                ; [CPU_ALU] |859| 
    4694 000000f3 1E42          MOVL      *-SP[2],ACC           ; [CPU_ALU] |859| 
    4695 000000f4 0210          MOVB      ACC,#16               ; [CPU_ALU] |859| 
    4696              $C$DW$303       .dwtag  DW_TAG_TI_branch
    4697                      .dwattr $C$DW$303, DW_AT_low_pc(0x00)
    4698                      .dwattr $C$DW$303, DW_AT_name("GPIO_setPadConfig")
    4699                      .dwattr $C$DW$303, DW_AT_TI_call
    4700              
    4701 000000f5 7640!         LCR       #||GPIO_setPadConfig|| ; [CPU_ALU] |859| 
         000000f6 0000 
    4702                      ; call occurs [#||GPIO_setPadConfig||] ; [] |859| 
    4703                      .dwpsn  file "../sources/dual_axis_servo_drive_hal.c",line 862,column 5,is_stmt,isa 0
    4704 000000f7 8F08          MOVL      XAR4,#524805          ; [CPU_ARAU] |862| 
         000000f8 0205 
    4705 000000f9 A8A9          MOVL      ACC,XAR4              ; [CPU_ALU] |862| 
    4706              $C$DW$304       .dwtag  DW_TAG_TI_branch
    4707                      .dwattr $C$DW$304, DW_AT_low_pc(0x00)
    4708                      .dwattr $C$DW$304, DW_AT_name("GPIO_setPinConfig")
    4709                      .dwattr $C$DW$304, DW_AT_TI_call
    4710              
    4711 000000fa 7640!         LCR       #||GPIO_setPinConfig|| ; [CPU_ALU] |862| 
         000000fb 0000 
    4712                      ; call occurs [#||GPIO_setPinConfig||] ; [] |862| 
    4713                      .dwpsn  file "../sources/dual_axis_servo_drive_hal.c",line 863,column 5,is_stmt,isa 0
    4714 000000fc 0211          MOVB      ACC,#17               ; [CPU_ALU] |863| 
    4715 000000fd D401          MOVB      XAR4,#1               ; [CPU_ALU] |863| 
    4716              $C$DW$305       .dwtag  DW_TAG_TI_branch
    4717                      .dwattr $C$DW$305, DW_AT_low_pc(0x00)
    4718                      .dwattr $C$DW$305, DW_AT_name("GPIO_setDirectionMode")
    4719                      .dwattr $C$DW$305, DW_AT_TI_call
TMS320C2000 Assembler PC v22.6.2 Thu Feb 12 10:37:10 2026

Copyright (c) 1996-2018 Texas Instruments Incorporated
dual_axis_servo_drive_hal.asm                                        PAGE   93

    4720              
    4721 000000fe 7640!         LCR       #||GPIO_setDirectionMode|| ; [CPU_ALU] |863| 
         000000ff 0000 
    4722                      ; call occurs [#||GPIO_setDirectionMode||] ; [] |863| 
    4723                      .dwpsn  file "../sources/dual_axis_servo_drive_hal.c",line 864,column 5,is_stmt,isa 0
    4724 00000100 0200          MOVB      ACC,#0                ; [CPU_ALU] |864| 
    4725 00000101 1E42          MOVL      *-SP[2],ACC           ; [CPU_ALU] |864| 
    4726 00000102 0211          MOVB      ACC,#17               ; [CPU_ALU] |864| 
    4727              $C$DW$306       .dwtag  DW_TAG_TI_branch
    4728                      .dwattr $C$DW$306, DW_AT_low_pc(0x00)
    4729                      .dwattr $C$DW$306, DW_AT_name("GPIO_setPadConfig")
    4730                      .dwattr $C$DW$306, DW_AT_TI_call
    4731              
    4732 00000103 7640!         LCR       #||GPIO_setPadConfig|| ; [CPU_ALU] |864| 
         00000104 0000 
    4733                      ; call occurs [#||GPIO_setPadConfig||] ; [] |864| 
    4734                      .dwpsn  file "../sources/dual_axis_servo_drive_hal.c",line 867,column 5,is_stmt,isa 0
    4735 00000105 8F08          MOVL      XAR4,#525312          ; [CPU_ARAU] |867| 
         00000106 0400 
    4736 00000107 A8A9          MOVL      ACC,XAR4              ; [CPU_ALU] |867| 
    4737              $C$DW$307       .dwtag  DW_TAG_TI_branch
    4738                      .dwattr $C$DW$307, DW_AT_low_pc(0x00)
    4739                      .dwattr $C$DW$307, DW_AT_name("GPIO_setPinConfig")
    4740                      .dwattr $C$DW$307, DW_AT_TI_call
    4741              
    4742 00000108 7640!         LCR       #||GPIO_setPinConfig|| ; [CPU_ALU] |867| 
         00000109 0000 
    4743                      ; call occurs [#||GPIO_setPinConfig||] ; [] |867| 
    4744                      .dwpsn  file "../sources/dual_axis_servo_drive_hal.c",line 868,column 5,is_stmt,isa 0
    4745 0000010a D400          MOVB      XAR4,#0               ; [CPU_ALU] |868| 
    4746 0000010b 0212          MOVB      ACC,#18               ; [CPU_ALU] |868| 
    4747              $C$DW$308       .dwtag  DW_TAG_TI_branch
    4748                      .dwattr $C$DW$308, DW_AT_low_pc(0x00)
    4749                      .dwattr $C$DW$308, DW_AT_name("GPIO_setDirectionMode")
    4750                      .dwattr $C$DW$308, DW_AT_TI_call
    4751              
    4752 0000010c 7640!         LCR       #||GPIO_setDirectionMode|| ; [CPU_ALU] |868| 
         0000010d 0000 
    4753                      ; call occurs [#||GPIO_setDirectionMode||] ; [] |868| 
    4754                      .dwpsn  file "../sources/dual_axis_servo_drive_hal.c",line 869,column 5,is_stmt,isa 0
    4755 0000010e 0200          MOVB      ACC,#0                ; [CPU_ALU] |869| 
    4756 0000010f 1E42          MOVL      *-SP[2],ACC           ; [CPU_ALU] |869| 
    4757 00000110 0212          MOVB      ACC,#18               ; [CPU_ALU] |869| 
    4758              $C$DW$309       .dwtag  DW_TAG_TI_branch
    4759                      .dwattr $C$DW$309, DW_AT_low_pc(0x00)
    4760                      .dwattr $C$DW$309, DW_AT_name("GPIO_setPadConfig")
    4761                      .dwattr $C$DW$309, DW_AT_TI_call
    4762              
    4763 00000111 7640!         LCR       #||GPIO_setPadConfig|| ; [CPU_ALU] |869| 
         00000112 0000 
    4764                      ; call occurs [#||GPIO_setPadConfig||] ; [] |869| 
    4765                      .dwpsn  file "../sources/dual_axis_servo_drive_hal.c",line 872,column 5,is_stmt,isa 0
    4766 00000113 8F08          MOVL      XAR4,#525824          ; [CPU_ARAU] |872| 
         00000114 0600 
    4767 00000115 A8A9          MOVL      ACC,XAR4              ; [CPU_ALU] |872| 
TMS320C2000 Assembler PC v22.6.2 Thu Feb 12 10:37:10 2026

Copyright (c) 1996-2018 Texas Instruments Incorporated
dual_axis_servo_drive_hal.asm                                        PAGE   94

    4768              $C$DW$310       .dwtag  DW_TAG_TI_branch
    4769                      .dwattr $C$DW$310, DW_AT_low_pc(0x00)
    4770                      .dwattr $C$DW$310, DW_AT_name("GPIO_setPinConfig")
    4771                      .dwattr $C$DW$310, DW_AT_TI_call
    4772              
    4773 00000116 7640!         LCR       #||GPIO_setPinConfig|| ; [CPU_ALU] |872| 
         00000117 0000 
    4774                      ; call occurs [#||GPIO_setPinConfig||] ; [] |872| 
    4775                      .dwpsn  file "../sources/dual_axis_servo_drive_hal.c",line 873,column 5,is_stmt,isa 0
    4776 00000118 D400          MOVB      XAR4,#0               ; [CPU_ALU] |873| 
    4777 00000119 0213          MOVB      ACC,#19               ; [CPU_ALU] |873| 
    4778              $C$DW$311       .dwtag  DW_TAG_TI_branch
    4779                      .dwattr $C$DW$311, DW_AT_low_pc(0x00)
    4780                      .dwattr $C$DW$311, DW_AT_name("GPIO_setDirectionMode")
    4781                      .dwattr $C$DW$311, DW_AT_TI_call
    4782              
    4783 0000011a 7640!         LCR       #||GPIO_setDirectionMode|| ; [CPU_ALU] |873| 
         0000011b 0000 
    4784                      ; call occurs [#||GPIO_setDirectionMode||] ; [] |873| 
    4785                      .dwpsn  file "../sources/dual_axis_servo_drive_hal.c",line 874,column 5,is_stmt,isa 0
    4786 0000011c 0200          MOVB      ACC,#0                ; [CPU_ALU] |874| 
    4787 0000011d 1E42          MOVL      *-SP[2],ACC           ; [CPU_ALU] |874| 
    4788 0000011e 0213          MOVB      ACC,#19               ; [CPU_ALU] |874| 
    4789              $C$DW$312       .dwtag  DW_TAG_TI_branch
    4790                      .dwattr $C$DW$312, DW_AT_low_pc(0x00)
    4791                      .dwattr $C$DW$312, DW_AT_name("GPIO_setPadConfig")
    4792                      .dwattr $C$DW$312, DW_AT_TI_call
    4793              
    4794 0000011f 7640!         LCR       #||GPIO_setPadConfig|| ; [CPU_ALU] |874| 
         00000120 0000 
    4795                      ; call occurs [#||GPIO_setPadConfig||] ; [] |874| 
    4796                      .dwpsn  file "../sources/dual_axis_servo_drive_hal.c",line 882,column 5,is_stmt,isa 0
    4797 00000121 8F08          MOVL      XAR4,#527360          ; [CPU_ARAU] |882| 
         00000122 0C00 
    4798 00000123 A8A9          MOVL      ACC,XAR4              ; [CPU_ALU] |882| 
    4799              $C$DW$313       .dwtag  DW_TAG_TI_branch
    4800                      .dwattr $C$DW$313, DW_AT_low_pc(0x00)
    4801                      .dwattr $C$DW$313, DW_AT_name("GPIO_setPinConfig")
    4802                      .dwattr $C$DW$313, DW_AT_TI_call
    4803              
    4804 00000124 7640!         LCR       #||GPIO_setPinConfig|| ; [CPU_ALU] |882| 
         00000125 0000 
    4805                      ; call occurs [#||GPIO_setPinConfig||] ; [] |882| 
    4806                      .dwpsn  file "../sources/dual_axis_servo_drive_hal.c",line 883,column 5,is_stmt,isa 0
    4807 00000126 0214          MOVB      ACC,#20               ; [CPU_ALU] |883| 
    4808 00000127 D400          MOVB      XAR4,#0               ; [CPU_ALU] |883| 
    4809              $C$DW$314       .dwtag  DW_TAG_TI_branch
    4810                      .dwattr $C$DW$314, DW_AT_low_pc(0x00)
    4811                      .dwattr $C$DW$314, DW_AT_name("GPIO_setDirectionMode")
    4812                      .dwattr $C$DW$314, DW_AT_TI_call
    4813              
    4814 00000128 7640!         LCR       #||GPIO_setDirectionMode|| ; [CPU_ALU] |883| 
         00000129 0000 
    4815                      ; call occurs [#||GPIO_setDirectionMode||] ; [] |883| 
    4816                      .dwpsn  file "../sources/dual_axis_servo_drive_hal.c",line 884,column 5,is_stmt,isa 0
TMS320C2000 Assembler PC v22.6.2 Thu Feb 12 10:37:10 2026

Copyright (c) 1996-2018 Texas Instruments Incorporated
dual_axis_servo_drive_hal.asm                                        PAGE   95

    4817 0000012a 0200          MOVB      ACC,#0                ; [CPU_ALU] |884| 
    4818 0000012b 1E42          MOVL      *-SP[2],ACC           ; [CPU_ALU] |884| 
    4819 0000012c 0214          MOVB      ACC,#20               ; [CPU_ALU] |884| 
    4820              $C$DW$315       .dwtag  DW_TAG_TI_branch
    4821                      .dwattr $C$DW$315, DW_AT_low_pc(0x00)
    4822                      .dwattr $C$DW$315, DW_AT_name("GPIO_setPadConfig")
    4823                      .dwattr $C$DW$315, DW_AT_TI_call
    4824              
    4825 0000012d 7640!         LCR       #||GPIO_setPadConfig|| ; [CPU_ALU] |884| 
         0000012e 0000 
    4826                      ; call occurs [#||GPIO_setPadConfig||] ; [] |884| 
    4827                      .dwpsn  file "../sources/dual_axis_servo_drive_hal.c",line 888,column 5,is_stmt,isa 0
    4828 0000012f 8F08          MOVL      XAR4,#527872          ; [CPU_ARAU] |888| 
         00000130 0E00 
    4829 00000131 A8A9          MOVL      ACC,XAR4              ; [CPU_ALU] |888| 
    4830              $C$DW$316       .dwtag  DW_TAG_TI_branch
    4831                      .dwattr $C$DW$316, DW_AT_low_pc(0x00)
    4832                      .dwattr $C$DW$316, DW_AT_name("GPIO_setPinConfig")
    4833                      .dwattr $C$DW$316, DW_AT_TI_call
    4834              
    4835 00000132 7640!         LCR       #||GPIO_setPinConfig|| ; [CPU_ALU] |888| 
         00000133 0000 
    4836                      ; call occurs [#||GPIO_setPinConfig||] ; [] |888| 
    4837                      .dwpsn  file "C:/ti/C2000Ware_MotorControl_SDK_5_04_00_00/c2000ware/driverlib/f28002x/driverlib/gpio.
    4838 00000134 9A00          MOVB      AL,#0                 ; [CPU_ALU] |485| 
    4839 00000135 9B80          MOV       AH,#128               ; [CPU_ALU] |485| 
    4840                      .dwpsn  file "../sources/dual_axis_servo_drive_hal.c",line 890,column 5,is_stmt,isa 0
    4841 00000136 D401          MOVB      XAR4,#1               ; [CPU_ALU] |890| 
    4842                      .dwpsn  file "C:/ti/C2000Ware_MotorControl_SDK_5_04_00_00/c2000ware/driverlib/f28002x/driverlib/gpio.
    4843 00000137 BDA9          MOV32     *(0:0x7f04),ACC       ; [CPU_FPU] |485| 
         00000138 7F04 
    4844                      .dwpsn  file "../sources/dual_axis_servo_drive_hal.c",line 890,column 5,is_stmt,isa 0
    4845 00000139 0217          MOVB      ACC,#23               ; [CPU_ALU] |890| 
    4846              $C$DW$317       .dwtag  DW_TAG_TI_branch
    4847                      .dwattr $C$DW$317, DW_AT_low_pc(0x00)
    4848                      .dwattr $C$DW$317, DW_AT_name("GPIO_setDirectionMode")
    4849                      .dwattr $C$DW$317, DW_AT_TI_call
    4850              
    4851 0000013a 7640!         LCR       #||GPIO_setDirectionMode|| ; [CPU_ALU] |890| 
         0000013b 0000 
    4852                      ; call occurs [#||GPIO_setDirectionMode||] ; [] |890| 
    4853                      .dwpsn  file "../sources/dual_axis_servo_drive_hal.c",line 891,column 5,is_stmt,isa 0
    4854 0000013c 0201          MOVB      ACC,#1                ; [CPU_ALU] |891| 
    4855 0000013d 1E42          MOVL      *-SP[2],ACC           ; [CPU_ALU] |891| 
    4856 0000013e 0217          MOVB      ACC,#23               ; [CPU_ALU] |891| 
    4857              $C$DW$318       .dwtag  DW_TAG_TI_branch
    4858                      .dwattr $C$DW$318, DW_AT_low_pc(0x00)
    4859                      .dwattr $C$DW$318, DW_AT_name("GPIO_setPadConfig")
    4860                      .dwattr $C$DW$318, DW_AT_TI_call
    4861              
    4862 0000013f 7640!         LCR       #||GPIO_setPadConfig|| ; [CPU_ALU] |891| 
         00000140 0000 
    4863                      ; call occurs [#||GPIO_setPadConfig||] ; [] |891| 
    4864                      .dwpsn  file "../sources/dual_axis_servo_drive_hal.c",line 894,column 5,is_stmt,isa 0
    4865 00000141 8F08          MOVL      XAR4,#528384          ; [CPU_ARAU] |894| 
TMS320C2000 Assembler PC v22.6.2 Thu Feb 12 10:37:10 2026

Copyright (c) 1996-2018 Texas Instruments Incorporated
dual_axis_servo_drive_hal.asm                                        PAGE   96

         00000142 1000 
    4866 00000143 A8A9          MOVL      ACC,XAR4              ; [CPU_ALU] |894| 
    4867              $C$DW$319       .dwtag  DW_TAG_TI_branch
    4868                      .dwattr $C$DW$319, DW_AT_low_pc(0x00)
    4869                      .dwattr $C$DW$319, DW_AT_name("GPIO_setPinConfig")
    4870                      .dwattr $C$DW$319, DW_AT_TI_call
    4871              
    4872 00000144 7640!         LCR       #||GPIO_setPinConfig|| ; [CPU_ALU] |894| 
         00000145 0000 
    4873                      ; call occurs [#||GPIO_setPinConfig||] ; [] |894| 
    4874                      .dwpsn  file "../sources/dual_axis_servo_drive_hal.c",line 895,column 5,is_stmt,isa 0
    4875 00000146 D400          MOVB      XAR4,#0               ; [CPU_ALU] |895| 
    4876 00000147 0218          MOVB      ACC,#24               ; [CPU_ALU] |895| 
    4877              $C$DW$320       .dwtag  DW_TAG_TI_branch
    4878                      .dwattr $C$DW$320, DW_AT_low_pc(0x00)
    4879                      .dwattr $C$DW$320, DW_AT_name("GPIO_setDirectionMode")
    4880                      .dwattr $C$DW$320, DW_AT_TI_call
    4881              
    4882 00000148 7640!         LCR       #||GPIO_setDirectionMode|| ; [CPU_ALU] |895| 
         00000149 0000 
    4883                      ; call occurs [#||GPIO_setDirectionMode||] ; [] |895| 
    4884                      .dwpsn  file "../sources/dual_axis_servo_drive_hal.c",line 896,column 5,is_stmt,isa 0
    4885 0000014a 0200          MOVB      ACC,#0                ; [CPU_ALU] |896| 
    4886 0000014b 1E42          MOVL      *-SP[2],ACC           ; [CPU_ALU] |896| 
    4887 0000014c 0218          MOVB      ACC,#24               ; [CPU_ALU] |896| 
    4888              $C$DW$321       .dwtag  DW_TAG_TI_branch
    4889                      .dwattr $C$DW$321, DW_AT_low_pc(0x00)
    4890                      .dwattr $C$DW$321, DW_AT_name("GPIO_setPadConfig")
    4891                      .dwattr $C$DW$321, DW_AT_TI_call
    4892              
    4893 0000014d 7640!         LCR       #||GPIO_setPadConfig|| ; [CPU_ALU] |896| 
         0000014e 0000 
    4894                      ; call occurs [#||GPIO_setPadConfig||] ; [] |896| 
    4895                      .dwpsn  file "../sources/dual_axis_servo_drive_hal.c",line 899,column 5,is_stmt,isa 0
    4896 0000014f 8F08          MOVL      XAR4,#528898          ; [CPU_ARAU] |899| 
         00000150 1202 
    4897 00000151 A8A9          MOVL      ACC,XAR4              ; [CPU_ALU] |899| 
    4898              $C$DW$322       .dwtag  DW_TAG_TI_branch
    4899                      .dwattr $C$DW$322, DW_AT_low_pc(0x00)
    4900                      .dwattr $C$DW$322, DW_AT_name("GPIO_setPinConfig")
    4901                      .dwattr $C$DW$322, DW_AT_TI_call
    4902              
    4903 00000152 7640!         LCR       #||GPIO_setPinConfig|| ; [CPU_ALU] |899| 
         00000153 0000 
    4904                      ; call occurs [#||GPIO_setPinConfig||] ; [] |899| 
    4905                      .dwpsn  file "../sources/dual_axis_servo_drive_hal.c",line 900,column 5,is_stmt,isa 0
    4906 00000154 0219          MOVB      ACC,#25               ; [CPU_ALU] |900| 
    4907 00000155 D401          MOVB      XAR4,#1               ; [CPU_ALU] |900| 
    4908              $C$DW$323       .dwtag  DW_TAG_TI_branch
    4909                      .dwattr $C$DW$323, DW_AT_low_pc(0x00)
    4910                      .dwattr $C$DW$323, DW_AT_name("GPIO_setDirectionMode")
    4911                      .dwattr $C$DW$323, DW_AT_TI_call
    4912              
    4913 00000156 7640!         LCR       #||GPIO_setDirectionMode|| ; [CPU_ALU] |900| 
         00000157 0000 
TMS320C2000 Assembler PC v22.6.2 Thu Feb 12 10:37:10 2026

Copyright (c) 1996-2018 Texas Instruments Incorporated
dual_axis_servo_drive_hal.asm                                        PAGE   97

    4914                      ; call occurs [#||GPIO_setDirectionMode||] ; [] |900| 
    4915                      .dwpsn  file "../sources/dual_axis_servo_drive_hal.c",line 901,column 5,is_stmt,isa 0
    4916 00000158 0201          MOVB      ACC,#1                ; [CPU_ALU] |901| 
    4917 00000159 1E42          MOVL      *-SP[2],ACC           ; [CPU_ALU] |901| 
    4918 0000015a 0219          MOVB      ACC,#25               ; [CPU_ALU] |901| 
    4919              $C$DW$324       .dwtag  DW_TAG_TI_branch
    4920                      .dwattr $C$DW$324, DW_AT_low_pc(0x00)
    4921                      .dwattr $C$DW$324, DW_AT_name("GPIO_setPadConfig")
    4922                      .dwattr $C$DW$324, DW_AT_TI_call
    4923              
    4924 0000015b 7640!         LCR       #||GPIO_setPadConfig|| ; [CPU_ALU] |901| 
         0000015c 0000 
    4925                      ; call occurs [#||GPIO_setPadConfig||] ; [] |901| 
    4926                      .dwpsn  file "../sources/dual_axis_servo_drive_hal.c",line 902,column 5,is_stmt,isa 0
    4927 0000015d D401          MOVB      XAR4,#1               ; [CPU_ALU] |902| 
    4928 0000015e 0219          MOVB      ACC,#25               ; [CPU_ALU] |902| 
    4929              $C$DW$325       .dwtag  DW_TAG_TI_branch
    4930                      .dwattr $C$DW$325, DW_AT_low_pc(0x00)
    4931                      .dwattr $C$DW$325, DW_AT_name("GPIO_setQualificationMode")
    4932                      .dwattr $C$DW$325, DW_AT_TI_call
    4933              
    4934 0000015f 7640!         LCR       #||GPIO_setQualificationMode|| ; [CPU_ALU] |902| 
         00000160 0000 
    4935                      ; call occurs [#||GPIO_setQualificationMode||] ; [] |902| 
    4936                      .dwpsn  file "../sources/dual_axis_servo_drive_hal.c",line 903,column 5,is_stmt,isa 0
    4937 00000161 0204          MOVB      ACC,#4                ; [CPU_ALU] |903| 
    4938 00000162 1E42          MOVL      *-SP[2],ACC           ; [CPU_ALU] |903| 
    4939 00000163 0219          MOVB      ACC,#25               ; [CPU_ALU] |903| 
    4940              $C$DW$326       .dwtag  DW_TAG_TI_branch
    4941                      .dwattr $C$DW$326, DW_AT_low_pc(0x00)
    4942                      .dwattr $C$DW$326, DW_AT_name("GPIO_setQualificationPeriod")
    4943                      .dwattr $C$DW$326, DW_AT_TI_call
    4944              
    4945 00000164 7640!         LCR       #||GPIO_setQualificationPeriod|| ; [CPU_ALU] |903| 
         00000165 0000 
    4946                      ; call occurs [#||GPIO_setQualificationPeriod||] ; [] |903| 
    4947                      .dwpsn  file "../sources/dual_axis_servo_drive_hal.c",line 906,column 5,is_stmt,isa 0
    4948 00000166 8F08          MOVL      XAR4,#529410          ; [CPU_ARAU] |906| 
         00000167 1402 
    4949 00000168 A8A9          MOVL      ACC,XAR4              ; [CPU_ALU] |906| 
    4950              $C$DW$327       .dwtag  DW_TAG_TI_branch
    4951                      .dwattr $C$DW$327, DW_AT_low_pc(0x00)
    4952                      .dwattr $C$DW$327, DW_AT_name("GPIO_setPinConfig")
    4953                      .dwattr $C$DW$327, DW_AT_TI_call
    4954              
    4955 00000169 7640!         LCR       #||GPIO_setPinConfig|| ; [CPU_ALU] |906| 
         0000016a 0000 
    4956                      ; call occurs [#||GPIO_setPinConfig||] ; [] |906| 
    4957                      .dwpsn  file "../sources/dual_axis_servo_drive_hal.c",line 907,column 5,is_stmt,isa 0
    4958 0000016b D401          MOVB      XAR4,#1               ; [CPU_ALU] |907| 
    4959 0000016c 021A          MOVB      ACC,#26               ; [CPU_ALU] |907| 
    4960              $C$DW$328       .dwtag  DW_TAG_TI_branch
    4961                      .dwattr $C$DW$328, DW_AT_low_pc(0x00)
    4962                      .dwattr $C$DW$328, DW_AT_name("GPIO_setDirectionMode")
    4963                      .dwattr $C$DW$328, DW_AT_TI_call
TMS320C2000 Assembler PC v22.6.2 Thu Feb 12 10:37:10 2026

Copyright (c) 1996-2018 Texas Instruments Incorporated
dual_axis_servo_drive_hal.asm                                        PAGE   98

    4964              
    4965 0000016d 7640!         LCR       #||GPIO_setDirectionMode|| ; [CPU_ALU] |907| 
         0000016e 0000 
    4966                      ; call occurs [#||GPIO_setDirectionMode||] ; [] |907| 
    4967                      .dwpsn  file "../sources/dual_axis_servo_drive_hal.c",line 908,column 5,is_stmt,isa 0
    4968 0000016f 0201          MOVB      ACC,#1                ; [CPU_ALU] |908| 
    4969 00000170 1E42          MOVL      *-SP[2],ACC           ; [CPU_ALU] |908| 
    4970 00000171 021A          MOVB      ACC,#26               ; [CPU_ALU] |908| 
    4971              $C$DW$329       .dwtag  DW_TAG_TI_branch
    4972                      .dwattr $C$DW$329, DW_AT_low_pc(0x00)
    4973                      .dwattr $C$DW$329, DW_AT_name("GPIO_setPadConfig")
    4974                      .dwattr $C$DW$329, DW_AT_TI_call
    4975              
    4976 00000172 7640!         LCR       #||GPIO_setPadConfig|| ; [CPU_ALU] |908| 
         00000173 0000 
    4977                      ; call occurs [#||GPIO_setPadConfig||] ; [] |908| 
    4978                      .dwpsn  file "../sources/dual_axis_servo_drive_hal.c",line 909,column 5,is_stmt,isa 0
    4979 00000174 D401          MOVB      XAR4,#1               ; [CPU_ALU] |909| 
    4980 00000175 021A          MOVB      ACC,#26               ; [CPU_ALU] |909| 
    4981              $C$DW$330       .dwtag  DW_TAG_TI_branch
    4982                      .dwattr $C$DW$330, DW_AT_low_pc(0x00)
    4983                      .dwattr $C$DW$330, DW_AT_name("GPIO_setQualificationMode")
    4984                      .dwattr $C$DW$330, DW_AT_TI_call
    4985              
    4986 00000176 7640!         LCR       #||GPIO_setQualificationMode|| ; [CPU_ALU] |909| 
         00000177 0000 
    4987                      ; call occurs [#||GPIO_setQualificationMode||] ; [] |909| 
    4988                      .dwpsn  file "../sources/dual_axis_servo_drive_hal.c",line 910,column 5,is_stmt,isa 0
    4989 00000178 0204          MOVB      ACC,#4                ; [CPU_ALU] |910| 
    4990 00000179 1E42          MOVL      *-SP[2],ACC           ; [CPU_ALU] |910| 
    4991 0000017a 021A          MOVB      ACC,#26               ; [CPU_ALU] |910| 
    4992              $C$DW$331       .dwtag  DW_TAG_TI_branch
    4993                      .dwattr $C$DW$331, DW_AT_low_pc(0x00)
    4994                      .dwattr $C$DW$331, DW_AT_name("GPIO_setQualificationPeriod")
    4995                      .dwattr $C$DW$331, DW_AT_TI_call
    4996              
    4997 0000017b 7640!         LCR       #||GPIO_setQualificationPeriod|| ; [CPU_ALU] |910| 
         0000017c 0000 
    4998                      ; call occurs [#||GPIO_setQualificationPeriod||] ; [] |910| 
    4999                      .dwpsn  file "../sources/dual_axis_servo_drive_hal.c",line 913,column 5,is_stmt,isa 0
    5000 0000017d 8F08          MOVL      XAR4,#529920          ; [CPU_ARAU] |913| 
         0000017e 1600 
    5001 0000017f A8A9          MOVL      ACC,XAR4              ; [CPU_ALU] |913| 
    5002              $C$DW$332       .dwtag  DW_TAG_TI_branch
    5003                      .dwattr $C$DW$332, DW_AT_low_pc(0x00)
    5004                      .dwattr $C$DW$332, DW_AT_name("GPIO_setPinConfig")
    5005                      .dwattr $C$DW$332, DW_AT_TI_call
    5006              
    5007 00000180 7640!         LCR       #||GPIO_setPinConfig|| ; [CPU_ALU] |913| 
         00000181 0000 
    5008                      ; call occurs [#||GPIO_setPinConfig||] ; [] |913| 
    5009                      .dwpsn  file "../sources/dual_axis_servo_drive_hal.c",line 914,column 5,is_stmt,isa 0
    5010 00000182 D401          MOVB      XAR4,#1               ; [CPU_ALU] |914| 
    5011 00000183 021B          MOVB      ACC,#27               ; [CPU_ALU] |914| 
    5012              $C$DW$333       .dwtag  DW_TAG_TI_branch
TMS320C2000 Assembler PC v22.6.2 Thu Feb 12 10:37:10 2026

Copyright (c) 1996-2018 Texas Instruments Incorporated
dual_axis_servo_drive_hal.asm                                        PAGE   99

    5013                      .dwattr $C$DW$333, DW_AT_low_pc(0x00)
    5014                      .dwattr $C$DW$333, DW_AT_name("GPIO_setDirectionMode")
    5015                      .dwattr $C$DW$333, DW_AT_TI_call
    5016              
    5017 00000184 7640!         LCR       #||GPIO_setDirectionMode|| ; [CPU_ALU] |914| 
         00000185 0000 
    5018                      ; call occurs [#||GPIO_setDirectionMode||] ; [] |914| 
    5019                      .dwpsn  file "../sources/dual_axis_servo_drive_hal.c",line 915,column 5,is_stmt,isa 0
    5020 00000186 0200          MOVB      ACC,#0                ; [CPU_ALU] |915| 
    5021 00000187 1E42          MOVL      *-SP[2],ACC           ; [CPU_ALU] |915| 
    5022 00000188 021B          MOVB      ACC,#27               ; [CPU_ALU] |915| 
    5023              $C$DW$334       .dwtag  DW_TAG_TI_branch
    5024                      .dwattr $C$DW$334, DW_AT_low_pc(0x00)
    5025                      .dwattr $C$DW$334, DW_AT_name("GPIO_setPadConfig")
    5026                      .dwattr $C$DW$334, DW_AT_TI_call
    5027              
    5028 00000189 7640!         LCR       #||GPIO_setPadConfig|| ; [CPU_ALU] |915| 
         0000018a 0000 
    5029                      ; call occurs [#||GPIO_setPadConfig||] ; [] |915| 
    5030                      .dwpsn  file "../sources/dual_axis_servo_drive_hal.c",line 918,column 5,is_stmt,isa 0
    5031 0000018b 8F08          MOVL      XAR4,#530433          ; [CPU_ARAU] |918| 
         0000018c 1801 
    5032 0000018d A8A9          MOVL      ACC,XAR4              ; [CPU_ALU] |918| 
    5033              $C$DW$335       .dwtag  DW_TAG_TI_branch
    5034                      .dwattr $C$DW$335, DW_AT_low_pc(0x00)
    5035                      .dwattr $C$DW$335, DW_AT_name("GPIO_setPinConfig")
    5036                      .dwattr $C$DW$335, DW_AT_TI_call
    5037              
    5038 0000018e 7640!         LCR       #||GPIO_setPinConfig|| ; [CPU_ALU] |918| 
         0000018f 0000 
    5039                      ; call occurs [#||GPIO_setPinConfig||] ; [] |918| 
    5040                      .dwpsn  file "../sources/dual_axis_servo_drive_hal.c",line 919,column 5,is_stmt,isa 0
    5041 00000190 D400          MOVB      XAR4,#0               ; [CPU_ALU] |919| 
    5042 00000191 021C          MOVB      ACC,#28               ; [CPU_ALU] |919| 
    5043              $C$DW$336       .dwtag  DW_TAG_TI_branch
    5044                      .dwattr $C$DW$336, DW_AT_low_pc(0x00)
    5045                      .dwattr $C$DW$336, DW_AT_name("GPIO_setDirectionMode")
    5046                      .dwattr $C$DW$336, DW_AT_TI_call
    5047              
    5048 00000192 7640!         LCR       #||GPIO_setDirectionMode|| ; [CPU_ALU] |919| 
         00000193 0000 
    5049                      ; call occurs [#||GPIO_setDirectionMode||] ; [] |919| 
    5050                      .dwpsn  file "../sources/dual_axis_servo_drive_hal.c",line 920,column 5,is_stmt,isa 0
    5051 00000194 0201          MOVB      ACC,#1                ; [CPU_ALU] |920| 
    5052 00000195 1E42          MOVL      *-SP[2],ACC           ; [CPU_ALU] |920| 
    5053 00000196 021C          MOVB      ACC,#28               ; [CPU_ALU] |920| 
    5054              $C$DW$337       .dwtag  DW_TAG_TI_branch
    5055                      .dwattr $C$DW$337, DW_AT_low_pc(0x00)
    5056                      .dwattr $C$DW$337, DW_AT_name("GPIO_setPadConfig")
    5057                      .dwattr $C$DW$337, DW_AT_TI_call
    5058              
    5059 00000197 7640!         LCR       #||GPIO_setPadConfig|| ; [CPU_ALU] |920| 
         00000198 0000 
    5060                      ; call occurs [#||GPIO_setPadConfig||] ; [] |920| 
    5061                      .dwpsn  file "../sources/dual_axis_servo_drive_hal.c",line 923,column 5,is_stmt,isa 0
TMS320C2000 Assembler PC v22.6.2 Thu Feb 12 10:37:10 2026

Copyright (c) 1996-2018 Texas Instruments Incorporated
dual_axis_servo_drive_hal.asm                                        PAGE  100

    5062 00000199 8F08          MOVL      XAR4,#530945          ; [CPU_ARAU] |923| 
         0000019a 1A01 
    5063 0000019b A8A9          MOVL      ACC,XAR4              ; [CPU_ALU] |923| 
    5064              $C$DW$338       .dwtag  DW_TAG_TI_branch
    5065                      .dwattr $C$DW$338, DW_AT_low_pc(0x00)
    5066                      .dwattr $C$DW$338, DW_AT_name("GPIO_setPinConfig")
    5067                      .dwattr $C$DW$338, DW_AT_TI_call
    5068              
    5069 0000019c 7640!         LCR       #||GPIO_setPinConfig|| ; [CPU_ALU] |923| 
         0000019d 0000 
    5070                      ; call occurs [#||GPIO_setPinConfig||] ; [] |923| 
    5071                      .dwpsn  file "../sources/dual_axis_servo_drive_hal.c",line 924,column 5,is_stmt,isa 0
    5072 0000019e D401          MOVB      XAR4,#1               ; [CPU_ALU] |924| 
    5073 0000019f 021D          MOVB      ACC,#29               ; [CPU_ALU] |924| 
    5074              $C$DW$339       .dwtag  DW_TAG_TI_branch
    5075                      .dwattr $C$DW$339, DW_AT_low_pc(0x00)
    5076                      .dwattr $C$DW$339, DW_AT_name("GPIO_setDirectionMode")
    5077                      .dwattr $C$DW$339, DW_AT_TI_call
    5078              
    5079 000001a0 7640!         LCR       #||GPIO_setDirectionMode|| ; [CPU_ALU] |924| 
         000001a1 0000 
    5080                      ; call occurs [#||GPIO_setDirectionMode||] ; [] |924| 
    5081                      .dwpsn  file "../sources/dual_axis_servo_drive_hal.c",line 925,column 5,is_stmt,isa 0
    5082 000001a2 0201          MOVB      ACC,#1                ; [CPU_ALU] |925| 
    5083 000001a3 1E42          MOVL      *-SP[2],ACC           ; [CPU_ALU] |925| 
    5084 000001a4 021D          MOVB      ACC,#29               ; [CPU_ALU] |925| 
    5085              $C$DW$340       .dwtag  DW_TAG_TI_branch
    5086                      .dwattr $C$DW$340, DW_AT_low_pc(0x00)
    5087                      .dwattr $C$DW$340, DW_AT_name("GPIO_setPadConfig")
    5088                      .dwattr $C$DW$340, DW_AT_TI_call
    5089              
    5090 000001a5 7640!         LCR       #||GPIO_setPadConfig|| ; [CPU_ALU] |925| 
         000001a6 0000 
    5091                      ; call occurs [#||GPIO_setPadConfig||] ; [] |925| 
    5092                      .dwpsn  file "../sources/dual_axis_servo_drive_hal.c",line 933,column 5,is_stmt,isa 0
    5093 000001a7 8F08          MOVL      XAR4,#531456          ; [CPU_ARAU] |933| 
         000001a8 1C00 
    5094 000001a9 A8A9          MOVL      ACC,XAR4              ; [CPU_ALU] |933| 
    5095              $C$DW$341       .dwtag  DW_TAG_TI_branch
    5096                      .dwattr $C$DW$341, DW_AT_low_pc(0x00)
    5097                      .dwattr $C$DW$341, DW_AT_name("GPIO_setPinConfig")
    5098                      .dwattr $C$DW$341, DW_AT_TI_call
    5099              
    5100 000001aa 7640!         LCR       #||GPIO_setPinConfig|| ; [CPU_ALU] |933| 
         000001ab 0000 
    5101                      ; call occurs [#||GPIO_setPinConfig||] ; [] |933| 
    5102                      .dwpsn  file "../sources/dual_axis_servo_drive_hal.c",line 934,column 5,is_stmt,isa 0
    5103 000001ac D400          MOVB      XAR4,#0               ; [CPU_ALU] |934| 
    5104 000001ad 021E          MOVB      ACC,#30               ; [CPU_ALU] |934| 
    5105              $C$DW$342       .dwtag  DW_TAG_TI_branch
    5106                      .dwattr $C$DW$342, DW_AT_low_pc(0x00)
    5107                      .dwattr $C$DW$342, DW_AT_name("GPIO_setDirectionMode")
    5108                      .dwattr $C$DW$342, DW_AT_TI_call
    5109              
    5110 000001ae 7640!         LCR       #||GPIO_setDirectionMode|| ; [CPU_ALU] |934| 
TMS320C2000 Assembler PC v22.6.2 Thu Feb 12 10:37:10 2026

Copyright (c) 1996-2018 Texas Instruments Incorporated
dual_axis_servo_drive_hal.asm                                        PAGE  101

         000001af 0000 
    5111                      ; call occurs [#||GPIO_setDirectionMode||] ; [] |934| 
    5112                      .dwpsn  file "../sources/dual_axis_servo_drive_hal.c",line 935,column 5,is_stmt,isa 0
    5113 000001b0 0200          MOVB      ACC,#0                ; [CPU_ALU] |935| 
    5114 000001b1 1E42          MOVL      *-SP[2],ACC           ; [CPU_ALU] |935| 
    5115 000001b2 021E          MOVB      ACC,#30               ; [CPU_ALU] |935| 
    5116              $C$DW$343       .dwtag  DW_TAG_TI_branch
    5117                      .dwattr $C$DW$343, DW_AT_low_pc(0x00)
    5118                      .dwattr $C$DW$343, DW_AT_name("GPIO_setPadConfig")
    5119                      .dwattr $C$DW$343, DW_AT_TI_call
    5120              
    5121 000001b3 7640!         LCR       #||GPIO_setPadConfig|| ; [CPU_ALU] |935| 
         000001b4 0000 
    5122                      ; call occurs [#||GPIO_setPadConfig||] ; [] |935| 
    5123                      .dwpsn  file "../sources/dual_axis_servo_drive_hal.c",line 944,column 5,is_stmt,isa 0
    5124 000001b5 8F08          MOVL      XAR4,#531968          ; [CPU_ARAU] |944| 
         000001b6 1E00 
    5125 000001b7 A8A9          MOVL      ACC,XAR4              ; [CPU_ALU] |944| 
    5126              $C$DW$344       .dwtag  DW_TAG_TI_branch
    5127                      .dwattr $C$DW$344, DW_AT_low_pc(0x00)
    5128                      .dwattr $C$DW$344, DW_AT_name("GPIO_setPinConfig")
    5129                      .dwattr $C$DW$344, DW_AT_TI_call
    5130              
    5131 000001b8 7640!         LCR       #||GPIO_setPinConfig|| ; [CPU_ALU] |944| 
         000001b9 0000 
    5132                      ; call occurs [#||GPIO_setPinConfig||] ; [] |944| 
    5133                      .dwpsn  file "../sources/dual_axis_servo_drive_hal.c",line 945,column 5,is_stmt,isa 0
    5134 000001ba D400          MOVB      XAR4,#0               ; [CPU_ALU] |945| 
    5135 000001bb 021F          MOVB      ACC,#31               ; [CPU_ALU] |945| 
    5136              $C$DW$345       .dwtag  DW_TAG_TI_branch
    5137                      .dwattr $C$DW$345, DW_AT_low_pc(0x00)
    5138                      .dwattr $C$DW$345, DW_AT_name("GPIO_setDirectionMode")
    5139                      .dwattr $C$DW$345, DW_AT_TI_call
    5140              
    5141 000001bc 7640!         LCR       #||GPIO_setDirectionMode|| ; [CPU_ALU] |945| 
         000001bd 0000 
    5142                      ; call occurs [#||GPIO_setDirectionMode||] ; [] |945| 
    5143                      .dwpsn  file "../sources/dual_axis_servo_drive_hal.c",line 946,column 5,is_stmt,isa 0
    5144 000001be 0200          MOVB      ACC,#0                ; [CPU_ALU] |946| 
    5145 000001bf 1E42          MOVL      *-SP[2],ACC           ; [CPU_ALU] |946| 
    5146 000001c0 021F          MOVB      ACC,#31               ; [CPU_ALU] |946| 
    5147              $C$DW$346       .dwtag  DW_TAG_TI_branch
    5148                      .dwattr $C$DW$346, DW_AT_low_pc(0x00)
    5149                      .dwattr $C$DW$346, DW_AT_name("GPIO_setPadConfig")
    5150                      .dwattr $C$DW$346, DW_AT_TI_call
    5151              
    5152 000001c1 7640!         LCR       #||GPIO_setPadConfig|| ; [CPU_ALU] |946| 
         000001c2 0000 
    5153                      ; call occurs [#||GPIO_setPadConfig||] ; [] |946| 
    5154                      .dwpsn  file "../sources/dual_axis_servo_drive_hal.c",line 950,column 5,is_stmt,isa 0
    5155 000001c3 9A00          MOVB      AL,#0                 ; [CPU_ALU] |950| 
    5156 000001c4 9B46          MOV       AH,#70                ; [CPU_ALU] |950| 
    5157              $C$DW$347       .dwtag  DW_TAG_TI_branch
    5158                      .dwattr $C$DW$347, DW_AT_low_pc(0x00)
    5159                      .dwattr $C$DW$347, DW_AT_name("GPIO_setPinConfig")
TMS320C2000 Assembler PC v22.6.2 Thu Feb 12 10:37:10 2026

Copyright (c) 1996-2018 Texas Instruments Incorporated
dual_axis_servo_drive_hal.asm                                        PAGE  102

    5160                      .dwattr $C$DW$347, DW_AT_TI_call
    5161              
    5162 000001c5 7640!         LCR       #||GPIO_setPinConfig|| ; [CPU_ALU] |950| 
         000001c6 0000 
    5163                      ; call occurs [#||GPIO_setPinConfig||] ; [] |950| 
    5164                      .dwpsn  file "../sources/dual_axis_servo_drive_hal.c",line 951,column 5,is_stmt,isa 0
    5165 000001c7 D400          MOVB      XAR4,#0               ; [CPU_ALU] |951| 
    5166 000001c8 0220          MOVB      ACC,#32               ; [CPU_ALU] |951| 
    5167              $C$DW$348       .dwtag  DW_TAG_TI_branch
    5168                      .dwattr $C$DW$348, DW_AT_low_pc(0x00)
    5169                      .dwattr $C$DW$348, DW_AT_name("GPIO_setDirectionMode")
    5170                      .dwattr $C$DW$348, DW_AT_TI_call
    5171              
    5172 000001c9 7640!         LCR       #||GPIO_setDirectionMode|| ; [CPU_ALU] |951| 
         000001ca 0000 
    5173                      ; call occurs [#||GPIO_setDirectionMode||] ; [] |951| 
    5174                      .dwpsn  file "../sources/dual_axis_servo_drive_hal.c",line 952,column 5,is_stmt,isa 0
    5175 000001cb 0200          MOVB      ACC,#0                ; [CPU_ALU] |952| 
    5176 000001cc 1E42          MOVL      *-SP[2],ACC           ; [CPU_ALU] |952| 
    5177 000001cd 0220          MOVB      ACC,#32               ; [CPU_ALU] |952| 
    5178              $C$DW$349       .dwtag  DW_TAG_TI_branch
    5179                      .dwattr $C$DW$349, DW_AT_low_pc(0x00)
    5180                      .dwattr $C$DW$349, DW_AT_name("GPIO_setPadConfig")
    5181                      .dwattr $C$DW$349, DW_AT_TI_call
    5182              
    5183 000001ce 7640!         LCR       #||GPIO_setPadConfig|| ; [CPU_ALU] |952| 
         000001cf 0000 
    5184                      ; call occurs [#||GPIO_setPadConfig||] ; [] |952| 
    5185                      .dwpsn  file "../sources/dual_axis_servo_drive_hal.c",line 960,column 5,is_stmt,isa 0
    5186 000001d0 FF29          MOV       ACC,#8961 << 9        ; [CPU_ALU] |960| 
         000001d1 2301 
    5187              $C$DW$350       .dwtag  DW_TAG_TI_branch
    5188                      .dwattr $C$DW$350, DW_AT_low_pc(0x00)
    5189                      .dwattr $C$DW$350, DW_AT_name("GPIO_setPinConfig")
    5190                      .dwattr $C$DW$350, DW_AT_TI_call
    5191              
    5192 000001d2 7640!         LCR       #||GPIO_setPinConfig|| ; [CPU_ALU] |960| 
         000001d3 0000 
    5193                      ; call occurs [#||GPIO_setPinConfig||] ; [] |960| 
    5194                      .dwpsn  file "../sources/dual_axis_servo_drive_hal.c",line 961,column 5,is_stmt,isa 0
    5195 000001d4 D400          MOVB      XAR4,#0               ; [CPU_ALU] |961| 
    5196 000001d5 0221          MOVB      ACC,#33               ; [CPU_ALU] |961| 
    5197              $C$DW$351       .dwtag  DW_TAG_TI_branch
    5198                      .dwattr $C$DW$351, DW_AT_low_pc(0x00)
    5199                      .dwattr $C$DW$351, DW_AT_name("GPIO_setDirectionMode")
    5200                      .dwattr $C$DW$351, DW_AT_TI_call
    5201              
    5202 000001d6 7640!         LCR       #||GPIO_setDirectionMode|| ; [CPU_ALU] |961| 
         000001d7 0000 
    5203                      ; call occurs [#||GPIO_setDirectionMode||] ; [] |961| 
    5204                      .dwpsn  file "../sources/dual_axis_servo_drive_hal.c",line 962,column 5,is_stmt,isa 0
    5205 000001d8 0200          MOVB      ACC,#0                ; [CPU_ALU] |962| 
    5206 000001d9 1E42          MOVL      *-SP[2],ACC           ; [CPU_ALU] |962| 
    5207 000001da 0221          MOVB      ACC,#33               ; [CPU_ALU] |962| 
    5208              $C$DW$352       .dwtag  DW_TAG_TI_branch
TMS320C2000 Assembler PC v22.6.2 Thu Feb 12 10:37:10 2026

Copyright (c) 1996-2018 Texas Instruments Incorporated
dual_axis_servo_drive_hal.asm                                        PAGE  103

    5209                      .dwattr $C$DW$352, DW_AT_low_pc(0x00)
    5210                      .dwattr $C$DW$352, DW_AT_name("GPIO_setPadConfig")
    5211                      .dwattr $C$DW$352, DW_AT_TI_call
    5212              
    5213 000001db 7640!         LCR       #||GPIO_setPadConfig|| ; [CPU_ALU] |962| 
         000001dc 0000 
    5214                      ; call occurs [#||GPIO_setPadConfig||] ; [] |962| 
    5215                      .dwpsn  file "../sources/dual_axis_servo_drive_hal.c",line 966,column 5,is_stmt,isa 0
    5216 000001dd FF2A          MOV       ACC,#4481 << 10       ; [CPU_ALU] |966| 
         000001de 1181 
    5217              $C$DW$353       .dwtag  DW_TAG_TI_branch
    5218                      .dwattr $C$DW$353, DW_AT_low_pc(0x00)
    5219                      .dwattr $C$DW$353, DW_AT_name("GPIO_setPinConfig")
    5220                      .dwattr $C$DW$353, DW_AT_TI_call
    5221              
    5222 000001df 7640!         LCR       #||GPIO_setPinConfig|| ; [CPU_ALU] |966| 
         000001e0 0000 
    5223                      ; call occurs [#||GPIO_setPinConfig||] ; [] |966| 
    5224                      .dwpsn  file "C:/ti/C2000Ware_MotorControl_SDK_5_04_00_00/c2000ware/driverlib/f28002x/driverlib/gpio.
    5225 000001e1 0204          MOVB      ACC,#4                ; [CPU_ALU] |489| 
    5226                      .dwpsn  file "../sources/dual_axis_servo_drive_hal.c",line 968,column 5,is_stmt,isa 0
    5227 000001e2 D401          MOVB      XAR4,#1               ; [CPU_ALU] |968| 
    5228                      .dwpsn  file "C:/ti/C2000Ware_MotorControl_SDK_5_04_00_00/c2000ware/driverlib/f28002x/driverlib/gpio.
    5229 000001e3 BDA9          MOV32     *(0:0x7f0a),ACC       ; [CPU_FPU] |489| 
         000001e4 7F0A 
    5230                      .dwpsn  file "../sources/dual_axis_servo_drive_hal.c",line 968,column 5,is_stmt,isa 0
    5231 000001e5 0222          MOVB      ACC,#34               ; [CPU_ALU] |968| 
    5232              $C$DW$354       .dwtag  DW_TAG_TI_branch
    5233                      .dwattr $C$DW$354, DW_AT_low_pc(0x00)
    5234                      .dwattr $C$DW$354, DW_AT_name("GPIO_setDirectionMode")
    5235                      .dwattr $C$DW$354, DW_AT_TI_call
    5236              
    5237 000001e6 7640!         LCR       #||GPIO_setDirectionMode|| ; [CPU_ALU] |968| 
         000001e7 0000 
    5238                      ; call occurs [#||GPIO_setDirectionMode||] ; [] |968| 
    5239                      .dwpsn  file "../sources/dual_axis_servo_drive_hal.c",line 969,column 5,is_stmt,isa 0
    5240 000001e8 0200          MOVB      ACC,#0                ; [CPU_ALU] |969| 
    5241 000001e9 1E42          MOVL      *-SP[2],ACC           ; [CPU_ALU] |969| 
    5242 000001ea 0222          MOVB      ACC,#34               ; [CPU_ALU] |969| 
    5243              $C$DW$355       .dwtag  DW_TAG_TI_branch
    5244                      .dwattr $C$DW$355, DW_AT_low_pc(0x00)
    5245                      .dwattr $C$DW$355, DW_AT_name("GPIO_setPadConfig")
    5246                      .dwattr $C$DW$355, DW_AT_TI_call
    5247              
    5248 000001eb 7640!         LCR       #||GPIO_setPadConfig|| ; [CPU_ALU] |969| 
         000001ec 0000 
    5249                      ; call occurs [#||GPIO_setPadConfig||] ; [] |969| 
    5250                      .dwpsn  file "../sources/dual_axis_servo_drive_hal.c",line 972,column 5,is_stmt,isa 0
    5251 000001ed FF29          MOV       ACC,#8963 << 9        ; [CPU_ALU] |972| 
         000001ee 2303 
    5252              $C$DW$356       .dwtag  DW_TAG_TI_branch
    5253                      .dwattr $C$DW$356, DW_AT_low_pc(0x00)
    5254                      .dwattr $C$DW$356, DW_AT_name("GPIO_setPinConfig")
    5255                      .dwattr $C$DW$356, DW_AT_TI_call
    5256              
TMS320C2000 Assembler PC v22.6.2 Thu Feb 12 10:37:10 2026

Copyright (c) 1996-2018 Texas Instruments Incorporated
dual_axis_servo_drive_hal.asm                                        PAGE  104

    5257 000001ef 7640!         LCR       #||GPIO_setPinConfig|| ; [CPU_ALU] |972| 
         000001f0 0000 
    5258                      ; call occurs [#||GPIO_setPinConfig||] ; [] |972| 
    5259                      .dwpsn  file "../sources/dual_axis_servo_drive_hal.c",line 973,column 5,is_stmt,isa 0
    5260 000001f1 D400          MOVB      XAR4,#0               ; [CPU_ALU] |973| 
    5261 000001f2 0223          MOVB      ACC,#35               ; [CPU_ALU] |973| 
    5262              $C$DW$357       .dwtag  DW_TAG_TI_branch
    5263                      .dwattr $C$DW$357, DW_AT_low_pc(0x00)
    5264                      .dwattr $C$DW$357, DW_AT_name("GPIO_setDirectionMode")
    5265                      .dwattr $C$DW$357, DW_AT_TI_call
    5266              
    5267 000001f3 7640!         LCR       #||GPIO_setDirectionMode|| ; [CPU_ALU] |973| 
         000001f4 0000 
    5268                      ; call occurs [#||GPIO_setDirectionMode||] ; [] |973| 
    5269                      .dwpsn  file "../sources/dual_axis_servo_drive_hal.c",line 974,column 5,is_stmt,isa 0
    5270 000001f5 0200          MOVB      ACC,#0                ; [CPU_ALU] |974| 
    5271 000001f6 1E42          MOVL      *-SP[2],ACC           ; [CPU_ALU] |974| 
    5272 000001f7 0223          MOVB      ACC,#35               ; [CPU_ALU] |974| 
    5273              $C$DW$358       .dwtag  DW_TAG_TI_branch
    5274                      .dwattr $C$DW$358, DW_AT_low_pc(0x00)
    5275                      .dwattr $C$DW$358, DW_AT_name("GPIO_setPadConfig")
    5276                      .dwattr $C$DW$358, DW_AT_TI_call
    5277              
    5278 000001f8 7640!         LCR       #||GPIO_setPadConfig|| ; [CPU_ALU] |974| 
         000001f9 0000 
    5279                      ; call occurs [#||GPIO_setPadConfig||] ; [] |974| 
    5280                      .dwpsn  file "../sources/dual_axis_servo_drive_hal.c",line 982,column 5,is_stmt,isa 0
    5281 000001fa FF29          MOV       ACC,#8961 << 9        ; [CPU_ALU] |982| 
         000001fb 2301 
    5282              $C$DW$359       .dwtag  DW_TAG_TI_branch
    5283                      .dwattr $C$DW$359, DW_AT_low_pc(0x00)
    5284                      .dwattr $C$DW$359, DW_AT_name("GPIO_setPinConfig")
    5285                      .dwattr $C$DW$359, DW_AT_TI_call
    5286              
    5287 000001fc 7640!         LCR       #||GPIO_setPinConfig|| ; [CPU_ALU] |982| 
         000001fd 0000 
    5288                      ; call occurs [#||GPIO_setPinConfig||] ; [] |982| 
    5289                      .dwpsn  file "../sources/dual_axis_servo_drive_hal.c",line 983,column 5,is_stmt,isa 0
    5290 000001fe D400          MOVB      XAR4,#0               ; [CPU_ALU] |983| 
    5291 000001ff 0221          MOVB      ACC,#33               ; [CPU_ALU] |983| 
    5292              $C$DW$360       .dwtag  DW_TAG_TI_branch
    5293                      .dwattr $C$DW$360, DW_AT_low_pc(0x00)
    5294                      .dwattr $C$DW$360, DW_AT_name("GPIO_setDirectionMode")
    5295                      .dwattr $C$DW$360, DW_AT_TI_call
    5296              
    5297 00000200 7640!         LCR       #||GPIO_setDirectionMode|| ; [CPU_ALU] |983| 
         00000201 0000 
    5298                      ; call occurs [#||GPIO_setDirectionMode||] ; [] |983| 
    5299                      .dwpsn  file "../sources/dual_axis_servo_drive_hal.c",line 984,column 5,is_stmt,isa 0
    5300 00000202 0200          MOVB      ACC,#0                ; [CPU_ALU] |984| 
    5301 00000203 1E42          MOVL      *-SP[2],ACC           ; [CPU_ALU] |984| 
    5302 00000204 0221          MOVB      ACC,#33               ; [CPU_ALU] |984| 
    5303              $C$DW$361       .dwtag  DW_TAG_TI_branch
    5304                      .dwattr $C$DW$361, DW_AT_low_pc(0x00)
    5305                      .dwattr $C$DW$361, DW_AT_name("GPIO_setPadConfig")
TMS320C2000 Assembler PC v22.6.2 Thu Feb 12 10:37:10 2026

Copyright (c) 1996-2018 Texas Instruments Incorporated
dual_axis_servo_drive_hal.asm                                        PAGE  105

    5306                      .dwattr $C$DW$361, DW_AT_TI_call
    5307              
    5308 00000205 7640!         LCR       #||GPIO_setPadConfig|| ; [CPU_ALU] |984| 
         00000206 0000 
    5309                      ; call occurs [#||GPIO_setPadConfig||] ; [] |984| 
    5310                      .dwpsn  file "../sources/dual_axis_servo_drive_hal.c",line 988,column 5,is_stmt,isa 0
    5311 00000207 28A9          MOV       AL,#2569              ; [CPU_ALU] |988| 
         00000208 0A09 
    5312 00000209 9B46          MOV       AH,#70                ; [CPU_ALU] |988| 
    5313              $C$DW$362       .dwtag  DW_TAG_TI_branch
    5314                      .dwattr $C$DW$362, DW_AT_low_pc(0x00)
    5315                      .dwattr $C$DW$362, DW_AT_name("GPIO_setPinConfig")
    5316                      .dwattr $C$DW$362, DW_AT_TI_call
    5317              
    5318 0000020a 7640!         LCR       #||GPIO_setPinConfig|| ; [CPU_ALU] |988| 
         0000020b 0000 
    5319                      ; call occurs [#||GPIO_setPinConfig||] ; [] |988| 
    5320                      .dwpsn  file "../sources/dual_axis_servo_drive_hal.c",line 989,column 5,is_stmt,isa 0
    5321 0000020c D400          MOVB      XAR4,#0               ; [CPU_ALU] |989| 
    5322 0000020d 0225          MOVB      ACC,#37               ; [CPU_ALU] |989| 
    5323              $C$DW$363       .dwtag  DW_TAG_TI_branch
    5324                      .dwattr $C$DW$363, DW_AT_low_pc(0x00)
    5325                      .dwattr $C$DW$363, DW_AT_name("GPIO_setDirectionMode")
    5326                      .dwattr $C$DW$363, DW_AT_TI_call
    5327              
    5328 0000020e 7640!         LCR       #||GPIO_setDirectionMode|| ; [CPU_ALU] |989| 
         0000020f 0000 
    5329                      ; call occurs [#||GPIO_setDirectionMode||] ; [] |989| 
    5330                      .dwpsn  file "../sources/dual_axis_servo_drive_hal.c",line 990,column 5,is_stmt,isa 0
    5331 00000210 0201          MOVB      ACC,#1                ; [CPU_ALU] |990| 
    5332 00000211 1E42          MOVL      *-SP[2],ACC           ; [CPU_ALU] |990| 
    5333 00000212 0225          MOVB      ACC,#37               ; [CPU_ALU] |990| 
    5334              $C$DW$364       .dwtag  DW_TAG_TI_branch
    5335                      .dwattr $C$DW$364, DW_AT_low_pc(0x00)
    5336                      .dwattr $C$DW$364, DW_AT_name("GPIO_setPadConfig")
    5337                      .dwattr $C$DW$364, DW_AT_TI_call
    5338              
    5339 00000213 7640!         LCR       #||GPIO_setPadConfig|| ; [CPU_ALU] |990| 
         00000214 0000 
    5340                      ; call occurs [#||GPIO_setPadConfig||] ; [] |990| 
    5341                      .dwpsn  file "../sources/dual_axis_servo_drive_hal.c",line 991,column 5,is_stmt,isa 0
    5342 00000215 D401          MOVB      XAR4,#1               ; [CPU_ALU] |991| 
    5343 00000216 0225          MOVB      ACC,#37               ; [CPU_ALU] |991| 
    5344              $C$DW$365       .dwtag  DW_TAG_TI_branch
    5345                      .dwattr $C$DW$365, DW_AT_low_pc(0x00)
    5346                      .dwattr $C$DW$365, DW_AT_name("GPIO_setQualificationMode")
    5347                      .dwattr $C$DW$365, DW_AT_TI_call
    5348              
    5349 00000217 7640!         LCR       #||GPIO_setQualificationMode|| ; [CPU_ALU] |991| 
         00000218 0000 
    5350                      ; call occurs [#||GPIO_setQualificationMode||] ; [] |991| 
    5351                      .dwpsn  file "../sources/dual_axis_servo_drive_hal.c",line 992,column 5,is_stmt,isa 0
    5352 00000219 0204          MOVB      ACC,#4                ; [CPU_ALU] |992| 
    5353 0000021a 1E42          MOVL      *-SP[2],ACC           ; [CPU_ALU] |992| 
    5354 0000021b 0225          MOVB      ACC,#37               ; [CPU_ALU] |992| 
TMS320C2000 Assembler PC v22.6.2 Thu Feb 12 10:37:10 2026

Copyright (c) 1996-2018 Texas Instruments Incorporated
dual_axis_servo_drive_hal.asm                                        PAGE  106

    5355              $C$DW$366       .dwtag  DW_TAG_TI_branch
    5356                      .dwattr $C$DW$366, DW_AT_low_pc(0x00)
    5357                      .dwattr $C$DW$366, DW_AT_name("GPIO_setQualificationPeriod")
    5358                      .dwattr $C$DW$366, DW_AT_TI_call
    5359              
    5360 0000021c 7640!         LCR       #||GPIO_setQualificationPeriod|| ; [CPU_ALU] |992| 
         0000021d 0000 
    5361                      ; call occurs [#||GPIO_setQualificationPeriod||] ; [] |992| 
    5362                      .dwpsn  file "../sources/dual_axis_servo_drive_hal.c",line 995,column 5,is_stmt,isa 0
    5363 0000021e FF29          MOV       ACC,#8967 << 9        ; [CPU_ALU] |995| 
         0000021f 2307 
    5364              $C$DW$367       .dwtag  DW_TAG_TI_branch
    5365                      .dwattr $C$DW$367, DW_AT_low_pc(0x00)
    5366                      .dwattr $C$DW$367, DW_AT_name("GPIO_setPinConfig")
    5367                      .dwattr $C$DW$367, DW_AT_TI_call
    5368              
    5369 00000220 7640!         LCR       #||GPIO_setPinConfig|| ; [CPU_ALU] |995| 
         00000221 0000 
    5370                      ; call occurs [#||GPIO_setPinConfig||] ; [] |995| 
    5371                      .dwpsn  file "C:/ti/C2000Ware_MotorControl_SDK_5_04_00_00/c2000ware/driverlib/f28002x/driverlib/gpio.
    5372 00000222 0280          MOVB      ACC,#128              ; [CPU_ALU] |485| 
    5373 00000223 BDA9          MOV32     *(0:0x7f0c),ACC       ; [CPU_FPU] |485| 
         00000224 7F0C 
    5374                      .dwpsn  file "../sources/dual_axis_servo_drive_hal.c",line 997,column 5,is_stmt,isa 0
    5375 00000225 D401          MOVB      XAR4,#1               ; [CPU_ALU] |997| 
    5376 00000226 0227          MOVB      ACC,#39               ; [CPU_ALU] |997| 
    5377              $C$DW$368       .dwtag  DW_TAG_TI_branch
    5378                      .dwattr $C$DW$368, DW_AT_low_pc(0x00)
    5379                      .dwattr $C$DW$368, DW_AT_name("GPIO_setDirectionMode")
    5380                      .dwattr $C$DW$368, DW_AT_TI_call
    5381              
    5382 00000227 7640!         LCR       #||GPIO_setDirectionMode|| ; [CPU_ALU] |997| 
         00000228 0000 
    5383                      ; call occurs [#||GPIO_setDirectionMode||] ; [] |997| 
    5384                      .dwpsn  file "../sources/dual_axis_servo_drive_hal.c",line 998,column 5,is_stmt,isa 0
    5385 00000229 0201          MOVB      ACC,#1                ; [CPU_ALU] |998| 
    5386 0000022a 1E42          MOVL      *-SP[2],ACC           ; [CPU_ALU] |998| 
    5387 0000022b 0227          MOVB      ACC,#39               ; [CPU_ALU] |998| 
    5388              $C$DW$369       .dwtag  DW_TAG_TI_branch
    5389                      .dwattr $C$DW$369, DW_AT_low_pc(0x00)
    5390                      .dwattr $C$DW$369, DW_AT_name("GPIO_setPadConfig")
    5391                      .dwattr $C$DW$369, DW_AT_TI_call
    5392              
    5393 0000022c 7640!         LCR       #||GPIO_setPadConfig|| ; [CPU_ALU] |998| 
         0000022d 0000 
    5394                      ; call occurs [#||GPIO_setPadConfig||] ; [] |998| 
    5395                      .dwpsn  file "../sources/dual_axis_servo_drive_hal.c",line 1001,column 5,is_stmt,isa 0
    5396 0000022e FF2C          MOV       ACC,#1121 << 12       ; [CPU_ALU] |1001| 
         0000022f 0461 
    5397              $C$DW$370       .dwtag  DW_TAG_TI_branch
    5398                      .dwattr $C$DW$370, DW_AT_low_pc(0x00)
    5399                      .dwattr $C$DW$370, DW_AT_name("GPIO_setPinConfig")
    5400                      .dwattr $C$DW$370, DW_AT_TI_call
    5401              
    5402 00000230 7640!         LCR       #||GPIO_setPinConfig|| ; [CPU_ALU] |1001| 
TMS320C2000 Assembler PC v22.6.2 Thu Feb 12 10:37:10 2026

Copyright (c) 1996-2018 Texas Instruments Incorporated
dual_axis_servo_drive_hal.asm                                        PAGE  107

         00000231 0000 
    5403                      ; call occurs [#||GPIO_setPinConfig||] ; [] |1001| 
    5404                      .dwpsn  file "../sources/dual_axis_servo_drive_hal.c",line 1002,column 5,is_stmt,isa 0
    5405 00000232 D400          MOVB      XAR4,#0               ; [CPU_ALU] |1002| 
    5406 00000233 0228          MOVB      ACC,#40               ; [CPU_ALU] |1002| 
    5407              $C$DW$371       .dwtag  DW_TAG_TI_branch
    5408                      .dwattr $C$DW$371, DW_AT_low_pc(0x00)
    5409                      .dwattr $C$DW$371, DW_AT_name("GPIO_setDirectionMode")
    5410                      .dwattr $C$DW$371, DW_AT_TI_call
    5411              
    5412 00000234 7640!         LCR       #||GPIO_setDirectionMode|| ; [CPU_ALU] |1002| 
         00000235 0000 
    5413                      ; call occurs [#||GPIO_setDirectionMode||] ; [] |1002| 
    5414                      .dwpsn  file "../sources/dual_axis_servo_drive_hal.c",line 1003,column 5,is_stmt,isa 0
    5415 00000236 0200          MOVB      ACC,#0                ; [CPU_ALU] |1003| 
    5416 00000237 1E42          MOVL      *-SP[2],ACC           ; [CPU_ALU] |1003| 
    5417 00000238 0228          MOVB      ACC,#40               ; [CPU_ALU] |1003| 
    5418              $C$DW$372       .dwtag  DW_TAG_TI_branch
    5419                      .dwattr $C$DW$372, DW_AT_low_pc(0x00)
    5420                      .dwattr $C$DW$372, DW_AT_name("GPIO_setPadConfig")
    5421                      .dwattr $C$DW$372, DW_AT_TI_call
    5422              
    5423 00000239 7640!         LCR       #||GPIO_setPadConfig|| ; [CPU_ALU] |1003| 
         0000023a 0000 
    5424                      ; call occurs [#||GPIO_setPadConfig||] ; [] |1003| 
    5425                      .dwpsn  file "../sources/dual_axis_servo_drive_hal.c",line 1006,column 5,is_stmt,isa 0
    5426 0000023b FF29          MOV       ACC,#8969 << 9        ; [CPU_ALU] |1006| 
         0000023c 2309 
    5427              $C$DW$373       .dwtag  DW_TAG_TI_branch
    5428                      .dwattr $C$DW$373, DW_AT_low_pc(0x00)
    5429                      .dwattr $C$DW$373, DW_AT_name("GPIO_setPinConfig")
    5430                      .dwattr $C$DW$373, DW_AT_TI_call
    5431              
    5432 0000023d 7640!         LCR       #||GPIO_setPinConfig|| ; [CPU_ALU] |1006| 
         0000023e 0000 
    5433                      ; call occurs [#||GPIO_setPinConfig||] ; [] |1006| 
    5434                      .dwpsn  file "../sources/dual_axis_servo_drive_hal.c",line 1007,column 5,is_stmt,isa 0
    5435 0000023f D400          MOVB      XAR4,#0               ; [CPU_ALU] |1007| 
    5436 00000240 0229          MOVB      ACC,#41               ; [CPU_ALU] |1007| 
    5437              $C$DW$374       .dwtag  DW_TAG_TI_branch
    5438                      .dwattr $C$DW$374, DW_AT_low_pc(0x00)
    5439                      .dwattr $C$DW$374, DW_AT_name("GPIO_setDirectionMode")
    5440                      .dwattr $C$DW$374, DW_AT_TI_call
    5441              
    5442 00000241 7640!         LCR       #||GPIO_setDirectionMode|| ; [CPU_ALU] |1007| 
         00000242 0000 
    5443                      ; call occurs [#||GPIO_setDirectionMode||] ; [] |1007| 
    5444                      .dwpsn  file "../sources/dual_axis_servo_drive_hal.c",line 1008,column 5,is_stmt,isa 0
    5445 00000243 0200          MOVB      ACC,#0                ; [CPU_ALU] |1008| 
    5446 00000244 1E42          MOVL      *-SP[2],ACC           ; [CPU_ALU] |1008| 
    5447 00000245 0229          MOVB      ACC,#41               ; [CPU_ALU] |1008| 
    5448              $C$DW$375       .dwtag  DW_TAG_TI_branch
    5449                      .dwattr $C$DW$375, DW_AT_low_pc(0x00)
    5450                      .dwattr $C$DW$375, DW_AT_name("GPIO_setPadConfig")
    5451                      .dwattr $C$DW$375, DW_AT_TI_call
TMS320C2000 Assembler PC v22.6.2 Thu Feb 12 10:37:10 2026

Copyright (c) 1996-2018 Texas Instruments Incorporated
dual_axis_servo_drive_hal.asm                                        PAGE  108

    5452              
    5453 00000246 7640!         LCR       #||GPIO_setPadConfig|| ; [CPU_ALU] |1008| 
         00000247 0000 
    5454                      ; call occurs [#||GPIO_setPadConfig||] ; [] |1008| 
    5455                      .dwpsn  file "../sources/dual_axis_servo_drive_hal.c",line 1011,column 5,is_stmt,isa 0
    5456 00000248 FF2A          MOV       ACC,#4485 << 10       ; [CPU_ALU] |1011| 
         00000249 1185 
    5457              $C$DW$376       .dwtag  DW_TAG_TI_branch
    5458                      .dwattr $C$DW$376, DW_AT_low_pc(0x00)
    5459                      .dwattr $C$DW$376, DW_AT_name("GPIO_setPinConfig")
    5460                      .dwattr $C$DW$376, DW_AT_TI_call
    5461              
    5462 0000024a 7640!         LCR       #||GPIO_setPinConfig|| ; [CPU_ALU] |1011| 
         0000024b 0000 
    5463                      ; call occurs [#||GPIO_setPinConfig||] ; [] |1011| 
    5464                      .dwpsn  file "../sources/dual_axis_servo_drive_hal.c",line 1012,column 5,is_stmt,isa 0
    5465 0000024c 022A          MOVB      ACC,#42               ; [CPU_ALU] |1012| 
    5466 0000024d D400          MOVB      XAR4,#0               ; [CPU_ALU] |1012| 
    5467              $C$DW$377       .dwtag  DW_TAG_TI_branch
    5468                      .dwattr $C$DW$377, DW_AT_low_pc(0x00)
    5469                      .dwattr $C$DW$377, DW_AT_name("GPIO_setDirectionMode")
    5470                      .dwattr $C$DW$377, DW_AT_TI_call
    5471              
    5472 0000024e 7640!         LCR       #||GPIO_setDirectionMode|| ; [CPU_ALU] |1012| 
         0000024f 0000 
    5473                      ; call occurs [#||GPIO_setDirectionMode||] ; [] |1012| 
    5474                      .dwpsn  file "../sources/dual_axis_servo_drive_hal.c",line 1013,column 5,is_stmt,isa 0
    5475 00000250 0201          MOVB      ACC,#1                ; [CPU_ALU] |1013| 
    5476 00000251 1E42          MOVL      *-SP[2],ACC           ; [CPU_ALU] |1013| 
    5477 00000252 022A          MOVB      ACC,#42               ; [CPU_ALU] |1013| 
    5478              $C$DW$378       .dwtag  DW_TAG_TI_branch
    5479                      .dwattr $C$DW$378, DW_AT_low_pc(0x00)
    5480                      .dwattr $C$DW$378, DW_AT_name("GPIO_setPadConfig")
    5481                      .dwattr $C$DW$378, DW_AT_TI_call
    5482              
    5483 00000253 7640!         LCR       #||GPIO_setPadConfig|| ; [CPU_ALU] |1013| 
         00000254 0000 
    5484                      ; call occurs [#||GPIO_setPadConfig||] ; [] |1013| 
    5485                      .dwpsn  file "../sources/dual_axis_servo_drive_hal.c",line 1016,column 5,is_stmt,isa 0
    5486 00000255 28A9          MOV       AL,#5642              ; [CPU_ALU] |1016| 
         00000256 160A 
    5487 00000257 9B46          MOV       AH,#70                ; [CPU_ALU] |1016| 
    5488              $C$DW$379       .dwtag  DW_TAG_TI_branch
    5489                      .dwattr $C$DW$379, DW_AT_low_pc(0x00)
    5490                      .dwattr $C$DW$379, DW_AT_name("GPIO_setPinConfig")
    5491                      .dwattr $C$DW$379, DW_AT_TI_call
    5492              
    5493 00000258 7640!         LCR       #||GPIO_setPinConfig|| ; [CPU_ALU] |1016| 
         00000259 0000 
    5494                      ; call occurs [#||GPIO_setPinConfig||] ; [] |1016| 
    5495                      .dwpsn  file "../sources/dual_axis_servo_drive_hal.c",line 1017,column 5,is_stmt,isa 0
    5496 0000025a D400          MOVB      XAR4,#0               ; [CPU_ALU] |1017| 
    5497 0000025b 022B          MOVB      ACC,#43               ; [CPU_ALU] |1017| 
    5498              $C$DW$380       .dwtag  DW_TAG_TI_branch
    5499                      .dwattr $C$DW$380, DW_AT_low_pc(0x00)
TMS320C2000 Assembler PC v22.6.2 Thu Feb 12 10:37:10 2026

Copyright (c) 1996-2018 Texas Instruments Incorporated
dual_axis_servo_drive_hal.asm                                        PAGE  109

    5500                      .dwattr $C$DW$380, DW_AT_name("GPIO_setDirectionMode")
    5501                      .dwattr $C$DW$380, DW_AT_TI_call
    5502              
    5503 0000025c 7640!         LCR       #||GPIO_setDirectionMode|| ; [CPU_ALU] |1017| 
         0000025d 0000 
    5504                      ; call occurs [#||GPIO_setDirectionMode||] ; [] |1017| 
    5505                      .dwpsn  file "../sources/dual_axis_servo_drive_hal.c",line 1018,column 5,is_stmt,isa 0
    5506 0000025e 0201          MOVB      ACC,#1                ; [CPU_ALU] |1018| 
    5507 0000025f 1E42          MOVL      *-SP[2],ACC           ; [CPU_ALU] |1018| 
    5508 00000260 022B          MOVB      ACC,#43               ; [CPU_ALU] |1018| 
    5509              $C$DW$381       .dwtag  DW_TAG_TI_branch
    5510                      .dwattr $C$DW$381, DW_AT_low_pc(0x00)
    5511                      .dwattr $C$DW$381, DW_AT_name("GPIO_setPadConfig")
    5512                      .dwattr $C$DW$381, DW_AT_TI_call
    5513              
    5514 00000261 7640!         LCR       #||GPIO_setPadConfig|| ; [CPU_ALU] |1018| 
         00000262 0000 
    5515                      ; call occurs [#||GPIO_setPadConfig||] ; [] |1018| 
    5516                      .dwpsn  file "../sources/dual_axis_servo_drive_hal.c",line 1019,column 5,is_stmt,isa 0
    5517 00000263 D401          MOVB      XAR4,#1               ; [CPU_ALU] |1019| 
    5518 00000264 022B          MOVB      ACC,#43               ; [CPU_ALU] |1019| 
    5519              $C$DW$382       .dwtag  DW_TAG_TI_branch
    5520                      .dwattr $C$DW$382, DW_AT_low_pc(0x00)
    5521                      .dwattr $C$DW$382, DW_AT_name("GPIO_setQualificationMode")
    5522                      .dwattr $C$DW$382, DW_AT_TI_call
    5523              
    5524 00000265 7640!         LCR       #||GPIO_setQualificationMode|| ; [CPU_ALU] |1019| 
         00000266 0000 
    5525                      ; call occurs [#||GPIO_setQualificationMode||] ; [] |1019| 
    5526                      .dwpsn  file "../sources/dual_axis_servo_drive_hal.c",line 1020,column 5,is_stmt,isa 0
    5527 00000267 0204          MOVB      ACC,#4                ; [CPU_ALU] |1020| 
    5528 00000268 1E42          MOVL      *-SP[2],ACC           ; [CPU_ALU] |1020| 
    5529 00000269 022B          MOVB      ACC,#43               ; [CPU_ALU] |1020| 
    5530              $C$DW$383       .dwtag  DW_TAG_TI_branch
    5531                      .dwattr $C$DW$383, DW_AT_low_pc(0x00)
    5532                      .dwattr $C$DW$383, DW_AT_name("GPIO_setQualificationPeriod")
    5533                      .dwattr $C$DW$383, DW_AT_TI_call
    5534              
    5535 0000026a 7640!         LCR       #||GPIO_setQualificationPeriod|| ; [CPU_ALU] |1020| 
         0000026b 0000 
    5536                      ; call occurs [#||GPIO_setQualificationPeriod||] ; [] |1020| 
    5537                      .dwpsn  file "../sources/dual_axis_servo_drive_hal.c",line 1023,column 5,is_stmt,isa 0
    5538 0000026c 28A9          MOV       AL,#6149              ; [CPU_ALU] |1023| 
         0000026d 1805 
    5539 0000026e 9B46          MOV       AH,#70                ; [CPU_ALU] |1023| 
    5540              $C$DW$384       .dwtag  DW_TAG_TI_branch
    5541                      .dwattr $C$DW$384, DW_AT_low_pc(0x00)
    5542                      .dwattr $C$DW$384, DW_AT_name("GPIO_setPinConfig")
    5543                      .dwattr $C$DW$384, DW_AT_TI_call
    5544              
    5545 0000026f 7640!         LCR       #||GPIO_setPinConfig|| ; [CPU_ALU] |1023| 
         00000270 0000 
    5546                      ; call occurs [#||GPIO_setPinConfig||] ; [] |1023| 
    5547                      .dwpsn  file "../sources/dual_axis_servo_drive_hal.c",line 1024,column 5,is_stmt,isa 0
    5548 00000271 D400          MOVB      XAR4,#0               ; [CPU_ALU] |1024| 
TMS320C2000 Assembler PC v22.6.2 Thu Feb 12 10:37:10 2026

Copyright (c) 1996-2018 Texas Instruments Incorporated
dual_axis_servo_drive_hal.asm                                        PAGE  110

    5549 00000272 022C          MOVB      ACC,#44               ; [CPU_ALU] |1024| 
    5550              $C$DW$385       .dwtag  DW_TAG_TI_branch
    5551                      .dwattr $C$DW$385, DW_AT_low_pc(0x00)
    5552                      .dwattr $C$DW$385, DW_AT_name("GPIO_setDirectionMode")
    5553                      .dwattr $C$DW$385, DW_AT_TI_call
    5554              
    5555 00000273 7640!         LCR       #||GPIO_setDirectionMode|| ; [CPU_ALU] |1024| 
         00000274 0000 
    5556                      ; call occurs [#||GPIO_setDirectionMode||] ; [] |1024| 
    5557                      .dwpsn  file "../sources/dual_axis_servo_drive_hal.c",line 1025,column 5,is_stmt,isa 0
    5558 00000275 0201          MOVB      ACC,#1                ; [CPU_ALU] |1025| 
    5559 00000276 1E42          MOVL      *-SP[2],ACC           ; [CPU_ALU] |1025| 
    5560 00000277 022C          MOVB      ACC,#44               ; [CPU_ALU] |1025| 
    5561              $C$DW$386       .dwtag  DW_TAG_TI_branch
    5562                      .dwattr $C$DW$386, DW_AT_low_pc(0x00)
    5563                      .dwattr $C$DW$386, DW_AT_name("GPIO_setPadConfig")
    5564                      .dwattr $C$DW$386, DW_AT_TI_call
    5565              
    5566 00000278 7640!         LCR       #||GPIO_setPadConfig|| ; [CPU_ALU] |1025| 
         00000279 0000 
    5567                      ; call occurs [#||GPIO_setPadConfig||] ; [] |1025| 
    5568                      .dwpsn  file "../sources/dual_axis_servo_drive_hal.c",line 1026,column 5,is_stmt,isa 0
    5569 0000027a D401          MOVB      XAR4,#1               ; [CPU_ALU] |1026| 
    5570 0000027b 022C          MOVB      ACC,#44               ; [CPU_ALU] |1026| 
    5571              $C$DW$387       .dwtag  DW_TAG_TI_branch
    5572                      .dwattr $C$DW$387, DW_AT_low_pc(0x00)
    5573                      .dwattr $C$DW$387, DW_AT_name("GPIO_setQualificationMode")
    5574                      .dwattr $C$DW$387, DW_AT_TI_call
    5575              
    5576 0000027c 7640!         LCR       #||GPIO_setQualificationMode|| ; [CPU_ALU] |1026| 
         0000027d 0000 
    5577                      ; call occurs [#||GPIO_setQualificationMode||] ; [] |1026| 
    5578                      .dwpsn  file "../sources/dual_axis_servo_drive_hal.c",line 1027,column 5,is_stmt,isa 0
    5579 0000027e 0204          MOVB      ACC,#4                ; [CPU_ALU] |1027| 
    5580 0000027f 1E42          MOVL      *-SP[2],ACC           ; [CPU_ALU] |1027| 
    5581 00000280 022C          MOVB      ACC,#44               ; [CPU_ALU] |1027| 
    5582              $C$DW$388       .dwtag  DW_TAG_TI_branch
    5583                      .dwattr $C$DW$388, DW_AT_low_pc(0x00)
    5584                      .dwattr $C$DW$388, DW_AT_name("GPIO_setQualificationPeriod")
    5585                      .dwattr $C$DW$388, DW_AT_TI_call
    5586              
    5587 00000281 7640!         LCR       #||GPIO_setQualificationPeriod|| ; [CPU_ALU] |1027| 
         00000282 0000 
    5588                      ; call occurs [#||GPIO_setQualificationPeriod||] ; [] |1027| 
    5589                      .dwpsn  file "../sources/dual_axis_servo_drive_hal.c",line 1030,column 5,is_stmt,isa 0
    5590 00000283 FF29          MOV       ACC,#8973 << 9        ; [CPU_ALU] |1030| 
         00000284 230D 
    5591              $C$DW$389       .dwtag  DW_TAG_TI_branch
    5592                      .dwattr $C$DW$389, DW_AT_low_pc(0x00)
    5593                      .dwattr $C$DW$389, DW_AT_name("GPIO_setPinConfig")
    5594                      .dwattr $C$DW$389, DW_AT_TI_call
    5595              
    5596 00000285 7640!         LCR       #||GPIO_setPinConfig|| ; [CPU_ALU] |1030| 
         00000286 0000 
    5597                      ; call occurs [#||GPIO_setPinConfig||] ; [] |1030| 
TMS320C2000 Assembler PC v22.6.2 Thu Feb 12 10:37:10 2026

Copyright (c) 1996-2018 Texas Instruments Incorporated
dual_axis_servo_drive_hal.asm                                        PAGE  111

    5598                      .dwpsn  file "../sources/dual_axis_servo_drive_hal.c",line 1031,column 5,is_stmt,isa 0
    5599 00000287 D400          MOVB      XAR4,#0               ; [CPU_ALU] |1031| 
    5600 00000288 022D          MOVB      ACC,#45               ; [CPU_ALU] |1031| 
    5601              $C$DW$390       .dwtag  DW_TAG_TI_branch
    5602                      .dwattr $C$DW$390, DW_AT_low_pc(0x00)
    5603                      .dwattr $C$DW$390, DW_AT_name("GPIO_setDirectionMode")
    5604                      .dwattr $C$DW$390, DW_AT_TI_call
    5605              
    5606 00000289 7640!         LCR       #||GPIO_setDirectionMode|| ; [CPU_ALU] |1031| 
         0000028a 0000 
    5607                      ; call occurs [#||GPIO_setDirectionMode||] ; [] |1031| 
    5608                      .dwpsn  file "../sources/dual_axis_servo_drive_hal.c",line 1032,column 5,is_stmt,isa 0
    5609 0000028b 0201          MOVB      ACC,#1                ; [CPU_ALU] |1032| 
    5610 0000028c 1E42          MOVL      *-SP[2],ACC           ; [CPU_ALU] |1032| 
    5611 0000028d 022D          MOVB      ACC,#45               ; [CPU_ALU] |1032| 
    5612              $C$DW$391       .dwtag  DW_TAG_TI_branch
    5613                      .dwattr $C$DW$391, DW_AT_low_pc(0x00)
    5614                      .dwattr $C$DW$391, DW_AT_name("GPIO_setPadConfig")
    5615                      .dwattr $C$DW$391, DW_AT_TI_call
    5616              
    5617 0000028e 7640!         LCR       #||GPIO_setPadConfig|| ; [CPU_ALU] |1032| 
         0000028f 0000 
    5618                      ; call occurs [#||GPIO_setPadConfig||] ; [] |1032| 
    5619                      .dwpsn  file "../sources/dual_axis_servo_drive_hal.c",line 1035,column 5,is_stmt,isa 0
    5620 00000290 FF2A          MOV       ACC,#4487 << 10       ; [CPU_ALU] |1035| 
         00000291 1187 
    5621              $C$DW$392       .dwtag  DW_TAG_TI_branch
    5622                      .dwattr $C$DW$392, DW_AT_low_pc(0x00)
    5623                      .dwattr $C$DW$392, DW_AT_name("GPIO_setPinConfig")
    5624                      .dwattr $C$DW$392, DW_AT_TI_call
    5625              
    5626 00000292 7640!         LCR       #||GPIO_setPinConfig|| ; [CPU_ALU] |1035| 
         00000293 0000 
    5627                      ; call occurs [#||GPIO_setPinConfig||] ; [] |1035| 
    5628                      .dwpsn  file "../sources/dual_axis_servo_drive_hal.c",line 1036,column 5,is_stmt,isa 0
    5629 00000294 D400          MOVB      XAR4,#0               ; [CPU_ALU] |1036| 
    5630 00000295 022E          MOVB      ACC,#46               ; [CPU_ALU] |1036| 
    5631              $C$DW$393       .dwtag  DW_TAG_TI_branch
    5632                      .dwattr $C$DW$393, DW_AT_low_pc(0x00)
    5633                      .dwattr $C$DW$393, DW_AT_name("GPIO_setDirectionMode")
    5634                      .dwattr $C$DW$393, DW_AT_TI_call
    5635              
    5636 00000296 7640!         LCR       #||GPIO_setDirectionMode|| ; [CPU_ALU] |1036| 
         00000297 0000 
    5637                      ; call occurs [#||GPIO_setDirectionMode||] ; [] |1036| 
    5638                      .dwpsn  file "../sources/dual_axis_servo_drive_hal.c",line 1037,column 5,is_stmt,isa 0
    5639 00000298 0200          MOVB      ACC,#0                ; [CPU_ALU] |1037| 
    5640 00000299 1E42          MOVL      *-SP[2],ACC           ; [CPU_ALU] |1037| 
    5641 0000029a 022E          MOVB      ACC,#46               ; [CPU_ALU] |1037| 
    5642              $C$DW$394       .dwtag  DW_TAG_TI_branch
    5643                      .dwattr $C$DW$394, DW_AT_low_pc(0x00)
    5644                      .dwattr $C$DW$394, DW_AT_name("GPIO_setPadConfig")
    5645                      .dwattr $C$DW$394, DW_AT_TI_call
    5646              
    5647 0000029b 7640!         LCR       #||GPIO_setPadConfig|| ; [CPU_ALU] |1037| 
TMS320C2000 Assembler PC v22.6.2 Thu Feb 12 10:37:10 2026

Copyright (c) 1996-2018 Texas Instruments Incorporated
dual_axis_servo_drive_hal.asm                                        PAGE  112

         0000029c 0000 
    5648                      ; call occurs [#||GPIO_setPadConfig||] ; [] |1037| 
    5649 0000029d FE82          SUBB      SP,#2                 ; [CPU_ARAU] 
    5650                      .dwcfi  cfa_offset, -2
    5651              $C$DW$395       .dwtag  DW_TAG_TI_branch
    5652                      .dwattr $C$DW$395, DW_AT_low_pc(0x00)
    5653                      .dwattr $C$DW$395, DW_AT_TI_return
    5654              
    5655 0000029e 0006          LRETR     ; [CPU_ALU] 
    5656                      ; return occurs ; [] 
    5657                      .dwattr $C$DW$249, DW_AT_TI_end_file("../sources/dual_axis_servo_drive_hal.c")
    5658                      .dwattr $C$DW$249, DW_AT_TI_end_line(0x411)
    5659                      .dwattr $C$DW$249, DW_AT_TI_end_column(0x01)
    5660                      .dwendentry
    5661                      .dwendtag $C$DW$249
    5662              
    5663 00000000               .sect   ".text:HAL_setupCpuTimer"
    5664                      .clink
    5665                      .global ||HAL_setupCpuTimer||
    5666              
    5667              $C$DW$396       .dwtag  DW_TAG_subprogram
    5668                      .dwattr $C$DW$396, DW_AT_name("HAL_setupCpuTimer")
    5669                      .dwattr $C$DW$396, DW_AT_low_pc(||HAL_setupCpuTimer||)
    5670                      .dwattr $C$DW$396, DW_AT_high_pc(0x00)
    5671                      .dwattr $C$DW$396, DW_AT_linkage_name("HAL_setupCpuTimer")
    5672                      .dwattr $C$DW$396, DW_AT_external
    5673                      .dwattr $C$DW$396, DW_AT_decl_file("../sources/dual_axis_servo_drive_hal.c")
    5674                      .dwattr $C$DW$396, DW_AT_decl_line(0x2d7)
    5675                      .dwattr $C$DW$396, DW_AT_decl_column(0x06)
    5676                      .dwattr $C$DW$396, DW_AT_TI_max_frame_size(-4)
    5677                      .dwpsn  file "../sources/dual_axis_servo_drive_hal.c",line 728,column 1,is_stmt,address ||HAL_setupCp
    5678              
    5679                      .dwfde $C$DW$CIE, ||HAL_setupCpuTimer||
    5680              $C$DW$397       .dwtag  DW_TAG_formal_parameter
    5681                      .dwattr $C$DW$397, DW_AT_name("base")
    5682                      .dwattr $C$DW$397, DW_AT_type(*$C$DW$T$28)
    5683                      .dwattr $C$DW$397, DW_AT_location[DW_OP_reg0]
    5684              
    5685              $C$DW$398       .dwtag  DW_TAG_formal_parameter
    5686                      .dwattr $C$DW$398, DW_AT_name("periodCount")
    5687                      .dwattr $C$DW$398, DW_AT_type(*$C$DW$T$28)
    5688                      .dwattr $C$DW$398, DW_AT_location[DW_OP_breg20 -6]
    5689              
    5690              
    5691              ;***************************************************************
    5692              ;* FNAME: HAL_setupCpuTimer             FR SIZE:   2           *
    5693              ;*                                                             *
    5694              ;* FUNCTION ENVIRONMENT                                        *
    5695              ;*                                                             *
    5696              ;* FUNCTION PROPERTIES                                         *
    5697              ;*                            0 Parameter,  0 Auto,  2 SOE     *
    5698              ;***************************************************************
    5699              
    5700              ||HAL_setupCpuTimer||:
    5701              ;* AR1   assigned to base
TMS320C2000 Assembler PC v22.6.2 Thu Feb 12 10:37:10 2026

Copyright (c) 1996-2018 Texas Instruments Incorporated
dual_axis_servo_drive_hal.asm                                        PAGE  113

    5702              $C$DW$399       .dwtag  DW_TAG_variable
    5703                      .dwattr $C$DW$399, DW_AT_name("base")
    5704                      .dwattr $C$DW$399, DW_AT_type(*$C$DW$T$239)
    5705                      .dwattr $C$DW$399, DW_AT_location[DW_OP_reg6]
    5706              
    5707              ;* AR7   assigned to periodCount
    5708              $C$DW$400       .dwtag  DW_TAG_variable
    5709                      .dwattr $C$DW$400, DW_AT_name("periodCount")
    5710                      .dwattr $C$DW$400, DW_AT_type(*$C$DW$T$239)
    5711                      .dwattr $C$DW$400, DW_AT_location[DW_OP_reg18]
    5712              
    5713              ;* AL    assigned to tcrValue
    5714              $C$DW$401       .dwtag  DW_TAG_variable
    5715                      .dwattr $C$DW$401, DW_AT_name("tcrValue")
    5716                      .dwattr $C$DW$401, DW_AT_type(*$C$DW$T$171)
    5717                      .dwattr $C$DW$401, DW_AT_location[DW_OP_reg0]
    5718              
    5719              ;* AL    assigned to tcrValue
    5720              $C$DW$402       .dwtag  DW_TAG_variable
    5721                      .dwattr $C$DW$402, DW_AT_name("tcrValue")
    5722                      .dwattr $C$DW$402, DW_AT_type(*$C$DW$T$171)
    5723                      .dwattr $C$DW$402, DW_AT_location[DW_OP_reg0]
    5724              
    5725                      .dwcfi  cfa_offset, -2
    5726                      .dwcfi  save_reg_to_mem, 26, 0
    5727 00000000 B2BD          MOVL      *SP++,XAR1            ; [CPU_ALU] 
    5728                      .dwcfi  save_reg_to_mem, 7, 2
    5729                      .dwcfi  cfa_offset, -4
    5730                      .dwpsn  file "C:/ti/C2000Ware_MotorControl_SDK_5_04_00_00/c2000ware/driverlib/f28002x/driverlib/cputi
    5731 00000001 BE00          MOVB      XAR6,#0               ; [CPU_ALU] |375| 
    5732                      .dwpsn  file "../sources/dual_axis_servo_drive_hal.c",line 728,column 1,is_stmt,isa 0
    5733 00000002 8BA9          MOVL      XAR1,ACC              ; [CPU_ALU] |728| 
    5734                      .dwpsn  file "C:/ti/C2000Ware_MotorControl_SDK_5_04_00_00/c2000ware/driverlib/f28002x/driverlib/cputi
    5735 00000003 F4A6          MOV       *(0:0x0c07),AR6       ; [CPU_ALU] |375| 
         00000004 0C07 
    5736                      .dwpsn  file "../sources/dual_axis_servo_drive_hal.c",line 728,column 1,is_stmt,isa 0
    5737 00000005 C546          MOVL      XAR7,*-SP[6]          ; [CPU_ALU] |728| 
    5738                      .dwpsn  file "C:/ti/C2000Ware_MotorControl_SDK_5_04_00_00/c2000ware/driverlib/f28002x/driverlib/cputi
    5739 00000006 9A00          MOVB      AL,#0                 ; [CPU_ALU] |376| 
    5740 00000007 F4A9          MOV       *(0:0x0c06),AL        ; [CPU_ALU] |376| 
         00000008 0C06 
    5741                      .dwpsn  file "../sources/dual_axis_servo_drive_hal.c",line 732,column 5,is_stmt,isa 0
    5742 00000009 D400          MOVB      XAR4,#0               ; [CPU_ALU] |732| 
    5743                      .dwpsn  file "C:/ti/C2000Ware_MotorControl_SDK_5_04_00_00/c2000ware/driverlib/f28002x/driverlib/cputi
    5744 0000000a C3D1          MOVL      *+XAR1[2],XAR7        ; [CPU_ALU] |331| 
    5745                      .dwpsn  file "C:/ti/C2000Ware_MotorControl_SDK_5_04_00_00/c2000ware/driverlib/f28002x/driverlib/cputi
    5746 0000000b CCE1          AND       AL,*+XAR1[4],#0x7fff  ; [CPU_ALU] |255| 
         0000000c 7FFF 
    5747                      .dwpsn  file "C:/ti/C2000Ware_MotorControl_SDK_5_04_00_00/c2000ware/driverlib/f28002x/driverlib/cputi
    5748 0000000d 5010          ORB       AL,#0x10              ; [CPU_ALU] |256| 
    5749 0000000e 96E1          MOV       *+XAR1[4],AL          ; [CPU_ALU] |256| 
    5750                      .dwpsn  file "../sources/dual_axis_servo_drive_hal.c",line 732,column 5,is_stmt,isa 0
    5751 0000000f B2A9          MOVL      ACC,XAR1              ; [CPU_ALU] |732| 
    5752              $C$DW$403       .dwtag  DW_TAG_TI_branch
    5753                      .dwattr $C$DW$403, DW_AT_low_pc(0x00)
TMS320C2000 Assembler PC v22.6.2 Thu Feb 12 10:37:10 2026

Copyright (c) 1996-2018 Texas Instruments Incorporated
dual_axis_servo_drive_hal.asm                                        PAGE  114

    5754                      .dwattr $C$DW$403, DW_AT_name("CPUTimer_setEmulationMode")
    5755                      .dwattr $C$DW$403, DW_AT_TI_call
    5756              
    5757 00000010 7640!         LCR       #||CPUTimer_setEmulationMode|| ; [CPU_ALU] |732| 
         00000011 0000 
    5758                      ; call occurs [#||CPUTimer_setEmulationMode||] ; [] |732| 
    5759                      .dwpsn  file "C:/ti/C2000Ware_MotorControl_SDK_5_04_00_00/c2000ware/driverlib/f28002x/driverlib/cputi
    5760 00000012 CCE1          AND       AL,*+XAR1[4],#0x7fff  ; [CPU_ALU] |232| 
         00000013 7FFF 
    5761                      .dwpsn  file "C:/ti/C2000Ware_MotorControl_SDK_5_04_00_00/c2000ware/driverlib/f28002x/driverlib/cputi
    5762 00000014 5020          ORB       AL,#0x20              ; [CPU_ALU] |233| 
    5763 00000015 96E1          MOV       *+XAR1[4],AL          ; [CPU_ALU] |233| 
    5764                      .dwpsn  file "C:/ti/C2000Ware_MotorControl_SDK_5_04_00_00/c2000ware/driverlib/f28002x/driverlib/cputi
    5765 00000016 18E1          AND       *+XAR1[4],#0xffef     ; [CPU_ALU] |279| 
         00000017 FFEF 
    5766 00000018 8BBE          MOVL      XAR1,*--SP            ; [CPU_ALU] 
    5767                      .dwcfi  cfa_offset, -2
    5768                      .dwcfi  restore_reg, 7
    5769              $C$DW$404       .dwtag  DW_TAG_TI_branch
    5770                      .dwattr $C$DW$404, DW_AT_low_pc(0x00)
    5771                      .dwattr $C$DW$404, DW_AT_TI_return
    5772              
    5773 00000019 0006          LRETR     ; [CPU_ALU] 
    5774                      ; return occurs ; [] 
    5775                      .dwattr $C$DW$396, DW_AT_TI_end_file("../sources/dual_axis_servo_drive_hal.c")
    5776                      .dwattr $C$DW$396, DW_AT_TI_end_line(0x2e2)
    5777                      .dwattr $C$DW$396, DW_AT_TI_end_column(0x01)
    5778                      .dwendentry
    5779                      .dwendtag $C$DW$396
    5780              
    5781 00000000               .sect   ".text:HAL_setupCMPSS_DACValue"
    5782                      .clink
    5783                      .global ||HAL_setupCMPSS_DACValue||
    5784              
    5785              $C$DW$405       .dwtag  DW_TAG_subprogram
    5786                      .dwattr $C$DW$405, DW_AT_name("HAL_setupCMPSS_DACValue")
    5787                      .dwattr $C$DW$405, DW_AT_low_pc(||HAL_setupCMPSS_DACValue||)
    5788                      .dwattr $C$DW$405, DW_AT_high_pc(0x00)
    5789                      .dwattr $C$DW$405, DW_AT_linkage_name("HAL_setupCMPSS_DACValue")
    5790                      .dwattr $C$DW$405, DW_AT_external
    5791                      .dwattr $C$DW$405, DW_AT_decl_file("../sources/dual_axis_servo_drive_hal.c")
    5792                      .dwattr $C$DW$405, DW_AT_decl_line(0x28e)
    5793                      .dwattr $C$DW$405, DW_AT_decl_column(0x06)
    5794                      .dwattr $C$DW$405, DW_AT_TI_max_frame_size(-2)
    5795                      .dwpsn  file "../sources/dual_axis_servo_drive_hal.c",line 655,column 1,is_stmt,address ||HAL_setupCM
    5796              
    5797                      .dwfde $C$DW$CIE, ||HAL_setupCMPSS_DACValue||
    5798              $C$DW$406       .dwtag  DW_TAG_formal_parameter
    5799                      .dwattr $C$DW$406, DW_AT_name("handle")
    5800                      .dwattr $C$DW$406, DW_AT_type(*$C$DW$T$141)
    5801                      .dwattr $C$DW$406, DW_AT_location[DW_OP_reg12]
    5802              
    5803              $C$DW$407       .dwtag  DW_TAG_formal_parameter
    5804                      .dwattr $C$DW$407, DW_AT_name("curHi")
    5805                      .dwattr $C$DW$407, DW_AT_type(*$C$DW$T$171)
TMS320C2000 Assembler PC v22.6.2 Thu Feb 12 10:37:10 2026

Copyright (c) 1996-2018 Texas Instruments Incorporated
dual_axis_servo_drive_hal.asm                                        PAGE  115

    5806                      .dwattr $C$DW$407, DW_AT_location[DW_OP_reg0]
    5807              
    5808              $C$DW$408       .dwtag  DW_TAG_formal_parameter
    5809                      .dwattr $C$DW$408, DW_AT_name("curLo")
    5810                      .dwattr $C$DW$408, DW_AT_type(*$C$DW$T$171)
    5811                      .dwattr $C$DW$408, DW_AT_location[DW_OP_reg1]
    5812              
    5813              
    5814              ;***************************************************************
    5815              ;* FNAME: HAL_setupCMPSS_DACValue       FR SIZE:   0           *
    5816              ;*                                                             *
    5817              ;* FUNCTION ENVIRONMENT                                        *
    5818              ;*                                                             *
    5819              ;* FUNCTION PROPERTIES                                         *
    5820              ;*                            0 Parameter,  0 Auto,  0 SOE     *
    5821              ;***************************************************************
    5822              
    5823              ||HAL_setupCMPSS_DACValue||:
    5824              ;* AR4   assigned to handle
    5825              $C$DW$409       .dwtag  DW_TAG_variable
    5826                      .dwattr $C$DW$409, DW_AT_name("handle")
    5827                      .dwattr $C$DW$409, DW_AT_type(*$C$DW$T$142)
    5828                      .dwattr $C$DW$409, DW_AT_location[DW_OP_reg12]
    5829              
    5830              ;* AL    assigned to curHi
    5831              $C$DW$410       .dwtag  DW_TAG_variable
    5832                      .dwattr $C$DW$410, DW_AT_name("curHi")
    5833                      .dwattr $C$DW$410, DW_AT_type(*$C$DW$T$232)
    5834                      .dwattr $C$DW$410, DW_AT_location[DW_OP_reg0]
    5835              
    5836              ;* AR6   assigned to curLo
    5837              $C$DW$411       .dwtag  DW_TAG_variable
    5838                      .dwattr $C$DW$411, DW_AT_name("curLo")
    5839                      .dwattr $C$DW$411, DW_AT_type(*$C$DW$T$232)
    5840                      .dwattr $C$DW$411, DW_AT_location[DW_OP_reg16]
    5841              
    5842                      .dwcfi  cfa_offset, -2
    5843                      .dwcfi  save_reg_to_mem, 26, 0
    5844                      .dwpsn  file "C:/ti/C2000Ware_MotorControl_SDK_5_04_00_00/c2000ware/driverlib/f28002x/driverlib/cmpss
    5845 00000000 83F4          MOVL      XAR5,*+XAR4[6]        ; [CPU_ALU] |590| 
    5846 00000001 D008          MOVB      XAR0,#8               ; [CPU_ALU] |590| 
    5847 00000002 96F5          MOV       *+XAR5[6],AL          ; [CPU_ALU] |590| 
    5848 00000003 8394          MOVL      XAR5,*+XAR4[AR0]      ; [CPU_ALU] |590| 
    5849                      .dwpsn  file "../sources/dual_axis_servo_drive_hal.c",line 655,column 1,is_stmt,isa 0
    5850 00000004 88A8          MOVZ      AR6,AH                ; [CPU_ALU] |655| 
    5851                      .dwpsn  file "C:/ti/C2000Ware_MotorControl_SDK_5_04_00_00/c2000ware/driverlib/f28002x/driverlib/cmpss
    5852 00000005 D008          MOVB      XAR0,#8               ; [CPU_ALU] |620| 
    5853                      .dwpsn  file "C:/ti/C2000Ware_MotorControl_SDK_5_04_00_00/c2000ware/driverlib/f28002x/driverlib/cmpss
    5854 00000006 96F5          MOV       *+XAR5[6],AL          ; [CPU_ALU] |590| 
    5855                      .dwpsn  file "C:/ti/C2000Ware_MotorControl_SDK_5_04_00_00/c2000ware/driverlib/f28002x/driverlib/cmpss
    5856 00000007 0212          MOVB      ACC,#18               ; [CPU_ALU] |620| 
    5857 00000008 0794          ADDL      ACC,*+XAR4[AR0]       ; [CPU_ALU] |620| 
    5858                      .dwpsn  file "../sources/dual_axis_servo_drive_hal.c",line 655,column 1,is_stmt,isa 0
    5859 00000009 83A9          MOVL      XAR5,ACC              ; [CPU_ALU] |655| 
    5860                      .dwpsn  file "C:/ti/C2000Ware_MotorControl_SDK_5_04_00_00/c2000ware/driverlib/f28002x/driverlib/cmpss
TMS320C2000 Assembler PC v22.6.2 Thu Feb 12 10:37:10 2026

Copyright (c) 1996-2018 Texas Instruments Incorporated
dual_axis_servo_drive_hal.asm                                        PAGE  116

    5861 0000000a D00A          MOVB      XAR0,#10              ; [CPU_ALU] |620| 
    5862 0000000b 0212          MOVB      ACC,#18               ; [CPU_ALU] |620| 
    5863 0000000c 7EC5          MOV       *+XAR5[0],AR6         ; [CPU_ALU] |620| 
    5864 0000000d 0794          ADDL      ACC,*+XAR4[AR0]       ; [CPU_ALU] |620| 
    5865 0000000e 8AA9          MOVL      XAR4,ACC              ; [CPU_ALU] |620| 
    5866 0000000f 7EC4          MOV       *+XAR4[0],AR6         ; [CPU_ALU] |620| 
    5867              $C$DW$412       .dwtag  DW_TAG_TI_branch
    5868                      .dwattr $C$DW$412, DW_AT_low_pc(0x00)
    5869                      .dwattr $C$DW$412, DW_AT_TI_return
    5870              
    5871 00000010 0006          LRETR     ; [CPU_ALU] 
    5872                      ; return occurs ; [] 
    5873                      .dwattr $C$DW$405, DW_AT_TI_end_file("../sources/dual_axis_servo_drive_hal.c")
    5874                      .dwattr $C$DW$405, DW_AT_TI_end_line(0x29d)
    5875                      .dwattr $C$DW$405, DW_AT_TI_end_column(0x01)
    5876                      .dwendentry
    5877                      .dwendtag $C$DW$405
    5878              
    5879 00000000               .sect   ".text:HAL_setupCMPSS"
    5880                      .clink
    5881                      .global ||HAL_setupCMPSS||
    5882              
    5883              $C$DW$413       .dwtag  DW_TAG_subprogram
    5884                      .dwattr $C$DW$413, DW_AT_name("HAL_setupCMPSS")
    5885                      .dwattr $C$DW$413, DW_AT_low_pc(||HAL_setupCMPSS||)
    5886                      .dwattr $C$DW$413, DW_AT_high_pc(0x00)
    5887                      .dwattr $C$DW$413, DW_AT_linkage_name("HAL_setupCMPSS")
    5888                      .dwattr $C$DW$413, DW_AT_external
    5889                      .dwattr $C$DW$413, DW_AT_decl_file("../sources/dual_axis_servo_drive_hal.c")
    5890                      .dwattr $C$DW$413, DW_AT_decl_line(0x1ed)
    5891                      .dwattr $C$DW$413, DW_AT_decl_column(0x06)
    5892                      .dwattr $C$DW$413, DW_AT_TI_max_frame_size(-6)
    5893                      .dwpsn  file "../sources/dual_axis_servo_drive_hal.c",line 494,column 1,is_stmt,address ||HAL_setupCM
    5894              
    5895                      .dwfde $C$DW$CIE, ||HAL_setupCMPSS||
    5896              $C$DW$414       .dwtag  DW_TAG_formal_parameter
    5897                      .dwattr $C$DW$414, DW_AT_name("handle")
    5898                      .dwattr $C$DW$414, DW_AT_type(*$C$DW$T$141)
    5899                      .dwattr $C$DW$414, DW_AT_location[DW_OP_reg12]
    5900              
    5901              
    5902              ;***************************************************************
    5903              ;* FNAME: HAL_setupCMPSS                FR SIZE:   4           *
    5904              ;*                                                             *
    5905              ;* FUNCTION ENVIRONMENT                                        *
    5906              ;*                                                             *
    5907              ;* FUNCTION PROPERTIES                                         *
    5908              ;*                            1 Parameter,  0 Auto,  2 SOE     *
    5909              ;***************************************************************
    5910              
    5911              ||HAL_setupCMPSS||:
    5912              ;* AR1   assigned to handle
    5913              $C$DW$415       .dwtag  DW_TAG_variable
    5914                      .dwattr $C$DW$415, DW_AT_name("handle")
    5915                      .dwattr $C$DW$415, DW_AT_type(*$C$DW$T$142)
TMS320C2000 Assembler PC v22.6.2 Thu Feb 12 10:37:10 2026

Copyright (c) 1996-2018 Texas Instruments Incorporated
dual_axis_servo_drive_hal.asm                                        PAGE  117

    5916                      .dwattr $C$DW$415, DW_AT_location[DW_OP_reg6]
    5917              
    5918              ;* AR4   assigned to base
    5919              $C$DW$416       .dwtag  DW_TAG_variable
    5920                      .dwattr $C$DW$416, DW_AT_name("base")
    5921                      .dwattr $C$DW$416, DW_AT_type(*$C$DW$T$28)
    5922                      .dwattr $C$DW$416, DW_AT_location[DW_OP_reg12]
    5923              
    5924              ;* AR4   assigned to base
    5925              $C$DW$417       .dwtag  DW_TAG_variable
    5926                      .dwattr $C$DW$417, DW_AT_name("base")
    5927                      .dwattr $C$DW$417, DW_AT_type(*$C$DW$T$28)
    5928                      .dwattr $C$DW$417, DW_AT_location[DW_OP_reg12]
    5929              
    5930              ;* AR4   assigned to base
    5931              $C$DW$418       .dwtag  DW_TAG_variable
    5932                      .dwattr $C$DW$418, DW_AT_name("base")
    5933                      .dwattr $C$DW$418, DW_AT_type(*$C$DW$T$28)
    5934                      .dwattr $C$DW$418, DW_AT_location[DW_OP_reg12]
    5935              
    5936              ;* AR4   assigned to base
    5937              $C$DW$419       .dwtag  DW_TAG_variable
    5938                      .dwattr $C$DW$419, DW_AT_name("base")
    5939                      .dwattr $C$DW$419, DW_AT_type(*$C$DW$T$28)
    5940                      .dwattr $C$DW$419, DW_AT_location[DW_OP_reg12]
    5941              
    5942              ;* AR4   assigned to base
    5943              $C$DW$420       .dwtag  DW_TAG_variable
    5944                      .dwattr $C$DW$420, DW_AT_name("base")
    5945                      .dwattr $C$DW$420, DW_AT_type(*$C$DW$T$28)
    5946                      .dwattr $C$DW$420, DW_AT_location[DW_OP_reg12]
    5947              
    5948              ;* AR4   assigned to base
    5949              $C$DW$421       .dwtag  DW_TAG_variable
    5950                      .dwattr $C$DW$421, DW_AT_name("base")
    5951                      .dwattr $C$DW$421, DW_AT_type(*$C$DW$T$28)
    5952                      .dwattr $C$DW$421, DW_AT_location[DW_OP_reg12]
    5953              
    5954              ;* AR4   assigned to base
    5955              $C$DW$422       .dwtag  DW_TAG_variable
    5956                      .dwattr $C$DW$422, DW_AT_name("base")
    5957                      .dwattr $C$DW$422, DW_AT_type(*$C$DW$T$28)
    5958                      .dwattr $C$DW$422, DW_AT_location[DW_OP_reg12]
    5959              
    5960              ;* AR4   assigned to base
    5961              $C$DW$423       .dwtag  DW_TAG_variable
    5962                      .dwattr $C$DW$423, DW_AT_name("base")
    5963                      .dwattr $C$DW$423, DW_AT_type(*$C$DW$T$28)
    5964                      .dwattr $C$DW$423, DW_AT_location[DW_OP_reg12]
    5965              
    5966              ;* AR4   assigned to base
    5967              $C$DW$424       .dwtag  DW_TAG_variable
    5968                      .dwattr $C$DW$424, DW_AT_name("base")
    5969                      .dwattr $C$DW$424, DW_AT_type(*$C$DW$T$28)
    5970                      .dwattr $C$DW$424, DW_AT_location[DW_OP_reg12]
TMS320C2000 Assembler PC v22.6.2 Thu Feb 12 10:37:10 2026

Copyright (c) 1996-2018 Texas Instruments Incorporated
dual_axis_servo_drive_hal.asm                                        PAGE  118

    5971              
    5972              ;* AR4   assigned to base
    5973              $C$DW$425       .dwtag  DW_TAG_variable
    5974                      .dwattr $C$DW$425, DW_AT_name("base")
    5975                      .dwattr $C$DW$425, DW_AT_type(*$C$DW$T$28)
    5976                      .dwattr $C$DW$425, DW_AT_location[DW_OP_reg12]
    5977              
    5978              ;* AR4   assigned to base
    5979              $C$DW$426       .dwtag  DW_TAG_variable
    5980                      .dwattr $C$DW$426, DW_AT_name("base")
    5981                      .dwattr $C$DW$426, DW_AT_type(*$C$DW$T$28)
    5982                      .dwattr $C$DW$426, DW_AT_location[DW_OP_reg12]
    5983              
    5984              ;* AR4   assigned to base
    5985              $C$DW$427       .dwtag  DW_TAG_variable
    5986                      .dwattr $C$DW$427, DW_AT_name("base")
    5987                      .dwattr $C$DW$427, DW_AT_type(*$C$DW$T$28)
    5988                      .dwattr $C$DW$427, DW_AT_location[DW_OP_reg12]
    5989              
    5990              ;* AR4   assigned to base
    5991              $C$DW$428       .dwtag  DW_TAG_variable
    5992                      .dwattr $C$DW$428, DW_AT_name("base")
    5993                      .dwattr $C$DW$428, DW_AT_type(*$C$DW$T$28)
    5994                      .dwattr $C$DW$428, DW_AT_location[DW_OP_reg12]
    5995              
    5996              ;* AR4   assigned to base
    5997              $C$DW$429       .dwtag  DW_TAG_variable
    5998                      .dwattr $C$DW$429, DW_AT_name("base")
    5999                      .dwattr $C$DW$429, DW_AT_type(*$C$DW$T$28)
    6000                      .dwattr $C$DW$429, DW_AT_location[DW_OP_reg12]
    6001              
    6002              ;* AR4   assigned to base
    6003              $C$DW$430       .dwtag  DW_TAG_variable
    6004                      .dwattr $C$DW$430, DW_AT_name("base")
    6005                      .dwattr $C$DW$430, DW_AT_type(*$C$DW$T$28)
    6006                      .dwattr $C$DW$430, DW_AT_location[DW_OP_reg12]
    6007              
    6008              ;* AR4   assigned to base
    6009              $C$DW$431       .dwtag  DW_TAG_variable
    6010                      .dwattr $C$DW$431, DW_AT_name("base")
    6011                      .dwattr $C$DW$431, DW_AT_type(*$C$DW$T$28)
    6012                      .dwattr $C$DW$431, DW_AT_location[DW_OP_reg12]
    6013              
    6014              ;* AR4   assigned to base
    6015              $C$DW$432       .dwtag  DW_TAG_variable
    6016                      .dwattr $C$DW$432, DW_AT_name("base")
    6017                      .dwattr $C$DW$432, DW_AT_type(*$C$DW$T$28)
    6018                      .dwattr $C$DW$432, DW_AT_location[DW_OP_reg12]
    6019              
    6020              ;* AR4   assigned to base
    6021              $C$DW$433       .dwtag  DW_TAG_variable
    6022                      .dwattr $C$DW$433, DW_AT_name("base")
    6023                      .dwattr $C$DW$433, DW_AT_type(*$C$DW$T$28)
    6024                      .dwattr $C$DW$433, DW_AT_location[DW_OP_reg12]
    6025              
TMS320C2000 Assembler PC v22.6.2 Thu Feb 12 10:37:10 2026

Copyright (c) 1996-2018 Texas Instruments Incorporated
dual_axis_servo_drive_hal.asm                                        PAGE  119

    6026              ;* AR4   assigned to base
    6027              $C$DW$434       .dwtag  DW_TAG_variable
    6028                      .dwattr $C$DW$434, DW_AT_name("base")
    6029                      .dwattr $C$DW$434, DW_AT_type(*$C$DW$T$28)
    6030                      .dwattr $C$DW$434, DW_AT_location[DW_OP_reg12]
    6031              
    6032              ;* AR4   assigned to base
    6033              $C$DW$435       .dwtag  DW_TAG_variable
    6034                      .dwattr $C$DW$435, DW_AT_name("base")
    6035                      .dwattr $C$DW$435, DW_AT_type(*$C$DW$T$28)
    6036                      .dwattr $C$DW$435, DW_AT_location[DW_OP_reg12]
    6037              
    6038              ;* AR4   assigned to base
    6039              $C$DW$436       .dwtag  DW_TAG_variable
    6040                      .dwattr $C$DW$436, DW_AT_name("base")
    6041                      .dwattr $C$DW$436, DW_AT_type(*$C$DW$T$28)
    6042                      .dwattr $C$DW$436, DW_AT_location[DW_OP_reg12]
    6043              
    6044              ;* AR4   assigned to base
    6045              $C$DW$437       .dwtag  DW_TAG_variable
    6046                      .dwattr $C$DW$437, DW_AT_name("base")
    6047                      .dwattr $C$DW$437, DW_AT_type(*$C$DW$T$28)
    6048                      .dwattr $C$DW$437, DW_AT_location[DW_OP_reg12]
    6049              
    6050              ;* AR4   assigned to base
    6051              $C$DW$438       .dwtag  DW_TAG_variable
    6052                      .dwattr $C$DW$438, DW_AT_name("base")
    6053                      .dwattr $C$DW$438, DW_AT_type(*$C$DW$T$28)
    6054                      .dwattr $C$DW$438, DW_AT_location[DW_OP_reg12]
    6055              
    6056              ;* AR4   assigned to base
    6057              $C$DW$439       .dwtag  DW_TAG_variable
    6058                      .dwattr $C$DW$439, DW_AT_name("base")
    6059                      .dwattr $C$DW$439, DW_AT_type(*$C$DW$T$28)
    6060                      .dwattr $C$DW$439, DW_AT_location[DW_OP_reg12]
    6061              
    6062              ;* AR4   assigned to base
    6063              $C$DW$440       .dwtag  DW_TAG_variable
    6064                      .dwattr $C$DW$440, DW_AT_name("base")
    6065                      .dwattr $C$DW$440, DW_AT_type(*$C$DW$T$28)
    6066                      .dwattr $C$DW$440, DW_AT_location[DW_OP_reg12]
    6067              
    6068                      .dwcfi  cfa_offset, -2
    6069                      .dwcfi  save_reg_to_mem, 26, 0
    6070 00000000 B2BD          MOVL      *SP++,XAR1            ; [CPU_ALU] 
    6071                      .dwcfi  save_reg_to_mem, 7, 2
    6072                      .dwcfi  cfa_offset, -4
    6073 00000001 FE02          ADDB      SP,#2                 ; [CPU_ARAU] 
    6074                      .dwcfi  cfa_offset, -6
    6075 00000002 8BA4          MOVL      XAR1,XAR4             ; [CPU_ALU] |494| 
    6076                      .dwpsn  file "../sources/dual_axis_servo_drive_hal.c",line 501,column 5,is_stmt,isa 0
    6077 00000003 8F00!         MOVL      XAR4,#||halMtr||      ; [CPU_ARAU] |501| 
         00000004 0000 
    6078 00000005 A8A9          MOVL      ACC,XAR4              ; [CPU_ALU] |501| 
    6079 00000006 0FA1          CMPL      ACC,XAR1              ; [CPU_ALU] |501| 
TMS320C2000 Assembler PC v22.6.2 Thu Feb 12 10:37:10 2026

Copyright (c) 1996-2018 Texas Instruments Incorporated
dual_axis_servo_drive_hal.asm                                        PAGE  120

    6080 00000007 601D          B         ||$C$L34||,NEQ        ; [CPU_ALU] |501| 
    6081                      ; branchcc occurs ; [] |501| 
    6082                      .dwpsn  file "C:/ti/C2000Ware_MotorControl_SDK_5_04_00_00/c2000ware/driverlib/f28002x/driverlib/asysc
    6083 00000008 7622          EALLOW    ; [CPU_ALU] |476| 
    6084                      .dwpsn  file "C:/ti/C2000Ware_MotorControl_SDK_5_04_00_00/c2000ware/driverlib/f28002x/driverlib/asysc
    6085 00000009 8F05          MOVL      XAR4,#382850          ; [CPU_ARAU] |481| 
         0000000a D782 
    6086 0000000b 06C4          MOVL      ACC,*+XAR4[0]         ; [CPU_ALU] |481| 
    6087 0000000c 18A9          AND       AL,#65343             ; [CPU_ALU] |481| 
         0000000d FF3F 
    6088 0000000e 1AA9          OR        AL,#256               ; [CPU_ALU] |481| 
         0000000f 0100 
    6089 00000010 1EC4          MOVL      *+XAR4[0],ACC         ; [CPU_ALU] |481| 
    6090 00000011 06C4          MOVL      ACC,*+XAR4[0]         ; [CPU_ALU] |481| 
    6091 00000012 18A9          AND       AL,#65528             ; [CPU_ALU] |481| 
         00000013 FFF8 
    6092 00000014 5001          ORB       AL,#0x01              ; [CPU_ALU] |481| 
    6093 00000015 1EC4          MOVL      *+XAR4[0],ACC         ; [CPU_ALU] |481| 
    6094                      .dwpsn  file "C:/ti/C2000Ware_MotorControl_SDK_5_04_00_00/c2000ware/driverlib/f28002x/driverlib/asysc
    6095 00000016 8F05          MOVL      XAR4,#382852          ; [CPU_ARAU] |517| 
         00000017 D784 
    6096 00000018 06C4          MOVL      ACC,*+XAR4[0]         ; [CPU_ALU] |517| 
    6097 00000019 18A9          AND       AL,#65528             ; [CPU_ALU] |517| 
         0000001a FFF8 
    6098 0000001b 5001          ORB       AL,#0x01              ; [CPU_ALU] |517| 
    6099 0000001c 1EC4          MOVL      *+XAR4[0],ACC         ; [CPU_ALU] |517| 
    6100 0000001d 06C4          MOVL      ACC,*+XAR4[0]         ; [CPU_ALU] |517| 
    6101 0000001e 18A9          AND       AL,#61951             ; [CPU_ALU] |517| 
         0000001f F1FF 
    6102 00000020 1AA9          OR        AL,#1024              ; [CPU_ALU] |517| 
         00000021 0400 
    6103 00000022 1EC4          MOVL      *+XAR4[0],ACC         ; [CPU_ALU] |517| 
    6104                      .dwpsn  file "C:/ti/C2000Ware_MotorControl_SDK_5_04_00_00/c2000ware/driverlib/f28002x/driverlib/asysc
    6105 00000023 761A          EDIS      ; [CPU_ALU] |522| 
    6106 00000024       ||$C$L34||:    
    6107                      .dwpsn  file "../sources/dual_axis_servo_drive_hal.c",line 520,column 5,is_stmt,isa 0
    6108 00000024 FF20          MOV       ACC,#9998             ; [CPU_ALU] |520| 
         00000025 270E 
    6109              $C$DW$441       .dwtag  DW_TAG_TI_branch
    6110                      .dwattr $C$DW$441, DW_AT_low_pc(0x00)
    6111                      .dwattr $C$DW$441, DW_AT_name("SysCtl_delay")
    6112                      .dwattr $C$DW$441, DW_AT_TI_call
    6113              
    6114 00000026 7640!         LCR       #||SysCtl_delay||     ; [CPU_ALU] |520| 
         00000027 0000 
    6115                      ; call occurs [#||SysCtl_delay||] ; [] |520| 
    6116                      .dwpsn  file "C:/ti/C2000Ware_MotorControl_SDK_5_04_00_00/c2000ware/driverlib/f28002x/driverlib/cmpss
    6117 00000028 8AF1          MOVL      XAR4,*+XAR1[6]        ; [CPU_ALU] |317| 
    6118                      .dwpsn  file "C:/ti/C2000Ware_MotorControl_SDK_5_04_00_00/c2000ware/driverlib/f28002x/driverlib/cmpss
    6119 00000029 7622          EALLOW    ; [CPU_ALU] |326| 
    6120                      .dwpsn  file "C:/ti/C2000Ware_MotorControl_SDK_5_04_00_00/c2000ware/driverlib/f28002x/driverlib/cmpss
    6121 0000002a 18C4          AND       *+XAR4[0],#0xffbc     ; [CPU_ALU] |328| 
         0000002b FFBC 
    6122                      .dwpsn  file "C:/ti/C2000Ware_MotorControl_SDK_5_04_00_00/c2000ware/driverlib/f28002x/driverlib/cmpss
    6123 0000002c 761A          EDIS      ; [CPU_ALU] |331| 
TMS320C2000 Assembler PC v22.6.2 Thu Feb 12 10:37:10 2026

Copyright (c) 1996-2018 Texas Instruments Incorporated
dual_axis_servo_drive_hal.asm                                        PAGE  121

    6124                      .dwpsn  file "C:/ti/C2000Ware_MotorControl_SDK_5_04_00_00/c2000ware/driverlib/f28002x/driverlib/cmpss
    6125 0000002d 8AF1          MOVL      XAR4,*+XAR1[6]        ; [CPU_ALU] |410| 
    6126                      .dwpsn  file "C:/ti/C2000Ware_MotorControl_SDK_5_04_00_00/c2000ware/driverlib/f28002x/driverlib/cmpss
    6127 0000002e 7622          EALLOW    ; [CPU_ALU] |419| 
    6128                      .dwpsn  file "C:/ti/C2000Ware_MotorControl_SDK_5_04_00_00/c2000ware/driverlib/f28002x/driverlib/cmpss
    6129 0000002f CCC4          AND       AL,*+XAR4[0],#0xffe3  ; [CPU_ALU] |421| 
         00000030 FFE3 
    6130 00000031 5028          ORB       AL,#0x28              ; [CPU_ALU] |421| 
    6131 00000032 96C4          MOV       *+XAR4[0],AL          ; [CPU_ALU] |421| 
    6132                      .dwpsn  file "C:/ti/C2000Ware_MotorControl_SDK_5_04_00_00/c2000ware/driverlib/f28002x/driverlib/cmpss
    6133 00000033 761A          EDIS      ; [CPU_ALU] |426| 
    6134                      .dwpsn  file "C:/ti/C2000Ware_MotorControl_SDK_5_04_00_00/c2000ware/driverlib/f28002x/driverlib/cmpss
    6135 00000034 8AF1          MOVL      XAR4,*+XAR1[6]        ; [CPU_ALU] |1015| 
    6136                      .dwpsn  file "C:/ti/C2000Ware_MotorControl_SDK_5_04_00_00/c2000ware/driverlib/f28002x/driverlib/cmpss
    6137 00000035 7622          EALLOW    ; [CPU_ALU] |1025| 
    6138                      .dwpsn  file "C:/ti/C2000Ware_MotorControl_SDK_5_04_00_00/c2000ware/driverlib/f28002x/driverlib/cmpss
    6139 00000036 56BF          MOVB      *+XAR4[1],#2,UNC      ; [CPU_ALU] |1027| 
         00000037 02CC 
    6140                      .dwpsn  file "C:/ti/C2000Ware_MotorControl_SDK_5_04_00_00/c2000ware/driverlib/f28002x/driverlib/cmpss
    6141 00000038 761A          EDIS      ; [CPU_ALU] |1029| 
    6142                      .dwpsn  file "C:/ti/C2000Ware_MotorControl_SDK_5_04_00_00/c2000ware/driverlib/f28002x/driverlib/cmpss
    6143 00000039 8AF1          MOVL      XAR4,*+XAR1[6]        ; [CPU_ALU] |545| 
    6144                      .dwpsn  file "C:/ti/C2000Ware_MotorControl_SDK_5_04_00_00/c2000ware/driverlib/f28002x/driverlib/cmpss
    6145 0000003a 7622          EALLOW    ; [CPU_ALU] |554| 
    6146                      .dwpsn  file "C:/ti/C2000Ware_MotorControl_SDK_5_04_00_00/c2000ware/driverlib/f28002x/driverlib/cmpss
    6147 0000003b 18E4          AND       *+XAR4[4],#0xff5e     ; [CPU_ALU] |556| 
         0000003c FF5E 
    6148                      .dwpsn  file "C:/ti/C2000Ware_MotorControl_SDK_5_04_00_00/c2000ware/driverlib/f28002x/driverlib/cmpss
    6149 0000003d 761A          EDIS      ; [CPU_ALU] |560| 
    6150                      .dwpsn  file "C:/ti/C2000Ware_MotorControl_SDK_5_04_00_00/c2000ware/driverlib/f28002x/driverlib/cmpss
    6151 0000003e 8AF1          MOVL      XAR4,*+XAR1[6]        ; [CPU_ALU] |590| 
    6152                      .dwpsn  file "../sources/dual_axis_servo_drive_hal.c",line 549,column 5,is_stmt,isa 0
    6153 0000003f D51E          MOVB      XAR5,#30              ; [CPU_ALU] |549| 
    6154                      .dwpsn  file "C:/ti/C2000Ware_MotorControl_SDK_5_04_00_00/c2000ware/driverlib/f28002x/driverlib/cmpss
    6155 00000040 28F4          MOV       *+XAR4[6],#1024       ; [CPU_ALU] |590| 
         00000041 0400 
    6156                      .dwpsn  file "../sources/dual_axis_servo_drive_hal.c",line 549,column 5,is_stmt,isa 0
    6157 00000042 D414          MOVB      XAR4,#20              ; [CPU_ALU] |549| 
    6158 00000043 56BF          MOVB      *-SP[1],#18,UNC       ; [CPU_ALU] |549| 
         00000044 1241 
    6159 00000045 06F1          MOVL      ACC,*+XAR1[6]         ; [CPU_ALU] |549| 
    6160              $C$DW$442       .dwtag  DW_TAG_TI_branch
    6161                      .dwattr $C$DW$442, DW_AT_low_pc(0x00)
    6162                      .dwattr $C$DW$442, DW_AT_name("CMPSS_configFilterHigh")
    6163                      .dwattr $C$DW$442, DW_AT_TI_call
    6164              
    6165 00000046 7640!         LCR       #||CMPSS_configFilterHigh|| ; [CPU_ALU] |549| 
         00000047 0000 
    6166                      ; call occurs [#||CMPSS_configFilterHigh||] ; [] |549| 
    6167                      .dwpsn  file "C:/ti/C2000Ware_MotorControl_SDK_5_04_00_00/c2000ware/driverlib/f28002x/driverlib/cmpss
    6168 00000048 8AF1          MOVL      XAR4,*+XAR1[6]        ; [CPU_ALU] |640| 
    6169                      .dwpsn  file "C:/ti/C2000Ware_MotorControl_SDK_5_04_00_00/c2000ware/driverlib/f28002x/driverlib/cmpss
    6170 00000049 7622          EALLOW    ; [CPU_ALU] |649| 
    6171                      .dwpsn  file "C:/ti/C2000Ware_MotorControl_SDK_5_04_00_00/c2000ware/driverlib/f28002x/driverlib/cmpss
    6172 0000004a DC18          ADDB      XAR4,#24              ; [CPU_ALU] |651| 
TMS320C2000 Assembler PC v22.6.2 Thu Feb 12 10:37:10 2026

Copyright (c) 1996-2018 Texas Instruments Incorporated
dual_axis_servo_drive_hal.asm                                        PAGE  122

    6173 0000004b 1AC4          OR        *+XAR4[0],#0x8000     ; [CPU_ALU] |651| 
         0000004c 8000 
    6174                      .dwpsn  file "C:/ti/C2000Ware_MotorControl_SDK_5_04_00_00/c2000ware/driverlib/f28002x/driverlib/cmpss
    6175 0000004d 761A          EDIS      ; [CPU_ALU] |653| 
    6176                      .dwpsn  file "C:/ti/C2000Ware_MotorControl_SDK_5_04_00_00/c2000ware/driverlib/f28002x/driverlib/cmpss
    6177 0000004e 8AF1          MOVL      XAR4,*+XAR1[6]        ; [CPU_ALU] |757| 
    6178                      .dwpsn  file "C:/ti/C2000Ware_MotorControl_SDK_5_04_00_00/c2000ware/driverlib/f28002x/driverlib/cmpss
    6179 0000004f 7622          EALLOW    ; [CPU_ALU] |766| 
    6180                      .dwpsn  file "C:/ti/C2000Ware_MotorControl_SDK_5_04_00_00/c2000ware/driverlib/f28002x/driverlib/cmpss
    6181 00000050 1ADC          OR        *+XAR4[3],#0x0002     ; [CPU_ALU] |768| 
         00000051 0002 
    6182                      .dwpsn  file "C:/ti/C2000Ware_MotorControl_SDK_5_04_00_00/c2000ware/driverlib/f28002x/driverlib/cmpss
    6183 00000052 761A          EDIS      ; [CPU_ALU] |770| 
    6184                      .dwpsn  file "C:/ti/C2000Ware_MotorControl_SDK_5_04_00_00/c2000ware/driverlib/f28002x/driverlib/cmpss
    6185 00000053 8AF1          MOVL      XAR4,*+XAR1[6]        ; [CPU_ALU] |243| 
    6186                      .dwpsn  file "C:/ti/C2000Ware_MotorControl_SDK_5_04_00_00/c2000ware/driverlib/f28002x/driverlib/cmpss
    6187 00000054 7622          EALLOW    ; [CPU_ALU] |252| 
    6188                      .dwpsn  file "C:/ti/C2000Ware_MotorControl_SDK_5_04_00_00/c2000ware/driverlib/f28002x/driverlib/cmpss
    6189 00000055 1AC4          OR        *+XAR4[0],#0x8000     ; [CPU_ALU] |254| 
         00000056 8000 
    6190                      .dwpsn  file "C:/ti/C2000Ware_MotorControl_SDK_5_04_00_00/c2000ware/driverlib/f28002x/driverlib/cmpss
    6191 00000057 761A          EDIS      ; [CPU_ALU] |256| 
    6192                      .dwpsn  file "C:/ti/C2000Ware_MotorControl_SDK_5_04_00_00/c2000ware/driverlib/f28002x/driverlib/cmpss
    6193 00000058 8AF1          MOVL      XAR4,*+XAR1[6]        ; [CPU_ALU] |317| 
    6194                      .dwpsn  file "C:/ti/C2000Ware_MotorControl_SDK_5_04_00_00/c2000ware/driverlib/f28002x/driverlib/cmpss
    6195 00000059 7622          EALLOW    ; [CPU_ALU] |326| 
    6196                      .dwpsn  file "C:/ti/C2000Ware_MotorControl_SDK_5_04_00_00/c2000ware/driverlib/f28002x/driverlib/cmpss
    6197 0000005a 18C4          AND       *+XAR4[0],#0xffbc     ; [CPU_ALU] |328| 
         0000005b FFBC 
    6198                      .dwpsn  file "C:/ti/C2000Ware_MotorControl_SDK_5_04_00_00/c2000ware/driverlib/f28002x/driverlib/cmpss
    6199 0000005c 761A          EDIS      ; [CPU_ALU] |331| 
    6200                      .dwpsn  file "C:/ti/C2000Ware_MotorControl_SDK_5_04_00_00/c2000ware/driverlib/f28002x/driverlib/cmpss
    6201 0000005d 8AF1          MOVL      XAR4,*+XAR1[6]        ; [CPU_ALU] |363| 
    6202                      .dwpsn  file "C:/ti/C2000Ware_MotorControl_SDK_5_04_00_00/c2000ware/driverlib/f28002x/driverlib/cmpss
    6203 0000005e 7622          EALLOW    ; [CPU_ALU] |372| 
    6204                      .dwpsn  file "C:/ti/C2000Ware_MotorControl_SDK_5_04_00_00/c2000ware/driverlib/f28002x/driverlib/cmpss
    6205 0000005f CCC4          AND       AL,*+XAR4[0],#0xbeff  ; [CPU_ALU] |374| 
         00000060 BEFF 
    6206 00000061 1AA9          OR        AL,#0x0200            ; [CPU_ALU] |374| 
         00000062 0200 
    6207 00000063 96C4          MOV       *+XAR4[0],AL          ; [CPU_ALU] |374| 
    6208                      .dwpsn  file "C:/ti/C2000Ware_MotorControl_SDK_5_04_00_00/c2000ware/driverlib/f28002x/driverlib/cmpss
    6209 00000064 761A          EDIS      ; [CPU_ALU] |377| 
    6210                      .dwpsn  file "C:/ti/C2000Ware_MotorControl_SDK_5_04_00_00/c2000ware/driverlib/f28002x/driverlib/cmpss
    6211 00000065 8AF1          MOVL      XAR4,*+XAR1[6]        ; [CPU_ALU] |410| 
    6212                      .dwpsn  file "C:/ti/C2000Ware_MotorControl_SDK_5_04_00_00/c2000ware/driverlib/f28002x/driverlib/cmpss
    6213 00000066 7622          EALLOW    ; [CPU_ALU] |419| 
    6214                      .dwpsn  file "C:/ti/C2000Ware_MotorControl_SDK_5_04_00_00/c2000ware/driverlib/f28002x/driverlib/cmpss
    6215 00000067 CCC4          AND       AL,*+XAR4[0],#0xffe3  ; [CPU_ALU] |421| 
         00000068 FFE3 
    6216 00000069 5028          ORB       AL,#0x28              ; [CPU_ALU] |421| 
    6217 0000006a 96C4          MOV       *+XAR4[0],AL          ; [CPU_ALU] |421| 
    6218                      .dwpsn  file "C:/ti/C2000Ware_MotorControl_SDK_5_04_00_00/c2000ware/driverlib/f28002x/driverlib/cmpss
    6219 0000006b 761A          EDIS      ; [CPU_ALU] |426| 
    6220                      .dwpsn  file "C:/ti/C2000Ware_MotorControl_SDK_5_04_00_00/c2000ware/driverlib/f28002x/driverlib/cmpss
TMS320C2000 Assembler PC v22.6.2 Thu Feb 12 10:37:10 2026

Copyright (c) 1996-2018 Texas Instruments Incorporated
dual_axis_servo_drive_hal.asm                                        PAGE  123

    6221 0000006c 8AF1          MOVL      XAR4,*+XAR1[6]        ; [CPU_ALU] |459| 
    6222                      .dwpsn  file "C:/ti/C2000Ware_MotorControl_SDK_5_04_00_00/c2000ware/driverlib/f28002x/driverlib/cmpss
    6223 0000006d 7622          EALLOW    ; [CPU_ALU] |468| 
    6224                      .dwpsn  file "C:/ti/C2000Ware_MotorControl_SDK_5_04_00_00/c2000ware/driverlib/f28002x/driverlib/cmpss
    6225 0000006e CCC4          AND       AL,*+XAR4[0],#0xe3ff  ; [CPU_ALU] |470| 
         0000006f E3FF 
    6226 00000070 1AA9          OR        AL,#0x2800            ; [CPU_ALU] |470| 
         00000071 2800 
    6227 00000072 96C4          MOV       *+XAR4[0],AL          ; [CPU_ALU] |470| 
    6228                      .dwpsn  file "C:/ti/C2000Ware_MotorControl_SDK_5_04_00_00/c2000ware/driverlib/f28002x/driverlib/cmpss
    6229 00000073 761A          EDIS      ; [CPU_ALU] |475| 
    6230                      .dwpsn  file "C:/ti/C2000Ware_MotorControl_SDK_5_04_00_00/c2000ware/driverlib/f28002x/driverlib/cmpss
    6231 00000074 8AF1          MOVL      XAR4,*+XAR1[6]        ; [CPU_ALU] |1015| 
    6232                      .dwpsn  file "C:/ti/C2000Ware_MotorControl_SDK_5_04_00_00/c2000ware/driverlib/f28002x/driverlib/cmpss
    6233 00000075 7622          EALLOW    ; [CPU_ALU] |1025| 
    6234                      .dwpsn  file "C:/ti/C2000Ware_MotorControl_SDK_5_04_00_00/c2000ware/driverlib/f28002x/driverlib/cmpss
    6235 00000076 56BF          MOVB      *+XAR4[1],#2,UNC      ; [CPU_ALU] |1027| 
         00000077 02CC 
    6236                      .dwpsn  file "C:/ti/C2000Ware_MotorControl_SDK_5_04_00_00/c2000ware/driverlib/f28002x/driverlib/cmpss
    6237 00000078 761A          EDIS      ; [CPU_ALU] |1029| 
    6238                      .dwpsn  file "C:/ti/C2000Ware_MotorControl_SDK_5_04_00_00/c2000ware/driverlib/f28002x/driverlib/cmpss
    6239 00000079 8AF1          MOVL      XAR4,*+XAR1[6]        ; [CPU_ALU] |545| 
    6240                      .dwpsn  file "C:/ti/C2000Ware_MotorControl_SDK_5_04_00_00/c2000ware/driverlib/f28002x/driverlib/cmpss
    6241 0000007a 7622          EALLOW    ; [CPU_ALU] |554| 
    6242                      .dwpsn  file "C:/ti/C2000Ware_MotorControl_SDK_5_04_00_00/c2000ware/driverlib/f28002x/driverlib/cmpss
    6243 0000007b 18E4          AND       *+XAR4[4],#0xff5e     ; [CPU_ALU] |556| 
         0000007c FF5E 
    6244                      .dwpsn  file "C:/ti/C2000Ware_MotorControl_SDK_5_04_00_00/c2000ware/driverlib/f28002x/driverlib/cmpss
    6245 0000007d 761A          EDIS      ; [CPU_ALU] |560| 
    6246                      .dwpsn  file "C:/ti/C2000Ware_MotorControl_SDK_5_04_00_00/c2000ware/driverlib/f28002x/driverlib/cmpss
    6247 0000007e 8AF1          MOVL      XAR4,*+XAR1[6]        ; [CPU_ALU] |590| 
    6248                      .dwpsn  file "C:/ti/C2000Ware_MotorControl_SDK_5_04_00_00/c2000ware/driverlib/f28002x/driverlib/cmpss
    6249 0000007f 0212          MOVB      ACC,#18               ; [CPU_ALU] |620| 
    6250                      .dwpsn  file "C:/ti/C2000Ware_MotorControl_SDK_5_04_00_00/c2000ware/driverlib/f28002x/driverlib/cmpss
    6251 00000080 28F4          MOV       *+XAR4[6],#1024       ; [CPU_ALU] |590| 
         00000081 0400 
    6252                      .dwpsn  file "C:/ti/C2000Ware_MotorControl_SDK_5_04_00_00/c2000ware/driverlib/f28002x/driverlib/cmpss
    6253 00000082 07F1          ADDL      ACC,*+XAR1[6]         ; [CPU_ALU] |620| 
    6254 00000083 8AA9          MOVL      XAR4,ACC              ; [CPU_ALU] |620| 
    6255                      .dwpsn  file "../sources/dual_axis_servo_drive_hal.c",line 595,column 5,is_stmt,isa 0
    6256 00000084 D51E          MOVB      XAR5,#30              ; [CPU_ALU] |595| 
    6257                      .dwpsn  file "C:/ti/C2000Ware_MotorControl_SDK_5_04_00_00/c2000ware/driverlib/f28002x/driverlib/cmpss
    6258 00000085 28C4          MOV       *+XAR4[0],#1024       ; [CPU_ALU] |620| 
         00000086 0400 
    6259                      .dwpsn  file "../sources/dual_axis_servo_drive_hal.c",line 595,column 5,is_stmt,isa 0
    6260 00000087 D414          MOVB      XAR4,#20              ; [CPU_ALU] |595| 
    6261 00000088 56BF          MOVB      *-SP[1],#18,UNC       ; [CPU_ALU] |595| 
         00000089 1241 
    6262 0000008a 06F1          MOVL      ACC,*+XAR1[6]         ; [CPU_ALU] |595| 
    6263              $C$DW$443       .dwtag  DW_TAG_TI_branch
    6264                      .dwattr $C$DW$443, DW_AT_low_pc(0x00)
    6265                      .dwattr $C$DW$443, DW_AT_name("CMPSS_configFilterHigh")
    6266                      .dwattr $C$DW$443, DW_AT_TI_call
    6267              
    6268 0000008b 7640!         LCR       #||CMPSS_configFilterHigh|| ; [CPU_ALU] |595| 
TMS320C2000 Assembler PC v22.6.2 Thu Feb 12 10:37:10 2026

Copyright (c) 1996-2018 Texas Instruments Incorporated
dual_axis_servo_drive_hal.asm                                        PAGE  124

         0000008c 0000 
    6269                      ; call occurs [#||CMPSS_configFilterHigh||] ; [] |595| 
    6270                      .dwpsn  file "C:/ti/C2000Ware_MotorControl_SDK_5_04_00_00/c2000ware/driverlib/f28002x/driverlib/cmpss
    6271 0000008d 8AF1          MOVL      XAR4,*+XAR1[6]        ; [CPU_ALU] |640| 
    6272                      .dwpsn  file "C:/ti/C2000Ware_MotorControl_SDK_5_04_00_00/c2000ware/driverlib/f28002x/driverlib/cmpss
    6273 0000008e 7622          EALLOW    ; [CPU_ALU] |649| 
    6274                      .dwpsn  file "C:/ti/C2000Ware_MotorControl_SDK_5_04_00_00/c2000ware/driverlib/f28002x/driverlib/cmpss
    6275 0000008f DC18          ADDB      XAR4,#24              ; [CPU_ALU] |651| 
    6276 00000090 1AC4          OR        *+XAR4[0],#0x8000     ; [CPU_ALU] |651| 
         00000091 8000 
    6277                      .dwpsn  file "C:/ti/C2000Ware_MotorControl_SDK_5_04_00_00/c2000ware/driverlib/f28002x/driverlib/cmpss
    6278 00000092 761A          EDIS      ; [CPU_ALU] |653| 
    6279                      .dwpsn  file "../sources/dual_axis_servo_drive_hal.c",line 602,column 5,is_stmt,isa 0
    6280 00000093 56BF          MOVB      *-SP[1],#18,UNC       ; [CPU_ALU] |602| 
         00000094 1241 
    6281 00000095 D51E          MOVB      XAR5,#30              ; [CPU_ALU] |602| 
    6282 00000096 D414          MOVB      XAR4,#20              ; [CPU_ALU] |602| 
    6283 00000097 06F1          MOVL      ACC,*+XAR1[6]         ; [CPU_ALU] |602| 
    6284              $C$DW$444       .dwtag  DW_TAG_TI_branch
    6285                      .dwattr $C$DW$444, DW_AT_low_pc(0x00)
    6286                      .dwattr $C$DW$444, DW_AT_name("CMPSS_configFilterLow")
    6287                      .dwattr $C$DW$444, DW_AT_TI_call
    6288              
    6289 00000098 7640!         LCR       #||CMPSS_configFilterLow|| ; [CPU_ALU] |602| 
         00000099 0000 
    6290                      ; call occurs [#||CMPSS_configFilterLow||] ; [] |602| 
    6291                      .dwpsn  file "C:/ti/C2000Ware_MotorControl_SDK_5_04_00_00/c2000ware/driverlib/f28002x/driverlib/cmpss
    6292 0000009a 8AF1          MOVL      XAR4,*+XAR1[6]        ; [CPU_ALU] |673| 
    6293                      .dwpsn  file "C:/ti/C2000Ware_MotorControl_SDK_5_04_00_00/c2000ware/driverlib/f28002x/driverlib/cmpss
    6294 0000009b 7622          EALLOW    ; [CPU_ALU] |682| 
    6295                      .dwpsn  file "C:/ti/C2000Ware_MotorControl_SDK_5_04_00_00/c2000ware/driverlib/f28002x/driverlib/cmpss
    6296 0000009c DC16          ADDB      XAR4,#22              ; [CPU_ALU] |684| 
    6297 0000009d 1AC4          OR        *+XAR4[0],#0x8000     ; [CPU_ALU] |684| 
         0000009e 8000 
    6298                      .dwpsn  file "C:/ti/C2000Ware_MotorControl_SDK_5_04_00_00/c2000ware/driverlib/f28002x/driverlib/cmpss
    6299 0000009f 761A          EDIS      ; [CPU_ALU] |686| 
    6300                      .dwpsn  file "C:/ti/C2000Ware_MotorControl_SDK_5_04_00_00/c2000ware/driverlib/f28002x/driverlib/cmpss
    6301 000000a0 8AF1          MOVL      XAR4,*+XAR1[6]        ; [CPU_ALU] |757| 
    6302                      .dwpsn  file "C:/ti/C2000Ware_MotorControl_SDK_5_04_00_00/c2000ware/driverlib/f28002x/driverlib/cmpss
    6303 000000a1 7622          EALLOW    ; [CPU_ALU] |766| 
    6304                      .dwpsn  file "C:/ti/C2000Ware_MotorControl_SDK_5_04_00_00/c2000ware/driverlib/f28002x/driverlib/cmpss
    6305 000000a2 1ADC          OR        *+XAR4[3],#0x0002     ; [CPU_ALU] |768| 
         000000a3 0002 
    6306                      .dwpsn  file "C:/ti/C2000Ware_MotorControl_SDK_5_04_00_00/c2000ware/driverlib/f28002x/driverlib/cmpss
    6307 000000a4 761A          EDIS      ; [CPU_ALU] |770| 
    6308                      .dwpsn  file "C:/ti/C2000Ware_MotorControl_SDK_5_04_00_00/c2000ware/driverlib/f28002x/driverlib/cmpss
    6309 000000a5 8AF1          MOVL      XAR4,*+XAR1[6]        ; [CPU_ALU] |787| 
    6310                      .dwpsn  file "C:/ti/C2000Ware_MotorControl_SDK_5_04_00_00/c2000ware/driverlib/f28002x/driverlib/cmpss
    6311 000000a6 7622          EALLOW    ; [CPU_ALU] |796| 
    6312                      .dwpsn  file "C:/ti/C2000Ware_MotorControl_SDK_5_04_00_00/c2000ware/driverlib/f28002x/driverlib/cmpss
    6313 000000a7 1ADC          OR        *+XAR4[3],#0x0200     ; [CPU_ALU] |798| 
         000000a8 0200 
    6314                      .dwpsn  file "C:/ti/C2000Ware_MotorControl_SDK_5_04_00_00/c2000ware/driverlib/f28002x/driverlib/cmpss
    6315 000000a9 761A          EDIS      ; [CPU_ALU] |800| 
    6316                      .dwpsn  file "C:/ti/C2000Ware_MotorControl_SDK_5_04_00_00/c2000ware/driverlib/f28002x/driverlib/cmpss
TMS320C2000 Assembler PC v22.6.2 Thu Feb 12 10:37:10 2026

Copyright (c) 1996-2018 Texas Instruments Incorporated
dual_axis_servo_drive_hal.asm                                        PAGE  125

    6317 000000aa 8AF1          MOVL      XAR4,*+XAR1[6]        ; [CPU_ALU] |243| 
    6318                      .dwpsn  file "C:/ti/C2000Ware_MotorControl_SDK_5_04_00_00/c2000ware/driverlib/f28002x/driverlib/cmpss
    6319 000000ab 7622          EALLOW    ; [CPU_ALU] |252| 
    6320                      .dwpsn  file "C:/ti/C2000Ware_MotorControl_SDK_5_04_00_00/c2000ware/driverlib/f28002x/driverlib/cmpss
    6321 000000ac 1AC4          OR        *+XAR4[0],#0x8000     ; [CPU_ALU] |254| 
         000000ad 8000 
    6322                      .dwpsn  file "C:/ti/C2000Ware_MotorControl_SDK_5_04_00_00/c2000ware/driverlib/f28002x/driverlib/cmpss
    6323 000000ae 761A          EDIS      ; [CPU_ALU] |256| 
    6324                      .dwpsn  file "C:/ti/C2000Ware_MotorControl_SDK_5_04_00_00/c2000ware/driverlib/f28002x/driverlib/cmpss
    6325 000000af D00A          MOVB      XAR0,#10              ; [CPU_ALU] |363| 
    6326 000000b0 8A91          MOVL      XAR4,*+XAR1[AR0]      ; [CPU_ALU] |363| 
    6327                      .dwpsn  file "C:/ti/C2000Ware_MotorControl_SDK_5_04_00_00/c2000ware/driverlib/f28002x/driverlib/cmpss
    6328 000000b1 7622          EALLOW    ; [CPU_ALU] |372| 
    6329                      .dwpsn  file "C:/ti/C2000Ware_MotorControl_SDK_5_04_00_00/c2000ware/driverlib/f28002x/driverlib/cmpss
    6330 000000b2 CCC4          AND       AL,*+XAR4[0],#0xbeff  ; [CPU_ALU] |374| 
         000000b3 BEFF 
    6331 000000b4 1AA9          OR        AL,#0x0200            ; [CPU_ALU] |374| 
         000000b5 0200 
    6332 000000b6 96C4          MOV       *+XAR4[0],AL          ; [CPU_ALU] |374| 
    6333                      .dwpsn  file "C:/ti/C2000Ware_MotorControl_SDK_5_04_00_00/c2000ware/driverlib/f28002x/driverlib/cmpss
    6334 000000b7 761A          EDIS      ; [CPU_ALU] |377| 
    6335                      .dwpsn  file "C:/ti/C2000Ware_MotorControl_SDK_5_04_00_00/c2000ware/driverlib/f28002x/driverlib/cmpss
    6336 000000b8 D00A          MOVB      XAR0,#10              ; [CPU_ALU] |459| 
    6337 000000b9 8A91          MOVL      XAR4,*+XAR1[AR0]      ; [CPU_ALU] |459| 
    6338                      .dwpsn  file "C:/ti/C2000Ware_MotorControl_SDK_5_04_00_00/c2000ware/driverlib/f28002x/driverlib/cmpss
    6339 000000ba 7622          EALLOW    ; [CPU_ALU] |468| 
    6340                      .dwpsn  file "C:/ti/C2000Ware_MotorControl_SDK_5_04_00_00/c2000ware/driverlib/f28002x/driverlib/cmpss
    6341 000000bb CCC4          AND       AL,*+XAR4[0],#0xe3ff  ; [CPU_ALU] |470| 
         000000bc E3FF 
    6342 000000bd 1AA9          OR        AL,#0x2800            ; [CPU_ALU] |470| 
         000000be 2800 
    6343 000000bf 96C4          MOV       *+XAR4[0],AL          ; [CPU_ALU] |470| 
    6344                      .dwpsn  file "C:/ti/C2000Ware_MotorControl_SDK_5_04_00_00/c2000ware/driverlib/f28002x/driverlib/cmpss
    6345 000000c0 761A          EDIS      ; [CPU_ALU] |475| 
    6346                      .dwpsn  file "C:/ti/C2000Ware_MotorControl_SDK_5_04_00_00/c2000ware/driverlib/f28002x/driverlib/cmpss
    6347 000000c1 D00A          MOVB      XAR0,#10              ; [CPU_ALU] |1015| 
    6348 000000c2 8A91          MOVL      XAR4,*+XAR1[AR0]      ; [CPU_ALU] |1015| 
    6349                      .dwpsn  file "C:/ti/C2000Ware_MotorControl_SDK_5_04_00_00/c2000ware/driverlib/f28002x/driverlib/cmpss
    6350 000000c3 7622          EALLOW    ; [CPU_ALU] |1025| 
    6351                      .dwpsn  file "C:/ti/C2000Ware_MotorControl_SDK_5_04_00_00/c2000ware/driverlib/f28002x/driverlib/cmpss
    6352 000000c4 56BF          MOVB      *+XAR4[1],#2,UNC      ; [CPU_ALU] |1027| 
         000000c5 02CC 
    6353                      .dwpsn  file "C:/ti/C2000Ware_MotorControl_SDK_5_04_00_00/c2000ware/driverlib/f28002x/driverlib/cmpss
    6354 000000c6 761A          EDIS      ; [CPU_ALU] |1029| 
    6355                      .dwpsn  file "C:/ti/C2000Ware_MotorControl_SDK_5_04_00_00/c2000ware/driverlib/f28002x/driverlib/cmpss
    6356 000000c7 D00A          MOVB      XAR0,#10              ; [CPU_ALU] |545| 
    6357 000000c8 8A91          MOVL      XAR4,*+XAR1[AR0]      ; [CPU_ALU] |545| 
    6358                      .dwpsn  file "C:/ti/C2000Ware_MotorControl_SDK_5_04_00_00/c2000ware/driverlib/f28002x/driverlib/cmpss
    6359 000000c9 7622          EALLOW    ; [CPU_ALU] |554| 
    6360                      .dwpsn  file "C:/ti/C2000Ware_MotorControl_SDK_5_04_00_00/c2000ware/driverlib/f28002x/driverlib/cmpss
    6361 000000ca 18E4          AND       *+XAR4[4],#0xff5e     ; [CPU_ALU] |556| 
         000000cb FF5E 
    6362                      .dwpsn  file "C:/ti/C2000Ware_MotorControl_SDK_5_04_00_00/c2000ware/driverlib/f28002x/driverlib/cmpss
    6363 000000cc 761A          EDIS      ; [CPU_ALU] |560| 
    6364                      .dwpsn  file "C:/ti/C2000Ware_MotorControl_SDK_5_04_00_00/c2000ware/driverlib/f28002x/driverlib/cmpss
TMS320C2000 Assembler PC v22.6.2 Thu Feb 12 10:37:10 2026

Copyright (c) 1996-2018 Texas Instruments Incorporated
dual_axis_servo_drive_hal.asm                                        PAGE  126

    6365 000000cd D00A          MOVB      XAR0,#10              ; [CPU_ALU] |620| 
    6366 000000ce 0212          MOVB      ACC,#18               ; [CPU_ALU] |620| 
    6367 000000cf 0791          ADDL      ACC,*+XAR1[AR0]       ; [CPU_ALU] |620| 
    6368 000000d0 8AA9          MOVL      XAR4,ACC              ; [CPU_ALU] |620| 
    6369                      .dwpsn  file "../sources/dual_axis_servo_drive_hal.c",line 639,column 5,is_stmt,isa 0
    6370 000000d1 D00A          MOVB      XAR0,#10              ; [CPU_ALU] |639| 
    6371 000000d2 D51E          MOVB      XAR5,#30              ; [CPU_ALU] |639| 
    6372                      .dwpsn  file "C:/ti/C2000Ware_MotorControl_SDK_5_04_00_00/c2000ware/driverlib/f28002x/driverlib/cmpss
    6373 000000d3 28C4          MOV       *+XAR4[0],#1024       ; [CPU_ALU] |620| 
         000000d4 0400 
    6374                      .dwpsn  file "../sources/dual_axis_servo_drive_hal.c",line 639,column 5,is_stmt,isa 0
    6375 000000d5 D414          MOVB      XAR4,#20              ; [CPU_ALU] |639| 
    6376 000000d6 56BF          MOVB      *-SP[1],#18,UNC       ; [CPU_ALU] |639| 
         000000d7 1241 
    6377 000000d8 0691          MOVL      ACC,*+XAR1[AR0]       ; [CPU_ALU] |639| 
    6378              $C$DW$445       .dwtag  DW_TAG_TI_branch
    6379                      .dwattr $C$DW$445, DW_AT_low_pc(0x00)
    6380                      .dwattr $C$DW$445, DW_AT_name("CMPSS_configFilterLow")
    6381                      .dwattr $C$DW$445, DW_AT_TI_call
    6382              
    6383 000000d9 7640!         LCR       #||CMPSS_configFilterLow|| ; [CPU_ALU] |639| 
         000000da 0000 
    6384                      ; call occurs [#||CMPSS_configFilterLow||] ; [] |639| 
    6385                      .dwpsn  file "C:/ti/C2000Ware_MotorControl_SDK_5_04_00_00/c2000ware/driverlib/f28002x/driverlib/cmpss
    6386 000000db D00A          MOVB      XAR0,#10              ; [CPU_ALU] |673| 
    6387 000000dc 8A91          MOVL      XAR4,*+XAR1[AR0]      ; [CPU_ALU] |673| 
    6388                      .dwpsn  file "C:/ti/C2000Ware_MotorControl_SDK_5_04_00_00/c2000ware/driverlib/f28002x/driverlib/cmpss
    6389 000000dd 7622          EALLOW    ; [CPU_ALU] |682| 
    6390                      .dwpsn  file "C:/ti/C2000Ware_MotorControl_SDK_5_04_00_00/c2000ware/driverlib/f28002x/driverlib/cmpss
    6391 000000de DC16          ADDB      XAR4,#22              ; [CPU_ALU] |684| 
    6392 000000df 1AC4          OR        *+XAR4[0],#0x8000     ; [CPU_ALU] |684| 
         000000e0 8000 
    6393                      .dwpsn  file "C:/ti/C2000Ware_MotorControl_SDK_5_04_00_00/c2000ware/driverlib/f28002x/driverlib/cmpss
    6394 000000e1 761A          EDIS      ; [CPU_ALU] |686| 
    6395                      .dwpsn  file "C:/ti/C2000Ware_MotorControl_SDK_5_04_00_00/c2000ware/driverlib/f28002x/driverlib/cmpss
    6396 000000e2 D00A          MOVB      XAR0,#10              ; [CPU_ALU] |787| 
    6397 000000e3 8A91          MOVL      XAR4,*+XAR1[AR0]      ; [CPU_ALU] |787| 
    6398                      .dwpsn  file "C:/ti/C2000Ware_MotorControl_SDK_5_04_00_00/c2000ware/driverlib/f28002x/driverlib/cmpss
    6399 000000e4 7622          EALLOW    ; [CPU_ALU] |796| 
    6400                      .dwpsn  file "C:/ti/C2000Ware_MotorControl_SDK_5_04_00_00/c2000ware/driverlib/f28002x/driverlib/cmpss
    6401 000000e5 1ADC          OR        *+XAR4[3],#0x0200     ; [CPU_ALU] |798| 
         000000e6 0200 
    6402                      .dwpsn  file "C:/ti/C2000Ware_MotorControl_SDK_5_04_00_00/c2000ware/driverlib/f28002x/driverlib/cmpss
    6403 000000e7 761A          EDIS      ; [CPU_ALU] |800| 
    6404                      .dwpsn  file "C:/ti/C2000Ware_MotorControl_SDK_5_04_00_00/c2000ware/driverlib/f28002x/driverlib/cmpss
    6405 000000e8 D00A          MOVB      XAR0,#10              ; [CPU_ALU] |243| 
    6406 000000e9 8A91          MOVL      XAR4,*+XAR1[AR0]      ; [CPU_ALU] |243| 
    6407                      .dwpsn  file "C:/ti/C2000Ware_MotorControl_SDK_5_04_00_00/c2000ware/driverlib/f28002x/driverlib/cmpss
    6408 000000ea 7622          EALLOW    ; [CPU_ALU] |252| 
    6409                      .dwpsn  file "C:/ti/C2000Ware_MotorControl_SDK_5_04_00_00/c2000ware/driverlib/f28002x/driverlib/cmpss
    6410 000000eb 1AC4          OR        *+XAR4[0],#0x8000     ; [CPU_ALU] |254| 
         000000ec 8000 
    6411                      .dwpsn  file "C:/ti/C2000Ware_MotorControl_SDK_5_04_00_00/c2000ware/driverlib/f28002x/driverlib/cmpss
    6412 000000ed 761A          EDIS      ; [CPU_ALU] |256| 
    6413 000000ee FE82          SUBB      SP,#2                 ; [CPU_ARAU] 
TMS320C2000 Assembler PC v22.6.2 Thu Feb 12 10:37:10 2026

Copyright (c) 1996-2018 Texas Instruments Incorporated
dual_axis_servo_drive_hal.asm                                        PAGE  127

    6414                      .dwcfi  cfa_offset, -4
    6415 000000ef 8BBE          MOVL      XAR1,*--SP            ; [CPU_ALU] 
    6416                      .dwcfi  cfa_offset, -2
    6417                      .dwcfi  restore_reg, 7
    6418              $C$DW$446       .dwtag  DW_TAG_TI_branch
    6419                      .dwattr $C$DW$446, DW_AT_low_pc(0x00)
    6420                      .dwattr $C$DW$446, DW_AT_TI_return
    6421              
    6422 000000f0 0006          LRETR     ; [CPU_ALU] 
    6423                      ; return occurs ; [] 
    6424                      .dwattr $C$DW$413, DW_AT_TI_end_file("../sources/dual_axis_servo_drive_hal.c")
    6425                      .dwattr $C$DW$413, DW_AT_TI_end_line(0x289)
    6426                      .dwattr $C$DW$413, DW_AT_TI_end_column(0x01)
    6427                      .dwendentry
    6428                      .dwendtag $C$DW$413
    6429              
    6430 00000000               .sect   ".text:HAL_setupADCs"
    6431                      .clink
    6432                      .global ||HAL_setupADCs||
    6433              
    6434              $C$DW$447       .dwtag  DW_TAG_subprogram
    6435                      .dwattr $C$DW$447, DW_AT_name("HAL_setupADCs")
    6436                      .dwattr $C$DW$447, DW_AT_low_pc(||HAL_setupADCs||)
    6437                      .dwattr $C$DW$447, DW_AT_high_pc(0x00)
    6438                      .dwattr $C$DW$447, DW_AT_linkage_name("HAL_setupADCs")
    6439                      .dwattr $C$DW$447, DW_AT_external
    6440                      .dwattr $C$DW$447, DW_AT_decl_file("../sources/dual_axis_servo_drive_hal.c")
    6441                      .dwattr $C$DW$447, DW_AT_decl_line(0x159)
    6442                      .dwattr $C$DW$447, DW_AT_decl_column(0x06)
    6443                      .dwattr $C$DW$447, DW_AT_TI_max_frame_size(-4)
    6444                      .dwpsn  file "../sources/dual_axis_servo_drive_hal.c",line 346,column 1,is_stmt,address ||HAL_setupAD
    6445              
    6446                      .dwfde $C$DW$CIE, ||HAL_setupADCs||
    6447              $C$DW$448       .dwtag  DW_TAG_formal_parameter
    6448                      .dwattr $C$DW$448, DW_AT_name("handle")
    6449                      .dwattr $C$DW$448, DW_AT_type(*$C$DW$T$151)
    6450                      .dwattr $C$DW$448, DW_AT_location[DW_OP_reg12]
    6451              
    6452              
    6453              ;***************************************************************
    6454              ;* FNAME: HAL_setupADCs                 FR SIZE:   2           *
    6455              ;*                                                             *
    6456              ;* FUNCTION ENVIRONMENT                                        *
    6457              ;*                                                             *
    6458              ;* FUNCTION PROPERTIES                                         *
    6459              ;*                            0 Parameter,  0 Auto,  2 SOE     *
    6460              ;***************************************************************
    6461              
    6462              ||HAL_setupADCs||:
    6463              ;* AR1   assigned to $O$U14
    6464              ;* AR1   assigned to handle
    6465              $C$DW$449       .dwtag  DW_TAG_variable
    6466                      .dwattr $C$DW$449, DW_AT_name("handle")
    6467                      .dwattr $C$DW$449, DW_AT_type(*$C$DW$T$152)
    6468                      .dwattr $C$DW$449, DW_AT_location[DW_OP_reg6]
TMS320C2000 Assembler PC v22.6.2 Thu Feb 12 10:37:10 2026

Copyright (c) 1996-2018 Texas Instruments Incorporated
dual_axis_servo_drive_hal.asm                                        PAGE  128

    6469              
    6470              ;* AR4   assigned to base
    6471              $C$DW$450       .dwtag  DW_TAG_variable
    6472                      .dwattr $C$DW$450, DW_AT_name("base")
    6473                      .dwattr $C$DW$450, DW_AT_type(*$C$DW$T$28)
    6474                      .dwattr $C$DW$450, DW_AT_location[DW_OP_reg12]
    6475              
    6476              ;* AR4   assigned to base
    6477              $C$DW$451       .dwtag  DW_TAG_variable
    6478                      .dwattr $C$DW$451, DW_AT_name("base")
    6479                      .dwattr $C$DW$451, DW_AT_type(*$C$DW$T$28)
    6480                      .dwattr $C$DW$451, DW_AT_location[DW_OP_reg12]
    6481              
    6482              ;* AR4   assigned to base
    6483              $C$DW$452       .dwtag  DW_TAG_variable
    6484                      .dwattr $C$DW$452, DW_AT_name("base")
    6485                      .dwattr $C$DW$452, DW_AT_type(*$C$DW$T$28)
    6486                      .dwattr $C$DW$452, DW_AT_location[DW_OP_reg12]
    6487              
    6488              ;* AR4   assigned to base
    6489              $C$DW$453       .dwtag  DW_TAG_variable
    6490                      .dwattr $C$DW$453, DW_AT_name("base")
    6491                      .dwattr $C$DW$453, DW_AT_type(*$C$DW$T$28)
    6492                      .dwattr $C$DW$453, DW_AT_location[DW_OP_reg12]
    6493              
    6494                      .dwcfi  cfa_offset, -2
    6495                      .dwcfi  save_reg_to_mem, 26, 0
    6496 00000000 B2BD          MOVL      *SP++,XAR1            ; [CPU_ALU] 
    6497                      .dwcfi  save_reg_to_mem, 7, 2
    6498                      .dwcfi  cfa_offset, -4
    6499                      .dwpsn  file "../sources/dual_axis_servo_drive_hal.c",line 352,column 5,is_stmt,isa 0
    6500 00000001 0264          MOVB      ACC,#100              ; [CPU_ALU] |352| 
    6501                      .dwpsn  file "../sources/dual_axis_servo_drive_hal.c",line 346,column 1,is_stmt,isa 0
    6502 00000002 8BA4          MOVL      XAR1,XAR4             ; [CPU_ALU] |346| 
    6503                      .dwpsn  file "../sources/dual_axis_servo_drive_hal.c",line 352,column 5,is_stmt,isa 0
    6504              $C$DW$454       .dwtag  DW_TAG_TI_branch
    6505                      .dwattr $C$DW$454, DW_AT_low_pc(0x00)
    6506                      .dwattr $C$DW$454, DW_AT_name("SysCtl_delay")
    6507                      .dwattr $C$DW$454, DW_AT_TI_call
    6508              
    6509 00000003 7640!         LCR       #||SysCtl_delay||     ; [CPU_ALU] |352| 
         00000004 0000 
    6510                      ; call occurs [#||SysCtl_delay||] ; [] |352| 
    6511                      .dwpsn  file "../sources/dual_axis_servo_drive_hal.c",line 353,column 5,is_stmt,isa 0
    6512 00000005 D00A          MOVB      XAR0,#10              ; [CPU_ALU] |353| 
    6513 00000006 D400          MOVB      XAR4,#0               ; [CPU_ALU] |353| 
    6514 00000007 D500          MOVB      XAR5,#0               ; [CPU_ALU] |353| 
    6515 00000008 0691          MOVL      ACC,*+XAR1[AR0]       ; [CPU_ALU] |353| 
    6516              $C$DW$455       .dwtag  DW_TAG_TI_branch
    6517                      .dwattr $C$DW$455, DW_AT_low_pc(0x00)
    6518                      .dwattr $C$DW$455, DW_AT_name("ADC_setVREF")
    6519                      .dwattr $C$DW$455, DW_AT_TI_call
    6520              
    6521 00000009 7640!         LCR       #||ADC_setVREF||      ; [CPU_ALU] |353| 
         0000000a 0000 
TMS320C2000 Assembler PC v22.6.2 Thu Feb 12 10:37:10 2026

Copyright (c) 1996-2018 Texas Instruments Incorporated
dual_axis_servo_drive_hal.asm                                        PAGE  129

    6522                      ; call occurs [#||ADC_setVREF||] ; [] |353| 
    6523                      .dwpsn  file "../sources/dual_axis_servo_drive_hal.c",line 354,column 5,is_stmt,isa 0
    6524 0000000b D00C          MOVB      XAR0,#12              ; [CPU_ALU] |354| 
    6525 0000000c D400          MOVB      XAR4,#0               ; [CPU_ALU] |354| 
    6526 0000000d D500          MOVB      XAR5,#0               ; [CPU_ALU] |354| 
    6527 0000000e 0691          MOVL      ACC,*+XAR1[AR0]       ; [CPU_ALU] |354| 
    6528              $C$DW$456       .dwtag  DW_TAG_TI_branch
    6529                      .dwattr $C$DW$456, DW_AT_low_pc(0x00)
    6530                      .dwattr $C$DW$456, DW_AT_name("ADC_setVREF")
    6531                      .dwattr $C$DW$456, DW_AT_TI_call
    6532              
    6533 0000000f 7640!         LCR       #||ADC_setVREF||      ; [CPU_ALU] |354| 
         00000010 0000 
    6534                      ; call occurs [#||ADC_setVREF||] ; [] |354| 
    6535                      .dwpsn  file "../sources/dual_axis_servo_drive_hal.c",line 355,column 5,is_stmt,isa 0
    6536 00000011 0264          MOVB      ACC,#100              ; [CPU_ALU] |355| 
    6537              $C$DW$457       .dwtag  DW_TAG_TI_branch
    6538                      .dwattr $C$DW$457, DW_AT_low_pc(0x00)
    6539                      .dwattr $C$DW$457, DW_AT_name("SysCtl_delay")
    6540                      .dwattr $C$DW$457, DW_AT_TI_call
    6541              
    6542 00000012 7640!         LCR       #||SysCtl_delay||     ; [CPU_ALU] |355| 
         00000013 0000 
    6543                      ; call occurs [#||SysCtl_delay||] ; [] |355| 
    6544 00000014 D90A          ADDB      XAR1,#10              ; [CPU_ALU] 
    6545 00000015 BE01          MOVB      XAR6,#1               ; [CPU_FPU] 
    6546                      .dwpsn  file "../sources/dual_axis_servo_drive_hal.c",line 358,column 18,is_stmt,isa 0
    6547 00000016 B51A          RPTB      ||$C$L36||,AR6        ; [CPU_ALU] |358| 
         00000017 00A6 
    6548                      ; repeat block starts ; [] 
    6549 00000018       ||$C$L35||:    
    6550                      .dwpsn  file "C:/ti/C2000Ware_MotorControl_SDK_5_04_00_00/c2000ware/driverlib/f28002x/driverlib/adc.h
    6551 00000018 8AC1          MOVL      XAR4,*+XAR1[0]        ; [CPU_ALU] |425| 
    6552                      .dwpsn  file "C:/ti/C2000Ware_MotorControl_SDK_5_04_00_00/c2000ware/driverlib/f28002x/driverlib/adc.h
    6553 00000019 7622          EALLOW    ; [CPU_ALU] |434| 
    6554                      .dwpsn  file "C:/ti/C2000Ware_MotorControl_SDK_5_04_00_00/c2000ware/driverlib/f28002x/driverlib/adc.h
    6555 0000001a CCCC          AND       AL,*+XAR4[1],#0xfff0  ; [CPU_ALU] |435| 
         0000001b FFF0 
    6556 0000001c 5002          ORB       AL,#0x02              ; [CPU_ALU] |435| 
    6557 0000001d 96CC          MOV       *+XAR4[1],AL          ; [CPU_ALU] |435| 
    6558                      .dwpsn  file "C:/ti/C2000Ware_MotorControl_SDK_5_04_00_00/c2000ware/driverlib/f28002x/driverlib/adc.h
    6559 0000001e 761A          EDIS      ; [CPU_ALU] |437| 
    6560                      .dwpsn  file "C:/ti/C2000Ware_MotorControl_SDK_5_04_00_00/c2000ware/driverlib/f28002x/driverlib/adc.h
    6561 0000001f 8AC1          MOVL      XAR4,*+XAR1[0]        ; [CPU_ALU] |581| 
    6562                      .dwpsn  file "C:/ti/C2000Ware_MotorControl_SDK_5_04_00_00/c2000ware/driverlib/f28002x/driverlib/adc.h
    6563 00000020 7622          EALLOW    ; [CPU_ALU] |590| 
    6564                      .dwpsn  file "C:/ti/C2000Ware_MotorControl_SDK_5_04_00_00/c2000ware/driverlib/f28002x/driverlib/adc.h
    6565 00000021 1AC4          OR        *+XAR4[0],#0x0004     ; [CPU_ALU] |591| 
         00000022 0004 
    6566                      .dwpsn  file "C:/ti/C2000Ware_MotorControl_SDK_5_04_00_00/c2000ware/driverlib/f28002x/driverlib/adc.h
    6567 00000023 761A          EDIS      ; [CPU_ALU] |593| 
    6568                      .dwpsn  file "C:/ti/C2000Ware_MotorControl_SDK_5_04_00_00/c2000ware/driverlib/f28002x/driverlib/adc.h
    6569 00000024 8AC1          MOVL      XAR4,*+XAR1[0]        ; [CPU_ALU] |651| 
    6570                      .dwpsn  file "C:/ti/C2000Ware_MotorControl_SDK_5_04_00_00/c2000ware/driverlib/f28002x/driverlib/adc.h
    6571 00000025 7622          EALLOW    ; [CPU_ALU] |660| 
TMS320C2000 Assembler PC v22.6.2 Thu Feb 12 10:37:10 2026

Copyright (c) 1996-2018 Texas Instruments Incorporated
dual_axis_servo_drive_hal.asm                                        PAGE  130

    6572                      .dwpsn  file "C:/ti/C2000Ware_MotorControl_SDK_5_04_00_00/c2000ware/driverlib/f28002x/driverlib/adc.h
    6573 00000026 1AC4          OR        *+XAR4[0],#0x0080     ; [CPU_ALU] |661| 
         00000027 0080 
    6574                      .dwpsn  file "C:/ti/C2000Ware_MotorControl_SDK_5_04_00_00/c2000ware/driverlib/f28002x/driverlib/adc.h
    6575 00000028 761A          EDIS      ; [CPU_ALU] |662| 
    6576                      .dwpsn  file "C:/ti/C2000Ware_MotorControl_SDK_5_04_00_00/c2000ware/driverlib/f28002x/driverlib/adc.h
    6577 00000029 8A81          MOVL      XAR4,*XAR1++          ; [CPU_ALU] |1086| 
    6578                      .dwpsn  file "C:/ti/C2000Ware_MotorControl_SDK_5_04_00_00/c2000ware/driverlib/f28002x/driverlib/adc.h
    6579 0000002a 7622          EALLOW    ; [CPU_ALU] |1092| 
    6580                      .dwpsn  file "C:/ti/C2000Ware_MotorControl_SDK_5_04_00_00/c2000ware/driverlib/f28002x/driverlib/adc.h
    6581 0000002b D009          MOVB      XAR0,#9               ; [CPU_ALU] |1094| 
    6582 0000002c CC94          AND       AL,*+XAR4[AR0],#0xfff0 ; [CPU_ALU] |1094| 
         0000002d FFF0 
    6583 0000002e D009          MOVB      XAR0,#9               ; [CPU_ALU] |1094| 
    6584 0000002f 5010          ORB       AL,#0x10              ; [CPU_ALU] |1094| 
    6585 00000030 9694          MOV       *+XAR4[AR0],AL        ; [CPU_ALU] |1094| 
    6586                      .dwpsn  file "C:/ti/C2000Ware_MotorControl_SDK_5_04_00_00/c2000ware/driverlib/f28002x/driverlib/adc.h
    6587 00000031 761A          EDIS      ; [CPU_ALU] |1098| 
    6588                      ; repeat block ends ; [] 
    6589 00000032       ||$C$L36||:    
    6590                      .dwpsn  file "../sources/dual_axis_servo_drive_hal.c",line 374,column 5,is_stmt,isa 0
    6591 00000032 FF20          MOV       ACC,#1000             ; [CPU_ALU] |374| 
         00000033 03E8 
    6592              $C$DW$458       .dwtag  DW_TAG_TI_branch
    6593                      .dwattr $C$DW$458, DW_AT_low_pc(0x00)
    6594                      .dwattr $C$DW$458, DW_AT_name("SysCtl_delay")
    6595                      .dwattr $C$DW$458, DW_AT_TI_call
    6596              
    6597 00000034 7640!         LCR       #||SysCtl_delay||     ; [CPU_ALU] |374| 
         00000035 0000 
    6598                      ; call occurs [#||SysCtl_delay||] ; [] |374| 
    6599                      .dwpsn  file "C:/ti/C2000Ware_MotorControl_SDK_5_04_00_00/c2000ware/driverlib/f28002x/driverlib/adc.h
    6600 00000036 7622          EALLOW    ; [CPU_ALU] |497| 
    6601                      .dwpsn  file "C:/ti/C2000Ware_MotorControl_SDK_5_04_00_00/c2000ware/driverlib/f28002x/driverlib/adc.h
    6602 00000037 BFA9          MOV32     ACC,*(0:0x7512)       ; [CPU_FPU] |499| 
         00000038 7512 
    6603 00000039 18A9          AND       AL,#32256             ; [CPU_ALU] |499| 
         0000003a 7E00 
    6604 0000003b 18A8          AND       AH,#65048             ; [CPU_ALU] |499| 
         0000003c FE18 
    6605 0000003d 500B          OR        AL,#11                ; [CPU_ALU] |499| 
    6606 0000003e 5152          OR        AH,#82                ; [CPU_ALU] |499| 
    6607 0000003f BDA9          MOV32     *(0:0x7512),ACC       ; [CPU_FPU] |499| 
         00000040 7512 
    6608                      .dwpsn  file "C:/ti/C2000Ware_MotorControl_SDK_5_04_00_00/c2000ware/driverlib/f28002x/driverlib/adc.h
    6609 00000041 F5A9          MOV       AL,*(0:0x7548)        ; [CPU_ALU] |1171| 
         00000042 7548 
    6610 00000043 CCA9          AND       AL,AL,#0xfff0         ; [CPU_ALU] |1171| 
         00000044 FFF0 
    6611 00000045 5001          ORB       AL,#0x01              ; [CPU_ALU] |1171| 
    6612 00000046 F4A9          MOV       *(0:0x7548),AL        ; [CPU_ALU] |1171| 
         00000047 7548 
    6613                      .dwpsn  file "C:/ti/C2000Ware_MotorControl_SDK_5_04_00_00/c2000ware/driverlib/f28002x/driverlib/adc.h
    6614 00000048 F5A9          MOV       AL,*(0:0x754a)        ; [CPU_ALU] |1565| 
         00000049 754A 
TMS320C2000 Assembler PC v22.6.2 Thu Feb 12 10:37:10 2026

Copyright (c) 1996-2018 Texas Instruments Incorporated
dual_axis_servo_drive_hal.asm                                        PAGE  131

    6615 0000004a 18A9          AND       AL,#0xfc00            ; [CPU_ALU] |1565| 
         0000004b FC00 
    6616 0000004c F4A9          MOV       *(0:0x754a),AL        ; [CPU_ALU] |1565| 
         0000004d 754A 
    6617                      .dwpsn  file "C:/ti/C2000Ware_MotorControl_SDK_5_04_00_00/c2000ware/driverlib/f28002x/driverlib/adc.h
    6618 0000004e BFA9          MOV32     ACC,*(0:0x7510)       ; [CPU_FPU] |499| 
         0000004f 7510 
    6619 00000050 18A9          AND       AL,#32256             ; [CPU_ALU] |499| 
         00000051 7E00 
    6620 00000052 18A8          AND       AH,#65048             ; [CPU_ALU] |499| 
         00000053 FE18 
    6621 00000054 500B          OR        AL,#11                ; [CPU_ALU] |499| 
    6622 00000055 5150          OR        AH,#80                ; [CPU_ALU] |499| 
    6623 00000056 BDA9          MOV32     *(0:0x7510),ACC       ; [CPU_FPU] |499| 
         00000057 7510 
    6624                      .dwpsn  file "C:/ti/C2000Ware_MotorControl_SDK_5_04_00_00/c2000ware/driverlib/f28002x/driverlib/adc.h
    6625 00000058 F5A9          MOV       AL,*(0:0x7540)        ; [CPU_ALU] |1171| 
         00000059 7540 
    6626 0000005a 18A9          AND       AL,#0xfff0            ; [CPU_ALU] |1171| 
         0000005b FFF0 
    6627 0000005c F4A9          MOV       *(0:0x7540),AL        ; [CPU_ALU] |1171| 
         0000005d 7540 
    6628                      .dwpsn  file "C:/ti/C2000Ware_MotorControl_SDK_5_04_00_00/c2000ware/driverlib/f28002x/driverlib/adc.h
    6629 0000005e F5A9          MOV       AL,*(0:0x7542)        ; [CPU_ALU] |1565| 
         0000005f 7542 
    6630 00000060 18A9          AND       AL,#0xfc00            ; [CPU_ALU] |1565| 
         00000061 FC00 
    6631 00000062 F4A9          MOV       *(0:0x7542),AL        ; [CPU_ALU] |1565| 
         00000063 7542 
    6632                      .dwpsn  file "C:/ti/C2000Ware_MotorControl_SDK_5_04_00_00/c2000ware/driverlib/f28002x/driverlib/adc.h
    6633 00000064 BFA9          MOV32     ACC,*(0:0x7410)       ; [CPU_FPU] |499| 
         00000065 7410 
    6634 00000066 18A9          AND       AL,#32256             ; [CPU_ALU] |499| 
         00000067 7E00 
    6635 00000068 18A8          AND       AH,#65054             ; [CPU_ALU] |499| 
         00000069 FE1E 
    6636 0000006a 500B          OR        AL,#11                ; [CPU_ALU] |499| 
    6637 0000006b 5156          OR        AH,#86                ; [CPU_ALU] |499| 
    6638 0000006c BDA9          MOV32     *(0:0x7410),ACC       ; [CPU_FPU] |499| 
         0000006d 7410 
    6639                      .dwpsn  file "C:/ti/C2000Ware_MotorControl_SDK_5_04_00_00/c2000ware/driverlib/f28002x/driverlib/adc.h
    6640 0000006e F5A9          MOV       AL,*(0:0x7440)        ; [CPU_ALU] |1171| 
         0000006f 7440 
    6641 00000070 18A9          AND       AL,#0xfff0            ; [CPU_ALU] |1171| 
         00000071 FFF0 
    6642 00000072 F4A9          MOV       *(0:0x7440),AL        ; [CPU_ALU] |1171| 
         00000073 7440 
    6643                      .dwpsn  file "C:/ti/C2000Ware_MotorControl_SDK_5_04_00_00/c2000ware/driverlib/f28002x/driverlib/adc.h
    6644 00000074 F5A9          MOV       AL,*(0:0x7442)        ; [CPU_ALU] |1565| 
         00000075 7442 
    6645 00000076 18A9          AND       AL,#0xfc00            ; [CPU_ALU] |1565| 
         00000077 FC00 
    6646 00000078 F4A9          MOV       *(0:0x7442),AL        ; [CPU_ALU] |1565| 
         00000079 7442 
    6647                      .dwpsn  file "C:/ti/C2000Ware_MotorControl_SDK_5_04_00_00/c2000ware/driverlib/f28002x/driverlib/adc.h
TMS320C2000 Assembler PC v22.6.2 Thu Feb 12 10:37:10 2026

Copyright (c) 1996-2018 Texas Instruments Incorporated
dual_axis_servo_drive_hal.asm                                        PAGE  132

    6648 0000007a BFA9          MOV32     ACC,*(0:0x7412)       ; [CPU_FPU] |499| 
         0000007b 7412 
    6649 0000007c 18A9          AND       AL,#32256             ; [CPU_ALU] |499| 
         0000007d 7E00 
    6650 0000007e 18A8          AND       AH,#65048             ; [CPU_ALU] |499| 
         0000007f FE18 
    6651 00000080 500B          OR        AL,#11                ; [CPU_ALU] |499| 
    6652 00000081 5153          OR        AH,#83                ; [CPU_ALU] |499| 
    6653 00000082 BDA9          MOV32     *(0:0x7412),ACC       ; [CPU_FPU] |499| 
         00000083 7412 
    6654                      .dwpsn  file "C:/ti/C2000Ware_MotorControl_SDK_5_04_00_00/c2000ware/driverlib/f28002x/driverlib/adc.h
    6655 00000084 F5A9          MOV       AL,*(0:0x7448)        ; [CPU_ALU] |1171| 
         00000085 7448 
    6656 00000086 CCA9          AND       AL,AL,#0xfff0         ; [CPU_ALU] |1171| 
         00000087 FFF0 
    6657 00000088 5001          ORB       AL,#0x01              ; [CPU_ALU] |1171| 
    6658 00000089 F4A9          MOV       *(0:0x7448),AL        ; [CPU_ALU] |1171| 
         0000008a 7448 
    6659                      .dwpsn  file "C:/ti/C2000Ware_MotorControl_SDK_5_04_00_00/c2000ware/driverlib/f28002x/driverlib/adc.h
    6660 0000008b F5A9          MOV       AL,*(0:0x744a)        ; [CPU_ALU] |1565| 
         0000008c 744A 
    6661 0000008d 18A9          AND       AL,#0xfc00            ; [CPU_ALU] |1565| 
         0000008e FC00 
    6662 0000008f F4A9          MOV       *(0:0x744a),AL        ; [CPU_ALU] |1565| 
         00000090 744A 
    6663                      .dwpsn  file "C:/ti/C2000Ware_MotorControl_SDK_5_04_00_00/c2000ware/driverlib/f28002x/driverlib/adc.h
    6664 00000091 BFA9          MOV32     ACC,*(0:0x7416)       ; [CPU_FPU] |499| 
         00000092 7416 
    6665 00000093 18A9          AND       AL,#65024             ; [CPU_ALU] |499| 
         00000094 FE00 
    6666 00000095 18A8          AND       AH,#65308             ; [CPU_ALU] |499| 
         00000096 FF1C 
    6667 00000097 1AA9          OR        AL,#32779             ; [CPU_ALU] |499| 
         00000098 800B 
    6668 00000099 1AA8          OR        AH,#276               ; [CPU_ALU] |499| 
         0000009a 0114 
    6669 0000009b BDA9          MOV32     *(0:0x7416),ACC       ; [CPU_FPU] |499| 
         0000009c 7416 
    6670                      .dwpsn  file "C:/ti/C2000Ware_MotorControl_SDK_5_04_00_00/c2000ware/driverlib/f28002x/driverlib/adc.h
    6671 0000009d F5A9          MOV       AL,*(0:0x7458)        ; [CPU_ALU] |1171| 
         0000009e 7458 
    6672 0000009f CCA9          AND       AL,AL,#0xfff0         ; [CPU_ALU] |1171| 
         000000a0 FFF0 
    6673 000000a1 5003          ORB       AL,#0x03              ; [CPU_ALU] |1171| 
    6674 000000a2 F4A9          MOV       *(0:0x7458),AL        ; [CPU_ALU] |1171| 
         000000a3 7458 
    6675                      .dwpsn  file "C:/ti/C2000Ware_MotorControl_SDK_5_04_00_00/c2000ware/driverlib/f28002x/driverlib/adc.h
    6676 000000a4 F5A9          MOV       AL,*(0:0x745a)        ; [CPU_ALU] |1565| 
         000000a5 745A 
    6677 000000a6 18A9          AND       AL,#0xfc00            ; [CPU_ALU] |1565| 
         000000a7 FC00 
    6678 000000a8 F4A9          MOV       *(0:0x745a),AL        ; [CPU_ALU] |1565| 
         000000a9 745A 
    6679                      .dwpsn  file "C:/ti/C2000Ware_MotorControl_SDK_5_04_00_00/c2000ware/driverlib/f28002x/driverlib/adc.h
    6680 000000aa BFA9          MOV32     ACC,*(0:0x7414)       ; [CPU_FPU] |499| 
TMS320C2000 Assembler PC v22.6.2 Thu Feb 12 10:37:10 2026

Copyright (c) 1996-2018 Texas Instruments Incorporated
dual_axis_servo_drive_hal.asm                                        PAGE  133

         000000ab 7414 
    6681 000000ac 18A9          AND       AL,#32256             ; [CPU_ALU] |499| 
         000000ad 7E00 
    6682 000000ae 18A8          AND       AH,#65308             ; [CPU_ALU] |499| 
         000000af FF1C 
    6683 000000b0 500B          OR        AL,#11                ; [CPU_ALU] |499| 
    6684 000000b1 1AA8          OR        AH,#277               ; [CPU_ALU] |499| 
         000000b2 0115 
    6685 000000b3 BDA9          MOV32     *(0:0x7414),ACC       ; [CPU_FPU] |499| 
         000000b4 7414 
    6686                      .dwpsn  file "C:/ti/C2000Ware_MotorControl_SDK_5_04_00_00/c2000ware/driverlib/f28002x/driverlib/adc.h
    6687 000000b5 F5A9          MOV       AL,*(0:0x7450)        ; [CPU_ALU] |1171| 
         000000b6 7450 
    6688 000000b7 CCA9          AND       AL,AL,#0xfff0         ; [CPU_ALU] |1171| 
         000000b8 FFF0 
    6689 000000b9 5002          ORB       AL,#0x02              ; [CPU_ALU] |1171| 
    6690 000000ba F4A9          MOV       *(0:0x7450),AL        ; [CPU_ALU] |1171| 
         000000bb 7450 
    6691                      .dwpsn  file "C:/ti/C2000Ware_MotorControl_SDK_5_04_00_00/c2000ware/driverlib/f28002x/driverlib/adc.h
    6692 000000bc F5A9          MOV       AL,*(0:0x7452)        ; [CPU_ALU] |1565| 
         000000bd 7452 
    6693 000000be 18A9          AND       AL,#0xfc00            ; [CPU_ALU] |1565| 
         000000bf FC00 
    6694 000000c0 F4A9          MOV       *(0:0x7452),AL        ; [CPU_ALU] |1565| 
         000000c1 7452 
    6695                      .dwpsn  file "C:/ti/C2000Ware_MotorControl_SDK_5_04_00_00/c2000ware/driverlib/f28002x/driverlib/adc.h
    6696 000000c2 BFA9          MOV32     ACC,*(0:0x7514)       ; [CPU_FPU] |499| 
         000000c3 7514 
    6697 000000c4 18A9          AND       AL,#65024             ; [CPU_ALU] |499| 
         000000c5 FE00 
    6698 000000c6 18A8          AND       AH,#65311             ; [CPU_ALU] |499| 
         000000c7 FF1F 
    6699 000000c8 1AA9          OR        AL,#32779             ; [CPU_ALU] |499| 
         000000c9 800B 
    6700 000000ca 1AA8          OR        AH,#279               ; [CPU_ALU] |499| 
         000000cb 0117 
    6701 000000cc BDA9          MOV32     *(0:0x7514),ACC       ; [CPU_FPU] |499| 
         000000cd 7514 
    6702                      .dwpsn  file "C:/ti/C2000Ware_MotorControl_SDK_5_04_00_00/c2000ware/driverlib/f28002x/driverlib/adc.h
    6703 000000ce F5A9          MOV       AL,*(0:0x7550)        ; [CPU_ALU] |1171| 
         000000cf 7550 
    6704 000000d0 CCA9          AND       AL,AL,#0xfff0         ; [CPU_ALU] |1171| 
         000000d1 FFF0 
    6705 000000d2 5002          ORB       AL,#0x02              ; [CPU_ALU] |1171| 
    6706 000000d3 F4A9          MOV       *(0:0x7550),AL        ; [CPU_ALU] |1171| 
         000000d4 7550 
    6707                      .dwpsn  file "C:/ti/C2000Ware_MotorControl_SDK_5_04_00_00/c2000ware/driverlib/f28002x/driverlib/adc.h
    6708 000000d5 F5A9          MOV       AL,*(0:0x7552)        ; [CPU_ALU] |1565| 
         000000d6 7552 
    6709 000000d7 18A9          AND       AL,#0xfc00            ; [CPU_ALU] |1565| 
         000000d8 FC00 
    6710 000000d9 F4A9          MOV       *(0:0x7552),AL        ; [CPU_ALU] |1565| 
         000000da 7552 
    6711                      .dwpsn  file "C:/ti/C2000Ware_MotorControl_SDK_5_04_00_00/c2000ware/driverlib/f28002x/driverlib/adc.h
    6712 000000db BFA9          MOV32     ACC,*(0:0x7516)       ; [CPU_FPU] |499| 
TMS320C2000 Assembler PC v22.6.2 Thu Feb 12 10:37:10 2026

Copyright (c) 1996-2018 Texas Instruments Incorporated
dual_axis_servo_drive_hal.asm                                        PAGE  134

         000000dc 7516 
    6713 000000dd 18A9          AND       AL,#32256             ; [CPU_ALU] |499| 
         000000de 7E00 
    6714 000000df 18A8          AND       AH,#65304             ; [CPU_ALU] |499| 
         000000e0 FF18 
    6715 000000e1 500B          OR        AL,#11                ; [CPU_ALU] |499| 
    6716 000000e2 1AA8          OR        AH,#273               ; [CPU_ALU] |499| 
         000000e3 0111 
    6717 000000e4 BDA9          MOV32     *(0:0x7516),ACC       ; [CPU_FPU] |499| 
         000000e5 7516 
    6718                      .dwpsn  file "C:/ti/C2000Ware_MotorControl_SDK_5_04_00_00/c2000ware/driverlib/f28002x/driverlib/adc.h
    6719 000000e6 F5A9          MOV       AL,*(0:0x7558)        ; [CPU_ALU] |1171| 
         000000e7 7558 
    6720 000000e8 CCA9          AND       AL,AL,#0xfff0         ; [CPU_ALU] |1171| 
         000000e9 FFF0 
    6721 000000ea 5003          ORB       AL,#0x03              ; [CPU_ALU] |1171| 
    6722 000000eb F4A9          MOV       *(0:0x7558),AL        ; [CPU_ALU] |1171| 
         000000ec 7558 
    6723                      .dwpsn  file "C:/ti/C2000Ware_MotorControl_SDK_5_04_00_00/c2000ware/driverlib/f28002x/driverlib/adc.h
    6724 000000ed F5A9          MOV       AL,*(0:0x755a)        ; [CPU_ALU] |1565| 
         000000ee 755A 
    6725 000000ef 18A9          AND       AL,#0xfc00            ; [CPU_ALU] |1565| 
         000000f0 FC00 
    6726 000000f1 F4A9          MOV       *(0:0x755a),AL        ; [CPU_ALU] |1565| 
         000000f2 755A 
    6727                      .dwpsn  file "C:/ti/C2000Ware_MotorControl_SDK_5_04_00_00/c2000ware/driverlib/f28002x/driverlib/adc.h
    6728 000000f3 761A          EDIS      ; [CPU_ALU] |1568| 
    6729 000000f4 8BBE          MOVL      XAR1,*--SP            ; [CPU_ALU] 
    6730                      .dwcfi  cfa_offset, -2
    6731                      .dwcfi  restore_reg, 7
    6732              $C$DW$459       .dwtag  DW_TAG_TI_branch
    6733                      .dwattr $C$DW$459, DW_AT_low_pc(0x00)
    6734                      .dwattr $C$DW$459, DW_AT_TI_return
    6735              
    6736 000000f5 0006          LRETR     ; [CPU_ALU] 
    6737                      ; return occurs ; [] 
    6738                      .dwattr $C$DW$447, DW_AT_TI_end_file("../sources/dual_axis_servo_drive_hal.c")
    6739                      .dwattr $C$DW$447, DW_AT_TI_end_line(0x1e8)
    6740                      .dwattr $C$DW$447, DW_AT_TI_end_column(0x01)
    6741                      .dwendentry
    6742                      .dwendtag $C$DW$447
    6743              
    6744 00000000               .sect   ".text:HAL_setParams"
    6745                      .clink
    6746                      .global ||HAL_setParams||
    6747              
    6748              $C$DW$460       .dwtag  DW_TAG_subprogram
    6749                      .dwattr $C$DW$460, DW_AT_name("HAL_setParams")
    6750                      .dwattr $C$DW$460, DW_AT_low_pc(||HAL_setParams||)
    6751                      .dwattr $C$DW$460, DW_AT_high_pc(0x00)
    6752                      .dwattr $C$DW$460, DW_AT_linkage_name("HAL_setParams")
    6753                      .dwattr $C$DW$460, DW_AT_external
    6754                      .dwattr $C$DW$460, DW_AT_decl_file("../sources/dual_axis_servo_drive_hal.c")
    6755                      .dwattr $C$DW$460, DW_AT_decl_line(0x11f)
    6756                      .dwattr $C$DW$460, DW_AT_decl_column(0x06)
TMS320C2000 Assembler PC v22.6.2 Thu Feb 12 10:37:10 2026

Copyright (c) 1996-2018 Texas Instruments Incorporated
dual_axis_servo_drive_hal.asm                                        PAGE  135

    6757                      .dwattr $C$DW$460, DW_AT_TI_max_frame_size(-6)
    6758                      .dwpsn  file "../sources/dual_axis_servo_drive_hal.c",line 288,column 1,is_stmt,address ||HAL_setPara
    6759              
    6760                      .dwfde $C$DW$CIE, ||HAL_setParams||
    6761              $C$DW$461       .dwtag  DW_TAG_formal_parameter
    6762                      .dwattr $C$DW$461, DW_AT_name("handle")
    6763                      .dwattr $C$DW$461, DW_AT_type(*$C$DW$T$151)
    6764                      .dwattr $C$DW$461, DW_AT_location[DW_OP_reg12]
    6765              
    6766              
    6767              ;***************************************************************
    6768              ;* FNAME: HAL_setParams                 FR SIZE:   4           *
    6769              ;*                                                             *
    6770              ;* FUNCTION ENVIRONMENT                                        *
    6771              ;*                                                             *
    6772              ;* FUNCTION PROPERTIES                                         *
    6773              ;*                            2 Parameter,  0 Auto,  2 SOE     *
    6774              ;***************************************************************
    6775              
    6776              ||HAL_setParams||:
    6777              ;* AR1   assigned to handle
    6778              $C$DW$462       .dwtag  DW_TAG_variable
    6779                      .dwattr $C$DW$462, DW_AT_name("handle")
    6780                      .dwattr $C$DW$462, DW_AT_type(*$C$DW$T$152)
    6781                      .dwattr $C$DW$462, DW_AT_location[DW_OP_reg6]
    6782              
    6783                      .dwcfi  cfa_offset, -2
    6784                      .dwcfi  save_reg_to_mem, 26, 0
    6785 00000000 B2BD          MOVL      *SP++,XAR1            ; [CPU_ALU] 
    6786                      .dwcfi  save_reg_to_mem, 7, 2
    6787                      .dwcfi  cfa_offset, -4
    6788 00000001 FE02          ADDB      SP,#2                 ; [CPU_ARAU] 
    6789                      .dwcfi  cfa_offset, -6
    6790 00000002 8BA4          MOVL      XAR1,XAR4             ; [CPU_ALU] |288| 
    6791                      .dwpsn  file "C:\ti\C2000Ware_MotorControl_SDK_5_04_00_00\c2000ware\driverlib\f28002x\driverlib\sysct
    6792 00000003 7622          EALLOW    ; [CPU_ALU] |1118| 
    6793                      .dwpsn  file "C:\ti\C2000Ware_MotorControl_SDK_5_04_00_00\c2000ware\driverlib\f28002x\driverlib\sysct
    6794 00000004 8F05          MOVL      XAR4,#381484          ; [CPU_ARAU] |1119| 
         00000005 D22C 
    6795 00000006 06C4          MOVL      ACC,*+XAR4[0]         ; [CPU_ALU] |1119| 
    6796 00000007 18A9          AND       AL,#65528             ; [CPU_ALU] |1119| 
         00000008 FFF8 
    6797 00000009 5001          ORB       AL,#0x01              ; [CPU_ALU] |1119| 
    6798 0000000a 1EC4          MOVL      *+XAR4[0],ACC         ; [CPU_ALU] |1119| 
    6799                      .dwpsn  file "C:\ti\C2000Ware_MotorControl_SDK_5_04_00_00\c2000ware\driverlib\f28002x\driverlib\sysct
    6800 0000000b 761A          EDIS      ; [CPU_ALU] |1122| 
    6801                      .dwpsn  file "../sources/dual_axis_servo_drive_hal.c",line 300,column 5,is_stmt,isa 0
    6802              $C$DW$463       .dwtag  DW_TAG_TI_branch
    6803                      .dwattr $C$DW$463, DW_AT_low_pc(0x00)
    6804                      .dwattr $C$DW$463, DW_AT_name("Device_initGPIO")
    6805                      .dwattr $C$DW$463, DW_AT_TI_call
    6806              
    6807 0000000c 7640!         LCR       #||Device_initGPIO||  ; [CPU_ALU] |300| 
         0000000d 0000 
    6808                      ; call occurs [#||Device_initGPIO||] ; [] |300| 
TMS320C2000 Assembler PC v22.6.2 Thu Feb 12 10:37:10 2026

Copyright (c) 1996-2018 Texas Instruments Incorporated
dual_axis_servo_drive_hal.asm                                        PAGE  136

    6809                      .dwpsn  file "../sources/dual_axis_servo_drive_hal.c",line 307,column 5,is_stmt,isa 0
    6810              $C$DW$464       .dwtag  DW_TAG_TI_branch
    6811                      .dwattr $C$DW$464, DW_AT_low_pc(0x00)
    6812                      .dwattr $C$DW$464, DW_AT_name("Interrupt_initModule")
    6813                      .dwattr $C$DW$464, DW_AT_TI_call
    6814              
    6815 0000000e 7640!         LCR       #||Interrupt_initModule|| ; [CPU_ALU] |307| 
         0000000f 0000 
    6816                      ; call occurs [#||Interrupt_initModule||] ; [] |307| 
    6817                      .dwpsn  file "../sources/dual_axis_servo_drive_hal.c",line 317,column 5,is_stmt,isa 0
    6818              $C$DW$465       .dwtag  DW_TAG_TI_branch
    6819                      .dwattr $C$DW$465, DW_AT_low_pc(0x00)
    6820                      .dwattr $C$DW$465, DW_AT_name("Interrupt_initVectorTable")
    6821                      .dwattr $C$DW$465, DW_AT_TI_call
    6822              
    6823 00000010 7640!         LCR       #||Interrupt_initVectorTable|| ; [CPU_ALU] |317| 
         00000011 0000 
    6824                      ; call occurs [#||Interrupt_initVectorTable||] ; [] |317| 
    6825                      .dwpsn  file "../sources/dual_axis_servo_drive_hal.c",line 322,column 5,is_stmt,isa 0
    6826 00000012 8F00          MOVL      XAR4,#5000            ; [CPU_ARAU] |322| 
         00000013 1388 
    6827 00000014 A842          MOVL      *-SP[2],XAR4          ; [CPU_ALU] |322| 
    6828 00000015 06C1          MOVL      ACC,*+XAR1[0]         ; [CPU_ALU] |322| 
    6829              $C$DW$466       .dwtag  DW_TAG_TI_branch
    6830                      .dwattr $C$DW$466, DW_AT_low_pc(0x00)
    6831                      .dwattr $C$DW$466, DW_AT_name("HAL_setupCpuTimer")
    6832                      .dwattr $C$DW$466, DW_AT_TI_call
    6833              
    6834 00000016 7640!         LCR       #||HAL_setupCpuTimer|| ; [CPU_ALU] |322| 
         00000017 0000 
    6835                      ; call occurs [#||HAL_setupCpuTimer||] ; [] |322| 
    6836                      .dwpsn  file "../sources/dual_axis_servo_drive_hal.c",line 323,column 5,is_stmt,isa 0
    6837 00000018 8F00          MOVL      XAR4,#10000           ; [CPU_ARAU] |323| 
         00000019 2710 
    6838 0000001a A842          MOVL      *-SP[2],XAR4          ; [CPU_ALU] |323| 
    6839 0000001b 06D1          MOVL      ACC,*+XAR1[2]         ; [CPU_ALU] |323| 
    6840              $C$DW$467       .dwtag  DW_TAG_TI_branch
    6841                      .dwattr $C$DW$467, DW_AT_low_pc(0x00)
    6842                      .dwattr $C$DW$467, DW_AT_name("HAL_setupCpuTimer")
    6843                      .dwattr $C$DW$467, DW_AT_TI_call
    6844              
    6845 0000001c 7640!         LCR       #||HAL_setupCpuTimer|| ; [CPU_ALU] |323| 
         0000001d 0000 
    6846                      ; call occurs [#||HAL_setupCpuTimer||] ; [] |323| 
    6847                      .dwpsn  file "../sources/dual_axis_servo_drive_hal.c",line 324,column 5,is_stmt,isa 0
    6848 0000001e 8F00          MOVL      XAR4,#15000           ; [CPU_ARAU] |324| 
         0000001f 3A98 
    6849 00000020 A842          MOVL      *-SP[2],XAR4          ; [CPU_ALU] |324| 
    6850 00000021 06E1          MOVL      ACC,*+XAR1[4]         ; [CPU_ALU] |324| 
    6851              $C$DW$468       .dwtag  DW_TAG_TI_branch
    6852                      .dwattr $C$DW$468, DW_AT_low_pc(0x00)
    6853                      .dwattr $C$DW$468, DW_AT_name("HAL_setupCpuTimer")
    6854                      .dwattr $C$DW$468, DW_AT_TI_call
    6855              
    6856 00000022 7640!         LCR       #||HAL_setupCpuTimer|| ; [CPU_ALU] |324| 
TMS320C2000 Assembler PC v22.6.2 Thu Feb 12 10:37:10 2026

Copyright (c) 1996-2018 Texas Instruments Incorporated
dual_axis_servo_drive_hal.asm                                        PAGE  137

         00000023 0000 
    6857                      ; call occurs [#||HAL_setupCpuTimer||] ; [] |324| 
    6858                      .dwpsn  file "../sources/dual_axis_servo_drive_hal.c",line 329,column 5,is_stmt,isa 0
    6859              $C$DW$469       .dwtag  DW_TAG_TI_branch
    6860                      .dwattr $C$DW$469, DW_AT_low_pc(0x00)
    6861                      .dwattr $C$DW$469, DW_AT_name("HAL_setupGPIOs")
    6862                      .dwattr $C$DW$469, DW_AT_TI_call
    6863              
    6864 00000024 7640!         LCR       #||HAL_setupGPIOs||   ; [CPU_ALU] |329| 
         00000025 0000 
    6865                      ; call occurs [#||HAL_setupGPIOs||] ; [] |329| 
    6866                      .dwpsn  file "../sources/dual_axis_servo_drive_hal.c",line 334,column 5,is_stmt,isa 0
    6867 00000026 8AA1          MOVL      XAR4,XAR1             ; [CPU_ALU] |334| 
    6868              $C$DW$470       .dwtag  DW_TAG_TI_branch
    6869                      .dwattr $C$DW$470, DW_AT_low_pc(0x00)
    6870                      .dwattr $C$DW$470, DW_AT_name("HAL_setupADCs")
    6871                      .dwattr $C$DW$470, DW_AT_TI_call
    6872              
    6873 00000027 7640!         LCR       #||HAL_setupADCs||    ; [CPU_ALU] |334| 
         00000028 0000 
    6874                      ; call occurs [#||HAL_setupADCs||] ; [] |334| 
    6875 00000029 FE82          SUBB      SP,#2                 ; [CPU_ARAU] 
    6876                      .dwcfi  cfa_offset, -4
    6877 0000002a 8BBE          MOVL      XAR1,*--SP            ; [CPU_ALU] 
    6878                      .dwcfi  cfa_offset, -2
    6879                      .dwcfi  restore_reg, 7
    6880              $C$DW$471       .dwtag  DW_TAG_TI_branch
    6881                      .dwattr $C$DW$471, DW_AT_low_pc(0x00)
    6882                      .dwattr $C$DW$471, DW_AT_TI_return
    6883              
    6884 0000002b 0006          LRETR     ; [CPU_ALU] 
    6885                      ; return occurs ; [] 
    6886                      .dwattr $C$DW$460, DW_AT_TI_end_file("../sources/dual_axis_servo_drive_hal.c")
    6887                      .dwattr $C$DW$460, DW_AT_TI_end_line(0x153)
    6888                      .dwattr $C$DW$460, DW_AT_TI_end_column(0x01)
    6889                      .dwendentry
    6890                      .dwendtag $C$DW$460
    6891              
    6892 00000000               .sect   ".text:HAL_setMotorParams"
    6893                      .clink
    6894                      .global ||HAL_setMotorParams||
    6895              
    6896              $C$DW$472       .dwtag  DW_TAG_subprogram
    6897                      .dwattr $C$DW$472, DW_AT_name("HAL_setMotorParams")
    6898                      .dwattr $C$DW$472, DW_AT_low_pc(||HAL_setMotorParams||)
    6899                      .dwattr $C$DW$472, DW_AT_high_pc(0x00)
    6900                      .dwattr $C$DW$472, DW_AT_linkage_name("HAL_setMotorParams")
    6901                      .dwattr $C$DW$472, DW_AT_external
    6902                      .dwattr $C$DW$472, DW_AT_decl_file("../sources/dual_axis_servo_drive_hal.c")
    6903                      .dwattr $C$DW$472, DW_AT_decl_line(0x107)
    6904                      .dwattr $C$DW$472, DW_AT_decl_column(0x06)
    6905                      .dwattr $C$DW$472, DW_AT_TI_max_frame_size(-4)
    6906                      .dwpsn  file "../sources/dual_axis_servo_drive_hal.c",line 264,column 1,is_stmt,address ||HAL_setMoto
    6907              
    6908                      .dwfde $C$DW$CIE, ||HAL_setMotorParams||
TMS320C2000 Assembler PC v22.6.2 Thu Feb 12 10:37:10 2026

Copyright (c) 1996-2018 Texas Instruments Incorporated
dual_axis_servo_drive_hal.asm                                        PAGE  138

    6909              $C$DW$473       .dwtag  DW_TAG_formal_parameter
    6910                      .dwattr $C$DW$473, DW_AT_name("handle")
    6911                      .dwattr $C$DW$473, DW_AT_type(*$C$DW$T$141)
    6912                      .dwattr $C$DW$473, DW_AT_location[DW_OP_reg12]
    6913              
    6914              
    6915              ;***************************************************************
    6916              ;* FNAME: HAL_setMotorParams            FR SIZE:   2           *
    6917              ;*                                                             *
    6918              ;* FUNCTION ENVIRONMENT                                        *
    6919              ;*                                                             *
    6920              ;* FUNCTION PROPERTIES                                         *
    6921              ;*                            0 Parameter,  0 Auto,  2 SOE     *
    6922              ;***************************************************************
    6923              
    6924              ||HAL_setMotorParams||:
    6925              ;* AR1   assigned to handle
    6926              $C$DW$474       .dwtag  DW_TAG_variable
    6927                      .dwattr $C$DW$474, DW_AT_name("handle")
    6928                      .dwattr $C$DW$474, DW_AT_type(*$C$DW$T$142)
    6929                      .dwattr $C$DW$474, DW_AT_location[DW_OP_reg6]
    6930              
    6931                      .dwcfi  cfa_offset, -2
    6932                      .dwcfi  save_reg_to_mem, 26, 0
    6933 00000000 B2BD          MOVL      *SP++,XAR1            ; [CPU_ALU] 
    6934                      .dwcfi  save_reg_to_mem, 7, 2
    6935                      .dwcfi  cfa_offset, -4
    6936 00000001 8BA4          MOVL      XAR1,XAR4             ; [CPU_ALU] |264| 
    6937                      .dwpsn  file "../sources/dual_axis_servo_drive_hal.c",line 268,column 5,is_stmt,isa 0
    6938              $C$DW$475       .dwtag  DW_TAG_TI_branch
    6939                      .dwattr $C$DW$475, DW_AT_low_pc(0x00)
    6940                      .dwattr $C$DW$475, DW_AT_name("HAL_setupMotorPWMs")
    6941                      .dwattr $C$DW$475, DW_AT_TI_call
    6942              
    6943 00000002 7640!         LCR       #||HAL_setupMotorPWMs|| ; [CPU_ALU] |268| 
         00000003 0000 
    6944                      ; call occurs [#||HAL_setupMotorPWMs||] ; [] |268| 
    6945                      .dwpsn  file "../sources/dual_axis_servo_drive_hal.c",line 273,column 5,is_stmt,isa 0
    6946 00000004 8AA1          MOVL      XAR4,XAR1             ; [CPU_ALU] |273| 
    6947              $C$DW$476       .dwtag  DW_TAG_TI_branch
    6948                      .dwattr $C$DW$476, DW_AT_low_pc(0x00)
    6949                      .dwattr $C$DW$476, DW_AT_name("HAL_setupCMPSS")
    6950                      .dwattr $C$DW$476, DW_AT_TI_call
    6951              
    6952 00000005 7640!         LCR       #||HAL_setupCMPSS||   ; [CPU_ALU] |273| 
         00000006 0000 
    6953                      ; call occurs [#||HAL_setupCMPSS||] ; [] |273| 
    6954                      .dwpsn  file "../sources/dual_axis_servo_drive_hal.c",line 278,column 5,is_stmt,isa 0
    6955 00000007 8AA1          MOVL      XAR4,XAR1             ; [CPU_ALU] |278| 
    6956              $C$DW$477       .dwtag  DW_TAG_TI_branch
    6957                      .dwattr $C$DW$477, DW_AT_low_pc(0x00)
    6958                      .dwattr $C$DW$477, DW_AT_name("HAL_setupQEP")
    6959                      .dwattr $C$DW$477, DW_AT_TI_call
    6960              
    6961 00000008 7640!         LCR       #||HAL_setupQEP||     ; [CPU_ALU] |278| 
TMS320C2000 Assembler PC v22.6.2 Thu Feb 12 10:37:10 2026

Copyright (c) 1996-2018 Texas Instruments Incorporated
dual_axis_servo_drive_hal.asm                                        PAGE  139

         00000009 0000 
    6962                      ; call occurs [#||HAL_setupQEP||] ; [] |278| 
    6963 0000000a 8BBE          MOVL      XAR1,*--SP            ; [CPU_ALU] 
    6964                      .dwcfi  cfa_offset, -2
    6965                      .dwcfi  restore_reg, 7
    6966              $C$DW$478       .dwtag  DW_TAG_TI_branch
    6967                      .dwattr $C$DW$478, DW_AT_low_pc(0x00)
    6968                      .dwattr $C$DW$478, DW_AT_TI_return
    6969              
    6970 0000000b 0006          LRETR     ; [CPU_ALU] 
    6971                      ; return occurs ; [] 
    6972                      .dwattr $C$DW$472, DW_AT_TI_end_file("../sources/dual_axis_servo_drive_hal.c")
    6973                      .dwattr $C$DW$472, DW_AT_TI_end_line(0x119)
    6974                      .dwattr $C$DW$472, DW_AT_TI_end_column(0x01)
    6975                      .dwendentry
    6976                      .dwendtag $C$DW$472
    6977              
    6978 00000000               .sect   ".text:HAL_init"
    6979                      .clink
    6980                      .global ||HAL_init||
    6981              
    6982              $C$DW$479       .dwtag  DW_TAG_subprogram
    6983                      .dwattr $C$DW$479, DW_AT_name("HAL_init")
    6984                      .dwattr $C$DW$479, DW_AT_low_pc(||HAL_init||)
    6985                      .dwattr $C$DW$479, DW_AT_high_pc(0x00)
    6986                      .dwattr $C$DW$479, DW_AT_linkage_name("HAL_init")
    6987                      .dwattr $C$DW$479, DW_AT_external
    6988                      .dwattr $C$DW$479, DW_AT_type(*$C$DW$T$151)
    6989                      .dwattr $C$DW$479, DW_AT_decl_file("../sources/dual_axis_servo_drive_hal.c")
    6990                      .dwattr $C$DW$479, DW_AT_decl_line(0x7b)
    6991                      .dwattr $C$DW$479, DW_AT_decl_column(0x0c)
    6992                      .dwattr $C$DW$479, DW_AT_TI_max_frame_size(-4)
    6993                      .dwpsn  file "../sources/dual_axis_servo_drive_hal.c",line 124,column 1,is_stmt,address ||HAL_init||,
    6994              
    6995                      .dwfde $C$DW$CIE, ||HAL_init||
    6996              $C$DW$480       .dwtag  DW_TAG_formal_parameter
    6997                      .dwattr $C$DW$480, DW_AT_name("pMemory")
    6998                      .dwattr $C$DW$480, DW_AT_type(*$C$DW$T$3)
    6999                      .dwattr $C$DW$480, DW_AT_location[DW_OP_reg12]
    7000              
    7001              $C$DW$481       .dwtag  DW_TAG_formal_parameter
    7002                      .dwattr $C$DW$481, DW_AT_name("numBytes")
    7003                      .dwattr $C$DW$481, DW_AT_type(*$C$DW$T$143)
    7004                      .dwattr $C$DW$481, DW_AT_location[DW_OP_reg0]
    7005              
    7006              
    7007              ;***************************************************************
    7008              ;* FNAME: HAL_init                      FR SIZE:   2           *
    7009              ;*                                                             *
    7010              ;* FUNCTION ENVIRONMENT                                        *
    7011              ;*                                                             *
    7012              ;* FUNCTION PROPERTIES                                         *
    7013              ;*                            0 Parameter,  0 Auto,  2 SOE     *
    7014              ;***************************************************************
    7015              
TMS320C2000 Assembler PC v22.6.2 Thu Feb 12 10:37:10 2026

Copyright (c) 1996-2018 Texas Instruments Incorporated
dual_axis_servo_drive_hal.asm                                        PAGE  140

    7016              ||HAL_init||:
    7017              ;* AR4   assigned to pMemory
    7018              $C$DW$482       .dwtag  DW_TAG_variable
    7019                      .dwattr $C$DW$482, DW_AT_name("pMemory")
    7020                      .dwattr $C$DW$482, DW_AT_type(*$C$DW$T$156)
    7021                      .dwattr $C$DW$482, DW_AT_location[DW_OP_reg12]
    7022              
    7023              ;* AR6   assigned to numBytes
    7024              $C$DW$483       .dwtag  DW_TAG_variable
    7025                      .dwattr $C$DW$483, DW_AT_name("numBytes")
    7026                      .dwattr $C$DW$483, DW_AT_type(*$C$DW$T$144)
    7027                      .dwattr $C$DW$483, DW_AT_location[DW_OP_reg16]
    7028              
    7029                      .dwcfi  cfa_offset, -2
    7030                      .dwcfi  save_reg_to_mem, 26, 0
    7031 00000000 1EA6          MOVL      XAR6,ACC              ; [CPU_ALU] |124| 
    7032                      .dwpsn  file "../sources/dual_axis_servo_drive_hal.c",line 128,column 5,is_stmt,isa 0
    7033 00000001 0212          MOVB      ACC,#18               ; [CPU_ALU] |128| 
    7034 00000002 B2BD          MOVL      *SP++,XAR1            ; [CPU_ALU] 
    7035                      .dwcfi  save_reg_to_mem, 7, 2
    7036                      .dwcfi  cfa_offset, -4
    7037 00000003 0FA6          CMPL      ACC,XAR6              ; [CPU_ALU] |128| 
    7038 00000004 6903          B         ||$C$L37||,LOS        ; [CPU_ALU] |128| 
    7039                      ; branchcc occurs ; [] |128| 
    7040                      .dwpsn  file "../sources/dual_axis_servo_drive_hal.c",line 130,column 9,is_stmt,isa 0
    7041 00000005 D400          MOVB      XAR4,#0               ; [CPU_ALU] |130| 
    7042 00000006 6F26          B         ||$C$L38||,UNC        ; [CPU_ALU] |130| 
    7043                      ; branch occurs ; [] |130| 
    7044 00000007       ||$C$L37||:    
    7045                      .dwpsn  file "C:\ti\C2000Ware_MotorControl_SDK_5_04_00_00\c2000ware\driverlib\f28002x\driverlib\sysct
    7046 00000007 7622          EALLOW    ; [CPU_ALU] |1742| 
    7047                      .dwpsn  file "C:\ti\C2000Ware_MotorControl_SDK_5_04_00_00\c2000ware\driverlib\f28002x\driverlib\sysct
    7048 00000008 F5A9          MOV       AL,*(0:0x7029)        ; [CPU_ALU] |1747| 
         00000009 7029 
    7049 0000000a 5068          ORB       AL,#0x68              ; [CPU_ALU] |1747| 
    7050 0000000b F4A9          MOV       *(0:0x7029),AL        ; [CPU_ALU] |1747| 
         0000000c 7029 
    7051 0000000d F627   RPT #39 || NOP
         0000000e 7700 
    7052                      .dwpsn  file "C:\ti\C2000Ware_MotorControl_SDK_5_04_00_00\c2000ware\driverlib\f28002x\driverlib\sysct
    7053 0000000f 761A          EDIS      ; [CPU_ALU] |1750| 
    7054                      .dwpsn  file "../sources/dual_axis_servo_drive_hal.c",line 171,column 5,is_stmt,isa 0
    7055 00000010 D00A          MOVB      XAR0,#10              ; [CPU_ALU] |171| 
    7056 00000011 8F40          MOVL      XAR5,#29696           ; [CPU_ARAU] |171| 
         00000012 7400 
    7057                      .dwpsn  file "../sources/dual_axis_servo_drive_hal.c",line 177,column 5,is_stmt,isa 0
    7058 00000013 7680          MOVL      XAR6,#2816            ; [CPU_ARAU] |177| 
         00000014 0B00 
    7059 00000015 D10E          MOVB      XAR1,#14              ; [CPU_ALU] |177| 
    7060                      .dwpsn  file "../sources/dual_axis_servo_drive_hal.c",line 171,column 5,is_stmt,isa 0
    7061 00000016 A094          MOVL      *+XAR4[AR0],XAR5      ; [CPU_ALU] |171| 
    7062                      .dwpsn  file "../sources/dual_axis_servo_drive_hal.c",line 172,column 5,is_stmt,isa 0
    7063 00000017 D00C          MOVB      XAR0,#12              ; [CPU_ALU] |172| 
    7064 00000018 8F40          MOVL      XAR5,#29952           ; [CPU_ARAU] |172| 
         00000019 7500 
TMS320C2000 Assembler PC v22.6.2 Thu Feb 12 10:37:10 2026

Copyright (c) 1996-2018 Texas Instruments Incorporated
dual_axis_servo_drive_hal.asm                                        PAGE  141

    7065                      .dwpsn  file "../sources/dual_axis_servo_drive_hal.c",line 177,column 5,is_stmt,isa 0
    7066 0000001a C29C          MOVL      *+XAR4[AR1],XAR6      ; [CPU_ALU] |177| 
    7067                      .dwpsn  file "../sources/dual_axis_servo_drive_hal.c",line 172,column 5,is_stmt,isa 0
    7068 0000001b A094          MOVL      *+XAR4[AR0],XAR5      ; [CPU_ALU] |172| 
    7069                      .dwpsn  file "../sources/dual_axis_servo_drive_hal.c",line 159,column 5,is_stmt,isa 0
    7070 0000001c 8F40          MOVL      XAR5,#29184           ; [CPU_ARAU] |159| 
         0000001d 7200 
    7071                      .dwpsn  file "../sources/dual_axis_servo_drive_hal.c",line 178,column 5,is_stmt,isa 0
    7072 0000001e D010          MOVB      XAR0,#16              ; [CPU_ALU] |178| 
    7073                      .dwpsn  file "../sources/dual_axis_servo_drive_hal.c",line 159,column 5,is_stmt,isa 0
    7074 0000001f A0F4          MOVL      *+XAR4[6],XAR5        ; [CPU_ALU] |159| 
    7075                      .dwpsn  file "../sources/dual_axis_servo_drive_hal.c",line 164,column 5,is_stmt,isa 0
    7076 00000020 8F40          MOVL      XAR5,#3072            ; [CPU_ARAU] |164| 
         00000021 0C00 
    7077 00000022 A0C4          MOVL      *+XAR4[0],XAR5        ; [CPU_ALU] |164| 
    7078                      .dwpsn  file "../sources/dual_axis_servo_drive_hal.c",line 165,column 5,is_stmt,isa 0
    7079 00000023 8F40          MOVL      XAR5,#3080            ; [CPU_ARAU] |165| 
         00000024 0C08 
    7080 00000025 A0D4          MOVL      *+XAR4[2],XAR5        ; [CPU_ALU] |165| 
    7081                      .dwpsn  file "../sources/dual_axis_servo_drive_hal.c",line 166,column 5,is_stmt,isa 0
    7082 00000026 8F40          MOVL      XAR5,#3088            ; [CPU_ARAU] |166| 
         00000027 0C10 
    7083 00000028 A0E4          MOVL      *+XAR4[4],XAR5        ; [CPU_ALU] |166| 
    7084                      .dwpsn  file "../sources/dual_axis_servo_drive_hal.c",line 178,column 5,is_stmt,isa 0
    7085 00000029 8F40          MOVL      XAR5,#2880            ; [CPU_ARAU] |178| 
         0000002a 0B40 
    7086 0000002b A094          MOVL      *+XAR4[AR0],XAR5      ; [CPU_ALU] |178| 
    7087 0000002c       ||$C$L38||:    
    7088 0000002c 8BBE          MOVL      XAR1,*--SP            ; [CPU_ALU] 
    7089                      .dwcfi  cfa_offset, -2
    7090                      .dwcfi  restore_reg, 7
    7091 0000002d FF69          SPM       #0                    ; [CPU_ALU] 
    7092              $C$DW$484       .dwtag  DW_TAG_TI_branch
    7093                      .dwattr $C$DW$484, DW_AT_low_pc(0x00)
    7094                      .dwattr $C$DW$484, DW_AT_TI_return
    7095              
    7096 0000002e 0006          LRETR     ; [CPU_ALU] 
    7097                      ; return occurs ; [] 
    7098                      .dwattr $C$DW$479, DW_AT_TI_end_file("../sources/dual_axis_servo_drive_hal.c")
    7099                      .dwattr $C$DW$479, DW_AT_TI_end_line(0xb5)
    7100                      .dwattr $C$DW$479, DW_AT_TI_end_column(0x01)
    7101                      .dwendentry
    7102                      .dwendtag $C$DW$479
    7103              
    7104 00000000               .sect   ".text:HAL_enableInterrupts"
    7105                      .clink
    7106                      .global ||HAL_enableInterrupts||
    7107              
    7108              $C$DW$485       .dwtag  DW_TAG_subprogram
    7109                      .dwattr $C$DW$485, DW_AT_name("HAL_enableInterrupts")
    7110                      .dwattr $C$DW$485, DW_AT_low_pc(||HAL_enableInterrupts||)
    7111                      .dwattr $C$DW$485, DW_AT_high_pc(0x00)
    7112                      .dwattr $C$DW$485, DW_AT_linkage_name("HAL_enableInterrupts")
    7113                      .dwattr $C$DW$485, DW_AT_external
    7114                      .dwattr $C$DW$485, DW_AT_decl_file("../sources/dual_axis_servo_drive_hal.c")
TMS320C2000 Assembler PC v22.6.2 Thu Feb 12 10:37:10 2026

Copyright (c) 1996-2018 Texas Instruments Incorporated
dual_axis_servo_drive_hal.asm                                        PAGE  142

    7115                      .dwattr $C$DW$485, DW_AT_decl_line(0x61)
    7116                      .dwattr $C$DW$485, DW_AT_decl_column(0x06)
    7117                      .dwattr $C$DW$485, DW_AT_TI_max_frame_size(-2)
    7118                      .dwpsn  file "../sources/dual_axis_servo_drive_hal.c",line 98,column 1,is_stmt,address ||HAL_enableIn
    7119              
    7120                      .dwfde $C$DW$CIE, ||HAL_enableInterrupts||
    7121              $C$DW$486       .dwtag  DW_TAG_formal_parameter
    7122                      .dwattr $C$DW$486, DW_AT_name("handle")
    7123                      .dwattr $C$DW$486, DW_AT_type(*$C$DW$T$141)
    7124                      .dwattr $C$DW$486, DW_AT_location[DW_OP_reg12]
    7125              
    7126              
    7127              ;***************************************************************
    7128              ;* FNAME: HAL_enableInterrupts          FR SIZE:   0           *
    7129              ;*                                                             *
    7130              ;* FUNCTION ENVIRONMENT                                        *
    7131              ;*                                                             *
    7132              ;* FUNCTION PROPERTIES                                         *
    7133              ;*                            0 Parameter,  0 Auto,  0 SOE     *
    7134              ;***************************************************************
    7135              
    7136              ||HAL_enableInterrupts||:
    7137              ;* AR4   assigned to handle
    7138              $C$DW$487       .dwtag  DW_TAG_variable
    7139                      .dwattr $C$DW$487, DW_AT_name("handle")
    7140                      .dwattr $C$DW$487, DW_AT_type(*$C$DW$T$142)
    7141                      .dwattr $C$DW$487, DW_AT_location[DW_OP_reg12]
    7142              
    7143                      .dwcfi  cfa_offset, -2
    7144                      .dwcfi  save_reg_to_mem, 26, 0
    7145                      .dwpsn  file "C:/ti/C2000Ware_MotorControl_SDK_5_04_00_00/c2000ware/driverlib/f28002x/driverlib/epwm.
    7146 00000000 02AA          MOVB      ACC,#170              ; [CPU_ALU] |5070| 
    7147 00000001 07C4          ADDL      ACC,*+XAR4[0]         ; [CPU_ALU] |5070| 
    7148 00000002 83A9          MOVL      XAR5,ACC              ; [CPU_ALU] |5070| 
    7149 00000003 1AC5          OR        *+XAR5[0],#0x0001     ; [CPU_ALU] |5070| 
         00000004 0001 
    7150                      .dwpsn  file "../sources/dual_axis_servo_drive_hal.c",line 104,column 5,is_stmt,isa 0
    7151 00000005 8F40!         MOVL      XAR5,#||halMtr||      ; [CPU_ARAU] |104| 
         00000006 0000 
    7152 00000007 A0A9          MOVL      ACC,XAR5              ; [CPU_ALU] |104| 
    7153 00000008 0FA4          CMPL      ACC,XAR4              ; [CPU_ALU] |104| 
    7154 00000009 6006          B         ||$C$L39||,NEQ        ; [CPU_ALU] |104| 
    7155                      ; branchcc occurs ; [] |104| 
    7156                      .dwpsn  file "../sources/dual_axis_servo_drive_hal.c",line 107,column 9,is_stmt,isa 0
    7157 0000000a 8F30          MOVL      XAR4,#3146497         ; [CPU_ARAU] |107| 
         0000000b 0301 
    7158 0000000c A8A9          MOVL      ACC,XAR4              ; [CPU_ALU] |107| 
    7159              $C$DW$488       .dwtag  DW_TAG_TI_branch
    7160                      .dwattr $C$DW$488, DW_AT_low_pc(0x00)
    7161                      .dwattr $C$DW$488, DW_AT_name("Interrupt_enable")
    7162                      .dwattr $C$DW$488, DW_AT_TI_call
    7163              
    7164 0000000d 7640!         LCR       #||Interrupt_enable|| ; [CPU_ALU] |107| 
         0000000e 0000 
    7165                      ; call occurs [#||Interrupt_enable||] ; [] |107| 
TMS320C2000 Assembler PC v22.6.2 Thu Feb 12 10:37:10 2026

Copyright (c) 1996-2018 Texas Instruments Incorporated
dual_axis_servo_drive_hal.asm                                        PAGE  143

    7166 0000000f       ||$C$L39||:    
    7167                      .dwpsn  file "C:\ti\C2000Ware_MotorControl_SDK_5_04_00_00\c2000ware\driverlib\f28002x\driverlib\inter
    7168 0000000f 7623          OR        IER,#0x0004           ; [CPU_ALU] |323| 
         00000010 0004 
    7169              $C$DW$489       .dwtag  DW_TAG_TI_branch
    7170                      .dwattr $C$DW$489, DW_AT_low_pc(0x00)
    7171                      .dwattr $C$DW$489, DW_AT_TI_return
    7172              
    7173 00000011 0006          LRETR     ; [CPU_ALU] 
    7174                      ; return occurs ; [] 
    7175                      .dwattr $C$DW$485, DW_AT_TI_end_file("../sources/dual_axis_servo_drive_hal.c")
    7176                      .dwattr $C$DW$485, DW_AT_TI_end_line(0x76)
    7177                      .dwattr $C$DW$485, DW_AT_TI_end_column(0x01)
    7178                      .dwendentry
    7179                      .dwendtag $C$DW$485
    7180              
    7181 00000000               .sect   ".text:HAL_clearDataRAM"
    7182                      .clink
    7183                      .global ||HAL_clearDataRAM||
    7184              
    7185              $C$DW$490       .dwtag  DW_TAG_subprogram
    7186                      .dwattr $C$DW$490, DW_AT_name("HAL_clearDataRAM")
    7187                      .dwattr $C$DW$490, DW_AT_low_pc(||HAL_clearDataRAM||)
    7188                      .dwattr $C$DW$490, DW_AT_high_pc(0x00)
    7189                      .dwattr $C$DW$490, DW_AT_linkage_name("HAL_clearDataRAM")
    7190                      .dwattr $C$DW$490, DW_AT_external
    7191                      .dwattr $C$DW$490, DW_AT_decl_file("../sources/dual_axis_servo_drive_hal.c")
    7192                      .dwattr $C$DW$490, DW_AT_decl_line(0x567)
    7193                      .dwattr $C$DW$490, DW_AT_decl_column(0x06)
    7194                      .dwattr $C$DW$490, DW_AT_TI_max_frame_size(-2)
    7195                      .dwpsn  file "../sources/dual_axis_servo_drive_hal.c",line 1384,column 1,is_stmt,address ||HAL_clearD
    7196              
    7197                      .dwfde $C$DW$CIE, ||HAL_clearDataRAM||
    7198              $C$DW$491       .dwtag  DW_TAG_formal_parameter
    7199                      .dwattr $C$DW$491, DW_AT_name("pMemory")
    7200                      .dwattr $C$DW$491, DW_AT_type(*$C$DW$T$3)
    7201                      .dwattr $C$DW$491, DW_AT_location[DW_OP_reg12]
    7202              
    7203              $C$DW$492       .dwtag  DW_TAG_formal_parameter
    7204                      .dwattr $C$DW$492, DW_AT_name("lengthMemory")
    7205                      .dwattr $C$DW$492, DW_AT_type(*$C$DW$T$171)
    7206                      .dwattr $C$DW$492, DW_AT_location[DW_OP_reg0]
    7207              
    7208              
    7209              ;***************************************************************
    7210              ;* FNAME: HAL_clearDataRAM              FR SIZE:   0           *
    7211              ;*                                                             *
    7212              ;* FUNCTION ENVIRONMENT                                        *
    7213              ;*                                                             *
    7214              ;* FUNCTION PROPERTIES                                         *
    7215              ;*                            0 Parameter,  0 Auto,  0 SOE     *
    7216              ;***************************************************************
    7217              
    7218              ||HAL_clearDataRAM||:
    7219              ;* AR4   assigned to $O$U7
TMS320C2000 Assembler PC v22.6.2 Thu Feb 12 10:37:10 2026

Copyright (c) 1996-2018 Texas Instruments Incorporated
dual_axis_servo_drive_hal.asm                                        PAGE  144

    7220              ;* AR5   assigned to $O$L1
    7221              ;* AL    assigned to lengthMemory
    7222              $C$DW$493       .dwtag  DW_TAG_variable
    7223                      .dwattr $C$DW$493, DW_AT_name("lengthMemory")
    7224                      .dwattr $C$DW$493, DW_AT_type(*$C$DW$T$232)
    7225                      .dwattr $C$DW$493, DW_AT_location[DW_OP_reg0]
    7226              
    7227                      .dwcfi  cfa_offset, -2
    7228                      .dwcfi  save_reg_to_mem, 26, 0
    7229                      .dwpsn  file "../sources/dual_axis_servo_drive_hal.c",line 1391,column 22,is_stmt,isa 0
    7230 00000000 5200          CMPB      AL,#0                 ; [CPU_ALU] |1391| 
    7231 00000001 6105          B         ||$C$L40||,EQ         ; [CPU_ALU] |1391| 
    7232                      ; branchcc occurs ; [] |1391| 
    7233 00000002 9CFF          ADDB      AL,#-1                ; [CPU_ALU] 
    7234 00000003 5DA9          MOVZ      AR5,AL                ; [CPU_ALU] 
    7235                      .dwpsn  file "../sources/dual_axis_servo_drive_hal.c",line 1393,column 9,is_stmt,isa 0
    7236 00000004 F7A5          RPT       AR5
    7237 00000005 2B84  ||     MOV       *XAR4++,#0            ; [CPU_ALU] |1393| 
    7238              ||$C$L40||:    
    7239              $C$DW$494       .dwtag  DW_TAG_TI_branch
    7240                      .dwattr $C$DW$494, DW_AT_low_pc(0x00)
    7241                      .dwattr $C$DW$494, DW_AT_TI_return
    7242              
    7243 00000006 0006          LRETR     ; [CPU_ALU] 
    7244                      ; return occurs ; [] 
    7245                      .dwattr $C$DW$490, DW_AT_TI_end_file("../sources/dual_axis_servo_drive_hal.c")
    7246                      .dwattr $C$DW$490, DW_AT_TI_end_line(0x575)
    7247                      .dwattr $C$DW$490, DW_AT_TI_end_column(0x01)
    7248                      .dwendentry
    7249                      .dwendtag $C$DW$490
    7250              
    7251 00000000               .sect   ".text:HAL_MTR_init"
    7252                      .clink
    7253                      .global ||HAL_MTR_init||
    7254              
    7255              $C$DW$495       .dwtag  DW_TAG_subprogram
    7256                      .dwattr $C$DW$495, DW_AT_name("HAL_MTR_init")
    7257                      .dwattr $C$DW$495, DW_AT_low_pc(||HAL_MTR_init||)
    7258                      .dwattr $C$DW$495, DW_AT_high_pc(0x00)
    7259                      .dwattr $C$DW$495, DW_AT_linkage_name("HAL_MTR_init")
    7260                      .dwattr $C$DW$495, DW_AT_external
    7261                      .dwattr $C$DW$495, DW_AT_type(*$C$DW$T$141)
    7262                      .dwattr $C$DW$495, DW_AT_decl_file("../sources/dual_axis_servo_drive_hal.c")
    7263                      .dwattr $C$DW$495, DW_AT_decl_line(0xba)
    7264                      .dwattr $C$DW$495, DW_AT_decl_column(0x10)
    7265                      .dwattr $C$DW$495, DW_AT_TI_max_frame_size(-4)
    7266                      .dwpsn  file "../sources/dual_axis_servo_drive_hal.c",line 187,column 1,is_stmt,address ||HAL_MTR_ini
    7267              
    7268                      .dwfde $C$DW$CIE, ||HAL_MTR_init||
    7269              $C$DW$496       .dwtag  DW_TAG_formal_parameter
    7270                      .dwattr $C$DW$496, DW_AT_name("pMemory")
    7271                      .dwattr $C$DW$496, DW_AT_type(*$C$DW$T$3)
    7272                      .dwattr $C$DW$496, DW_AT_location[DW_OP_reg12]
    7273              
    7274              $C$DW$497       .dwtag  DW_TAG_formal_parameter
TMS320C2000 Assembler PC v22.6.2 Thu Feb 12 10:37:10 2026

Copyright (c) 1996-2018 Texas Instruments Incorporated
dual_axis_servo_drive_hal.asm                                        PAGE  145

    7275                      .dwattr $C$DW$497, DW_AT_name("numBytes")
    7276                      .dwattr $C$DW$497, DW_AT_type(*$C$DW$T$143)
    7277                      .dwattr $C$DW$497, DW_AT_location[DW_OP_reg0]
    7278              
    7279              
    7280              ;***************************************************************
    7281              ;* FNAME: HAL_MTR_init                  FR SIZE:   2           *
    7282              ;*                                                             *
    7283              ;* FUNCTION ENVIRONMENT                                        *
    7284              ;*                                                             *
    7285              ;* FUNCTION PROPERTIES                                         *
    7286              ;*                            0 Parameter,  0 Auto,  2 SOE     *
    7287              ;***************************************************************
    7288              
    7289              ||HAL_MTR_init||:
    7290              ;* AR4   assigned to pMemory
    7291              $C$DW$498       .dwtag  DW_TAG_variable
    7292                      .dwattr $C$DW$498, DW_AT_name("pMemory")
    7293                      .dwattr $C$DW$498, DW_AT_type(*$C$DW$T$156)
    7294                      .dwattr $C$DW$498, DW_AT_location[DW_OP_reg12]
    7295              
    7296              ;* AR6   assigned to numBytes
    7297              $C$DW$499       .dwtag  DW_TAG_variable
    7298                      .dwattr $C$DW$499, DW_AT_name("numBytes")
    7299                      .dwattr $C$DW$499, DW_AT_type(*$C$DW$T$144)
    7300                      .dwattr $C$DW$499, DW_AT_location[DW_OP_reg16]
    7301              
    7302              ;* AR4   assigned to handle
    7303              $C$DW$500       .dwtag  DW_TAG_variable
    7304                      .dwattr $C$DW$500, DW_AT_name("handle")
    7305                      .dwattr $C$DW$500, DW_AT_type(*$C$DW$T$141)
    7306                      .dwattr $C$DW$500, DW_AT_location[DW_OP_reg12]
    7307              
    7308                      .dwcfi  cfa_offset, -2
    7309                      .dwcfi  save_reg_to_mem, 26, 0
    7310 00000000 1EA6          MOVL      XAR6,ACC              ; [CPU_ALU] |187| 
    7311                      .dwpsn  file "../sources/dual_axis_servo_drive_hal.c",line 191,column 5,is_stmt,isa 0
    7312 00000001 0212          MOVB      ACC,#18               ; [CPU_ALU] |191| 
    7313 00000002 B2BD          MOVL      *SP++,XAR1            ; [CPU_ALU] 
    7314                      .dwcfi  save_reg_to_mem, 7, 2
    7315                      .dwcfi  cfa_offset, -4
    7316 00000003 0FA6          CMPL      ACC,XAR6              ; [CPU_ALU] |191| 
    7317 00000004 6903          B         ||$C$L41||,LOS        ; [CPU_ALU] |191| 
    7318                      ; branchcc occurs ; [] |191| 
    7319                      .dwpsn  file "../sources/dual_axis_servo_drive_hal.c",line 193,column 9,is_stmt,isa 0
    7320 00000005 D400          MOVB      XAR4,#0               ; [CPU_ALU] |193| 
    7321 00000006 6F22          B         ||$C$L42||,UNC        ; [CPU_ALU] |193| 
    7322                      ; branch occurs ; [] |193| 
    7323 00000007       ||$C$L41||:    
    7324                      .dwpsn  file "../sources/dual_axis_servo_drive_hal.c",line 206,column 5,is_stmt,isa 0
    7325 00000007 8F40!         MOVL      XAR5,#||halMtr||      ; [CPU_ARAU] |206| 
         00000008 0000 
    7326 00000009 A0A9          MOVL      ACC,XAR5              ; [CPU_ALU] |206| 
    7327 0000000a 0FA4          CMPL      ACC,XAR4              ; [CPU_ALU] |206| 
    7328 0000000b 601D          B         ||$C$L42||,NEQ        ; [CPU_ALU] |206| 
TMS320C2000 Assembler PC v22.6.2 Thu Feb 12 10:37:10 2026

Copyright (c) 1996-2018 Texas Instruments Incorporated
dual_axis_servo_drive_hal.asm                                        PAGE  146

    7329                      ; branchcc occurs ; [] |206| 
    7330                      .dwpsn  file "../sources/dual_axis_servo_drive_hal.c",line 211,column 9,is_stmt,isa 0
    7331 0000000c D00C          MOVB      XAR0,#12              ; [CPU_ALU] |211| 
    7332 0000000d 8F40          MOVL      XAR5,#24832           ; [CPU_ARAU] |211| 
         0000000e 6100 
    7333                      .dwpsn  file "../sources/dual_axis_servo_drive_hal.c",line 225,column 9,is_stmt,isa 0
    7334 0000000f D10A          MOVB      XAR1,#10              ; [CPU_ALU] |225| 
    7335 00000010 7680          MOVL      XAR6,#23776           ; [CPU_ARAU] |225| 
         00000011 5CE0 
    7336                      .dwpsn  file "../sources/dual_axis_servo_drive_hal.c",line 211,column 9,is_stmt,isa 0
    7337 00000012 A094          MOVL      *+XAR4[AR0],XAR5      ; [CPU_ALU] |211| 
    7338                      .dwpsn  file "../sources/dual_axis_servo_drive_hal.c",line 224,column 9,is_stmt,isa 0
    7339 00000013 D008          MOVB      XAR0,#8               ; [CPU_ALU] |224| 
    7340 00000014 8F40          MOVL      XAR5,#23680           ; [CPU_ARAU] |224| 
         00000015 5C80 
    7341                      .dwpsn  file "../sources/dual_axis_servo_drive_hal.c",line 225,column 9,is_stmt,isa 0
    7342 00000016 C29C          MOVL      *+XAR4[AR1],XAR6      ; [CPU_ALU] |225| 
    7343                      .dwpsn  file "../sources/dual_axis_servo_drive_hal.c",line 224,column 9,is_stmt,isa 0
    7344 00000017 A094          MOVL      *+XAR4[AR0],XAR5      ; [CPU_ALU] |224| 
    7345                      .dwpsn  file "../sources/dual_axis_servo_drive_hal.c",line 216,column 9,is_stmt,isa 0
    7346 00000018 8F40          MOVL      XAR5,#16384           ; [CPU_ARAU] |216| 
         00000019 4000 
    7347 0000001a A0C4          MOVL      *+XAR4[0],XAR5        ; [CPU_ALU] |216| 
    7348                      .dwpsn  file "../sources/dual_axis_servo_drive_hal.c",line 228,column 9,is_stmt,isa 0
    7349 0000001b D00E          MOVB      XAR0,#14              ; [CPU_ALU] |228| 
    7350                      .dwpsn  file "../sources/dual_axis_servo_drive_hal.c",line 217,column 9,is_stmt,isa 0
    7351 0000001c 8F40          MOVL      XAR5,#16640           ; [CPU_ARAU] |217| 
         0000001d 4100 
    7352 0000001e A0D4          MOVL      *+XAR4[2],XAR5        ; [CPU_ALU] |217| 
    7353                      .dwpsn  file "../sources/dual_axis_servo_drive_hal.c",line 218,column 9,is_stmt,isa 0
    7354 0000001f 8F40          MOVL      XAR5,#16896           ; [CPU_ARAU] |218| 
         00000020 4200 
    7355 00000021 A0E4          MOVL      *+XAR4[4],XAR5        ; [CPU_ALU] |218| 
    7356                      .dwpsn  file "../sources/dual_axis_servo_drive_hal.c",line 223,column 9,is_stmt,isa 0
    7357 00000022 8F40          MOVL      XAR5,#23744           ; [CPU_ARAU] |223| 
         00000023 5CC0 
    7358 00000024 A0F4          MOVL      *+XAR4[6],XAR5        ; [CPU_ALU] |223| 
    7359                      .dwpsn  file "../sources/dual_axis_servo_drive_hal.c",line 228,column 9,is_stmt,isa 0
    7360 00000025 8F40          MOVL      XAR5,#20736           ; [CPU_ARAU] |228| 
         00000026 5100 
    7361 00000027 A094          MOVL      *+XAR4[AR0],XAR5      ; [CPU_ALU] |228| 
    7362 00000028       ||$C$L42||:    
    7363 00000028 8BBE          MOVL      XAR1,*--SP            ; [CPU_ALU] 
    7364                      .dwcfi  cfa_offset, -2
    7365                      .dwcfi  restore_reg, 7
    7366              $C$DW$501       .dwtag  DW_TAG_TI_branch
    7367                      .dwattr $C$DW$501, DW_AT_low_pc(0x00)
    7368                      .dwattr $C$DW$501, DW_AT_TI_return
    7369              
    7370 00000029 0006          LRETR     ; [CPU_ALU] 
    7371                      ; return occurs ; [] 
    7372                      .dwattr $C$DW$495, DW_AT_TI_end_file("../sources/dual_axis_servo_drive_hal.c")
    7373                      .dwattr $C$DW$495, DW_AT_TI_end_line(0x102)
    7374                      .dwattr $C$DW$495, DW_AT_TI_end_column(0x01)
    7375                      .dwendentry
TMS320C2000 Assembler PC v22.6.2 Thu Feb 12 10:37:10 2026

Copyright (c) 1996-2018 Texas Instruments Incorporated
dual_axis_servo_drive_hal.asm                                        PAGE  147

    7376                      .dwendtag $C$DW$495
    7377              
    7378              ;**************************************************************
    7379              ;* UNDEFINED EXTERNAL REFERENCES                              *
    7380              ;**************************************************************
    7381                      .global ||Interrupt_enable||
    7382                      .global ||Device_initGPIO||
    7383                      .global ||Interrupt_initModule||
    7384                      .global ||Interrupt_initVectorTable||
    7385                      .global ||SysCtl_delay||
    7386                      .global ||ADC_setVREF||
    7387                      .global ||CMPSS_configFilterHigh||
    7388                      .global ||CMPSS_configFilterLow||
    7389                      .global ||motor1ControlISR||
    7390                      .global ||CPUTimer_setEmulationMode||
    7391                      .global ||GPIO_setPinConfig||
    7392                      .global ||GPIO_setDirectionMode||
    7393                      .global ||GPIO_setPadConfig||
    7394                      .global ||GPIO_setQualificationMode||
    7395                      .global ||GPIO_setQualificationPeriod||
    7396                      .global ||XBAR_setEPWMMuxConfig||
    7397                      .global ||halMtr||
    7398                      .global ||__c28xabi_cmpull||
    7399              ;**************************************************************
    7400              ;* SECTION GROUPS                                             *
    7401              ;**************************************************************
    7402                      .group    "__fast_ldiv", 1
    7403                      .gmember  ".text:__fast_ldiv"
    7404                      .endgroup
    7405                      .group    "__fast_lldiv", 1
    7406                      .gmember  ".text:__fast_lldiv"
    7407                      .endgroup
    7408                      .group    "__fpclassify", 1
    7409                      .gmember  ".text:__fpclassify"
    7410                      .endgroup
    7411                      .group    "__fpclassifyf", 1
    7412                      .gmember  ".text:__fpclassifyf"
    7413                      .endgroup
    7414                      .group    "__fpclassifyl", 1
    7415                      .gmember  ".text:__fpclassifyl"
    7416                      .endgroup
    7417                      .group    "__isfinite", 1
    7418                      .gmember  ".text:__isfinite"
    7419                      .endgroup
    7420                      .group    "__isfinitef", 1
    7421                      .gmember  ".text:__isfinitef"
    7422                      .endgroup
    7423                      .group    "__isfinitel", 1
    7424                      .gmember  ".text:__isfinitel"
    7425                      .endgroup
    7426                      .group    "__isinf", 1
    7427                      .gmember  ".text:__isinf"
    7428                      .endgroup
    7429                      .group    "__isinff", 1
    7430                      .gmember  ".text:__isinff"
TMS320C2000 Assembler PC v22.6.2 Thu Feb 12 10:37:10 2026

Copyright (c) 1996-2018 Texas Instruments Incorporated
dual_axis_servo_drive_hal.asm                                        PAGE  148

    7431                      .endgroup
    7432                      .group    "__isinfl", 1
    7433                      .gmember  ".text:__isinfl"
    7434                      .endgroup
    7435                      .group    "__isnan", 1
    7436                      .gmember  ".text:__isnan"
    7437                      .endgroup
    7438                      .group    "__isnanf", 1
    7439                      .gmember  ".text:__isnanf"
    7440                      .endgroup
    7441                      .group    "__isnanl", 1
    7442                      .gmember  ".text:__isnanl"
    7443                      .endgroup
    7444                      .group    "__isnormal", 1
    7445                      .gmember  ".text:__isnormal"
    7446                      .endgroup
    7447                      .group    "__isnormalf", 1
    7448                      .gmember  ".text:__isnormalf"
    7449                      .endgroup
    7450                      .group    "__isnormall", 1
    7451                      .gmember  ".text:__isnormall"
    7452                      .endgroup
    7453                      .group    "__relaxed_atan2f", 1
    7454                      .gmember  ".text:__relaxed_atan2f"
    7455                      .endgroup
    7456                      .group    "__relaxed_atanf", 1
    7457                      .gmember  ".text:__relaxed_atanf"
    7458                      .endgroup
    7459                      .group    "__relaxed_cosf", 1
    7460                      .gmember  ".text:__relaxed_cosf"
    7461                      .endgroup
    7462                      .group    "__relaxed_expf", 1
    7463                      .gmember  ".text:__relaxed_expf"
    7464                      .endgroup
    7465                      .group    "__relaxed_fmaxf", 1
    7466                      .gmember  ".text:__relaxed_fmaxf"
    7467                      .endgroup
    7468                      .group    "__relaxed_fminf", 1
    7469                      .gmember  ".text:__relaxed_fminf"
    7470                      .endgroup
    7471                      .group    "__relaxed_fmodf", 1
    7472                      .gmember  ".text:__relaxed_fmodf"
    7473                      .endgroup
    7474                      .group    "__relaxed_log2f", 1
    7475                      .gmember  ".text:__relaxed_log2f"
    7476                      .endgroup
    7477                      .group    "__relaxed_logf", 1
    7478                      .gmember  ".text:__relaxed_logf"
    7479                      .endgroup
    7480                      .group    "__relaxed_powf", 1
    7481                      .gmember  ".text:__relaxed_powf"
    7482                      .endgroup
    7483                      .group    "__relaxed_sinf", 1
    7484                      .gmember  ".text:__relaxed_sinf"
    7485                      .endgroup
TMS320C2000 Assembler PC v22.6.2 Thu Feb 12 10:37:10 2026

Copyright (c) 1996-2018 Texas Instruments Incorporated
dual_axis_servo_drive_hal.asm                                        PAGE  149

    7486                      .group    "__relaxed_sqrtf", 1
    7487                      .gmember  ".text:__relaxed_sqrtf"
    7488                      .endgroup
    7489                      .group    "__signbit", 1
    7490                      .gmember  ".text:__signbit"
    7491                      .endgroup
    7492                      .group    "__signbitf", 1
    7493                      .gmember  ".text:__signbitf"
    7494                      .endgroup
    7495                      .group    "__signbitl", 1
    7496                      .gmember  ".text:__signbitl"
    7497                      .endgroup
    7498              
    7499              
    7500              ;***************************************************************
    7501              ;* BUILD ATTRIBUTES                                            *
    7502              ;***************************************************************
    7503                      .battr "c28xabi", Tag_File, 1, Tag_float_args(1)
    7504                      .battr "c28xabi", Tag_File, 1, Tag_double_args(1)
    7505                      .dwattr $C$DW$CU, DW_AT_language(DW_LANG_C)
    7506              
    7507              ;***************************************************************
    7508              ;* DWARF CIE ENTRIES                                           *
    7509              ;***************************************************************
    7510              
    7511              $C$DW$CIE       .dwcie 26
    7512                      .dwcfi  cfa_register, 20
    7513                      .dwcfi  cfa_offset, 0
    7514                      .dwcfi  same_value, 28
    7515                      .dwcfi  same_value, 6
    7516                      .dwcfi  same_value, 7
    7517                      .dwcfi  same_value, 8
    7518                      .dwcfi  same_value, 9
    7519                      .dwcfi  same_value, 10
    7520                      .dwcfi  same_value, 11
    7521                      .dwcfi  same_value, 59
    7522                      .dwcfi  same_value, 63
    7523                      .dwcfi  same_value, 67
    7524                      .dwcfi  same_value, 71
    7525                      .dwendentry
    7526                      .dwendtag $C$DW$CU
    7527              
    7528              
    7529              ;***************************************************************
    7530              ;* TYPE INFORMATION                                            *
    7531              ;***************************************************************
    7532              
    7533              $C$DW$TU$30     .dwtag  DW_TAG_type_unit
    7534                      .dwmtype  $C$DW$T$30
    7535              
    7536              $C$DW$T$30      .dwtag  DW_TAG_enumeration_type
    7537                      .dwattr $C$DW$T$30, DW_AT_byte_size(0x01)
    7538              $C$DW$502       .dwtag  DW_TAG_enumerator
    7539                      .dwattr $C$DW$502, DW_AT_name("MTR_1")
    7540                      .dwattr $C$DW$502, DW_AT_const_value(0x00)
TMS320C2000 Assembler PC v22.6.2 Thu Feb 12 10:37:10 2026

Copyright (c) 1996-2018 Texas Instruments Incorporated
dual_axis_servo_drive_hal.asm                                        PAGE  150

    7541                      .dwattr $C$DW$502, DW_AT_decl_file("..\sources\dual_axis_servo_drive_hal.h")
    7542                      .dwattr $C$DW$502, DW_AT_decl_line(0x87)
    7543                      .dwattr $C$DW$502, DW_AT_decl_column(0x05)
    7544              
    7545              $C$DW$503       .dwtag  DW_TAG_enumerator
    7546                      .dwattr $C$DW$503, DW_AT_name("MTR_2")
    7547                      .dwattr $C$DW$503, DW_AT_const_value(0x01)
    7548                      .dwattr $C$DW$503, DW_AT_decl_file("..\sources\dual_axis_servo_drive_hal.h")
    7549                      .dwattr $C$DW$503, DW_AT_decl_line(0x88)
    7550                      .dwattr $C$DW$503, DW_AT_decl_column(0x05)
    7551              
    7552                      .dwattr $C$DW$T$30, DW_AT_decl_file("..\sources\dual_axis_servo_drive_hal.h")
    7553                      .dwattr $C$DW$T$30, DW_AT_decl_line(0x86)
    7554                      .dwattr $C$DW$T$30, DW_AT_decl_column(0x01)
    7555                      .dwendtag $C$DW$T$30
    7556              
    7557                      .dwendtag $C$DW$TU$30
    7558              
    7559              
    7560              $C$DW$TU$31     .dwtag  DW_TAG_type_unit
    7561                      .dwmtype  $C$DW$T$31
    7562              $C$DW$T$31      .dwtag  DW_TAG_typedef
    7563                      .dwattr $C$DW$T$31, DW_AT_name("MotorNum_e")
    7564                      .dwattr $C$DW$T$31, DW_AT_type(*$C$DW$T$30)
    7565                      .dwattr $C$DW$T$31, DW_AT_decl_file("..\sources\dual_axis_servo_drive_hal.h")
    7566                      .dwattr $C$DW$T$31, DW_AT_decl_line(0x89)
    7567                      .dwattr $C$DW$T$31, DW_AT_decl_column(0x03)
    7568              
    7569                      .dwendtag $C$DW$TU$31
    7570              
    7571              
    7572              $C$DW$TU$36     .dwtag  DW_TAG_type_unit
    7573                      .dwmtype  $C$DW$T$36
    7574              
    7575              $C$DW$T$36      .dwtag  DW_TAG_enumeration_type
    7576                      .dwattr $C$DW$T$36, DW_AT_byte_size(0x01)
    7577              $C$DW$504       .dwtag  DW_TAG_enumerator
    7578                      .dwattr $C$DW$504, DW_AT_name("ADC_CLK_DIV_1_0")
    7579                      .dwattr $C$DW$504, DW_AT_const_value(0x00)
    7580                      .dwattr $C$DW$504, DW_AT_decl_file("C:/ti/C2000Ware_MotorControl_SDK_5_04_00_00/c2000ware/driverlib/f
    7581                      .dwattr $C$DW$504, DW_AT_decl_line(0x8f)
    7582                      .dwattr $C$DW$504, DW_AT_decl_column(0x05)
    7583              
    7584              $C$DW$505       .dwtag  DW_TAG_enumerator
    7585                      .dwattr $C$DW$505, DW_AT_name("ADC_CLK_DIV_2_0")
    7586                      .dwattr $C$DW$505, DW_AT_const_value(0x02)
    7587                      .dwattr $C$DW$505, DW_AT_decl_file("C:/ti/C2000Ware_MotorControl_SDK_5_04_00_00/c2000ware/driverlib/f
    7588                      .dwattr $C$DW$505, DW_AT_decl_line(0x90)
    7589                      .dwattr $C$DW$505, DW_AT_decl_column(0x05)
    7590              
    7591              $C$DW$506       .dwtag  DW_TAG_enumerator
    7592                      .dwattr $C$DW$506, DW_AT_name("ADC_CLK_DIV_3_0")
    7593                      .dwattr $C$DW$506, DW_AT_const_value(0x04)
    7594                      .dwattr $C$DW$506, DW_AT_decl_file("C:/ti/C2000Ware_MotorControl_SDK_5_04_00_00/c2000ware/driverlib/f
    7595                      .dwattr $C$DW$506, DW_AT_decl_line(0x91)
TMS320C2000 Assembler PC v22.6.2 Thu Feb 12 10:37:10 2026

Copyright (c) 1996-2018 Texas Instruments Incorporated
dual_axis_servo_drive_hal.asm                                        PAGE  151

    7596                      .dwattr $C$DW$506, DW_AT_decl_column(0x05)
    7597              
    7598              $C$DW$507       .dwtag  DW_TAG_enumerator
    7599                      .dwattr $C$DW$507, DW_AT_name("ADC_CLK_DIV_4_0")
    7600                      .dwattr $C$DW$507, DW_AT_const_value(0x06)
    7601                      .dwattr $C$DW$507, DW_AT_decl_file("C:/ti/C2000Ware_MotorControl_SDK_5_04_00_00/c2000ware/driverlib/f
    7602                      .dwattr $C$DW$507, DW_AT_decl_line(0x92)
    7603                      .dwattr $C$DW$507, DW_AT_decl_column(0x05)
    7604              
    7605              $C$DW$508       .dwtag  DW_TAG_enumerator
    7606                      .dwattr $C$DW$508, DW_AT_name("ADC_CLK_DIV_5_0")
    7607                      .dwattr $C$DW$508, DW_AT_const_value(0x08)
    7608                      .dwattr $C$DW$508, DW_AT_decl_file("C:/ti/C2000Ware_MotorControl_SDK_5_04_00_00/c2000ware/driverlib/f
    7609                      .dwattr $C$DW$508, DW_AT_decl_line(0x93)
    7610                      .dwattr $C$DW$508, DW_AT_decl_column(0x05)
    7611              
    7612              $C$DW$509       .dwtag  DW_TAG_enumerator
    7613                      .dwattr $C$DW$509, DW_AT_name("ADC_CLK_DIV_6_0")
    7614                      .dwattr $C$DW$509, DW_AT_const_value(0x0a)
    7615                      .dwattr $C$DW$509, DW_AT_decl_file("C:/ti/C2000Ware_MotorControl_SDK_5_04_00_00/c2000ware/driverlib/f
    7616                      .dwattr $C$DW$509, DW_AT_decl_line(0x94)
    7617                      .dwattr $C$DW$509, DW_AT_decl_column(0x05)
    7618              
    7619              $C$DW$510       .dwtag  DW_TAG_enumerator
    7620                      .dwattr $C$DW$510, DW_AT_name("ADC_CLK_DIV_7_0")
    7621                      .dwattr $C$DW$510, DW_AT_const_value(0x0c)
    7622                      .dwattr $C$DW$510, DW_AT_decl_file("C:/ti/C2000Ware_MotorControl_SDK_5_04_00_00/c2000ware/driverlib/f
    7623                      .dwattr $C$DW$510, DW_AT_decl_line(0x95)
    7624                      .dwattr $C$DW$510, DW_AT_decl_column(0x05)
    7625              
    7626              $C$DW$511       .dwtag  DW_TAG_enumerator
    7627                      .dwattr $C$DW$511, DW_AT_name("ADC_CLK_DIV_8_0")
    7628                      .dwattr $C$DW$511, DW_AT_const_value(0x0e)
    7629                      .dwattr $C$DW$511, DW_AT_decl_file("C:/ti/C2000Ware_MotorControl_SDK_5_04_00_00/c2000ware/driverlib/f
    7630                      .dwattr $C$DW$511, DW_AT_decl_line(0x96)
    7631                      .dwattr $C$DW$511, DW_AT_decl_column(0x05)
    7632              
    7633                      .dwattr $C$DW$T$36, DW_AT_decl_file("C:/ti/C2000Ware_MotorControl_SDK_5_04_00_00/c2000ware/driverlib/
    7634                      .dwattr $C$DW$T$36, DW_AT_decl_line(0x8e)
    7635                      .dwattr $C$DW$T$36, DW_AT_decl_column(0x01)
    7636                      .dwendtag $C$DW$T$36
    7637              
    7638                      .dwendtag $C$DW$TU$36
    7639              
    7640              
    7641              $C$DW$TU$37     .dwtag  DW_TAG_type_unit
    7642                      .dwmtype  $C$DW$T$37
    7643              $C$DW$T$37      .dwtag  DW_TAG_typedef
    7644                      .dwattr $C$DW$T$37, DW_AT_name("ADC_ClkPrescale")
    7645                      .dwattr $C$DW$T$37, DW_AT_type(*$C$DW$T$36)
    7646                      .dwattr $C$DW$T$37, DW_AT_decl_file("C:/ti/C2000Ware_MotorControl_SDK_5_04_00_00/c2000ware/driverlib/
    7647                      .dwattr $C$DW$T$37, DW_AT_decl_line(0x97)
    7648                      .dwattr $C$DW$T$37, DW_AT_decl_column(0x03)
    7649              
    7650                      .dwendtag $C$DW$TU$37
TMS320C2000 Assembler PC v22.6.2 Thu Feb 12 10:37:10 2026

Copyright (c) 1996-2018 Texas Instruments Incorporated
dual_axis_servo_drive_hal.asm                                        PAGE  152

    7651              
    7652              
    7653              $C$DW$TU$38     .dwtag  DW_TAG_type_unit
    7654                      .dwmtype  $C$DW$T$38
    7655              
    7656              $C$DW$T$38      .dwtag  DW_TAG_enumeration_type
    7657                      .dwattr $C$DW$T$38, DW_AT_byte_size(0x01)
    7658              $C$DW$512       .dwtag  DW_TAG_enumerator
    7659                      .dwattr $C$DW$512, DW_AT_name("ADC_SOC_NUMBER0")
    7660                      .dwattr $C$DW$512, DW_AT_const_value(0x00)
    7661                      .dwattr $C$DW$512, DW_AT_decl_file("C:/ti/C2000Ware_MotorControl_SDK_5_04_00_00/c2000ware/driverlib/f
    7662                      .dwattr $C$DW$512, DW_AT_decl_line(0x108)
    7663                      .dwattr $C$DW$512, DW_AT_decl_column(0x05)
    7664              
    7665              $C$DW$513       .dwtag  DW_TAG_enumerator
    7666                      .dwattr $C$DW$513, DW_AT_name("ADC_SOC_NUMBER1")
    7667                      .dwattr $C$DW$513, DW_AT_const_value(0x01)
    7668                      .dwattr $C$DW$513, DW_AT_decl_file("C:/ti/C2000Ware_MotorControl_SDK_5_04_00_00/c2000ware/driverlib/f
    7669                      .dwattr $C$DW$513, DW_AT_decl_line(0x109)
    7670                      .dwattr $C$DW$513, DW_AT_decl_column(0x05)
    7671              
    7672              $C$DW$514       .dwtag  DW_TAG_enumerator
    7673                      .dwattr $C$DW$514, DW_AT_name("ADC_SOC_NUMBER2")
    7674                      .dwattr $C$DW$514, DW_AT_const_value(0x02)
    7675                      .dwattr $C$DW$514, DW_AT_decl_file("C:/ti/C2000Ware_MotorControl_SDK_5_04_00_00/c2000ware/driverlib/f
    7676                      .dwattr $C$DW$514, DW_AT_decl_line(0x10a)
    7677                      .dwattr $C$DW$514, DW_AT_decl_column(0x05)
    7678              
    7679              $C$DW$515       .dwtag  DW_TAG_enumerator
    7680                      .dwattr $C$DW$515, DW_AT_name("ADC_SOC_NUMBER3")
    7681                      .dwattr $C$DW$515, DW_AT_const_value(0x03)
    7682                      .dwattr $C$DW$515, DW_AT_decl_file("C:/ti/C2000Ware_MotorControl_SDK_5_04_00_00/c2000ware/driverlib/f
    7683                      .dwattr $C$DW$515, DW_AT_decl_line(0x10b)
    7684                      .dwattr $C$DW$515, DW_AT_decl_column(0x05)
    7685              
    7686              $C$DW$516       .dwtag  DW_TAG_enumerator
    7687                      .dwattr $C$DW$516, DW_AT_name("ADC_SOC_NUMBER4")
    7688                      .dwattr $C$DW$516, DW_AT_const_value(0x04)
    7689                      .dwattr $C$DW$516, DW_AT_decl_file("C:/ti/C2000Ware_MotorControl_SDK_5_04_00_00/c2000ware/driverlib/f
    7690                      .dwattr $C$DW$516, DW_AT_decl_line(0x10c)
    7691                      .dwattr $C$DW$516, DW_AT_decl_column(0x05)
    7692              
    7693              $C$DW$517       .dwtag  DW_TAG_enumerator
    7694                      .dwattr $C$DW$517, DW_AT_name("ADC_SOC_NUMBER5")
    7695                      .dwattr $C$DW$517, DW_AT_const_value(0x05)
    7696                      .dwattr $C$DW$517, DW_AT_decl_file("C:/ti/C2000Ware_MotorControl_SDK_5_04_00_00/c2000ware/driverlib/f
    7697                      .dwattr $C$DW$517, DW_AT_decl_line(0x10d)
    7698                      .dwattr $C$DW$517, DW_AT_decl_column(0x05)
    7699              
    7700              $C$DW$518       .dwtag  DW_TAG_enumerator
    7701                      .dwattr $C$DW$518, DW_AT_name("ADC_SOC_NUMBER6")
    7702                      .dwattr $C$DW$518, DW_AT_const_value(0x06)
    7703                      .dwattr $C$DW$518, DW_AT_decl_file("C:/ti/C2000Ware_MotorControl_SDK_5_04_00_00/c2000ware/driverlib/f
    7704                      .dwattr $C$DW$518, DW_AT_decl_line(0x10e)
    7705                      .dwattr $C$DW$518, DW_AT_decl_column(0x05)
TMS320C2000 Assembler PC v22.6.2 Thu Feb 12 10:37:10 2026

Copyright (c) 1996-2018 Texas Instruments Incorporated
dual_axis_servo_drive_hal.asm                                        PAGE  153

    7706              
    7707              $C$DW$519       .dwtag  DW_TAG_enumerator
    7708                      .dwattr $C$DW$519, DW_AT_name("ADC_SOC_NUMBER7")
    7709                      .dwattr $C$DW$519, DW_AT_const_value(0x07)
    7710                      .dwattr $C$DW$519, DW_AT_decl_file("C:/ti/C2000Ware_MotorControl_SDK_5_04_00_00/c2000ware/driverlib/f
    7711                      .dwattr $C$DW$519, DW_AT_decl_line(0x10f)
    7712                      .dwattr $C$DW$519, DW_AT_decl_column(0x05)
    7713              
    7714              $C$DW$520       .dwtag  DW_TAG_enumerator
    7715                      .dwattr $C$DW$520, DW_AT_name("ADC_SOC_NUMBER8")
    7716                      .dwattr $C$DW$520, DW_AT_const_value(0x08)
    7717                      .dwattr $C$DW$520, DW_AT_decl_file("C:/ti/C2000Ware_MotorControl_SDK_5_04_00_00/c2000ware/driverlib/f
    7718                      .dwattr $C$DW$520, DW_AT_decl_line(0x110)
    7719                      .dwattr $C$DW$520, DW_AT_decl_column(0x05)
    7720              
    7721              $C$DW$521       .dwtag  DW_TAG_enumerator
    7722                      .dwattr $C$DW$521, DW_AT_name("ADC_SOC_NUMBER9")
    7723                      .dwattr $C$DW$521, DW_AT_const_value(0x09)
    7724                      .dwattr $C$DW$521, DW_AT_decl_file("C:/ti/C2000Ware_MotorControl_SDK_5_04_00_00/c2000ware/driverlib/f
    7725                      .dwattr $C$DW$521, DW_AT_decl_line(0x111)
    7726                      .dwattr $C$DW$521, DW_AT_decl_column(0x05)
    7727              
    7728              $C$DW$522       .dwtag  DW_TAG_enumerator
    7729                      .dwattr $C$DW$522, DW_AT_name("ADC_SOC_NUMBER10")
    7730                      .dwattr $C$DW$522, DW_AT_const_value(0x0a)
    7731                      .dwattr $C$DW$522, DW_AT_decl_file("C:/ti/C2000Ware_MotorControl_SDK_5_04_00_00/c2000ware/driverlib/f
    7732                      .dwattr $C$DW$522, DW_AT_decl_line(0x112)
    7733                      .dwattr $C$DW$522, DW_AT_decl_column(0x05)
    7734              
    7735              $C$DW$523       .dwtag  DW_TAG_enumerator
    7736                      .dwattr $C$DW$523, DW_AT_name("ADC_SOC_NUMBER11")
    7737                      .dwattr $C$DW$523, DW_AT_const_value(0x0b)
    7738                      .dwattr $C$DW$523, DW_AT_decl_file("C:/ti/C2000Ware_MotorControl_SDK_5_04_00_00/c2000ware/driverlib/f
    7739                      .dwattr $C$DW$523, DW_AT_decl_line(0x113)
    7740                      .dwattr $C$DW$523, DW_AT_decl_column(0x05)
    7741              
    7742              $C$DW$524       .dwtag  DW_TAG_enumerator
    7743                      .dwattr $C$DW$524, DW_AT_name("ADC_SOC_NUMBER12")
    7744                      .dwattr $C$DW$524, DW_AT_const_value(0x0c)
    7745                      .dwattr $C$DW$524, DW_AT_decl_file("C:/ti/C2000Ware_MotorControl_SDK_5_04_00_00/c2000ware/driverlib/f
    7746                      .dwattr $C$DW$524, DW_AT_decl_line(0x114)
    7747                      .dwattr $C$DW$524, DW_AT_decl_column(0x05)
    7748              
    7749              $C$DW$525       .dwtag  DW_TAG_enumerator
    7750                      .dwattr $C$DW$525, DW_AT_name("ADC_SOC_NUMBER13")
    7751                      .dwattr $C$DW$525, DW_AT_const_value(0x0d)
    7752                      .dwattr $C$DW$525, DW_AT_decl_file("C:/ti/C2000Ware_MotorControl_SDK_5_04_00_00/c2000ware/driverlib/f
    7753                      .dwattr $C$DW$525, DW_AT_decl_line(0x115)
    7754                      .dwattr $C$DW$525, DW_AT_decl_column(0x05)
    7755              
    7756              $C$DW$526       .dwtag  DW_TAG_enumerator
    7757                      .dwattr $C$DW$526, DW_AT_name("ADC_SOC_NUMBER14")
    7758                      .dwattr $C$DW$526, DW_AT_const_value(0x0e)
    7759                      .dwattr $C$DW$526, DW_AT_decl_file("C:/ti/C2000Ware_MotorControl_SDK_5_04_00_00/c2000ware/driverlib/f
    7760                      .dwattr $C$DW$526, DW_AT_decl_line(0x116)
TMS320C2000 Assembler PC v22.6.2 Thu Feb 12 10:37:10 2026

Copyright (c) 1996-2018 Texas Instruments Incorporated
dual_axis_servo_drive_hal.asm                                        PAGE  154

    7761                      .dwattr $C$DW$526, DW_AT_decl_column(0x05)
    7762              
    7763              $C$DW$527       .dwtag  DW_TAG_enumerator
    7764                      .dwattr $C$DW$527, DW_AT_name("ADC_SOC_NUMBER15")
    7765                      .dwattr $C$DW$527, DW_AT_const_value(0x0f)
    7766                      .dwattr $C$DW$527, DW_AT_decl_file("C:/ti/C2000Ware_MotorControl_SDK_5_04_00_00/c2000ware/driverlib/f
    7767                      .dwattr $C$DW$527, DW_AT_decl_line(0x117)
    7768                      .dwattr $C$DW$527, DW_AT_decl_column(0x05)
    7769              
    7770                      .dwattr $C$DW$T$38, DW_AT_decl_file("C:/ti/C2000Ware_MotorControl_SDK_5_04_00_00/c2000ware/driverlib/
    7771                      .dwattr $C$DW$T$38, DW_AT_decl_line(0x107)
    7772                      .dwattr $C$DW$T$38, DW_AT_decl_column(0x01)
    7773                      .dwendtag $C$DW$T$38
    7774              
    7775                      .dwendtag $C$DW$TU$38
    7776              
    7777              
    7778              $C$DW$TU$39     .dwtag  DW_TAG_type_unit
    7779                      .dwmtype  $C$DW$T$39
    7780              $C$DW$T$39      .dwtag  DW_TAG_typedef
    7781                      .dwattr $C$DW$T$39, DW_AT_name("ADC_SOCNumber")
    7782                      .dwattr $C$DW$T$39, DW_AT_type(*$C$DW$T$38)
    7783                      .dwattr $C$DW$T$39, DW_AT_decl_file("C:/ti/C2000Ware_MotorControl_SDK_5_04_00_00/c2000ware/driverlib/
    7784                      .dwattr $C$DW$T$39, DW_AT_decl_line(0x118)
    7785                      .dwattr $C$DW$T$39, DW_AT_decl_column(0x03)
    7786              
    7787                      .dwendtag $C$DW$TU$39
    7788              
    7789              
    7790              $C$DW$TU$40     .dwtag  DW_TAG_type_unit
    7791                      .dwmtype  $C$DW$T$40
    7792              
    7793              $C$DW$T$40      .dwtag  DW_TAG_enumeration_type
    7794                      .dwattr $C$DW$T$40, DW_AT_byte_size(0x01)
    7795              $C$DW$528       .dwtag  DW_TAG_enumerator
    7796                      .dwattr $C$DW$528, DW_AT_name("ADC_TRIGGER_SW_ONLY")
    7797                      .dwattr $C$DW$528, DW_AT_const_value(0x00)
    7798                      .dwattr $C$DW$528, DW_AT_decl_file("C:/ti/C2000Ware_MotorControl_SDK_5_04_00_00/c2000ware/driverlib/f
    7799                      .dwattr $C$DW$528, DW_AT_decl_line(0xa3)
    7800                      .dwattr $C$DW$528, DW_AT_decl_column(0x05)
    7801              
    7802              $C$DW$529       .dwtag  DW_TAG_enumerator
    7803                      .dwattr $C$DW$529, DW_AT_name("ADC_TRIGGER_CPU1_TINT0")
    7804                      .dwattr $C$DW$529, DW_AT_const_value(0x01)
    7805                      .dwattr $C$DW$529, DW_AT_decl_file("C:/ti/C2000Ware_MotorControl_SDK_5_04_00_00/c2000ware/driverlib/f
    7806                      .dwattr $C$DW$529, DW_AT_decl_line(0xa4)
    7807                      .dwattr $C$DW$529, DW_AT_decl_column(0x05)
    7808              
    7809              $C$DW$530       .dwtag  DW_TAG_enumerator
    7810                      .dwattr $C$DW$530, DW_AT_name("ADC_TRIGGER_CPU1_TINT1")
    7811                      .dwattr $C$DW$530, DW_AT_const_value(0x02)
    7812                      .dwattr $C$DW$530, DW_AT_decl_file("C:/ti/C2000Ware_MotorControl_SDK_5_04_00_00/c2000ware/driverlib/f
    7813                      .dwattr $C$DW$530, DW_AT_decl_line(0xa5)
    7814                      .dwattr $C$DW$530, DW_AT_decl_column(0x05)
    7815              
TMS320C2000 Assembler PC v22.6.2 Thu Feb 12 10:37:10 2026

Copyright (c) 1996-2018 Texas Instruments Incorporated
dual_axis_servo_drive_hal.asm                                        PAGE  155

    7816              $C$DW$531       .dwtag  DW_TAG_enumerator
    7817                      .dwattr $C$DW$531, DW_AT_name("ADC_TRIGGER_CPU1_TINT2")
    7818                      .dwattr $C$DW$531, DW_AT_const_value(0x03)
    7819                      .dwattr $C$DW$531, DW_AT_decl_file("C:/ti/C2000Ware_MotorControl_SDK_5_04_00_00/c2000ware/driverlib/f
    7820                      .dwattr $C$DW$531, DW_AT_decl_line(0xa6)
    7821                      .dwattr $C$DW$531, DW_AT_decl_column(0x05)
    7822              
    7823              $C$DW$532       .dwtag  DW_TAG_enumerator
    7824                      .dwattr $C$DW$532, DW_AT_name("ADC_TRIGGER_GPIO")
    7825                      .dwattr $C$DW$532, DW_AT_const_value(0x04)
    7826                      .dwattr $C$DW$532, DW_AT_decl_file("C:/ti/C2000Ware_MotorControl_SDK_5_04_00_00/c2000ware/driverlib/f
    7827                      .dwattr $C$DW$532, DW_AT_decl_line(0xa7)
    7828                      .dwattr $C$DW$532, DW_AT_decl_column(0x05)
    7829              
    7830              $C$DW$533       .dwtag  DW_TAG_enumerator
    7831                      .dwattr $C$DW$533, DW_AT_name("ADC_TRIGGER_EPWM1_SOCA")
    7832                      .dwattr $C$DW$533, DW_AT_const_value(0x05)
    7833                      .dwattr $C$DW$533, DW_AT_decl_file("C:/ti/C2000Ware_MotorControl_SDK_5_04_00_00/c2000ware/driverlib/f
    7834                      .dwattr $C$DW$533, DW_AT_decl_line(0xa8)
    7835                      .dwattr $C$DW$533, DW_AT_decl_column(0x05)
    7836              
    7837              $C$DW$534       .dwtag  DW_TAG_enumerator
    7838                      .dwattr $C$DW$534, DW_AT_name("ADC_TRIGGER_EPWM1_SOCB")
    7839                      .dwattr $C$DW$534, DW_AT_const_value(0x06)
    7840                      .dwattr $C$DW$534, DW_AT_decl_file("C:/ti/C2000Ware_MotorControl_SDK_5_04_00_00/c2000ware/driverlib/f
    7841                      .dwattr $C$DW$534, DW_AT_decl_line(0xa9)
    7842                      .dwattr $C$DW$534, DW_AT_decl_column(0x05)
    7843              
    7844              $C$DW$535       .dwtag  DW_TAG_enumerator
    7845                      .dwattr $C$DW$535, DW_AT_name("ADC_TRIGGER_EPWM2_SOCA")
    7846                      .dwattr $C$DW$535, DW_AT_const_value(0x07)
    7847                      .dwattr $C$DW$535, DW_AT_decl_file("C:/ti/C2000Ware_MotorControl_SDK_5_04_00_00/c2000ware/driverlib/f
    7848                      .dwattr $C$DW$535, DW_AT_decl_line(0xaa)
    7849                      .dwattr $C$DW$535, DW_AT_decl_column(0x05)
    7850              
    7851              $C$DW$536       .dwtag  DW_TAG_enumerator
    7852                      .dwattr $C$DW$536, DW_AT_name("ADC_TRIGGER_EPWM2_SOCB")
    7853                      .dwattr $C$DW$536, DW_AT_const_value(0x08)
    7854                      .dwattr $C$DW$536, DW_AT_decl_file("C:/ti/C2000Ware_MotorControl_SDK_5_04_00_00/c2000ware/driverlib/f
    7855                      .dwattr $C$DW$536, DW_AT_decl_line(0xab)
    7856                      .dwattr $C$DW$536, DW_AT_decl_column(0x05)
    7857              
    7858              $C$DW$537       .dwtag  DW_TAG_enumerator
    7859                      .dwattr $C$DW$537, DW_AT_name("ADC_TRIGGER_EPWM3_SOCA")
    7860                      .dwattr $C$DW$537, DW_AT_const_value(0x09)
    7861                      .dwattr $C$DW$537, DW_AT_decl_file("C:/ti/C2000Ware_MotorControl_SDK_5_04_00_00/c2000ware/driverlib/f
    7862                      .dwattr $C$DW$537, DW_AT_decl_line(0xac)
    7863                      .dwattr $C$DW$537, DW_AT_decl_column(0x05)
    7864              
    7865              $C$DW$538       .dwtag  DW_TAG_enumerator
    7866                      .dwattr $C$DW$538, DW_AT_name("ADC_TRIGGER_EPWM3_SOCB")
    7867                      .dwattr $C$DW$538, DW_AT_const_value(0x0a)
    7868                      .dwattr $C$DW$538, DW_AT_decl_file("C:/ti/C2000Ware_MotorControl_SDK_5_04_00_00/c2000ware/driverlib/f
    7869                      .dwattr $C$DW$538, DW_AT_decl_line(0xad)
    7870                      .dwattr $C$DW$538, DW_AT_decl_column(0x05)
TMS320C2000 Assembler PC v22.6.2 Thu Feb 12 10:37:10 2026

Copyright (c) 1996-2018 Texas Instruments Incorporated
dual_axis_servo_drive_hal.asm                                        PAGE  156

    7871              
    7872              $C$DW$539       .dwtag  DW_TAG_enumerator
    7873                      .dwattr $C$DW$539, DW_AT_name("ADC_TRIGGER_EPWM4_SOCA")
    7874                      .dwattr $C$DW$539, DW_AT_const_value(0x0b)
    7875                      .dwattr $C$DW$539, DW_AT_decl_file("C:/ti/C2000Ware_MotorControl_SDK_5_04_00_00/c2000ware/driverlib/f
    7876                      .dwattr $C$DW$539, DW_AT_decl_line(0xae)
    7877                      .dwattr $C$DW$539, DW_AT_decl_column(0x05)
    7878              
    7879              $C$DW$540       .dwtag  DW_TAG_enumerator
    7880                      .dwattr $C$DW$540, DW_AT_name("ADC_TRIGGER_EPWM4_SOCB")
    7881                      .dwattr $C$DW$540, DW_AT_const_value(0x0c)
    7882                      .dwattr $C$DW$540, DW_AT_decl_file("C:/ti/C2000Ware_MotorControl_SDK_5_04_00_00/c2000ware/driverlib/f
    7883                      .dwattr $C$DW$540, DW_AT_decl_line(0xaf)
    7884                      .dwattr $C$DW$540, DW_AT_decl_column(0x05)
    7885              
    7886              $C$DW$541       .dwtag  DW_TAG_enumerator
    7887                      .dwattr $C$DW$541, DW_AT_name("ADC_TRIGGER_EPWM5_SOCA")
    7888                      .dwattr $C$DW$541, DW_AT_const_value(0x0d)
    7889                      .dwattr $C$DW$541, DW_AT_decl_file("C:/ti/C2000Ware_MotorControl_SDK_5_04_00_00/c2000ware/driverlib/f
    7890                      .dwattr $C$DW$541, DW_AT_decl_line(0xb0)
    7891                      .dwattr $C$DW$541, DW_AT_decl_column(0x05)
    7892              
    7893              $C$DW$542       .dwtag  DW_TAG_enumerator
    7894                      .dwattr $C$DW$542, DW_AT_name("ADC_TRIGGER_EPWM5_SOCB")
    7895                      .dwattr $C$DW$542, DW_AT_const_value(0x0e)
    7896                      .dwattr $C$DW$542, DW_AT_decl_file("C:/ti/C2000Ware_MotorControl_SDK_5_04_00_00/c2000ware/driverlib/f
    7897                      .dwattr $C$DW$542, DW_AT_decl_line(0xb1)
    7898                      .dwattr $C$DW$542, DW_AT_decl_column(0x05)
    7899              
    7900              $C$DW$543       .dwtag  DW_TAG_enumerator
    7901                      .dwattr $C$DW$543, DW_AT_name("ADC_TRIGGER_EPWM6_SOCA")
    7902                      .dwattr $C$DW$543, DW_AT_const_value(0x0f)
    7903                      .dwattr $C$DW$543, DW_AT_decl_file("C:/ti/C2000Ware_MotorControl_SDK_5_04_00_00/c2000ware/driverlib/f
    7904                      .dwattr $C$DW$543, DW_AT_decl_line(0xb2)
    7905                      .dwattr $C$DW$543, DW_AT_decl_column(0x05)
    7906              
    7907              $C$DW$544       .dwtag  DW_TAG_enumerator
    7908                      .dwattr $C$DW$544, DW_AT_name("ADC_TRIGGER_EPWM6_SOCB")
    7909                      .dwattr $C$DW$544, DW_AT_const_value(0x10)
    7910                      .dwattr $C$DW$544, DW_AT_decl_file("C:/ti/C2000Ware_MotorControl_SDK_5_04_00_00/c2000ware/driverlib/f
    7911                      .dwattr $C$DW$544, DW_AT_decl_line(0xb3)
    7912                      .dwattr $C$DW$544, DW_AT_decl_column(0x05)
    7913              
    7914              $C$DW$545       .dwtag  DW_TAG_enumerator
    7915                      .dwattr $C$DW$545, DW_AT_name("ADC_TRIGGER_EPWM7_SOCA")
    7916                      .dwattr $C$DW$545, DW_AT_const_value(0x11)
    7917                      .dwattr $C$DW$545, DW_AT_decl_file("C:/ti/C2000Ware_MotorControl_SDK_5_04_00_00/c2000ware/driverlib/f
    7918                      .dwattr $C$DW$545, DW_AT_decl_line(0xb4)
    7919                      .dwattr $C$DW$545, DW_AT_decl_column(0x05)
    7920              
    7921              $C$DW$546       .dwtag  DW_TAG_enumerator
    7922                      .dwattr $C$DW$546, DW_AT_name("ADC_TRIGGER_EPWM7_SOCB")
    7923                      .dwattr $C$DW$546, DW_AT_const_value(0x12)
    7924                      .dwattr $C$DW$546, DW_AT_decl_file("C:/ti/C2000Ware_MotorControl_SDK_5_04_00_00/c2000ware/driverlib/f
    7925                      .dwattr $C$DW$546, DW_AT_decl_line(0xb5)
TMS320C2000 Assembler PC v22.6.2 Thu Feb 12 10:37:10 2026

Copyright (c) 1996-2018 Texas Instruments Incorporated
dual_axis_servo_drive_hal.asm                                        PAGE  157

    7926                      .dwattr $C$DW$546, DW_AT_decl_column(0x05)
    7927              
    7928                      .dwattr $C$DW$T$40, DW_AT_decl_file("C:/ti/C2000Ware_MotorControl_SDK_5_04_00_00/c2000ware/driverlib/
    7929                      .dwattr $C$DW$T$40, DW_AT_decl_line(0xa2)
    7930                      .dwattr $C$DW$T$40, DW_AT_decl_column(0x01)
    7931                      .dwendtag $C$DW$T$40
    7932              
    7933                      .dwendtag $C$DW$TU$40
    7934              
    7935              
    7936              $C$DW$TU$41     .dwtag  DW_TAG_type_unit
    7937                      .dwmtype  $C$DW$T$41
    7938              $C$DW$T$41      .dwtag  DW_TAG_typedef
    7939                      .dwattr $C$DW$T$41, DW_AT_name("ADC_Trigger")
    7940                      .dwattr $C$DW$T$41, DW_AT_type(*$C$DW$T$40)
    7941                      .dwattr $C$DW$T$41, DW_AT_decl_file("C:/ti/C2000Ware_MotorControl_SDK_5_04_00_00/c2000ware/driverlib/
    7942                      .dwattr $C$DW$T$41, DW_AT_decl_line(0xb6)
    7943                      .dwattr $C$DW$T$41, DW_AT_decl_column(0x03)
    7944              
    7945                      .dwendtag $C$DW$TU$41
    7946              
    7947              
    7948              $C$DW$TU$42     .dwtag  DW_TAG_type_unit
    7949                      .dwmtype  $C$DW$T$42
    7950              
    7951              $C$DW$T$42      .dwtag  DW_TAG_enumeration_type
    7952                      .dwattr $C$DW$T$42, DW_AT_byte_size(0x01)
    7953              $C$DW$547       .dwtag  DW_TAG_enumerator
    7954                      .dwattr $C$DW$547, DW_AT_name("ADC_CH_ADCIN0")
    7955                      .dwattr $C$DW$547, DW_AT_const_value(0x00)
    7956                      .dwattr $C$DW$547, DW_AT_decl_file("C:/ti/C2000Ware_MotorControl_SDK_5_04_00_00/c2000ware/driverlib/f
    7957                      .dwattr $C$DW$547, DW_AT_decl_line(0xc1)
    7958                      .dwattr $C$DW$547, DW_AT_decl_column(0x05)
    7959              
    7960              $C$DW$548       .dwtag  DW_TAG_enumerator
    7961                      .dwattr $C$DW$548, DW_AT_name("ADC_CH_ADCIN1")
    7962                      .dwattr $C$DW$548, DW_AT_const_value(0x01)
    7963                      .dwattr $C$DW$548, DW_AT_decl_file("C:/ti/C2000Ware_MotorControl_SDK_5_04_00_00/c2000ware/driverlib/f
    7964                      .dwattr $C$DW$548, DW_AT_decl_line(0xc2)
    7965                      .dwattr $C$DW$548, DW_AT_decl_column(0x05)
    7966              
    7967              $C$DW$549       .dwtag  DW_TAG_enumerator
    7968                      .dwattr $C$DW$549, DW_AT_name("ADC_CH_ADCIN2")
    7969                      .dwattr $C$DW$549, DW_AT_const_value(0x02)
    7970                      .dwattr $C$DW$549, DW_AT_decl_file("C:/ti/C2000Ware_MotorControl_SDK_5_04_00_00/c2000ware/driverlib/f
    7971                      .dwattr $C$DW$549, DW_AT_decl_line(0xc3)
    7972                      .dwattr $C$DW$549, DW_AT_decl_column(0x05)
    7973              
    7974              $C$DW$550       .dwtag  DW_TAG_enumerator
    7975                      .dwattr $C$DW$550, DW_AT_name("ADC_CH_ADCIN3")
    7976                      .dwattr $C$DW$550, DW_AT_const_value(0x03)
    7977                      .dwattr $C$DW$550, DW_AT_decl_file("C:/ti/C2000Ware_MotorControl_SDK_5_04_00_00/c2000ware/driverlib/f
    7978                      .dwattr $C$DW$550, DW_AT_decl_line(0xc4)
    7979                      .dwattr $C$DW$550, DW_AT_decl_column(0x05)
    7980              
TMS320C2000 Assembler PC v22.6.2 Thu Feb 12 10:37:10 2026

Copyright (c) 1996-2018 Texas Instruments Incorporated
dual_axis_servo_drive_hal.asm                                        PAGE  158

    7981              $C$DW$551       .dwtag  DW_TAG_enumerator
    7982                      .dwattr $C$DW$551, DW_AT_name("ADC_CH_ADCIN4")
    7983                      .dwattr $C$DW$551, DW_AT_const_value(0x04)
    7984                      .dwattr $C$DW$551, DW_AT_decl_file("C:/ti/C2000Ware_MotorControl_SDK_5_04_00_00/c2000ware/driverlib/f
    7985                      .dwattr $C$DW$551, DW_AT_decl_line(0xc5)
    7986                      .dwattr $C$DW$551, DW_AT_decl_column(0x05)
    7987              
    7988              $C$DW$552       .dwtag  DW_TAG_enumerator
    7989                      .dwattr $C$DW$552, DW_AT_name("ADC_CH_ADCIN5")
    7990                      .dwattr $C$DW$552, DW_AT_const_value(0x05)
    7991                      .dwattr $C$DW$552, DW_AT_decl_file("C:/ti/C2000Ware_MotorControl_SDK_5_04_00_00/c2000ware/driverlib/f
    7992                      .dwattr $C$DW$552, DW_AT_decl_line(0xc6)
    7993                      .dwattr $C$DW$552, DW_AT_decl_column(0x05)
    7994              
    7995              $C$DW$553       .dwtag  DW_TAG_enumerator
    7996                      .dwattr $C$DW$553, DW_AT_name("ADC_CH_ADCIN6")
    7997                      .dwattr $C$DW$553, DW_AT_const_value(0x06)
    7998                      .dwattr $C$DW$553, DW_AT_decl_file("C:/ti/C2000Ware_MotorControl_SDK_5_04_00_00/c2000ware/driverlib/f
    7999                      .dwattr $C$DW$553, DW_AT_decl_line(0xc7)
    8000                      .dwattr $C$DW$553, DW_AT_decl_column(0x05)
    8001              
    8002              $C$DW$554       .dwtag  DW_TAG_enumerator
    8003                      .dwattr $C$DW$554, DW_AT_name("ADC_CH_ADCIN7")
    8004                      .dwattr $C$DW$554, DW_AT_const_value(0x07)
    8005                      .dwattr $C$DW$554, DW_AT_decl_file("C:/ti/C2000Ware_MotorControl_SDK_5_04_00_00/c2000ware/driverlib/f
    8006                      .dwattr $C$DW$554, DW_AT_decl_line(0xc8)
    8007                      .dwattr $C$DW$554, DW_AT_decl_column(0x05)
    8008              
    8009              $C$DW$555       .dwtag  DW_TAG_enumerator
    8010                      .dwattr $C$DW$555, DW_AT_name("ADC_CH_ADCIN8")
    8011                      .dwattr $C$DW$555, DW_AT_const_value(0x08)
    8012                      .dwattr $C$DW$555, DW_AT_decl_file("C:/ti/C2000Ware_MotorControl_SDK_5_04_00_00/c2000ware/driverlib/f
    8013                      .dwattr $C$DW$555, DW_AT_decl_line(0xc9)
    8014                      .dwattr $C$DW$555, DW_AT_decl_column(0x05)
    8015              
    8016              $C$DW$556       .dwtag  DW_TAG_enumerator
    8017                      .dwattr $C$DW$556, DW_AT_name("ADC_CH_ADCIN9")
    8018                      .dwattr $C$DW$556, DW_AT_const_value(0x09)
    8019                      .dwattr $C$DW$556, DW_AT_decl_file("C:/ti/C2000Ware_MotorControl_SDK_5_04_00_00/c2000ware/driverlib/f
    8020                      .dwattr $C$DW$556, DW_AT_decl_line(0xca)
    8021                      .dwattr $C$DW$556, DW_AT_decl_column(0x05)
    8022              
    8023              $C$DW$557       .dwtag  DW_TAG_enumerator
    8024                      .dwattr $C$DW$557, DW_AT_name("ADC_CH_ADCIN10")
    8025                      .dwattr $C$DW$557, DW_AT_const_value(0x0a)
    8026                      .dwattr $C$DW$557, DW_AT_decl_file("C:/ti/C2000Ware_MotorControl_SDK_5_04_00_00/c2000ware/driverlib/f
    8027                      .dwattr $C$DW$557, DW_AT_decl_line(0xcb)
    8028                      .dwattr $C$DW$557, DW_AT_decl_column(0x05)
    8029              
    8030              $C$DW$558       .dwtag  DW_TAG_enumerator
    8031                      .dwattr $C$DW$558, DW_AT_name("ADC_CH_ADCIN11")
    8032                      .dwattr $C$DW$558, DW_AT_const_value(0x0b)
    8033                      .dwattr $C$DW$558, DW_AT_decl_file("C:/ti/C2000Ware_MotorControl_SDK_5_04_00_00/c2000ware/driverlib/f
    8034                      .dwattr $C$DW$558, DW_AT_decl_line(0xcc)
    8035                      .dwattr $C$DW$558, DW_AT_decl_column(0x05)
TMS320C2000 Assembler PC v22.6.2 Thu Feb 12 10:37:10 2026

Copyright (c) 1996-2018 Texas Instruments Incorporated
dual_axis_servo_drive_hal.asm                                        PAGE  159

    8036              
    8037              $C$DW$559       .dwtag  DW_TAG_enumerator
    8038                      .dwattr $C$DW$559, DW_AT_name("ADC_CH_ADCIN12")
    8039                      .dwattr $C$DW$559, DW_AT_const_value(0x0c)
    8040                      .dwattr $C$DW$559, DW_AT_decl_file("C:/ti/C2000Ware_MotorControl_SDK_5_04_00_00/c2000ware/driverlib/f
    8041                      .dwattr $C$DW$559, DW_AT_decl_line(0xcd)
    8042                      .dwattr $C$DW$559, DW_AT_decl_column(0x05)
    8043              
    8044              $C$DW$560       .dwtag  DW_TAG_enumerator
    8045                      .dwattr $C$DW$560, DW_AT_name("ADC_CH_ADCIN13")
    8046                      .dwattr $C$DW$560, DW_AT_const_value(0x0d)
    8047                      .dwattr $C$DW$560, DW_AT_decl_file("C:/ti/C2000Ware_MotorControl_SDK_5_04_00_00/c2000ware/driverlib/f
    8048                      .dwattr $C$DW$560, DW_AT_decl_line(0xce)
    8049                      .dwattr $C$DW$560, DW_AT_decl_column(0x05)
    8050              
    8051              $C$DW$561       .dwtag  DW_TAG_enumerator
    8052                      .dwattr $C$DW$561, DW_AT_name("ADC_CH_ADCIN14")
    8053                      .dwattr $C$DW$561, DW_AT_const_value(0x0e)
    8054                      .dwattr $C$DW$561, DW_AT_decl_file("C:/ti/C2000Ware_MotorControl_SDK_5_04_00_00/c2000ware/driverlib/f
    8055                      .dwattr $C$DW$561, DW_AT_decl_line(0xcf)
    8056                      .dwattr $C$DW$561, DW_AT_decl_column(0x05)
    8057              
    8058              $C$DW$562       .dwtag  DW_TAG_enumerator
    8059                      .dwattr $C$DW$562, DW_AT_name("ADC_CH_ADCIN15")
    8060                      .dwattr $C$DW$562, DW_AT_const_value(0x0f)
    8061                      .dwattr $C$DW$562, DW_AT_decl_file("C:/ti/C2000Ware_MotorControl_SDK_5_04_00_00/c2000ware/driverlib/f
    8062                      .dwattr $C$DW$562, DW_AT_decl_line(0xd0)
    8063                      .dwattr $C$DW$562, DW_AT_decl_column(0x05)
    8064              
    8065                      .dwattr $C$DW$T$42, DW_AT_decl_file("C:/ti/C2000Ware_MotorControl_SDK_5_04_00_00/c2000ware/driverlib/
    8066                      .dwattr $C$DW$T$42, DW_AT_decl_line(0xc0)
    8067                      .dwattr $C$DW$T$42, DW_AT_decl_column(0x01)
    8068                      .dwendtag $C$DW$T$42
    8069              
    8070                      .dwendtag $C$DW$TU$42
    8071              
    8072              
    8073              $C$DW$TU$43     .dwtag  DW_TAG_type_unit
    8074                      .dwmtype  $C$DW$T$43
    8075              $C$DW$T$43      .dwtag  DW_TAG_typedef
    8076                      .dwattr $C$DW$T$43, DW_AT_name("ADC_Channel")
    8077                      .dwattr $C$DW$T$43, DW_AT_type(*$C$DW$T$42)
    8078                      .dwattr $C$DW$T$43, DW_AT_decl_file("C:/ti/C2000Ware_MotorControl_SDK_5_04_00_00/c2000ware/driverlib/
    8079                      .dwattr $C$DW$T$43, DW_AT_decl_line(0xd1)
    8080                      .dwattr $C$DW$T$43, DW_AT_decl_column(0x03)
    8081              
    8082                      .dwendtag $C$DW$TU$43
    8083              
    8084              
    8085              $C$DW$TU$44     .dwtag  DW_TAG_type_unit
    8086                      .dwmtype  $C$DW$T$44
    8087              
    8088              $C$DW$T$44      .dwtag  DW_TAG_enumeration_type
    8089                      .dwattr $C$DW$T$44, DW_AT_byte_size(0x01)
    8090              $C$DW$563       .dwtag  DW_TAG_enumerator
TMS320C2000 Assembler PC v22.6.2 Thu Feb 12 10:37:10 2026

Copyright (c) 1996-2018 Texas Instruments Incorporated
dual_axis_servo_drive_hal.asm                                        PAGE  160

    8091                      .dwattr $C$DW$563, DW_AT_name("ADC_PULSE_END_OF_ACQ_WIN")
    8092                      .dwattr $C$DW$563, DW_AT_const_value(0x00)
    8093                      .dwattr $C$DW$563, DW_AT_decl_file("C:/ti/C2000Ware_MotorControl_SDK_5_04_00_00/c2000ware/driverlib/f
    8094                      .dwattr $C$DW$563, DW_AT_decl_line(0xdc)
    8095                      .dwattr $C$DW$563, DW_AT_decl_column(0x05)
    8096              
    8097              $C$DW$564       .dwtag  DW_TAG_enumerator
    8098                      .dwattr $C$DW$564, DW_AT_name("ADC_PULSE_END_OF_CONV")
    8099                      .dwattr $C$DW$564, DW_AT_const_value(0x04)
    8100                      .dwattr $C$DW$564, DW_AT_decl_file("C:/ti/C2000Ware_MotorControl_SDK_5_04_00_00/c2000ware/driverlib/f
    8101                      .dwattr $C$DW$564, DW_AT_decl_line(0xde)
    8102                      .dwattr $C$DW$564, DW_AT_decl_column(0x05)
    8103              
    8104                      .dwattr $C$DW$T$44, DW_AT_decl_file("C:/ti/C2000Ware_MotorControl_SDK_5_04_00_00/c2000ware/driverlib/
    8105                      .dwattr $C$DW$T$44, DW_AT_decl_line(0xda)
    8106                      .dwattr $C$DW$T$44, DW_AT_decl_column(0x01)
    8107                      .dwendtag $C$DW$T$44
    8108              
    8109                      .dwendtag $C$DW$TU$44
    8110              
    8111              
    8112              $C$DW$TU$45     .dwtag  DW_TAG_type_unit
    8113                      .dwmtype  $C$DW$T$45
    8114              $C$DW$T$45      .dwtag  DW_TAG_typedef
    8115                      .dwattr $C$DW$T$45, DW_AT_name("ADC_PulseMode")
    8116                      .dwattr $C$DW$T$45, DW_AT_type(*$C$DW$T$44)
    8117                      .dwattr $C$DW$T$45, DW_AT_decl_file("C:/ti/C2000Ware_MotorControl_SDK_5_04_00_00/c2000ware/driverlib/
    8118                      .dwattr $C$DW$T$45, DW_AT_decl_line(0xdf)
    8119                      .dwattr $C$DW$T$45, DW_AT_decl_column(0x03)
    8120              
    8121                      .dwendtag $C$DW$TU$45
    8122              
    8123              
    8124              $C$DW$TU$46     .dwtag  DW_TAG_type_unit
    8125                      .dwmtype  $C$DW$T$46
    8126              
    8127              $C$DW$T$46      .dwtag  DW_TAG_enumeration_type
    8128                      .dwattr $C$DW$T$46, DW_AT_byte_size(0x01)
    8129              $C$DW$565       .dwtag  DW_TAG_enumerator
    8130                      .dwattr $C$DW$565, DW_AT_name("ADC_PRI_ALL_ROUND_ROBIN")
    8131                      .dwattr $C$DW$565, DW_AT_const_value(0x00)
    8132                      .dwattr $C$DW$565, DW_AT_decl_file("C:/ti/C2000Ware_MotorControl_SDK_5_04_00_00/c2000ware/driverlib/f
    8133                      .dwattr $C$DW$565, DW_AT_decl_line(0x12f)
    8134                      .dwattr $C$DW$565, DW_AT_decl_column(0x05)
    8135              
    8136              $C$DW$566       .dwtag  DW_TAG_enumerator
    8137                      .dwattr $C$DW$566, DW_AT_name("ADC_PRI_SOC0_HIPRI")
    8138                      .dwattr $C$DW$566, DW_AT_const_value(0x01)
    8139                      .dwattr $C$DW$566, DW_AT_decl_file("C:/ti/C2000Ware_MotorControl_SDK_5_04_00_00/c2000ware/driverlib/f
    8140                      .dwattr $C$DW$566, DW_AT_decl_line(0x130)
    8141                      .dwattr $C$DW$566, DW_AT_decl_column(0x05)
    8142              
    8143              $C$DW$567       .dwtag  DW_TAG_enumerator
    8144                      .dwattr $C$DW$567, DW_AT_name("ADC_PRI_THRU_SOC1_HIPRI")
    8145                      .dwattr $C$DW$567, DW_AT_const_value(0x02)
TMS320C2000 Assembler PC v22.6.2 Thu Feb 12 10:37:10 2026

Copyright (c) 1996-2018 Texas Instruments Incorporated
dual_axis_servo_drive_hal.asm                                        PAGE  161

    8146                      .dwattr $C$DW$567, DW_AT_decl_file("C:/ti/C2000Ware_MotorControl_SDK_5_04_00_00/c2000ware/driverlib/f
    8147                      .dwattr $C$DW$567, DW_AT_decl_line(0x131)
    8148                      .dwattr $C$DW$567, DW_AT_decl_column(0x05)
    8149              
    8150              $C$DW$568       .dwtag  DW_TAG_enumerator
    8151                      .dwattr $C$DW$568, DW_AT_name("ADC_PRI_THRU_SOC2_HIPRI")
    8152                      .dwattr $C$DW$568, DW_AT_const_value(0x03)
    8153                      .dwattr $C$DW$568, DW_AT_decl_file("C:/ti/C2000Ware_MotorControl_SDK_5_04_00_00/c2000ware/driverlib/f
    8154                      .dwattr $C$DW$568, DW_AT_decl_line(0x132)
    8155                      .dwattr $C$DW$568, DW_AT_decl_column(0x05)
    8156              
    8157              $C$DW$569       .dwtag  DW_TAG_enumerator
    8158                      .dwattr $C$DW$569, DW_AT_name("ADC_PRI_THRU_SOC3_HIPRI")
    8159                      .dwattr $C$DW$569, DW_AT_const_value(0x04)
    8160                      .dwattr $C$DW$569, DW_AT_decl_file("C:/ti/C2000Ware_MotorControl_SDK_5_04_00_00/c2000ware/driverlib/f
    8161                      .dwattr $C$DW$569, DW_AT_decl_line(0x133)
    8162                      .dwattr $C$DW$569, DW_AT_decl_column(0x05)
    8163              
    8164              $C$DW$570       .dwtag  DW_TAG_enumerator
    8165                      .dwattr $C$DW$570, DW_AT_name("ADC_PRI_THRU_SOC4_HIPRI")
    8166                      .dwattr $C$DW$570, DW_AT_const_value(0x05)
    8167                      .dwattr $C$DW$570, DW_AT_decl_file("C:/ti/C2000Ware_MotorControl_SDK_5_04_00_00/c2000ware/driverlib/f
    8168                      .dwattr $C$DW$570, DW_AT_decl_line(0x134)
    8169                      .dwattr $C$DW$570, DW_AT_decl_column(0x05)
    8170              
    8171              $C$DW$571       .dwtag  DW_TAG_enumerator
    8172                      .dwattr $C$DW$571, DW_AT_name("ADC_PRI_THRU_SOC5_HIPRI")
    8173                      .dwattr $C$DW$571, DW_AT_const_value(0x06)
    8174                      .dwattr $C$DW$571, DW_AT_decl_file("C:/ti/C2000Ware_MotorControl_SDK_5_04_00_00/c2000ware/driverlib/f
    8175                      .dwattr $C$DW$571, DW_AT_decl_line(0x135)
    8176                      .dwattr $C$DW$571, DW_AT_decl_column(0x05)
    8177              
    8178              $C$DW$572       .dwtag  DW_TAG_enumerator
    8179                      .dwattr $C$DW$572, DW_AT_name("ADC_PRI_THRU_SOC6_HIPRI")
    8180                      .dwattr $C$DW$572, DW_AT_const_value(0x07)
    8181                      .dwattr $C$DW$572, DW_AT_decl_file("C:/ti/C2000Ware_MotorControl_SDK_5_04_00_00/c2000ware/driverlib/f
    8182                      .dwattr $C$DW$572, DW_AT_decl_line(0x136)
    8183                      .dwattr $C$DW$572, DW_AT_decl_column(0x05)
    8184              
    8185              $C$DW$573       .dwtag  DW_TAG_enumerator
    8186                      .dwattr $C$DW$573, DW_AT_name("ADC_PRI_THRU_SOC7_HIPRI")
    8187                      .dwattr $C$DW$573, DW_AT_const_value(0x08)
    8188                      .dwattr $C$DW$573, DW_AT_decl_file("C:/ti/C2000Ware_MotorControl_SDK_5_04_00_00/c2000ware/driverlib/f
    8189                      .dwattr $C$DW$573, DW_AT_decl_line(0x137)
    8190                      .dwattr $C$DW$573, DW_AT_decl_column(0x05)
    8191              
    8192              $C$DW$574       .dwtag  DW_TAG_enumerator
    8193                      .dwattr $C$DW$574, DW_AT_name("ADC_PRI_THRU_SOC8_HIPRI")
    8194                      .dwattr $C$DW$574, DW_AT_const_value(0x09)
    8195                      .dwattr $C$DW$574, DW_AT_decl_file("C:/ti/C2000Ware_MotorControl_SDK_5_04_00_00/c2000ware/driverlib/f
    8196                      .dwattr $C$DW$574, DW_AT_decl_line(0x138)
    8197                      .dwattr $C$DW$574, DW_AT_decl_column(0x05)
    8198              
    8199              $C$DW$575       .dwtag  DW_TAG_enumerator
    8200                      .dwattr $C$DW$575, DW_AT_name("ADC_PRI_THRU_SOC9_HIPRI")
TMS320C2000 Assembler PC v22.6.2 Thu Feb 12 10:37:10 2026

Copyright (c) 1996-2018 Texas Instruments Incorporated
dual_axis_servo_drive_hal.asm                                        PAGE  162

    8201                      .dwattr $C$DW$575, DW_AT_const_value(0x0a)
    8202                      .dwattr $C$DW$575, DW_AT_decl_file("C:/ti/C2000Ware_MotorControl_SDK_5_04_00_00/c2000ware/driverlib/f
    8203                      .dwattr $C$DW$575, DW_AT_decl_line(0x139)
    8204                      .dwattr $C$DW$575, DW_AT_decl_column(0x05)
    8205              
    8206              $C$DW$576       .dwtag  DW_TAG_enumerator
    8207                      .dwattr $C$DW$576, DW_AT_name("ADC_PRI_THRU_SOC10_HIPRI")
    8208                      .dwattr $C$DW$576, DW_AT_const_value(0x0b)
    8209                      .dwattr $C$DW$576, DW_AT_decl_file("C:/ti/C2000Ware_MotorControl_SDK_5_04_00_00/c2000ware/driverlib/f
    8210                      .dwattr $C$DW$576, DW_AT_decl_line(0x13a)
    8211                      .dwattr $C$DW$576, DW_AT_decl_column(0x05)
    8212              
    8213              $C$DW$577       .dwtag  DW_TAG_enumerator
    8214                      .dwattr $C$DW$577, DW_AT_name("ADC_PRI_THRU_SOC11_HIPRI")
    8215                      .dwattr $C$DW$577, DW_AT_const_value(0x0c)
    8216                      .dwattr $C$DW$577, DW_AT_decl_file("C:/ti/C2000Ware_MotorControl_SDK_5_04_00_00/c2000ware/driverlib/f
    8217                      .dwattr $C$DW$577, DW_AT_decl_line(0x13b)
    8218                      .dwattr $C$DW$577, DW_AT_decl_column(0x05)
    8219              
    8220              $C$DW$578       .dwtag  DW_TAG_enumerator
    8221                      .dwattr $C$DW$578, DW_AT_name("ADC_PRI_THRU_SOC12_HIPRI")
    8222                      .dwattr $C$DW$578, DW_AT_const_value(0x0d)
    8223                      .dwattr $C$DW$578, DW_AT_decl_file("C:/ti/C2000Ware_MotorControl_SDK_5_04_00_00/c2000ware/driverlib/f
    8224                      .dwattr $C$DW$578, DW_AT_decl_line(0x13c)
    8225                      .dwattr $C$DW$578, DW_AT_decl_column(0x05)
    8226              
    8227              $C$DW$579       .dwtag  DW_TAG_enumerator
    8228                      .dwattr $C$DW$579, DW_AT_name("ADC_PRI_THRU_SOC13_HIPRI")
    8229                      .dwattr $C$DW$579, DW_AT_const_value(0x0e)
    8230                      .dwattr $C$DW$579, DW_AT_decl_file("C:/ti/C2000Ware_MotorControl_SDK_5_04_00_00/c2000ware/driverlib/f
    8231                      .dwattr $C$DW$579, DW_AT_decl_line(0x13d)
    8232                      .dwattr $C$DW$579, DW_AT_decl_column(0x05)
    8233              
    8234              $C$DW$580       .dwtag  DW_TAG_enumerator
    8235                      .dwattr $C$DW$580, DW_AT_name("ADC_PRI_THRU_SOC14_HIPRI")
    8236                      .dwattr $C$DW$580, DW_AT_const_value(0x0f)
    8237                      .dwattr $C$DW$580, DW_AT_decl_file("C:/ti/C2000Ware_MotorControl_SDK_5_04_00_00/c2000ware/driverlib/f
    8238                      .dwattr $C$DW$580, DW_AT_decl_line(0x13e)
    8239                      .dwattr $C$DW$580, DW_AT_decl_column(0x05)
    8240              
    8241              $C$DW$581       .dwtag  DW_TAG_enumerator
    8242                      .dwattr $C$DW$581, DW_AT_name("ADC_PRI_ALL_HIPRI")
    8243                      .dwattr $C$DW$581, DW_AT_const_value(0x10)
    8244                      .dwattr $C$DW$581, DW_AT_decl_file("C:/ti/C2000Ware_MotorControl_SDK_5_04_00_00/c2000ware/driverlib/f
    8245                      .dwattr $C$DW$581, DW_AT_decl_line(0x13f)
    8246                      .dwattr $C$DW$581, DW_AT_decl_column(0x05)
    8247              
    8248                      .dwattr $C$DW$T$46, DW_AT_decl_file("C:/ti/C2000Ware_MotorControl_SDK_5_04_00_00/c2000ware/driverlib/
    8249                      .dwattr $C$DW$T$46, DW_AT_decl_line(0x12e)
    8250                      .dwattr $C$DW$T$46, DW_AT_decl_column(0x01)
    8251                      .dwendtag $C$DW$T$46
    8252              
    8253                      .dwendtag $C$DW$TU$46
    8254              
    8255              
TMS320C2000 Assembler PC v22.6.2 Thu Feb 12 10:37:10 2026

Copyright (c) 1996-2018 Texas Instruments Incorporated
dual_axis_servo_drive_hal.asm                                        PAGE  163

    8256              $C$DW$TU$47     .dwtag  DW_TAG_type_unit
    8257                      .dwmtype  $C$DW$T$47
    8258              $C$DW$T$47      .dwtag  DW_TAG_typedef
    8259                      .dwattr $C$DW$T$47, DW_AT_name("ADC_PriorityMode")
    8260                      .dwattr $C$DW$T$47, DW_AT_type(*$C$DW$T$46)
    8261                      .dwattr $C$DW$T$47, DW_AT_decl_file("C:/ti/C2000Ware_MotorControl_SDK_5_04_00_00/c2000ware/driverlib/
    8262                      .dwattr $C$DW$T$47, DW_AT_decl_line(0x140)
    8263                      .dwattr $C$DW$T$47, DW_AT_decl_column(0x03)
    8264              
    8265                      .dwendtag $C$DW$TU$47
    8266              
    8267              
    8268              $C$DW$TU$48     .dwtag  DW_TAG_type_unit
    8269                      .dwmtype  $C$DW$T$48
    8270              
    8271              $C$DW$T$48      .dwtag  DW_TAG_enumeration_type
    8272                      .dwattr $C$DW$T$48, DW_AT_byte_size(0x01)
    8273              $C$DW$582       .dwtag  DW_TAG_enumerator
    8274                      .dwattr $C$DW$582, DW_AT_name("ADC_PPB_NUMBER1")
    8275                      .dwattr $C$DW$582, DW_AT_const_value(0x00)
    8276                      .dwattr $C$DW$582, DW_AT_decl_file("C:/ti/C2000Ware_MotorControl_SDK_5_04_00_00/c2000ware/driverlib/f
    8277                      .dwattr $C$DW$582, DW_AT_decl_line(0xf7)
    8278                      .dwattr $C$DW$582, DW_AT_decl_column(0x05)
    8279              
    8280              $C$DW$583       .dwtag  DW_TAG_enumerator
    8281                      .dwattr $C$DW$583, DW_AT_name("ADC_PPB_NUMBER2")
    8282                      .dwattr $C$DW$583, DW_AT_const_value(0x01)
    8283                      .dwattr $C$DW$583, DW_AT_decl_file("C:/ti/C2000Ware_MotorControl_SDK_5_04_00_00/c2000ware/driverlib/f
    8284                      .dwattr $C$DW$583, DW_AT_decl_line(0xf8)
    8285                      .dwattr $C$DW$583, DW_AT_decl_column(0x05)
    8286              
    8287              $C$DW$584       .dwtag  DW_TAG_enumerator
    8288                      .dwattr $C$DW$584, DW_AT_name("ADC_PPB_NUMBER3")
    8289                      .dwattr $C$DW$584, DW_AT_const_value(0x02)
    8290                      .dwattr $C$DW$584, DW_AT_decl_file("C:/ti/C2000Ware_MotorControl_SDK_5_04_00_00/c2000ware/driverlib/f
    8291                      .dwattr $C$DW$584, DW_AT_decl_line(0xf9)
    8292                      .dwattr $C$DW$584, DW_AT_decl_column(0x05)
    8293              
    8294              $C$DW$585       .dwtag  DW_TAG_enumerator
    8295                      .dwattr $C$DW$585, DW_AT_name("ADC_PPB_NUMBER4")
    8296                      .dwattr $C$DW$585, DW_AT_const_value(0x03)
    8297                      .dwattr $C$DW$585, DW_AT_decl_file("C:/ti/C2000Ware_MotorControl_SDK_5_04_00_00/c2000ware/driverlib/f
    8298                      .dwattr $C$DW$585, DW_AT_decl_line(0xfa)
    8299                      .dwattr $C$DW$585, DW_AT_decl_column(0x05)
    8300              
    8301                      .dwattr $C$DW$T$48, DW_AT_decl_file("C:/ti/C2000Ware_MotorControl_SDK_5_04_00_00/c2000ware/driverlib/
    8302                      .dwattr $C$DW$T$48, DW_AT_decl_line(0xf6)
    8303                      .dwattr $C$DW$T$48, DW_AT_decl_column(0x01)
    8304                      .dwendtag $C$DW$T$48
    8305              
    8306                      .dwendtag $C$DW$TU$48
    8307              
    8308              
    8309              $C$DW$TU$49     .dwtag  DW_TAG_type_unit
    8310                      .dwmtype  $C$DW$T$49
TMS320C2000 Assembler PC v22.6.2 Thu Feb 12 10:37:10 2026

Copyright (c) 1996-2018 Texas Instruments Incorporated
dual_axis_servo_drive_hal.asm                                        PAGE  164

    8311              $C$DW$T$49      .dwtag  DW_TAG_typedef
    8312                      .dwattr $C$DW$T$49, DW_AT_name("ADC_PPBNumber")
    8313                      .dwattr $C$DW$T$49, DW_AT_type(*$C$DW$T$48)
    8314                      .dwattr $C$DW$T$49, DW_AT_decl_file("C:/ti/C2000Ware_MotorControl_SDK_5_04_00_00/c2000ware/driverlib/
    8315                      .dwattr $C$DW$T$49, DW_AT_decl_line(0xfb)
    8316                      .dwattr $C$DW$T$49, DW_AT_decl_column(0x03)
    8317              
    8318                      .dwendtag $C$DW$TU$49
    8319              
    8320              
    8321              $C$DW$TU$50     .dwtag  DW_TAG_type_unit
    8322                      .dwmtype  $C$DW$T$50
    8323              
    8324              $C$DW$T$50      .dwtag  DW_TAG_enumeration_type
    8325                      .dwattr $C$DW$T$50, DW_AT_byte_size(0x01)
    8326              $C$DW$586       .dwtag  DW_TAG_enumerator
    8327                      .dwattr $C$DW$586, DW_AT_name("ADC_INT_NUMBER1")
    8328                      .dwattr $C$DW$586, DW_AT_const_value(0x00)
    8329                      .dwattr $C$DW$586, DW_AT_decl_file("C:/ti/C2000Ware_MotorControl_SDK_5_04_00_00/c2000ware/driverlib/f
    8330                      .dwattr $C$DW$586, DW_AT_decl_line(0xe9)
    8331                      .dwattr $C$DW$586, DW_AT_decl_column(0x05)
    8332              
    8333              $C$DW$587       .dwtag  DW_TAG_enumerator
    8334                      .dwattr $C$DW$587, DW_AT_name("ADC_INT_NUMBER2")
    8335                      .dwattr $C$DW$587, DW_AT_const_value(0x01)
    8336                      .dwattr $C$DW$587, DW_AT_decl_file("C:/ti/C2000Ware_MotorControl_SDK_5_04_00_00/c2000ware/driverlib/f
    8337                      .dwattr $C$DW$587, DW_AT_decl_line(0xea)
    8338                      .dwattr $C$DW$587, DW_AT_decl_column(0x05)
    8339              
    8340              $C$DW$588       .dwtag  DW_TAG_enumerator
    8341                      .dwattr $C$DW$588, DW_AT_name("ADC_INT_NUMBER3")
    8342                      .dwattr $C$DW$588, DW_AT_const_value(0x02)
    8343                      .dwattr $C$DW$588, DW_AT_decl_file("C:/ti/C2000Ware_MotorControl_SDK_5_04_00_00/c2000ware/driverlib/f
    8344                      .dwattr $C$DW$588, DW_AT_decl_line(0xeb)
    8345                      .dwattr $C$DW$588, DW_AT_decl_column(0x05)
    8346              
    8347              $C$DW$589       .dwtag  DW_TAG_enumerator
    8348                      .dwattr $C$DW$589, DW_AT_name("ADC_INT_NUMBER4")
    8349                      .dwattr $C$DW$589, DW_AT_const_value(0x03)
    8350                      .dwattr $C$DW$589, DW_AT_decl_file("C:/ti/C2000Ware_MotorControl_SDK_5_04_00_00/c2000ware/driverlib/f
    8351                      .dwattr $C$DW$589, DW_AT_decl_line(0xec)
    8352                      .dwattr $C$DW$589, DW_AT_decl_column(0x05)
    8353              
    8354                      .dwattr $C$DW$T$50, DW_AT_decl_file("C:/ti/C2000Ware_MotorControl_SDK_5_04_00_00/c2000ware/driverlib/
    8355                      .dwattr $C$DW$T$50, DW_AT_decl_line(0xe8)
    8356                      .dwattr $C$DW$T$50, DW_AT_decl_column(0x01)
    8357                      .dwendtag $C$DW$T$50
    8358              
    8359                      .dwendtag $C$DW$TU$50
    8360              
    8361              
    8362              $C$DW$TU$51     .dwtag  DW_TAG_type_unit
    8363                      .dwmtype  $C$DW$T$51
    8364              $C$DW$T$51      .dwtag  DW_TAG_typedef
    8365                      .dwattr $C$DW$T$51, DW_AT_name("ADC_IntNumber")
TMS320C2000 Assembler PC v22.6.2 Thu Feb 12 10:37:10 2026

Copyright (c) 1996-2018 Texas Instruments Incorporated
dual_axis_servo_drive_hal.asm                                        PAGE  165

    8366                      .dwattr $C$DW$T$51, DW_AT_type(*$C$DW$T$50)
    8367                      .dwattr $C$DW$T$51, DW_AT_decl_file("C:/ti/C2000Ware_MotorControl_SDK_5_04_00_00/c2000ware/driverlib/
    8368                      .dwattr $C$DW$T$51, DW_AT_decl_line(0xed)
    8369                      .dwattr $C$DW$T$51, DW_AT_decl_column(0x03)
    8370              
    8371                      .dwendtag $C$DW$TU$51
    8372              
    8373              
    8374              $C$DW$TU$52     .dwtag  DW_TAG_type_unit
    8375                      .dwmtype  $C$DW$T$52
    8376              
    8377              $C$DW$T$52      .dwtag  DW_TAG_enumeration_type
    8378                      .dwattr $C$DW$T$52, DW_AT_byte_size(0x01)
    8379              $C$DW$590       .dwtag  DW_TAG_enumerator
    8380                      .dwattr $C$DW$590, DW_AT_name("ADC_REFERENCE_INTERNAL")
    8381                      .dwattr $C$DW$590, DW_AT_const_value(0x00)
    8382                      .dwattr $C$DW$590, DW_AT_decl_file("C:/ti/C2000Ware_MotorControl_SDK_5_04_00_00/c2000ware/driverlib/f
    8383                      .dwattr $C$DW$590, DW_AT_decl_line(0x14a)
    8384                      .dwattr $C$DW$590, DW_AT_decl_column(0x05)
    8385              
    8386              $C$DW$591       .dwtag  DW_TAG_enumerator
    8387                      .dwattr $C$DW$591, DW_AT_name("ADC_REFERENCE_EXTERNAL")
    8388                      .dwattr $C$DW$591, DW_AT_const_value(0x01)
    8389                      .dwattr $C$DW$591, DW_AT_decl_file("C:/ti/C2000Ware_MotorControl_SDK_5_04_00_00/c2000ware/driverlib/f
    8390                      .dwattr $C$DW$591, DW_AT_decl_line(0x14b)
    8391                      .dwattr $C$DW$591, DW_AT_decl_column(0x05)
    8392              
    8393                      .dwattr $C$DW$T$52, DW_AT_decl_file("C:/ti/C2000Ware_MotorControl_SDK_5_04_00_00/c2000ware/driverlib/
    8394                      .dwattr $C$DW$T$52, DW_AT_decl_line(0x149)
    8395                      .dwattr $C$DW$T$52, DW_AT_decl_column(0x01)
    8396                      .dwendtag $C$DW$T$52
    8397              
    8398                      .dwendtag $C$DW$TU$52
    8399              
    8400              
    8401              $C$DW$TU$53     .dwtag  DW_TAG_type_unit
    8402                      .dwmtype  $C$DW$T$53
    8403              $C$DW$T$53      .dwtag  DW_TAG_typedef
    8404                      .dwattr $C$DW$T$53, DW_AT_name("ADC_ReferenceMode")
    8405                      .dwattr $C$DW$T$53, DW_AT_type(*$C$DW$T$52)
    8406                      .dwattr $C$DW$T$53, DW_AT_decl_file("C:/ti/C2000Ware_MotorControl_SDK_5_04_00_00/c2000ware/driverlib/
    8407                      .dwattr $C$DW$T$53, DW_AT_decl_line(0x14c)
    8408                      .dwattr $C$DW$T$53, DW_AT_decl_column(0x03)
    8409              
    8410                      .dwendtag $C$DW$TU$53
    8411              
    8412              
    8413              $C$DW$TU$54     .dwtag  DW_TAG_type_unit
    8414                      .dwmtype  $C$DW$T$54
    8415              
    8416              $C$DW$T$54      .dwtag  DW_TAG_enumeration_type
    8417                      .dwattr $C$DW$T$54, DW_AT_byte_size(0x01)
    8418              $C$DW$592       .dwtag  DW_TAG_enumerator
    8419                      .dwattr $C$DW$592, DW_AT_name("ADC_REFERENCE_3_3V")
    8420                      .dwattr $C$DW$592, DW_AT_const_value(0x00)
TMS320C2000 Assembler PC v22.6.2 Thu Feb 12 10:37:10 2026

Copyright (c) 1996-2018 Texas Instruments Incorporated
dual_axis_servo_drive_hal.asm                                        PAGE  166

    8421                      .dwattr $C$DW$592, DW_AT_decl_file("C:/ti/C2000Ware_MotorControl_SDK_5_04_00_00/c2000ware/driverlib/f
    8422                      .dwattr $C$DW$592, DW_AT_decl_line(0x157)
    8423                      .dwattr $C$DW$592, DW_AT_decl_column(0x05)
    8424              
    8425              $C$DW$593       .dwtag  DW_TAG_enumerator
    8426                      .dwattr $C$DW$593, DW_AT_name("ADC_REFERENCE_2_5V")
    8427                      .dwattr $C$DW$593, DW_AT_const_value(0x01)
    8428                      .dwattr $C$DW$593, DW_AT_decl_file("C:/ti/C2000Ware_MotorControl_SDK_5_04_00_00/c2000ware/driverlib/f
    8429                      .dwattr $C$DW$593, DW_AT_decl_line(0x158)
    8430                      .dwattr $C$DW$593, DW_AT_decl_column(0x05)
    8431              
    8432              $C$DW$594       .dwtag  DW_TAG_enumerator
    8433                      .dwattr $C$DW$594, DW_AT_name("ADC_REFERENCE_VREFHI")
    8434                      .dwattr $C$DW$594, DW_AT_const_value(0x00)
    8435                      .dwattr $C$DW$594, DW_AT_decl_file("C:/ti/C2000Ware_MotorControl_SDK_5_04_00_00/c2000ware/driverlib/f
    8436                      .dwattr $C$DW$594, DW_AT_decl_line(0x159)
    8437                      .dwattr $C$DW$594, DW_AT_decl_column(0x05)
    8438              
    8439                      .dwattr $C$DW$T$54, DW_AT_decl_file("C:/ti/C2000Ware_MotorControl_SDK_5_04_00_00/c2000ware/driverlib/
    8440                      .dwattr $C$DW$T$54, DW_AT_decl_line(0x156)
    8441                      .dwattr $C$DW$T$54, DW_AT_decl_column(0x01)
    8442                      .dwendtag $C$DW$T$54
    8443              
    8444                      .dwendtag $C$DW$TU$54
    8445              
    8446              
    8447              $C$DW$TU$55     .dwtag  DW_TAG_type_unit
    8448                      .dwmtype  $C$DW$T$55
    8449              $C$DW$T$55      .dwtag  DW_TAG_typedef
    8450                      .dwattr $C$DW$T$55, DW_AT_name("ADC_ReferenceVoltage")
    8451                      .dwattr $C$DW$T$55, DW_AT_type(*$C$DW$T$54)
    8452                      .dwattr $C$DW$T$55, DW_AT_decl_file("C:/ti/C2000Ware_MotorControl_SDK_5_04_00_00/c2000ware/driverlib/
    8453                      .dwattr $C$DW$T$55, DW_AT_decl_line(0x15b)
    8454                      .dwattr $C$DW$T$55, DW_AT_decl_column(0x03)
    8455              
    8456                      .dwendtag $C$DW$TU$55
    8457              
    8458              
    8459              $C$DW$TU$56     .dwtag  DW_TAG_type_unit
    8460                      .dwmtype  $C$DW$T$56
    8461              
    8462              $C$DW$T$56      .dwtag  DW_TAG_enumeration_type
    8463                      .dwattr $C$DW$T$56, DW_AT_byte_size(0x01)
    8464              $C$DW$595       .dwtag  DW_TAG_enumerator
    8465                      .dwattr $C$DW$595, DW_AT_name("ASYSCTL_CMPHPMUX_SELECT_1")
    8466                      .dwattr $C$DW$595, DW_AT_const_value(0x00)
    8467                      .dwattr $C$DW$595, DW_AT_decl_file("C:/ti/C2000Ware_MotorControl_SDK_5_04_00_00/c2000ware/driverlib/f
    8468                      .dwattr $C$DW$595, DW_AT_decl_line(0x71)
    8469                      .dwattr $C$DW$595, DW_AT_decl_column(0x05)
    8470              
    8471              $C$DW$596       .dwtag  DW_TAG_enumerator
    8472                      .dwattr $C$DW$596, DW_AT_name("ASYSCTL_CMPHPMUX_SELECT_2")
    8473                      .dwattr $C$DW$596, DW_AT_const_value(0x03)
    8474                      .dwattr $C$DW$596, DW_AT_decl_file("C:/ti/C2000Ware_MotorControl_SDK_5_04_00_00/c2000ware/driverlib/f
    8475                      .dwattr $C$DW$596, DW_AT_decl_line(0x72)
TMS320C2000 Assembler PC v22.6.2 Thu Feb 12 10:37:10 2026

Copyright (c) 1996-2018 Texas Instruments Incorporated
dual_axis_servo_drive_hal.asm                                        PAGE  167

    8476                      .dwattr $C$DW$596, DW_AT_decl_column(0x05)
    8477              
    8478              $C$DW$597       .dwtag  DW_TAG_enumerator
    8479                      .dwattr $C$DW$597, DW_AT_name("ASYSCTL_CMPHPMUX_SELECT_3")
    8480                      .dwattr $C$DW$597, DW_AT_const_value(0x06)
    8481                      .dwattr $C$DW$597, DW_AT_decl_file("C:/ti/C2000Ware_MotorControl_SDK_5_04_00_00/c2000ware/driverlib/f
    8482                      .dwattr $C$DW$597, DW_AT_decl_line(0x73)
    8483                      .dwattr $C$DW$597, DW_AT_decl_column(0x05)
    8484              
    8485              $C$DW$598       .dwtag  DW_TAG_enumerator
    8486                      .dwattr $C$DW$598, DW_AT_name("ASYSCTL_CMPHPMUX_SELECT_4")
    8487                      .dwattr $C$DW$598, DW_AT_const_value(0x09)
    8488                      .dwattr $C$DW$598, DW_AT_decl_file("C:/ti/C2000Ware_MotorControl_SDK_5_04_00_00/c2000ware/driverlib/f
    8489                      .dwattr $C$DW$598, DW_AT_decl_line(0x74)
    8490                      .dwattr $C$DW$598, DW_AT_decl_column(0x05)
    8491              
    8492                      .dwattr $C$DW$T$56, DW_AT_decl_file("C:/ti/C2000Ware_MotorControl_SDK_5_04_00_00/c2000ware/driverlib/
    8493                      .dwattr $C$DW$T$56, DW_AT_decl_line(0x70)
    8494                      .dwattr $C$DW$T$56, DW_AT_decl_column(0x01)
    8495                      .dwendtag $C$DW$T$56
    8496              
    8497                      .dwendtag $C$DW$TU$56
    8498              
    8499              
    8500              $C$DW$TU$57     .dwtag  DW_TAG_type_unit
    8501                      .dwmtype  $C$DW$T$57
    8502              $C$DW$T$57      .dwtag  DW_TAG_typedef
    8503                      .dwattr $C$DW$T$57, DW_AT_name("ASysCtl_CMPHPMuxSelect")
    8504                      .dwattr $C$DW$T$57, DW_AT_type(*$C$DW$T$56)
    8505                      .dwattr $C$DW$T$57, DW_AT_decl_file("C:/ti/C2000Ware_MotorControl_SDK_5_04_00_00/c2000ware/driverlib/
    8506                      .dwattr $C$DW$T$57, DW_AT_decl_line(0x75)
    8507                      .dwattr $C$DW$T$57, DW_AT_decl_column(0x03)
    8508              
    8509                      .dwendtag $C$DW$TU$57
    8510              
    8511              
    8512              $C$DW$TU$58     .dwtag  DW_TAG_type_unit
    8513                      .dwmtype  $C$DW$T$58
    8514              
    8515              $C$DW$T$58      .dwtag  DW_TAG_enumeration_type
    8516                      .dwattr $C$DW$T$58, DW_AT_byte_size(0x01)
    8517              $C$DW$599       .dwtag  DW_TAG_enumerator
    8518                      .dwattr $C$DW$599, DW_AT_name("ASYSCTL_CMPLPMUX_SELECT_1")
    8519                      .dwattr $C$DW$599, DW_AT_const_value(0x00)
    8520                      .dwattr $C$DW$599, DW_AT_decl_file("C:/ti/C2000Ware_MotorControl_SDK_5_04_00_00/c2000ware/driverlib/f
    8521                      .dwattr $C$DW$599, DW_AT_decl_line(0x7e)
    8522                      .dwattr $C$DW$599, DW_AT_decl_column(0x05)
    8523              
    8524              $C$DW$600       .dwtag  DW_TAG_enumerator
    8525                      .dwattr $C$DW$600, DW_AT_name("ASYSCTL_CMPLPMUX_SELECT_2")
    8526                      .dwattr $C$DW$600, DW_AT_const_value(0x03)
    8527                      .dwattr $C$DW$600, DW_AT_decl_file("C:/ti/C2000Ware_MotorControl_SDK_5_04_00_00/c2000ware/driverlib/f
    8528                      .dwattr $C$DW$600, DW_AT_decl_line(0x7f)
    8529                      .dwattr $C$DW$600, DW_AT_decl_column(0x05)
    8530              
TMS320C2000 Assembler PC v22.6.2 Thu Feb 12 10:37:10 2026

Copyright (c) 1996-2018 Texas Instruments Incorporated
dual_axis_servo_drive_hal.asm                                        PAGE  168

    8531              $C$DW$601       .dwtag  DW_TAG_enumerator
    8532                      .dwattr $C$DW$601, DW_AT_name("ASYSCTL_CMPLPMUX_SELECT_3")
    8533                      .dwattr $C$DW$601, DW_AT_const_value(0x06)
    8534                      .dwattr $C$DW$601, DW_AT_decl_file("C:/ti/C2000Ware_MotorControl_SDK_5_04_00_00/c2000ware/driverlib/f
    8535                      .dwattr $C$DW$601, DW_AT_decl_line(0x80)
    8536                      .dwattr $C$DW$601, DW_AT_decl_column(0x05)
    8537              
    8538              $C$DW$602       .dwtag  DW_TAG_enumerator
    8539                      .dwattr $C$DW$602, DW_AT_name("ASYSCTL_CMPLPMUX_SELECT_4")
    8540                      .dwattr $C$DW$602, DW_AT_const_value(0x09)
    8541                      .dwattr $C$DW$602, DW_AT_decl_file("C:/ti/C2000Ware_MotorControl_SDK_5_04_00_00/c2000ware/driverlib/f
    8542                      .dwattr $C$DW$602, DW_AT_decl_line(0x81)
    8543                      .dwattr $C$DW$602, DW_AT_decl_column(0x05)
    8544              
    8545                      .dwattr $C$DW$T$58, DW_AT_decl_file("C:/ti/C2000Ware_MotorControl_SDK_5_04_00_00/c2000ware/driverlib/
    8546                      .dwattr $C$DW$T$58, DW_AT_decl_line(0x7d)
    8547                      .dwattr $C$DW$T$58, DW_AT_decl_column(0x01)
    8548                      .dwendtag $C$DW$T$58
    8549              
    8550                      .dwendtag $C$DW$TU$58
    8551              
    8552              
    8553              $C$DW$TU$59     .dwtag  DW_TAG_type_unit
    8554                      .dwmtype  $C$DW$T$59
    8555              $C$DW$T$59      .dwtag  DW_TAG_typedef
    8556                      .dwattr $C$DW$T$59, DW_AT_name("ASysCtl_CMPLPMuxSelect")
    8557                      .dwattr $C$DW$T$59, DW_AT_type(*$C$DW$T$58)
    8558                      .dwattr $C$DW$T$59, DW_AT_decl_file("C:/ti/C2000Ware_MotorControl_SDK_5_04_00_00/c2000ware/driverlib/
    8559                      .dwattr $C$DW$T$59, DW_AT_decl_line(0x82)
    8560                      .dwattr $C$DW$T$59, DW_AT_decl_column(0x03)
    8561              
    8562                      .dwendtag $C$DW$TU$59
    8563              
    8564              
    8565              $C$DW$TU$60     .dwtag  DW_TAG_type_unit
    8566                      .dwmtype  $C$DW$T$60
    8567              
    8568              $C$DW$T$60      .dwtag  DW_TAG_enumeration_type
    8569                      .dwattr $C$DW$T$60, DW_AT_byte_size(0x01)
    8570              $C$DW$603       .dwtag  DW_TAG_enumerator
    8571                      .dwattr $C$DW$603, DW_AT_name("SYSCTL_PERIPH_CLK_DMA")
    8572                      .dwattr $C$DW$603, DW_AT_const_value(0x200)
    8573                      .dwattr $C$DW$603, DW_AT_decl_file("C:\ti\C2000Ware_MotorControl_SDK_5_04_00_00\c2000ware\driverlib\f
    8574                      .dwattr $C$DW$603, DW_AT_decl_line(0x152)
    8575                      .dwattr $C$DW$603, DW_AT_decl_column(0x05)
    8576              
    8577              $C$DW$604       .dwtag  DW_TAG_enumerator
    8578                      .dwattr $C$DW$604, DW_AT_name("SYSCTL_PERIPH_CLK_TIMER0")
    8579                      .dwattr $C$DW$604, DW_AT_const_value(0x300)
    8580                      .dwattr $C$DW$604, DW_AT_decl_file("C:\ti\C2000Ware_MotorControl_SDK_5_04_00_00\c2000ware\driverlib\f
    8581                      .dwattr $C$DW$604, DW_AT_decl_line(0x153)
    8582                      .dwattr $C$DW$604, DW_AT_decl_column(0x05)
    8583              
    8584              $C$DW$605       .dwtag  DW_TAG_enumerator
    8585                      .dwattr $C$DW$605, DW_AT_name("SYSCTL_PERIPH_CLK_TIMER1")
TMS320C2000 Assembler PC v22.6.2 Thu Feb 12 10:37:10 2026

Copyright (c) 1996-2018 Texas Instruments Incorporated
dual_axis_servo_drive_hal.asm                                        PAGE  169

    8586                      .dwattr $C$DW$605, DW_AT_const_value(0x400)
    8587                      .dwattr $C$DW$605, DW_AT_decl_file("C:\ti\C2000Ware_MotorControl_SDK_5_04_00_00\c2000ware\driverlib\f
    8588                      .dwattr $C$DW$605, DW_AT_decl_line(0x154)
    8589                      .dwattr $C$DW$605, DW_AT_decl_column(0x05)
    8590              
    8591              $C$DW$606       .dwtag  DW_TAG_enumerator
    8592                      .dwattr $C$DW$606, DW_AT_name("SYSCTL_PERIPH_CLK_TIMER2")
    8593                      .dwattr $C$DW$606, DW_AT_const_value(0x500)
    8594                      .dwattr $C$DW$606, DW_AT_decl_file("C:\ti\C2000Ware_MotorControl_SDK_5_04_00_00\c2000ware\driverlib\f
    8595                      .dwattr $C$DW$606, DW_AT_decl_line(0x155)
    8596                      .dwattr $C$DW$606, DW_AT_decl_column(0x05)
    8597              
    8598              $C$DW$607       .dwtag  DW_TAG_enumerator
    8599                      .dwattr $C$DW$607, DW_AT_name("SYSCTL_PERIPH_CLK_CPUBGCRC")
    8600                      .dwattr $C$DW$607, DW_AT_const_value(0xd00)
    8601                      .dwattr $C$DW$607, DW_AT_decl_file("C:\ti\C2000Ware_MotorControl_SDK_5_04_00_00\c2000ware\driverlib\f
    8602                      .dwattr $C$DW$607, DW_AT_decl_line(0x156)
    8603                      .dwattr $C$DW$607, DW_AT_decl_column(0x05)
    8604              
    8605              $C$DW$608       .dwtag  DW_TAG_enumerator
    8606                      .dwattr $C$DW$608, DW_AT_name("SYSCTL_PERIPH_CLK_HRCAL")
    8607                      .dwattr $C$DW$608, DW_AT_const_value(0x1000)
    8608                      .dwattr $C$DW$608, DW_AT_decl_file("C:\ti\C2000Ware_MotorControl_SDK_5_04_00_00\c2000ware\driverlib\f
    8609                      .dwattr $C$DW$608, DW_AT_decl_line(0x157)
    8610                      .dwattr $C$DW$608, DW_AT_decl_column(0x05)
    8611              
    8612              $C$DW$609       .dwtag  DW_TAG_enumerator
    8613                      .dwattr $C$DW$609, DW_AT_name("SYSCTL_PERIPH_CLK_TBCLKSYNC")
    8614                      .dwattr $C$DW$609, DW_AT_const_value(0x1200)
    8615                      .dwattr $C$DW$609, DW_AT_decl_file("C:\ti\C2000Ware_MotorControl_SDK_5_04_00_00\c2000ware\driverlib\f
    8616                      .dwattr $C$DW$609, DW_AT_decl_line(0x158)
    8617                      .dwattr $C$DW$609, DW_AT_decl_column(0x05)
    8618              
    8619              $C$DW$610       .dwtag  DW_TAG_enumerator
    8620                      .dwattr $C$DW$610, DW_AT_name("SYSCTL_PERIPH_CLK_ERAD")
    8621                      .dwattr $C$DW$610, DW_AT_const_value(0x1800)
    8622                      .dwattr $C$DW$610, DW_AT_decl_file("C:\ti\C2000Ware_MotorControl_SDK_5_04_00_00\c2000ware\driverlib\f
    8623                      .dwattr $C$DW$610, DW_AT_decl_line(0x159)
    8624                      .dwattr $C$DW$610, DW_AT_decl_column(0x05)
    8625              
    8626              $C$DW$611       .dwtag  DW_TAG_enumerator
    8627                      .dwattr $C$DW$611, DW_AT_name("SYSCTL_PERIPH_CLK_EPWM1")
    8628                      .dwattr $C$DW$611, DW_AT_const_value(0x02)
    8629                      .dwattr $C$DW$611, DW_AT_decl_file("C:\ti\C2000Ware_MotorControl_SDK_5_04_00_00\c2000ware\driverlib\f
    8630                      .dwattr $C$DW$611, DW_AT_decl_line(0x15a)
    8631                      .dwattr $C$DW$611, DW_AT_decl_column(0x05)
    8632              
    8633              $C$DW$612       .dwtag  DW_TAG_enumerator
    8634                      .dwattr $C$DW$612, DW_AT_name("SYSCTL_PERIPH_CLK_EPWM2")
    8635                      .dwattr $C$DW$612, DW_AT_const_value(0x102)
    8636                      .dwattr $C$DW$612, DW_AT_decl_file("C:\ti\C2000Ware_MotorControl_SDK_5_04_00_00\c2000ware\driverlib\f
    8637                      .dwattr $C$DW$612, DW_AT_decl_line(0x15b)
    8638                      .dwattr $C$DW$612, DW_AT_decl_column(0x05)
    8639              
    8640              $C$DW$613       .dwtag  DW_TAG_enumerator
TMS320C2000 Assembler PC v22.6.2 Thu Feb 12 10:37:10 2026

Copyright (c) 1996-2018 Texas Instruments Incorporated
dual_axis_servo_drive_hal.asm                                        PAGE  170

    8641                      .dwattr $C$DW$613, DW_AT_name("SYSCTL_PERIPH_CLK_EPWM3")
    8642                      .dwattr $C$DW$613, DW_AT_const_value(0x202)
    8643                      .dwattr $C$DW$613, DW_AT_decl_file("C:\ti\C2000Ware_MotorControl_SDK_5_04_00_00\c2000ware\driverlib\f
    8644                      .dwattr $C$DW$613, DW_AT_decl_line(0x15c)
    8645                      .dwattr $C$DW$613, DW_AT_decl_column(0x05)
    8646              
    8647              $C$DW$614       .dwtag  DW_TAG_enumerator
    8648                      .dwattr $C$DW$614, DW_AT_name("SYSCTL_PERIPH_CLK_EPWM4")
    8649                      .dwattr $C$DW$614, DW_AT_const_value(0x302)
    8650                      .dwattr $C$DW$614, DW_AT_decl_file("C:\ti\C2000Ware_MotorControl_SDK_5_04_00_00\c2000ware\driverlib\f
    8651                      .dwattr $C$DW$614, DW_AT_decl_line(0x15d)
    8652                      .dwattr $C$DW$614, DW_AT_decl_column(0x05)
    8653              
    8654              $C$DW$615       .dwtag  DW_TAG_enumerator
    8655                      .dwattr $C$DW$615, DW_AT_name("SYSCTL_PERIPH_CLK_EPWM5")
    8656                      .dwattr $C$DW$615, DW_AT_const_value(0x402)
    8657                      .dwattr $C$DW$615, DW_AT_decl_file("C:\ti\C2000Ware_MotorControl_SDK_5_04_00_00\c2000ware\driverlib\f
    8658                      .dwattr $C$DW$615, DW_AT_decl_line(0x15e)
    8659                      .dwattr $C$DW$615, DW_AT_decl_column(0x05)
    8660              
    8661              $C$DW$616       .dwtag  DW_TAG_enumerator
    8662                      .dwattr $C$DW$616, DW_AT_name("SYSCTL_PERIPH_CLK_EPWM6")
    8663                      .dwattr $C$DW$616, DW_AT_const_value(0x502)
    8664                      .dwattr $C$DW$616, DW_AT_decl_file("C:\ti\C2000Ware_MotorControl_SDK_5_04_00_00\c2000ware\driverlib\f
    8665                      .dwattr $C$DW$616, DW_AT_decl_line(0x15f)
    8666                      .dwattr $C$DW$616, DW_AT_decl_column(0x05)
    8667              
    8668              $C$DW$617       .dwtag  DW_TAG_enumerator
    8669                      .dwattr $C$DW$617, DW_AT_name("SYSCTL_PERIPH_CLK_EPWM7")
    8670                      .dwattr $C$DW$617, DW_AT_const_value(0x602)
    8671                      .dwattr $C$DW$617, DW_AT_decl_file("C:\ti\C2000Ware_MotorControl_SDK_5_04_00_00\c2000ware\driverlib\f
    8672                      .dwattr $C$DW$617, DW_AT_decl_line(0x160)
    8673                      .dwattr $C$DW$617, DW_AT_decl_column(0x05)
    8674              
    8675              $C$DW$618       .dwtag  DW_TAG_enumerator
    8676                      .dwattr $C$DW$618, DW_AT_name("SYSCTL_PERIPH_CLK_ECAP1")
    8677                      .dwattr $C$DW$618, DW_AT_const_value(0x03)
    8678                      .dwattr $C$DW$618, DW_AT_decl_file("C:\ti\C2000Ware_MotorControl_SDK_5_04_00_00\c2000ware\driverlib\f
    8679                      .dwattr $C$DW$618, DW_AT_decl_line(0x161)
    8680                      .dwattr $C$DW$618, DW_AT_decl_column(0x05)
    8681              
    8682              $C$DW$619       .dwtag  DW_TAG_enumerator
    8683                      .dwattr $C$DW$619, DW_AT_name("SYSCTL_PERIPH_CLK_ECAP2")
    8684                      .dwattr $C$DW$619, DW_AT_const_value(0x103)
    8685                      .dwattr $C$DW$619, DW_AT_decl_file("C:\ti\C2000Ware_MotorControl_SDK_5_04_00_00\c2000ware\driverlib\f
    8686                      .dwattr $C$DW$619, DW_AT_decl_line(0x162)
    8687                      .dwattr $C$DW$619, DW_AT_decl_column(0x05)
    8688              
    8689              $C$DW$620       .dwtag  DW_TAG_enumerator
    8690                      .dwattr $C$DW$620, DW_AT_name("SYSCTL_PERIPH_CLK_ECAP3")
    8691                      .dwattr $C$DW$620, DW_AT_const_value(0x203)
    8692                      .dwattr $C$DW$620, DW_AT_decl_file("C:\ti\C2000Ware_MotorControl_SDK_5_04_00_00\c2000ware\driverlib\f
    8693                      .dwattr $C$DW$620, DW_AT_decl_line(0x163)
    8694                      .dwattr $C$DW$620, DW_AT_decl_column(0x05)
    8695              
TMS320C2000 Assembler PC v22.6.2 Thu Feb 12 10:37:10 2026

Copyright (c) 1996-2018 Texas Instruments Incorporated
dual_axis_servo_drive_hal.asm                                        PAGE  171

    8696              $C$DW$621       .dwtag  DW_TAG_enumerator
    8697                      .dwattr $C$DW$621, DW_AT_name("SYSCTL_PERIPH_CLK_EQEP1")
    8698                      .dwattr $C$DW$621, DW_AT_const_value(0x04)
    8699                      .dwattr $C$DW$621, DW_AT_decl_file("C:\ti\C2000Ware_MotorControl_SDK_5_04_00_00\c2000ware\driverlib\f
    8700                      .dwattr $C$DW$621, DW_AT_decl_line(0x164)
    8701                      .dwattr $C$DW$621, DW_AT_decl_column(0x05)
    8702              
    8703              $C$DW$622       .dwtag  DW_TAG_enumerator
    8704                      .dwattr $C$DW$622, DW_AT_name("SYSCTL_PERIPH_CLK_EQEP2")
    8705                      .dwattr $C$DW$622, DW_AT_const_value(0x104)
    8706                      .dwattr $C$DW$622, DW_AT_decl_file("C:\ti\C2000Ware_MotorControl_SDK_5_04_00_00\c2000ware\driverlib\f
    8707                      .dwattr $C$DW$622, DW_AT_decl_line(0x165)
    8708                      .dwattr $C$DW$622, DW_AT_decl_column(0x05)
    8709              
    8710              $C$DW$623       .dwtag  DW_TAG_enumerator
    8711                      .dwattr $C$DW$623, DW_AT_name("SYSCTL_PERIPH_CLK_SCIA")
    8712                      .dwattr $C$DW$623, DW_AT_const_value(0x07)
    8713                      .dwattr $C$DW$623, DW_AT_decl_file("C:\ti\C2000Ware_MotorControl_SDK_5_04_00_00\c2000ware\driverlib\f
    8714                      .dwattr $C$DW$623, DW_AT_decl_line(0x166)
    8715                      .dwattr $C$DW$623, DW_AT_decl_column(0x05)
    8716              
    8717              $C$DW$624       .dwtag  DW_TAG_enumerator
    8718                      .dwattr $C$DW$624, DW_AT_name("SYSCTL_PERIPH_CLK_SPIA")
    8719                      .dwattr $C$DW$624, DW_AT_const_value(0x08)
    8720                      .dwattr $C$DW$624, DW_AT_decl_file("C:\ti\C2000Ware_MotorControl_SDK_5_04_00_00\c2000ware\driverlib\f
    8721                      .dwattr $C$DW$624, DW_AT_decl_line(0x167)
    8722                      .dwattr $C$DW$624, DW_AT_decl_column(0x05)
    8723              
    8724              $C$DW$625       .dwtag  DW_TAG_enumerator
    8725                      .dwattr $C$DW$625, DW_AT_name("SYSCTL_PERIPH_CLK_SPIB")
    8726                      .dwattr $C$DW$625, DW_AT_const_value(0x108)
    8727                      .dwattr $C$DW$625, DW_AT_decl_file("C:\ti\C2000Ware_MotorControl_SDK_5_04_00_00\c2000ware\driverlib\f
    8728                      .dwattr $C$DW$625, DW_AT_decl_line(0x168)
    8729                      .dwattr $C$DW$625, DW_AT_decl_column(0x05)
    8730              
    8731              $C$DW$626       .dwtag  DW_TAG_enumerator
    8732                      .dwattr $C$DW$626, DW_AT_name("SYSCTL_PERIPH_CLK_I2CA")
    8733                      .dwattr $C$DW$626, DW_AT_const_value(0x09)
    8734                      .dwattr $C$DW$626, DW_AT_decl_file("C:\ti\C2000Ware_MotorControl_SDK_5_04_00_00\c2000ware\driverlib\f
    8735                      .dwattr $C$DW$626, DW_AT_decl_line(0x169)
    8736                      .dwattr $C$DW$626, DW_AT_decl_column(0x05)
    8737              
    8738              $C$DW$627       .dwtag  DW_TAG_enumerator
    8739                      .dwattr $C$DW$627, DW_AT_name("SYSCTL_PERIPH_CLK_I2CB")
    8740                      .dwattr $C$DW$627, DW_AT_const_value(0x109)
    8741                      .dwattr $C$DW$627, DW_AT_decl_file("C:\ti\C2000Ware_MotorControl_SDK_5_04_00_00\c2000ware\driverlib\f
    8742                      .dwattr $C$DW$627, DW_AT_decl_line(0x16a)
    8743                      .dwattr $C$DW$627, DW_AT_decl_column(0x05)
    8744              
    8745              $C$DW$628       .dwtag  DW_TAG_enumerator
    8746                      .dwattr $C$DW$628, DW_AT_name("SYSCTL_PERIPH_CLK_CANA")
    8747                      .dwattr $C$DW$628, DW_AT_const_value(0x0a)
    8748                      .dwattr $C$DW$628, DW_AT_decl_file("C:\ti\C2000Ware_MotorControl_SDK_5_04_00_00\c2000ware\driverlib\f
    8749                      .dwattr $C$DW$628, DW_AT_decl_line(0x16b)
    8750                      .dwattr $C$DW$628, DW_AT_decl_column(0x05)
TMS320C2000 Assembler PC v22.6.2 Thu Feb 12 10:37:10 2026

Copyright (c) 1996-2018 Texas Instruments Incorporated
dual_axis_servo_drive_hal.asm                                        PAGE  172

    8751              
    8752              $C$DW$629       .dwtag  DW_TAG_enumerator
    8753                      .dwattr $C$DW$629, DW_AT_name("SYSCTL_PERIPH_CLK_ADCA")
    8754                      .dwattr $C$DW$629, DW_AT_const_value(0x0d)
    8755                      .dwattr $C$DW$629, DW_AT_decl_file("C:\ti\C2000Ware_MotorControl_SDK_5_04_00_00\c2000ware\driverlib\f
    8756                      .dwattr $C$DW$629, DW_AT_decl_line(0x16c)
    8757                      .dwattr $C$DW$629, DW_AT_decl_column(0x05)
    8758              
    8759              $C$DW$630       .dwtag  DW_TAG_enumerator
    8760                      .dwattr $C$DW$630, DW_AT_name("SYSCTL_PERIPH_CLK_ADCC")
    8761                      .dwattr $C$DW$630, DW_AT_const_value(0x20d)
    8762                      .dwattr $C$DW$630, DW_AT_decl_file("C:\ti\C2000Ware_MotorControl_SDK_5_04_00_00\c2000ware\driverlib\f
    8763                      .dwattr $C$DW$630, DW_AT_decl_line(0x16d)
    8764                      .dwattr $C$DW$630, DW_AT_decl_column(0x05)
    8765              
    8766              $C$DW$631       .dwtag  DW_TAG_enumerator
    8767                      .dwattr $C$DW$631, DW_AT_name("SYSCTL_PERIPH_CLK_CMPSS1")
    8768                      .dwattr $C$DW$631, DW_AT_const_value(0x0e)
    8769                      .dwattr $C$DW$631, DW_AT_decl_file("C:\ti\C2000Ware_MotorControl_SDK_5_04_00_00\c2000ware\driverlib\f
    8770                      .dwattr $C$DW$631, DW_AT_decl_line(0x16e)
    8771                      .dwattr $C$DW$631, DW_AT_decl_column(0x05)
    8772              
    8773              $C$DW$632       .dwtag  DW_TAG_enumerator
    8774                      .dwattr $C$DW$632, DW_AT_name("SYSCTL_PERIPH_CLK_CMPSS2")
    8775                      .dwattr $C$DW$632, DW_AT_const_value(0x10e)
    8776                      .dwattr $C$DW$632, DW_AT_decl_file("C:\ti\C2000Ware_MotorControl_SDK_5_04_00_00\c2000ware\driverlib\f
    8777                      .dwattr $C$DW$632, DW_AT_decl_line(0x16f)
    8778                      .dwattr $C$DW$632, DW_AT_decl_column(0x05)
    8779              
    8780              $C$DW$633       .dwtag  DW_TAG_enumerator
    8781                      .dwattr $C$DW$633, DW_AT_name("SYSCTL_PERIPH_CLK_CMPSS3")
    8782                      .dwattr $C$DW$633, DW_AT_const_value(0x20e)
    8783                      .dwattr $C$DW$633, DW_AT_decl_file("C:\ti\C2000Ware_MotorControl_SDK_5_04_00_00\c2000ware\driverlib\f
    8784                      .dwattr $C$DW$633, DW_AT_decl_line(0x170)
    8785                      .dwattr $C$DW$633, DW_AT_decl_column(0x05)
    8786              
    8787              $C$DW$634       .dwtag  DW_TAG_enumerator
    8788                      .dwattr $C$DW$634, DW_AT_name("SYSCTL_PERIPH_CLK_CMPSS4")
    8789                      .dwattr $C$DW$634, DW_AT_const_value(0x30e)
    8790                      .dwattr $C$DW$634, DW_AT_decl_file("C:\ti\C2000Ware_MotorControl_SDK_5_04_00_00\c2000ware\driverlib\f
    8791                      .dwattr $C$DW$634, DW_AT_decl_line(0x171)
    8792                      .dwattr $C$DW$634, DW_AT_decl_column(0x05)
    8793              
    8794              $C$DW$635       .dwtag  DW_TAG_enumerator
    8795                      .dwattr $C$DW$635, DW_AT_name("SYSCTL_PERIPH_CLK_CLB1")
    8796                      .dwattr $C$DW$635, DW_AT_const_value(0x11)
    8797                      .dwattr $C$DW$635, DW_AT_decl_file("C:\ti\C2000Ware_MotorControl_SDK_5_04_00_00\c2000ware\driverlib\f
    8798                      .dwattr $C$DW$635, DW_AT_decl_line(0x172)
    8799                      .dwattr $C$DW$635, DW_AT_decl_column(0x05)
    8800              
    8801              $C$DW$636       .dwtag  DW_TAG_enumerator
    8802                      .dwattr $C$DW$636, DW_AT_name("SYSCTL_PERIPH_CLK_CLB2")
    8803                      .dwattr $C$DW$636, DW_AT_const_value(0x111)
    8804                      .dwattr $C$DW$636, DW_AT_decl_file("C:\ti\C2000Ware_MotorControl_SDK_5_04_00_00\c2000ware\driverlib\f
    8805                      .dwattr $C$DW$636, DW_AT_decl_line(0x173)
TMS320C2000 Assembler PC v22.6.2 Thu Feb 12 10:37:10 2026

Copyright (c) 1996-2018 Texas Instruments Incorporated
dual_axis_servo_drive_hal.asm                                        PAGE  173

    8806                      .dwattr $C$DW$636, DW_AT_decl_column(0x05)
    8807              
    8808              $C$DW$637       .dwtag  DW_TAG_enumerator
    8809                      .dwattr $C$DW$637, DW_AT_name("SYSCTL_PERIPH_CLK_FSITXA")
    8810                      .dwattr $C$DW$637, DW_AT_const_value(0x12)
    8811                      .dwattr $C$DW$637, DW_AT_decl_file("C:\ti\C2000Ware_MotorControl_SDK_5_04_00_00\c2000ware\driverlib\f
    8812                      .dwattr $C$DW$637, DW_AT_decl_line(0x174)
    8813                      .dwattr $C$DW$637, DW_AT_decl_column(0x05)
    8814              
    8815              $C$DW$638       .dwtag  DW_TAG_enumerator
    8816                      .dwattr $C$DW$638, DW_AT_name("SYSCTL_PERIPH_CLK_FSIRXA")
    8817                      .dwattr $C$DW$638, DW_AT_const_value(0x112)
    8818                      .dwattr $C$DW$638, DW_AT_decl_file("C:\ti\C2000Ware_MotorControl_SDK_5_04_00_00\c2000ware\driverlib\f
    8819                      .dwattr $C$DW$638, DW_AT_decl_line(0x175)
    8820                      .dwattr $C$DW$638, DW_AT_decl_column(0x05)
    8821              
    8822              $C$DW$639       .dwtag  DW_TAG_enumerator
    8823                      .dwattr $C$DW$639, DW_AT_name("SYSCTL_PERIPH_CLK_LINA")
    8824                      .dwattr $C$DW$639, DW_AT_const_value(0x13)
    8825                      .dwattr $C$DW$639, DW_AT_decl_file("C:\ti\C2000Ware_MotorControl_SDK_5_04_00_00\c2000ware\driverlib\f
    8826                      .dwattr $C$DW$639, DW_AT_decl_line(0x176)
    8827                      .dwattr $C$DW$639, DW_AT_decl_column(0x05)
    8828              
    8829              $C$DW$640       .dwtag  DW_TAG_enumerator
    8830                      .dwattr $C$DW$640, DW_AT_name("SYSCTL_PERIPH_CLK_LINB")
    8831                      .dwattr $C$DW$640, DW_AT_const_value(0x113)
    8832                      .dwattr $C$DW$640, DW_AT_decl_file("C:\ti\C2000Ware_MotorControl_SDK_5_04_00_00\c2000ware\driverlib\f
    8833                      .dwattr $C$DW$640, DW_AT_decl_line(0x177)
    8834                      .dwattr $C$DW$640, DW_AT_decl_column(0x05)
    8835              
    8836              $C$DW$641       .dwtag  DW_TAG_enumerator
    8837                      .dwattr $C$DW$641, DW_AT_name("SYSCTL_PERIPH_CLK_PMBUSA")
    8838                      .dwattr $C$DW$641, DW_AT_const_value(0x14)
    8839                      .dwattr $C$DW$641, DW_AT_decl_file("C:\ti\C2000Ware_MotorControl_SDK_5_04_00_00\c2000ware\driverlib\f
    8840                      .dwattr $C$DW$641, DW_AT_decl_line(0x178)
    8841                      .dwattr $C$DW$641, DW_AT_decl_column(0x05)
    8842              
    8843              $C$DW$642       .dwtag  DW_TAG_enumerator
    8844                      .dwattr $C$DW$642, DW_AT_name("SYSCTL_PERIPH_CLK_DCC0")
    8845                      .dwattr $C$DW$642, DW_AT_const_value(0x15)
    8846                      .dwattr $C$DW$642, DW_AT_decl_file("C:\ti\C2000Ware_MotorControl_SDK_5_04_00_00\c2000ware\driverlib\f
    8847                      .dwattr $C$DW$642, DW_AT_decl_line(0x179)
    8848                      .dwattr $C$DW$642, DW_AT_decl_column(0x05)
    8849              
    8850              $C$DW$643       .dwtag  DW_TAG_enumerator
    8851                      .dwattr $C$DW$643, DW_AT_name("SYSCTL_PERIPH_CLK_DCC1")
    8852                      .dwattr $C$DW$643, DW_AT_const_value(0x115)
    8853                      .dwattr $C$DW$643, DW_AT_decl_file("C:\ti\C2000Ware_MotorControl_SDK_5_04_00_00\c2000ware\driverlib\f
    8854                      .dwattr $C$DW$643, DW_AT_decl_line(0x17a)
    8855                      .dwattr $C$DW$643, DW_AT_decl_column(0x05)
    8856              
    8857              $C$DW$644       .dwtag  DW_TAG_enumerator
    8858                      .dwattr $C$DW$644, DW_AT_name("SYSCTL_PERIPH_CLK_MPOST0")
    8859                      .dwattr $C$DW$644, DW_AT_const_value(0x16)
    8860                      .dwattr $C$DW$644, DW_AT_decl_file("C:\ti\C2000Ware_MotorControl_SDK_5_04_00_00\c2000ware\driverlib\f
TMS320C2000 Assembler PC v22.6.2 Thu Feb 12 10:37:10 2026

Copyright (c) 1996-2018 Texas Instruments Incorporated
dual_axis_servo_drive_hal.asm                                        PAGE  174

    8861                      .dwattr $C$DW$644, DW_AT_decl_line(0x17b)
    8862                      .dwattr $C$DW$644, DW_AT_decl_column(0x05)
    8863              
    8864              $C$DW$645       .dwtag  DW_TAG_enumerator
    8865                      .dwattr $C$DW$645, DW_AT_name("SYSCTL_PERIPH_CLK_HICA")
    8866                      .dwattr $C$DW$645, DW_AT_const_value(0x19)
    8867                      .dwattr $C$DW$645, DW_AT_decl_file("C:\ti\C2000Ware_MotorControl_SDK_5_04_00_00\c2000ware\driverlib\f
    8868                      .dwattr $C$DW$645, DW_AT_decl_line(0x17c)
    8869                      .dwattr $C$DW$645, DW_AT_decl_column(0x05)
    8870              
    8871                      .dwattr $C$DW$T$60, DW_AT_decl_file("C:\ti\C2000Ware_MotorControl_SDK_5_04_00_00\c2000ware\driverlib\
    8872                      .dwattr $C$DW$T$60, DW_AT_decl_line(0x151)
    8873                      .dwattr $C$DW$T$60, DW_AT_decl_column(0x01)
    8874                      .dwendtag $C$DW$T$60
    8875              
    8876                      .dwendtag $C$DW$TU$60
    8877              
    8878              
    8879              $C$DW$TU$61     .dwtag  DW_TAG_type_unit
    8880                      .dwmtype  $C$DW$T$61
    8881              $C$DW$T$61      .dwtag  DW_TAG_typedef
    8882                      .dwattr $C$DW$T$61, DW_AT_name("SysCtl_PeripheralPCLOCKCR")
    8883                      .dwattr $C$DW$T$61, DW_AT_type(*$C$DW$T$60)
    8884                      .dwattr $C$DW$T$61, DW_AT_decl_file("C:\ti\C2000Ware_MotorControl_SDK_5_04_00_00\c2000ware\driverlib\
    8885                      .dwattr $C$DW$T$61, DW_AT_decl_line(0x17d)
    8886                      .dwattr $C$DW$T$61, DW_AT_decl_column(0x03)
    8887              
    8888                      .dwendtag $C$DW$TU$61
    8889              
    8890              
    8891              $C$DW$TU$62     .dwtag  DW_TAG_type_unit
    8892                      .dwmtype  $C$DW$T$62
    8893              
    8894              $C$DW$T$62      .dwtag  DW_TAG_enumeration_type
    8895                      .dwattr $C$DW$T$62, DW_AT_byte_size(0x01)
    8896              $C$DW$646       .dwtag  DW_TAG_enumerator
    8897                      .dwattr $C$DW$646, DW_AT_name("SYSCTL_LSPCLK_PRESCALE_1")
    8898                      .dwattr $C$DW$646, DW_AT_const_value(0x00)
    8899                      .dwattr $C$DW$646, DW_AT_decl_file("C:\ti\C2000Ware_MotorControl_SDK_5_04_00_00\c2000ware\driverlib\f
    8900                      .dwattr $C$DW$646, DW_AT_decl_line(0x1ea)
    8901                      .dwattr $C$DW$646, DW_AT_decl_column(0x05)
    8902              
    8903              $C$DW$647       .dwtag  DW_TAG_enumerator
    8904                      .dwattr $C$DW$647, DW_AT_name("SYSCTL_LSPCLK_PRESCALE_2")
    8905                      .dwattr $C$DW$647, DW_AT_const_value(0x01)
    8906                      .dwattr $C$DW$647, DW_AT_decl_file("C:\ti\C2000Ware_MotorControl_SDK_5_04_00_00\c2000ware\driverlib\f
    8907                      .dwattr $C$DW$647, DW_AT_decl_line(0x1eb)
    8908                      .dwattr $C$DW$647, DW_AT_decl_column(0x05)
    8909              
    8910              $C$DW$648       .dwtag  DW_TAG_enumerator
    8911                      .dwattr $C$DW$648, DW_AT_name("SYSCTL_LSPCLK_PRESCALE_4")
    8912                      .dwattr $C$DW$648, DW_AT_const_value(0x02)
    8913                      .dwattr $C$DW$648, DW_AT_decl_file("C:\ti\C2000Ware_MotorControl_SDK_5_04_00_00\c2000ware\driverlib\f
    8914                      .dwattr $C$DW$648, DW_AT_decl_line(0x1ec)
    8915                      .dwattr $C$DW$648, DW_AT_decl_column(0x05)
TMS320C2000 Assembler PC v22.6.2 Thu Feb 12 10:37:10 2026

Copyright (c) 1996-2018 Texas Instruments Incorporated
dual_axis_servo_drive_hal.asm                                        PAGE  175

    8916              
    8917              $C$DW$649       .dwtag  DW_TAG_enumerator
    8918                      .dwattr $C$DW$649, DW_AT_name("SYSCTL_LSPCLK_PRESCALE_6")
    8919                      .dwattr $C$DW$649, DW_AT_const_value(0x03)
    8920                      .dwattr $C$DW$649, DW_AT_decl_file("C:\ti\C2000Ware_MotorControl_SDK_5_04_00_00\c2000ware\driverlib\f
    8921                      .dwattr $C$DW$649, DW_AT_decl_line(0x1ed)
    8922                      .dwattr $C$DW$649, DW_AT_decl_column(0x05)
    8923              
    8924              $C$DW$650       .dwtag  DW_TAG_enumerator
    8925                      .dwattr $C$DW$650, DW_AT_name("SYSCTL_LSPCLK_PRESCALE_8")
    8926                      .dwattr $C$DW$650, DW_AT_const_value(0x04)
    8927                      .dwattr $C$DW$650, DW_AT_decl_file("C:\ti\C2000Ware_MotorControl_SDK_5_04_00_00\c2000ware\driverlib\f
    8928                      .dwattr $C$DW$650, DW_AT_decl_line(0x1ee)
    8929                      .dwattr $C$DW$650, DW_AT_decl_column(0x05)
    8930              
    8931              $C$DW$651       .dwtag  DW_TAG_enumerator
    8932                      .dwattr $C$DW$651, DW_AT_name("SYSCTL_LSPCLK_PRESCALE_10")
    8933                      .dwattr $C$DW$651, DW_AT_const_value(0x05)
    8934                      .dwattr $C$DW$651, DW_AT_decl_file("C:\ti\C2000Ware_MotorControl_SDK_5_04_00_00\c2000ware\driverlib\f
    8935                      .dwattr $C$DW$651, DW_AT_decl_line(0x1ef)
    8936                      .dwattr $C$DW$651, DW_AT_decl_column(0x05)
    8937              
    8938              $C$DW$652       .dwtag  DW_TAG_enumerator
    8939                      .dwattr $C$DW$652, DW_AT_name("SYSCTL_LSPCLK_PRESCALE_12")
    8940                      .dwattr $C$DW$652, DW_AT_const_value(0x06)
    8941                      .dwattr $C$DW$652, DW_AT_decl_file("C:\ti\C2000Ware_MotorControl_SDK_5_04_00_00\c2000ware\driverlib\f
    8942                      .dwattr $C$DW$652, DW_AT_decl_line(0x1f0)
    8943                      .dwattr $C$DW$652, DW_AT_decl_column(0x05)
    8944              
    8945              $C$DW$653       .dwtag  DW_TAG_enumerator
    8946                      .dwattr $C$DW$653, DW_AT_name("SYSCTL_LSPCLK_PRESCALE_14")
    8947                      .dwattr $C$DW$653, DW_AT_const_value(0x07)
    8948                      .dwattr $C$DW$653, DW_AT_decl_file("C:\ti\C2000Ware_MotorControl_SDK_5_04_00_00\c2000ware\driverlib\f
    8949                      .dwattr $C$DW$653, DW_AT_decl_line(0x1f1)
    8950                      .dwattr $C$DW$653, DW_AT_decl_column(0x05)
    8951              
    8952                      .dwattr $C$DW$T$62, DW_AT_decl_file("C:\ti\C2000Ware_MotorControl_SDK_5_04_00_00\c2000ware\driverlib\
    8953                      .dwattr $C$DW$T$62, DW_AT_decl_line(0x1e9)
    8954                      .dwattr $C$DW$T$62, DW_AT_decl_column(0x01)
    8955                      .dwendtag $C$DW$T$62
    8956              
    8957                      .dwendtag $C$DW$TU$62
    8958              
    8959              
    8960              $C$DW$TU$63     .dwtag  DW_TAG_type_unit
    8961                      .dwmtype  $C$DW$T$63
    8962              $C$DW$T$63      .dwtag  DW_TAG_typedef
    8963                      .dwattr $C$DW$T$63, DW_AT_name("SysCtl_LSPCLKPrescaler")
    8964                      .dwattr $C$DW$T$63, DW_AT_type(*$C$DW$T$62)
    8965                      .dwattr $C$DW$T$63, DW_AT_decl_file("C:\ti\C2000Ware_MotorControl_SDK_5_04_00_00\c2000ware\driverlib\
    8966                      .dwattr $C$DW$T$63, DW_AT_decl_line(0x1f2)
    8967                      .dwattr $C$DW$T$63, DW_AT_decl_column(0x03)
    8968              
    8969                      .dwendtag $C$DW$TU$63
    8970              
TMS320C2000 Assembler PC v22.6.2 Thu Feb 12 10:37:10 2026

Copyright (c) 1996-2018 Texas Instruments Incorporated
dual_axis_servo_drive_hal.asm                                        PAGE  176

    8971              
    8972              $C$DW$TU$64     .dwtag  DW_TAG_type_unit
    8973                      .dwmtype  $C$DW$T$64
    8974              
    8975              $C$DW$T$64      .dwtag  DW_TAG_enumeration_type
    8976                      .dwattr $C$DW$T$64, DW_AT_byte_size(0x01)
    8977              $C$DW$654       .dwtag  DW_TAG_enumerator
    8978                      .dwattr $C$DW$654, DW_AT_name("SYSCTL_SYNC_OUT_SRC_EPWM1SYNCOUT")
    8979                      .dwattr $C$DW$654, DW_AT_const_value(0x00)
    8980                      .dwattr $C$DW$654, DW_AT_decl_file("C:\ti\C2000Ware_MotorControl_SDK_5_04_00_00\c2000ware\driverlib\f
    8981                      .dwattr $C$DW$654, DW_AT_decl_line(0x263)
    8982                      .dwattr $C$DW$654, DW_AT_decl_column(0x05)
    8983              
    8984              $C$DW$655       .dwtag  DW_TAG_enumerator
    8985                      .dwattr $C$DW$655, DW_AT_name("SYSCTL_SYNC_OUT_SRC_EPWM2SYNCOUT")
    8986                      .dwattr $C$DW$655, DW_AT_const_value(0x01)
    8987                      .dwattr $C$DW$655, DW_AT_decl_file("C:\ti\C2000Ware_MotorControl_SDK_5_04_00_00\c2000ware\driverlib\f
    8988                      .dwattr $C$DW$655, DW_AT_decl_line(0x264)
    8989                      .dwattr $C$DW$655, DW_AT_decl_column(0x05)
    8990              
    8991              $C$DW$656       .dwtag  DW_TAG_enumerator
    8992                      .dwattr $C$DW$656, DW_AT_name("SYSCTL_SYNC_OUT_SRC_EPWM3SYNCOUT")
    8993                      .dwattr $C$DW$656, DW_AT_const_value(0x02)
    8994                      .dwattr $C$DW$656, DW_AT_decl_file("C:\ti\C2000Ware_MotorControl_SDK_5_04_00_00\c2000ware\driverlib\f
    8995                      .dwattr $C$DW$656, DW_AT_decl_line(0x265)
    8996                      .dwattr $C$DW$656, DW_AT_decl_column(0x05)
    8997              
    8998              $C$DW$657       .dwtag  DW_TAG_enumerator
    8999                      .dwattr $C$DW$657, DW_AT_name("SYSCTL_SYNC_OUT_SRC_EPWM4SYNCOUT")
    9000                      .dwattr $C$DW$657, DW_AT_const_value(0x03)
    9001                      .dwattr $C$DW$657, DW_AT_decl_file("C:\ti\C2000Ware_MotorControl_SDK_5_04_00_00\c2000ware\driverlib\f
    9002                      .dwattr $C$DW$657, DW_AT_decl_line(0x266)
    9003                      .dwattr $C$DW$657, DW_AT_decl_column(0x05)
    9004              
    9005              $C$DW$658       .dwtag  DW_TAG_enumerator
    9006                      .dwattr $C$DW$658, DW_AT_name("SYSCTL_SYNC_OUT_SRC_EPWM5SYNCOUT")
    9007                      .dwattr $C$DW$658, DW_AT_const_value(0x04)
    9008                      .dwattr $C$DW$658, DW_AT_decl_file("C:\ti\C2000Ware_MotorControl_SDK_5_04_00_00\c2000ware\driverlib\f
    9009                      .dwattr $C$DW$658, DW_AT_decl_line(0x267)
    9010                      .dwattr $C$DW$658, DW_AT_decl_column(0x05)
    9011              
    9012              $C$DW$659       .dwtag  DW_TAG_enumerator
    9013                      .dwattr $C$DW$659, DW_AT_name("SYSCTL_SYNC_OUT_SRC_EPWM6SYNCOUT")
    9014                      .dwattr $C$DW$659, DW_AT_const_value(0x05)
    9015                      .dwattr $C$DW$659, DW_AT_decl_file("C:\ti\C2000Ware_MotorControl_SDK_5_04_00_00\c2000ware\driverlib\f
    9016                      .dwattr $C$DW$659, DW_AT_decl_line(0x268)
    9017                      .dwattr $C$DW$659, DW_AT_decl_column(0x05)
    9018              
    9019              $C$DW$660       .dwtag  DW_TAG_enumerator
    9020                      .dwattr $C$DW$660, DW_AT_name("SYSCTL_SYNC_OUT_SRC_EPWM7SYNCOUT")
    9021                      .dwattr $C$DW$660, DW_AT_const_value(0x06)
    9022                      .dwattr $C$DW$660, DW_AT_decl_file("C:\ti\C2000Ware_MotorControl_SDK_5_04_00_00\c2000ware\driverlib\f
    9023                      .dwattr $C$DW$660, DW_AT_decl_line(0x269)
    9024                      .dwattr $C$DW$660, DW_AT_decl_column(0x05)
    9025              
TMS320C2000 Assembler PC v22.6.2 Thu Feb 12 10:37:10 2026

Copyright (c) 1996-2018 Texas Instruments Incorporated
dual_axis_servo_drive_hal.asm                                        PAGE  177

    9026              $C$DW$661       .dwtag  DW_TAG_enumerator
    9027                      .dwattr $C$DW$661, DW_AT_name("SYSCTL_SYNC_OUT_SRC_ECAP1SYNCOUT")
    9028                      .dwattr $C$DW$661, DW_AT_const_value(0x18)
    9029                      .dwattr $C$DW$661, DW_AT_decl_file("C:\ti\C2000Ware_MotorControl_SDK_5_04_00_00\c2000ware\driverlib\f
    9030                      .dwattr $C$DW$661, DW_AT_decl_line(0x26a)
    9031                      .dwattr $C$DW$661, DW_AT_decl_column(0x05)
    9032              
    9033              $C$DW$662       .dwtag  DW_TAG_enumerator
    9034                      .dwattr $C$DW$662, DW_AT_name("SYSCTL_SYNC_OUT_SRC_ECAP2SYNCOUT")
    9035                      .dwattr $C$DW$662, DW_AT_const_value(0x19)
    9036                      .dwattr $C$DW$662, DW_AT_decl_file("C:\ti\C2000Ware_MotorControl_SDK_5_04_00_00\c2000ware\driverlib\f
    9037                      .dwattr $C$DW$662, DW_AT_decl_line(0x26b)
    9038                      .dwattr $C$DW$662, DW_AT_decl_column(0x05)
    9039              
    9040              $C$DW$663       .dwtag  DW_TAG_enumerator
    9041                      .dwattr $C$DW$663, DW_AT_name("SYSCTL_SYNC_OUT_SRC_ECAP3SYNCOUT")
    9042                      .dwattr $C$DW$663, DW_AT_const_value(0x20)
    9043                      .dwattr $C$DW$663, DW_AT_decl_file("C:\ti\C2000Ware_MotorControl_SDK_5_04_00_00\c2000ware\driverlib\f
    9044                      .dwattr $C$DW$663, DW_AT_decl_line(0x26c)
    9045                      .dwattr $C$DW$663, DW_AT_decl_column(0x05)
    9046              
    9047                      .dwattr $C$DW$T$64, DW_AT_decl_file("C:\ti\C2000Ware_MotorControl_SDK_5_04_00_00\c2000ware\driverlib\
    9048                      .dwattr $C$DW$T$64, DW_AT_decl_line(0x262)
    9049                      .dwattr $C$DW$T$64, DW_AT_decl_column(0x01)
    9050                      .dwendtag $C$DW$T$64
    9051              
    9052                      .dwendtag $C$DW$TU$64
    9053              
    9054              
    9055              $C$DW$TU$65     .dwtag  DW_TAG_type_unit
    9056                      .dwmtype  $C$DW$T$65
    9057              $C$DW$T$65      .dwtag  DW_TAG_typedef
    9058                      .dwattr $C$DW$T$65, DW_AT_name("SysCtl_SyncOutputSource")
    9059                      .dwattr $C$DW$T$65, DW_AT_type(*$C$DW$T$64)
    9060                      .dwattr $C$DW$T$65, DW_AT_decl_file("C:\ti\C2000Ware_MotorControl_SDK_5_04_00_00\c2000ware\driverlib\
    9061                      .dwattr $C$DW$T$65, DW_AT_decl_line(0x26e)
    9062                      .dwattr $C$DW$T$65, DW_AT_decl_column(0x03)
    9063              
    9064                      .dwendtag $C$DW$TU$65
    9065              
    9066              
    9067              $C$DW$TU$66     .dwtag  DW_TAG_type_unit
    9068                      .dwmtype  $C$DW$T$66
    9069              
    9070              $C$DW$T$66      .dwtag  DW_TAG_enumeration_type
    9071                      .dwattr $C$DW$T$66, DW_AT_byte_size(0x01)
    9072              $C$DW$664       .dwtag  DW_TAG_enumerator
    9073                      .dwattr $C$DW$664, DW_AT_name("CPUTIMER_EMULATIONMODE_STOPAFTERNEXTDECREMENT")
    9074                      .dwattr $C$DW$664, DW_AT_const_value(0x00)
    9075                      .dwattr $C$DW$664, DW_AT_decl_file("C:/ti/C2000Ware_MotorControl_SDK_5_04_00_00/c2000ware/driverlib/f
    9076                      .dwattr $C$DW$664, DW_AT_decl_line(0x56)
    9077                      .dwattr $C$DW$664, DW_AT_decl_column(0x03)
    9078              
    9079              $C$DW$665       .dwtag  DW_TAG_enumerator
    9080                      .dwattr $C$DW$665, DW_AT_name("CPUTIMER_EMULATIONMODE_STOPATZERO")
TMS320C2000 Assembler PC v22.6.2 Thu Feb 12 10:37:10 2026

Copyright (c) 1996-2018 Texas Instruments Incorporated
dual_axis_servo_drive_hal.asm                                        PAGE  178

    9081                      .dwattr $C$DW$665, DW_AT_const_value(0x400)
    9082                      .dwattr $C$DW$665, DW_AT_decl_file("C:/ti/C2000Ware_MotorControl_SDK_5_04_00_00/c2000ware/driverlib/f
    9083                      .dwattr $C$DW$665, DW_AT_decl_line(0x58)
    9084                      .dwattr $C$DW$665, DW_AT_decl_column(0x03)
    9085              
    9086              $C$DW$666       .dwtag  DW_TAG_enumerator
    9087                      .dwattr $C$DW$666, DW_AT_name("CPUTIMER_EMULATIONMODE_RUNFREE")
    9088                      .dwattr $C$DW$666, DW_AT_const_value(0x800)
    9089                      .dwattr $C$DW$666, DW_AT_decl_file("C:/ti/C2000Ware_MotorControl_SDK_5_04_00_00/c2000ware/driverlib/f
    9090                      .dwattr $C$DW$666, DW_AT_decl_line(0x5a)
    9091                      .dwattr $C$DW$666, DW_AT_decl_column(0x03)
    9092              
    9093                      .dwattr $C$DW$T$66, DW_AT_decl_file("C:/ti/C2000Ware_MotorControl_SDK_5_04_00_00/c2000ware/driverlib/
    9094                      .dwattr $C$DW$T$66, DW_AT_decl_line(0x54)
    9095                      .dwattr $C$DW$T$66, DW_AT_decl_column(0x01)
    9096                      .dwendtag $C$DW$T$66
    9097              
    9098                      .dwendtag $C$DW$TU$66
    9099              
    9100              
    9101              $C$DW$TU$67     .dwtag  DW_TAG_type_unit
    9102                      .dwmtype  $C$DW$T$67
    9103              $C$DW$T$67      .dwtag  DW_TAG_typedef
    9104                      .dwattr $C$DW$T$67, DW_AT_name("CPUTimer_EmulationMode")
    9105                      .dwattr $C$DW$T$67, DW_AT_type(*$C$DW$T$66)
    9106                      .dwattr $C$DW$T$67, DW_AT_decl_file("C:/ti/C2000Ware_MotorControl_SDK_5_04_00_00/c2000ware/driverlib/
    9107                      .dwattr $C$DW$T$67, DW_AT_decl_line(0x5b)
    9108                      .dwattr $C$DW$T$67, DW_AT_decl_column(0x02)
    9109              
    9110                      .dwendtag $C$DW$TU$67
    9111              
    9112              
    9113              $C$DW$TU$68     .dwtag  DW_TAG_type_unit
    9114                      .dwmtype  $C$DW$T$68
    9115              
    9116              $C$DW$T$68      .dwtag  DW_TAG_enumeration_type
    9117                      .dwattr $C$DW$T$68, DW_AT_byte_size(0x01)
    9118              $C$DW$667       .dwtag  DW_TAG_enumerator
    9119                      .dwattr $C$DW$667, DW_AT_name("EPWM_COUNT_MODE_DOWN_AFTER_SYNC")
    9120                      .dwattr $C$DW$667, DW_AT_const_value(0x00)
    9121                      .dwattr $C$DW$667, DW_AT_decl_file("C:/ti/C2000Ware_MotorControl_SDK_5_04_00_00/c2000ware/driverlib/f
    9122                      .dwattr $C$DW$667, DW_AT_decl_line(0x8c)
    9123                      .dwattr $C$DW$667, DW_AT_decl_column(0x04)
    9124              
    9125              $C$DW$668       .dwtag  DW_TAG_enumerator
    9126                      .dwattr $C$DW$668, DW_AT_name("EPWM_COUNT_MODE_UP_AFTER_SYNC")
    9127                      .dwattr $C$DW$668, DW_AT_const_value(0x01)
    9128                      .dwattr $C$DW$668, DW_AT_decl_file("C:/ti/C2000Ware_MotorControl_SDK_5_04_00_00/c2000ware/driverlib/f
    9129                      .dwattr $C$DW$668, DW_AT_decl_line(0x8d)
    9130                      .dwattr $C$DW$668, DW_AT_decl_column(0x04)
    9131              
    9132                      .dwattr $C$DW$T$68, DW_AT_decl_file("C:/ti/C2000Ware_MotorControl_SDK_5_04_00_00/c2000ware/driverlib/
    9133                      .dwattr $C$DW$T$68, DW_AT_decl_line(0x8b)
    9134                      .dwattr $C$DW$T$68, DW_AT_decl_column(0x01)
    9135                      .dwendtag $C$DW$T$68
TMS320C2000 Assembler PC v22.6.2 Thu Feb 12 10:37:10 2026

Copyright (c) 1996-2018 Texas Instruments Incorporated
dual_axis_servo_drive_hal.asm                                        PAGE  179

    9136              
    9137                      .dwendtag $C$DW$TU$68
    9138              
    9139              
    9140              $C$DW$TU$69     .dwtag  DW_TAG_type_unit
    9141                      .dwmtype  $C$DW$T$69
    9142              $C$DW$T$69      .dwtag  DW_TAG_typedef
    9143                      .dwattr $C$DW$T$69, DW_AT_name("EPWM_SyncCountMode")
    9144                      .dwattr $C$DW$T$69, DW_AT_type(*$C$DW$T$68)
    9145                      .dwattr $C$DW$T$69, DW_AT_decl_file("C:/ti/C2000Ware_MotorControl_SDK_5_04_00_00/c2000ware/driverlib/
    9146                      .dwattr $C$DW$T$69, DW_AT_decl_line(0x8e)
    9147                      .dwattr $C$DW$T$69, DW_AT_decl_column(0x03)
    9148              
    9149                      .dwendtag $C$DW$TU$69
    9150              
    9151              
    9152              $C$DW$TU$70     .dwtag  DW_TAG_type_unit
    9153                      .dwmtype  $C$DW$T$70
    9154              
    9155              $C$DW$T$70      .dwtag  DW_TAG_enumeration_type
    9156                      .dwattr $C$DW$T$70, DW_AT_byte_size(0x01)
    9157              $C$DW$669       .dwtag  DW_TAG_enumerator
    9158                      .dwattr $C$DW$669, DW_AT_name("EPWM_CLOCK_DIVIDER_1")
    9159                      .dwattr $C$DW$669, DW_AT_const_value(0x00)
    9160                      .dwattr $C$DW$669, DW_AT_decl_file("C:/ti/C2000Ware_MotorControl_SDK_5_04_00_00/c2000ware/driverlib/f
    9161                      .dwattr $C$DW$669, DW_AT_decl_line(0x98)
    9162                      .dwattr $C$DW$669, DW_AT_decl_column(0x05)
    9163              
    9164              $C$DW$670       .dwtag  DW_TAG_enumerator
    9165                      .dwattr $C$DW$670, DW_AT_name("EPWM_CLOCK_DIVIDER_2")
    9166                      .dwattr $C$DW$670, DW_AT_const_value(0x01)
    9167                      .dwattr $C$DW$670, DW_AT_decl_file("C:/ti/C2000Ware_MotorControl_SDK_5_04_00_00/c2000ware/driverlib/f
    9168                      .dwattr $C$DW$670, DW_AT_decl_line(0x99)
    9169                      .dwattr $C$DW$670, DW_AT_decl_column(0x05)
    9170              
    9171              $C$DW$671       .dwtag  DW_TAG_enumerator
    9172                      .dwattr $C$DW$671, DW_AT_name("EPWM_CLOCK_DIVIDER_4")
    9173                      .dwattr $C$DW$671, DW_AT_const_value(0x02)
    9174                      .dwattr $C$DW$671, DW_AT_decl_file("C:/ti/C2000Ware_MotorControl_SDK_5_04_00_00/c2000ware/driverlib/f
    9175                      .dwattr $C$DW$671, DW_AT_decl_line(0x9a)
    9176                      .dwattr $C$DW$671, DW_AT_decl_column(0x05)
    9177              
    9178              $C$DW$672       .dwtag  DW_TAG_enumerator
    9179                      .dwattr $C$DW$672, DW_AT_name("EPWM_CLOCK_DIVIDER_8")
    9180                      .dwattr $C$DW$672, DW_AT_const_value(0x03)
    9181                      .dwattr $C$DW$672, DW_AT_decl_file("C:/ti/C2000Ware_MotorControl_SDK_5_04_00_00/c2000ware/driverlib/f
    9182                      .dwattr $C$DW$672, DW_AT_decl_line(0x9b)
    9183                      .dwattr $C$DW$672, DW_AT_decl_column(0x05)
    9184              
    9185              $C$DW$673       .dwtag  DW_TAG_enumerator
    9186                      .dwattr $C$DW$673, DW_AT_name("EPWM_CLOCK_DIVIDER_16")
    9187                      .dwattr $C$DW$673, DW_AT_const_value(0x04)
    9188                      .dwattr $C$DW$673, DW_AT_decl_file("C:/ti/C2000Ware_MotorControl_SDK_5_04_00_00/c2000ware/driverlib/f
    9189                      .dwattr $C$DW$673, DW_AT_decl_line(0x9c)
    9190                      .dwattr $C$DW$673, DW_AT_decl_column(0x05)
TMS320C2000 Assembler PC v22.6.2 Thu Feb 12 10:37:10 2026

Copyright (c) 1996-2018 Texas Instruments Incorporated
dual_axis_servo_drive_hal.asm                                        PAGE  180

    9191              
    9192              $C$DW$674       .dwtag  DW_TAG_enumerator
    9193                      .dwattr $C$DW$674, DW_AT_name("EPWM_CLOCK_DIVIDER_32")
    9194                      .dwattr $C$DW$674, DW_AT_const_value(0x05)
    9195                      .dwattr $C$DW$674, DW_AT_decl_file("C:/ti/C2000Ware_MotorControl_SDK_5_04_00_00/c2000ware/driverlib/f
    9196                      .dwattr $C$DW$674, DW_AT_decl_line(0x9d)
    9197                      .dwattr $C$DW$674, DW_AT_decl_column(0x05)
    9198              
    9199              $C$DW$675       .dwtag  DW_TAG_enumerator
    9200                      .dwattr $C$DW$675, DW_AT_name("EPWM_CLOCK_DIVIDER_64")
    9201                      .dwattr $C$DW$675, DW_AT_const_value(0x06)
    9202                      .dwattr $C$DW$675, DW_AT_decl_file("C:/ti/C2000Ware_MotorControl_SDK_5_04_00_00/c2000ware/driverlib/f
    9203                      .dwattr $C$DW$675, DW_AT_decl_line(0x9e)
    9204                      .dwattr $C$DW$675, DW_AT_decl_column(0x05)
    9205              
    9206              $C$DW$676       .dwtag  DW_TAG_enumerator
    9207                      .dwattr $C$DW$676, DW_AT_name("EPWM_CLOCK_DIVIDER_128")
    9208                      .dwattr $C$DW$676, DW_AT_const_value(0x07)
    9209                      .dwattr $C$DW$676, DW_AT_decl_file("C:/ti/C2000Ware_MotorControl_SDK_5_04_00_00/c2000ware/driverlib/f
    9210                      .dwattr $C$DW$676, DW_AT_decl_line(0x9f)
    9211                      .dwattr $C$DW$676, DW_AT_decl_column(0x05)
    9212              
    9213                      .dwattr $C$DW$T$70, DW_AT_decl_file("C:/ti/C2000Ware_MotorControl_SDK_5_04_00_00/c2000ware/driverlib/
    9214                      .dwattr $C$DW$T$70, DW_AT_decl_line(0x97)
    9215                      .dwattr $C$DW$T$70, DW_AT_decl_column(0x01)
    9216                      .dwendtag $C$DW$T$70
    9217              
    9218                      .dwendtag $C$DW$TU$70
    9219              
    9220              
    9221              $C$DW$TU$71     .dwtag  DW_TAG_type_unit
    9222                      .dwmtype  $C$DW$T$71
    9223              $C$DW$T$71      .dwtag  DW_TAG_typedef
    9224                      .dwattr $C$DW$T$71, DW_AT_name("EPWM_ClockDivider")
    9225                      .dwattr $C$DW$T$71, DW_AT_type(*$C$DW$T$70)
    9226                      .dwattr $C$DW$T$71, DW_AT_decl_file("C:/ti/C2000Ware_MotorControl_SDK_5_04_00_00/c2000ware/driverlib/
    9227                      .dwattr $C$DW$T$71, DW_AT_decl_line(0xa0)
    9228                      .dwattr $C$DW$T$71, DW_AT_decl_column(0x03)
    9229              
    9230                      .dwendtag $C$DW$TU$71
    9231              
    9232              
    9233              $C$DW$TU$72     .dwtag  DW_TAG_type_unit
    9234                      .dwmtype  $C$DW$T$72
    9235              
    9236              $C$DW$T$72      .dwtag  DW_TAG_enumeration_type
    9237                      .dwattr $C$DW$T$72, DW_AT_byte_size(0x01)
    9238              $C$DW$677       .dwtag  DW_TAG_enumerator
    9239                      .dwattr $C$DW$677, DW_AT_name("EPWM_HSCLOCK_DIVIDER_1")
    9240                      .dwattr $C$DW$677, DW_AT_const_value(0x00)
    9241                      .dwattr $C$DW$677, DW_AT_decl_file("C:/ti/C2000Ware_MotorControl_SDK_5_04_00_00/c2000ware/driverlib/f
    9242                      .dwattr $C$DW$677, DW_AT_decl_line(0xaa)
    9243                      .dwattr $C$DW$677, DW_AT_decl_column(0x05)
    9244              
    9245              $C$DW$678       .dwtag  DW_TAG_enumerator
TMS320C2000 Assembler PC v22.6.2 Thu Feb 12 10:37:10 2026

Copyright (c) 1996-2018 Texas Instruments Incorporated
dual_axis_servo_drive_hal.asm                                        PAGE  181

    9246                      .dwattr $C$DW$678, DW_AT_name("EPWM_HSCLOCK_DIVIDER_2")
    9247                      .dwattr $C$DW$678, DW_AT_const_value(0x01)
    9248                      .dwattr $C$DW$678, DW_AT_decl_file("C:/ti/C2000Ware_MotorControl_SDK_5_04_00_00/c2000ware/driverlib/f
    9249                      .dwattr $C$DW$678, DW_AT_decl_line(0xab)
    9250                      .dwattr $C$DW$678, DW_AT_decl_column(0x05)
    9251              
    9252              $C$DW$679       .dwtag  DW_TAG_enumerator
    9253                      .dwattr $C$DW$679, DW_AT_name("EPWM_HSCLOCK_DIVIDER_4")
    9254                      .dwattr $C$DW$679, DW_AT_const_value(0x02)
    9255                      .dwattr $C$DW$679, DW_AT_decl_file("C:/ti/C2000Ware_MotorControl_SDK_5_04_00_00/c2000ware/driverlib/f
    9256                      .dwattr $C$DW$679, DW_AT_decl_line(0xac)
    9257                      .dwattr $C$DW$679, DW_AT_decl_column(0x05)
    9258              
    9259              $C$DW$680       .dwtag  DW_TAG_enumerator
    9260                      .dwattr $C$DW$680, DW_AT_name("EPWM_HSCLOCK_DIVIDER_6")
    9261                      .dwattr $C$DW$680, DW_AT_const_value(0x03)
    9262                      .dwattr $C$DW$680, DW_AT_decl_file("C:/ti/C2000Ware_MotorControl_SDK_5_04_00_00/c2000ware/driverlib/f
    9263                      .dwattr $C$DW$680, DW_AT_decl_line(0xad)
    9264                      .dwattr $C$DW$680, DW_AT_decl_column(0x05)
    9265              
    9266              $C$DW$681       .dwtag  DW_TAG_enumerator
    9267                      .dwattr $C$DW$681, DW_AT_name("EPWM_HSCLOCK_DIVIDER_8")
    9268                      .dwattr $C$DW$681, DW_AT_const_value(0x04)
    9269                      .dwattr $C$DW$681, DW_AT_decl_file("C:/ti/C2000Ware_MotorControl_SDK_5_04_00_00/c2000ware/driverlib/f
    9270                      .dwattr $C$DW$681, DW_AT_decl_line(0xae)
    9271                      .dwattr $C$DW$681, DW_AT_decl_column(0x05)
    9272              
    9273              $C$DW$682       .dwtag  DW_TAG_enumerator
    9274                      .dwattr $C$DW$682, DW_AT_name("EPWM_HSCLOCK_DIVIDER_10")
    9275                      .dwattr $C$DW$682, DW_AT_const_value(0x05)
    9276                      .dwattr $C$DW$682, DW_AT_decl_file("C:/ti/C2000Ware_MotorControl_SDK_5_04_00_00/c2000ware/driverlib/f
    9277                      .dwattr $C$DW$682, DW_AT_decl_line(0xaf)
    9278                      .dwattr $C$DW$682, DW_AT_decl_column(0x05)
    9279              
    9280              $C$DW$683       .dwtag  DW_TAG_enumerator
    9281                      .dwattr $C$DW$683, DW_AT_name("EPWM_HSCLOCK_DIVIDER_12")
    9282                      .dwattr $C$DW$683, DW_AT_const_value(0x06)
    9283                      .dwattr $C$DW$683, DW_AT_decl_file("C:/ti/C2000Ware_MotorControl_SDK_5_04_00_00/c2000ware/driverlib/f
    9284                      .dwattr $C$DW$683, DW_AT_decl_line(0xb0)
    9285                      .dwattr $C$DW$683, DW_AT_decl_column(0x05)
    9286              
    9287              $C$DW$684       .dwtag  DW_TAG_enumerator
    9288                      .dwattr $C$DW$684, DW_AT_name("EPWM_HSCLOCK_DIVIDER_14")
    9289                      .dwattr $C$DW$684, DW_AT_const_value(0x07)
    9290                      .dwattr $C$DW$684, DW_AT_decl_file("C:/ti/C2000Ware_MotorControl_SDK_5_04_00_00/c2000ware/driverlib/f
    9291                      .dwattr $C$DW$684, DW_AT_decl_line(0xb1)
    9292                      .dwattr $C$DW$684, DW_AT_decl_column(0x05)
    9293              
    9294                      .dwattr $C$DW$T$72, DW_AT_decl_file("C:/ti/C2000Ware_MotorControl_SDK_5_04_00_00/c2000ware/driverlib/
    9295                      .dwattr $C$DW$T$72, DW_AT_decl_line(0xa9)
    9296                      .dwattr $C$DW$T$72, DW_AT_decl_column(0x01)
    9297                      .dwendtag $C$DW$T$72
    9298              
    9299                      .dwendtag $C$DW$TU$72
    9300              
TMS320C2000 Assembler PC v22.6.2 Thu Feb 12 10:37:10 2026

Copyright (c) 1996-2018 Texas Instruments Incorporated
dual_axis_servo_drive_hal.asm                                        PAGE  182

    9301              
    9302              $C$DW$TU$73     .dwtag  DW_TAG_type_unit
    9303                      .dwmtype  $C$DW$T$73
    9304              $C$DW$T$73      .dwtag  DW_TAG_typedef
    9305                      .dwattr $C$DW$T$73, DW_AT_name("EPWM_HSClockDivider")
    9306                      .dwattr $C$DW$T$73, DW_AT_type(*$C$DW$T$72)
    9307                      .dwattr $C$DW$T$73, DW_AT_decl_file("C:/ti/C2000Ware_MotorControl_SDK_5_04_00_00/c2000ware/driverlib/
    9308                      .dwattr $C$DW$T$73, DW_AT_decl_line(0xb2)
    9309                      .dwattr $C$DW$T$73, DW_AT_decl_column(0x03)
    9310              
    9311                      .dwendtag $C$DW$TU$73
    9312              
    9313              
    9314              $C$DW$TU$74     .dwtag  DW_TAG_type_unit
    9315                      .dwmtype  $C$DW$T$74
    9316              
    9317              $C$DW$T$74      .dwtag  DW_TAG_enumeration_type
    9318                      .dwattr $C$DW$T$74, DW_AT_byte_size(0x01)
    9319              $C$DW$685       .dwtag  DW_TAG_enumerator
    9320                      .dwattr $C$DW$685, DW_AT_name("EPWM_PERIOD_SHADOW_LOAD")
    9321                      .dwattr $C$DW$685, DW_AT_const_value(0x00)
    9322                      .dwattr $C$DW$685, DW_AT_decl_file("C:/ti/C2000Ware_MotorControl_SDK_5_04_00_00/c2000ware/driverlib/f
    9323                      .dwattr $C$DW$685, DW_AT_decl_line(0xee)
    9324                      .dwattr $C$DW$685, DW_AT_decl_column(0x05)
    9325              
    9326              $C$DW$686       .dwtag  DW_TAG_enumerator
    9327                      .dwattr $C$DW$686, DW_AT_name("EPWM_PERIOD_DIRECT_LOAD")
    9328                      .dwattr $C$DW$686, DW_AT_const_value(0x01)
    9329                      .dwattr $C$DW$686, DW_AT_decl_file("C:/ti/C2000Ware_MotorControl_SDK_5_04_00_00/c2000ware/driverlib/f
    9330                      .dwattr $C$DW$686, DW_AT_decl_line(0xf0)
    9331                      .dwattr $C$DW$686, DW_AT_decl_column(0x05)
    9332              
    9333                      .dwattr $C$DW$T$74, DW_AT_decl_file("C:/ti/C2000Ware_MotorControl_SDK_5_04_00_00/c2000ware/driverlib/
    9334                      .dwattr $C$DW$T$74, DW_AT_decl_line(0xec)
    9335                      .dwattr $C$DW$T$74, DW_AT_decl_column(0x01)
    9336                      .dwendtag $C$DW$T$74
    9337              
    9338                      .dwendtag $C$DW$TU$74
    9339              
    9340              
    9341              $C$DW$TU$75     .dwtag  DW_TAG_type_unit
    9342                      .dwmtype  $C$DW$T$75
    9343              $C$DW$T$75      .dwtag  DW_TAG_typedef
    9344                      .dwattr $C$DW$T$75, DW_AT_name("EPWM_PeriodLoadMode")
    9345                      .dwattr $C$DW$T$75, DW_AT_type(*$C$DW$T$74)
    9346                      .dwattr $C$DW$T$75, DW_AT_decl_file("C:/ti/C2000Ware_MotorControl_SDK_5_04_00_00/c2000ware/driverlib/
    9347                      .dwattr $C$DW$T$75, DW_AT_decl_line(0xf1)
    9348                      .dwattr $C$DW$T$75, DW_AT_decl_column(0x03)
    9349              
    9350                      .dwendtag $C$DW$TU$75
    9351              
    9352              
    9353              $C$DW$TU$76     .dwtag  DW_TAG_type_unit
    9354                      .dwmtype  $C$DW$T$76
    9355              
TMS320C2000 Assembler PC v22.6.2 Thu Feb 12 10:37:10 2026

Copyright (c) 1996-2018 Texas Instruments Incorporated
dual_axis_servo_drive_hal.asm                                        PAGE  183

    9356              $C$DW$T$76      .dwtag  DW_TAG_enumeration_type
    9357                      .dwattr $C$DW$T$76, DW_AT_byte_size(0x01)
    9358              $C$DW$687       .dwtag  DW_TAG_enumerator
    9359                      .dwattr $C$DW$687, DW_AT_name("EPWM_COUNTER_MODE_UP")
    9360                      .dwattr $C$DW$687, DW_AT_const_value(0x00)
    9361                      .dwattr $C$DW$687, DW_AT_decl_file("C:/ti/C2000Ware_MotorControl_SDK_5_04_00_00/c2000ware/driverlib/f
    9362                      .dwattr $C$DW$687, DW_AT_decl_line(0xfb)
    9363                      .dwattr $C$DW$687, DW_AT_decl_column(0x05)
    9364              
    9365              $C$DW$688       .dwtag  DW_TAG_enumerator
    9366                      .dwattr $C$DW$688, DW_AT_name("EPWM_COUNTER_MODE_DOWN")
    9367                      .dwattr $C$DW$688, DW_AT_const_value(0x01)
    9368                      .dwattr $C$DW$688, DW_AT_decl_file("C:/ti/C2000Ware_MotorControl_SDK_5_04_00_00/c2000ware/driverlib/f
    9369                      .dwattr $C$DW$688, DW_AT_decl_line(0xfc)
    9370                      .dwattr $C$DW$688, DW_AT_decl_column(0x05)
    9371              
    9372              $C$DW$689       .dwtag  DW_TAG_enumerator
    9373                      .dwattr $C$DW$689, DW_AT_name("EPWM_COUNTER_MODE_UP_DOWN")
    9374                      .dwattr $C$DW$689, DW_AT_const_value(0x02)
    9375                      .dwattr $C$DW$689, DW_AT_decl_file("C:/ti/C2000Ware_MotorControl_SDK_5_04_00_00/c2000ware/driverlib/f
    9376                      .dwattr $C$DW$689, DW_AT_decl_line(0xfd)
    9377                      .dwattr $C$DW$689, DW_AT_decl_column(0x05)
    9378              
    9379              $C$DW$690       .dwtag  DW_TAG_enumerator
    9380                      .dwattr $C$DW$690, DW_AT_name("EPWM_COUNTER_MODE_STOP_FREEZE")
    9381                      .dwattr $C$DW$690, DW_AT_const_value(0x03)
    9382                      .dwattr $C$DW$690, DW_AT_decl_file("C:/ti/C2000Ware_MotorControl_SDK_5_04_00_00/c2000ware/driverlib/f
    9383                      .dwattr $C$DW$690, DW_AT_decl_line(0xfe)
    9384                      .dwattr $C$DW$690, DW_AT_decl_column(0x05)
    9385              
    9386                      .dwattr $C$DW$T$76, DW_AT_decl_file("C:/ti/C2000Ware_MotorControl_SDK_5_04_00_00/c2000ware/driverlib/
    9387                      .dwattr $C$DW$T$76, DW_AT_decl_line(0xfa)
    9388                      .dwattr $C$DW$T$76, DW_AT_decl_column(0x01)
    9389                      .dwendtag $C$DW$T$76
    9390              
    9391                      .dwendtag $C$DW$TU$76
    9392              
    9393              
    9394              $C$DW$TU$77     .dwtag  DW_TAG_type_unit
    9395                      .dwmtype  $C$DW$T$77
    9396              $C$DW$T$77      .dwtag  DW_TAG_typedef
    9397                      .dwattr $C$DW$T$77, DW_AT_name("EPWM_TimeBaseCountMode")
    9398                      .dwattr $C$DW$T$77, DW_AT_type(*$C$DW$T$76)
    9399                      .dwattr $C$DW$T$77, DW_AT_decl_file("C:/ti/C2000Ware_MotorControl_SDK_5_04_00_00/c2000ware/driverlib/
    9400                      .dwattr $C$DW$T$77, DW_AT_decl_line(0xff)
    9401                      .dwattr $C$DW$T$77, DW_AT_decl_column(0x03)
    9402              
    9403                      .dwendtag $C$DW$TU$77
    9404              
    9405              
    9406              $C$DW$TU$78     .dwtag  DW_TAG_type_unit
    9407                      .dwmtype  $C$DW$T$78
    9408              
    9409              $C$DW$T$78      .dwtag  DW_TAG_enumeration_type
    9410                      .dwattr $C$DW$T$78, DW_AT_byte_size(0x01)
TMS320C2000 Assembler PC v22.6.2 Thu Feb 12 10:37:10 2026

Copyright (c) 1996-2018 Texas Instruments Incorporated
dual_axis_servo_drive_hal.asm                                        PAGE  184

    9411              $C$DW$691       .dwtag  DW_TAG_enumerator
    9412                      .dwattr $C$DW$691, DW_AT_name("EPWM_COUNTER_COMPARE_A")
    9413                      .dwattr $C$DW$691, DW_AT_const_value(0x00)
    9414                      .dwattr $C$DW$691, DW_AT_decl_file("C:/ti/C2000Ware_MotorControl_SDK_5_04_00_00/c2000ware/driverlib/f
    9415                      .dwattr $C$DW$691, DW_AT_decl_line(0x14c)
    9416                      .dwattr $C$DW$691, DW_AT_decl_column(0x05)
    9417              
    9418              $C$DW$692       .dwtag  DW_TAG_enumerator
    9419                      .dwattr $C$DW$692, DW_AT_name("EPWM_COUNTER_COMPARE_B")
    9420                      .dwattr $C$DW$692, DW_AT_const_value(0x02)
    9421                      .dwattr $C$DW$692, DW_AT_decl_file("C:/ti/C2000Ware_MotorControl_SDK_5_04_00_00/c2000ware/driverlib/f
    9422                      .dwattr $C$DW$692, DW_AT_decl_line(0x14d)
    9423                      .dwattr $C$DW$692, DW_AT_decl_column(0x05)
    9424              
    9425              $C$DW$693       .dwtag  DW_TAG_enumerator
    9426                      .dwattr $C$DW$693, DW_AT_name("EPWM_COUNTER_COMPARE_C")
    9427                      .dwattr $C$DW$693, DW_AT_const_value(0x05)
    9428                      .dwattr $C$DW$693, DW_AT_decl_file("C:/ti/C2000Ware_MotorControl_SDK_5_04_00_00/c2000ware/driverlib/f
    9429                      .dwattr $C$DW$693, DW_AT_decl_line(0x14e)
    9430                      .dwattr $C$DW$693, DW_AT_decl_column(0x05)
    9431              
    9432              $C$DW$694       .dwtag  DW_TAG_enumerator
    9433                      .dwattr $C$DW$694, DW_AT_name("EPWM_COUNTER_COMPARE_D")
    9434                      .dwattr $C$DW$694, DW_AT_const_value(0x07)
    9435                      .dwattr $C$DW$694, DW_AT_decl_file("C:/ti/C2000Ware_MotorControl_SDK_5_04_00_00/c2000ware/driverlib/f
    9436                      .dwattr $C$DW$694, DW_AT_decl_line(0x14f)
    9437                      .dwattr $C$DW$694, DW_AT_decl_column(0x05)
    9438              
    9439                      .dwattr $C$DW$T$78, DW_AT_decl_file("C:/ti/C2000Ware_MotorControl_SDK_5_04_00_00/c2000ware/driverlib/
    9440                      .dwattr $C$DW$T$78, DW_AT_decl_line(0x14b)
    9441                      .dwattr $C$DW$T$78, DW_AT_decl_column(0x01)
    9442                      .dwendtag $C$DW$T$78
    9443              
    9444                      .dwendtag $C$DW$TU$78
    9445              
    9446              
    9447              $C$DW$TU$79     .dwtag  DW_TAG_type_unit
    9448                      .dwmtype  $C$DW$T$79
    9449              $C$DW$T$79      .dwtag  DW_TAG_typedef
    9450                      .dwattr $C$DW$T$79, DW_AT_name("EPWM_CounterCompareModule")
    9451                      .dwattr $C$DW$T$79, DW_AT_type(*$C$DW$T$78)
    9452                      .dwattr $C$DW$T$79, DW_AT_decl_file("C:/ti/C2000Ware_MotorControl_SDK_5_04_00_00/c2000ware/driverlib/
    9453                      .dwattr $C$DW$T$79, DW_AT_decl_line(0x150)
    9454                      .dwattr $C$DW$T$79, DW_AT_decl_column(0x03)
    9455              
    9456                      .dwendtag $C$DW$TU$79
    9457              
    9458              
    9459              $C$DW$TU$80     .dwtag  DW_TAG_type_unit
    9460                      .dwmtype  $C$DW$T$80
    9461              
    9462              $C$DW$T$80      .dwtag  DW_TAG_enumeration_type
    9463                      .dwattr $C$DW$T$80, DW_AT_byte_size(0x01)
    9464              $C$DW$695       .dwtag  DW_TAG_enumerator
    9465                      .dwattr $C$DW$695, DW_AT_name("EPWM_COMP_LOAD_ON_CNTR_ZERO")
TMS320C2000 Assembler PC v22.6.2 Thu Feb 12 10:37:10 2026

Copyright (c) 1996-2018 Texas Instruments Incorporated
dual_axis_servo_drive_hal.asm                                        PAGE  185

    9466                      .dwattr $C$DW$695, DW_AT_const_value(0x00)
    9467                      .dwattr $C$DW$695, DW_AT_decl_file("C:/ti/C2000Ware_MotorControl_SDK_5_04_00_00/c2000ware/driverlib/f
    9468                      .dwattr $C$DW$695, DW_AT_decl_line(0x15b)
    9469                      .dwattr $C$DW$695, DW_AT_decl_column(0x05)
    9470              
    9471              $C$DW$696       .dwtag  DW_TAG_enumerator
    9472                      .dwattr $C$DW$696, DW_AT_name("EPWM_COMP_LOAD_ON_CNTR_PERIOD")
    9473                      .dwattr $C$DW$696, DW_AT_const_value(0x01)
    9474                      .dwattr $C$DW$696, DW_AT_decl_file("C:/ti/C2000Ware_MotorControl_SDK_5_04_00_00/c2000ware/driverlib/f
    9475                      .dwattr $C$DW$696, DW_AT_decl_line(0x15d)
    9476                      .dwattr $C$DW$696, DW_AT_decl_column(0x05)
    9477              
    9478              $C$DW$697       .dwtag  DW_TAG_enumerator
    9479                      .dwattr $C$DW$697, DW_AT_name("EPWM_COMP_LOAD_ON_CNTR_ZERO_PERIOD")
    9480                      .dwattr $C$DW$697, DW_AT_const_value(0x02)
    9481                      .dwattr $C$DW$697, DW_AT_decl_file("C:/ti/C2000Ware_MotorControl_SDK_5_04_00_00/c2000ware/driverlib/f
    9482                      .dwattr $C$DW$697, DW_AT_decl_line(0x15f)
    9483                      .dwattr $C$DW$697, DW_AT_decl_column(0x05)
    9484              
    9485              $C$DW$698       .dwtag  DW_TAG_enumerator
    9486                      .dwattr $C$DW$698, DW_AT_name("EPWM_COMP_LOAD_FREEZE")
    9487                      .dwattr $C$DW$698, DW_AT_const_value(0x03)
    9488                      .dwattr $C$DW$698, DW_AT_decl_file("C:/ti/C2000Ware_MotorControl_SDK_5_04_00_00/c2000ware/driverlib/f
    9489                      .dwattr $C$DW$698, DW_AT_decl_line(0x161)
    9490                      .dwattr $C$DW$698, DW_AT_decl_column(0x05)
    9491              
    9492              $C$DW$699       .dwtag  DW_TAG_enumerator
    9493                      .dwattr $C$DW$699, DW_AT_name("EPWM_COMP_LOAD_ON_SYNC_CNTR_ZERO")
    9494                      .dwattr $C$DW$699, DW_AT_const_value(0x04)
    9495                      .dwattr $C$DW$699, DW_AT_decl_file("C:/ti/C2000Ware_MotorControl_SDK_5_04_00_00/c2000ware/driverlib/f
    9496                      .dwattr $C$DW$699, DW_AT_decl_line(0x163)
    9497                      .dwattr $C$DW$699, DW_AT_decl_column(0x05)
    9498              
    9499              $C$DW$700       .dwtag  DW_TAG_enumerator
    9500                      .dwattr $C$DW$700, DW_AT_name("EPWM_COMP_LOAD_ON_SYNC_CNTR_PERIOD")
    9501                      .dwattr $C$DW$700, DW_AT_const_value(0x05)
    9502                      .dwattr $C$DW$700, DW_AT_decl_file("C:/ti/C2000Ware_MotorControl_SDK_5_04_00_00/c2000ware/driverlib/f
    9503                      .dwattr $C$DW$700, DW_AT_decl_line(0x165)
    9504                      .dwattr $C$DW$700, DW_AT_decl_column(0x05)
    9505              
    9506              $C$DW$701       .dwtag  DW_TAG_enumerator
    9507                      .dwattr $C$DW$701, DW_AT_name("EPWM_COMP_LOAD_ON_SYNC_CNTR_ZERO_PERIOD")
    9508                      .dwattr $C$DW$701, DW_AT_const_value(0x06)
    9509                      .dwattr $C$DW$701, DW_AT_decl_file("C:/ti/C2000Ware_MotorControl_SDK_5_04_00_00/c2000ware/driverlib/f
    9510                      .dwattr $C$DW$701, DW_AT_decl_line(0x167)
    9511                      .dwattr $C$DW$701, DW_AT_decl_column(0x05)
    9512              
    9513              $C$DW$702       .dwtag  DW_TAG_enumerator
    9514                      .dwattr $C$DW$702, DW_AT_name("EPWM_COMP_LOAD_ON_SYNC_ONLY")
    9515                      .dwattr $C$DW$702, DW_AT_const_value(0x08)
    9516                      .dwattr $C$DW$702, DW_AT_decl_file("C:/ti/C2000Ware_MotorControl_SDK_5_04_00_00/c2000ware/driverlib/f
    9517                      .dwattr $C$DW$702, DW_AT_decl_line(0x169)
    9518                      .dwattr $C$DW$702, DW_AT_decl_column(0x05)
    9519              
    9520                      .dwattr $C$DW$T$80, DW_AT_decl_file("C:/ti/C2000Ware_MotorControl_SDK_5_04_00_00/c2000ware/driverlib/
TMS320C2000 Assembler PC v22.6.2 Thu Feb 12 10:37:10 2026

Copyright (c) 1996-2018 Texas Instruments Incorporated
dual_axis_servo_drive_hal.asm                                        PAGE  186

    9521                      .dwattr $C$DW$T$80, DW_AT_decl_line(0x159)
    9522                      .dwattr $C$DW$T$80, DW_AT_decl_column(0x01)
    9523                      .dwendtag $C$DW$T$80
    9524              
    9525                      .dwendtag $C$DW$TU$80
    9526              
    9527              
    9528              $C$DW$TU$81     .dwtag  DW_TAG_type_unit
    9529                      .dwmtype  $C$DW$T$81
    9530              $C$DW$T$81      .dwtag  DW_TAG_typedef
    9531                      .dwattr $C$DW$T$81, DW_AT_name("EPWM_CounterCompareLoadMode")
    9532                      .dwattr $C$DW$T$81, DW_AT_type(*$C$DW$T$80)
    9533                      .dwattr $C$DW$T$81, DW_AT_decl_file("C:/ti/C2000Ware_MotorControl_SDK_5_04_00_00/c2000ware/driverlib/
    9534                      .dwattr $C$DW$T$81, DW_AT_decl_line(0x16a)
    9535                      .dwattr $C$DW$T$81, DW_AT_decl_column(0x03)
    9536              
    9537                      .dwendtag $C$DW$TU$81
    9538              
    9539              
    9540              $C$DW$TU$82     .dwtag  DW_TAG_type_unit
    9541                      .dwmtype  $C$DW$T$82
    9542              
    9543              $C$DW$T$82      .dwtag  DW_TAG_enumeration_type
    9544                      .dwattr $C$DW$T$82, DW_AT_byte_size(0x01)
    9545              $C$DW$703       .dwtag  DW_TAG_enumerator
    9546                      .dwattr $C$DW$703, DW_AT_name("EPWM_AQ_OUTPUT_A")
    9547                      .dwattr $C$DW$703, DW_AT_const_value(0x00)
    9548                      .dwattr $C$DW$703, DW_AT_decl_file("C:/ti/C2000Ware_MotorControl_SDK_5_04_00_00/c2000ware/driverlib/f
    9549                      .dwattr $C$DW$703, DW_AT_decl_line(0x24f)
    9550                      .dwattr $C$DW$703, DW_AT_decl_column(0x05)
    9551              
    9552              $C$DW$704       .dwtag  DW_TAG_enumerator
    9553                      .dwattr $C$DW$704, DW_AT_name("EPWM_AQ_OUTPUT_B")
    9554                      .dwattr $C$DW$704, DW_AT_const_value(0x02)
    9555                      .dwattr $C$DW$704, DW_AT_decl_file("C:/ti/C2000Ware_MotorControl_SDK_5_04_00_00/c2000ware/driverlib/f
    9556                      .dwattr $C$DW$704, DW_AT_decl_line(0x250)
    9557                      .dwattr $C$DW$704, DW_AT_decl_column(0x05)
    9558              
    9559                      .dwattr $C$DW$T$82, DW_AT_decl_file("C:/ti/C2000Ware_MotorControl_SDK_5_04_00_00/c2000ware/driverlib/
    9560                      .dwattr $C$DW$T$82, DW_AT_decl_line(0x24e)
    9561                      .dwattr $C$DW$T$82, DW_AT_decl_column(0x01)
    9562                      .dwendtag $C$DW$T$82
    9563              
    9564                      .dwendtag $C$DW$TU$82
    9565              
    9566              
    9567              $C$DW$TU$83     .dwtag  DW_TAG_type_unit
    9568                      .dwmtype  $C$DW$T$83
    9569              $C$DW$T$83      .dwtag  DW_TAG_typedef
    9570                      .dwattr $C$DW$T$83, DW_AT_name("EPWM_ActionQualifierOutputModule")
    9571                      .dwattr $C$DW$T$83, DW_AT_type(*$C$DW$T$82)
    9572                      .dwattr $C$DW$T$83, DW_AT_decl_file("C:/ti/C2000Ware_MotorControl_SDK_5_04_00_00/c2000ware/driverlib/
    9573                      .dwattr $C$DW$T$83, DW_AT_decl_line(0x251)
    9574                      .dwattr $C$DW$T$83, DW_AT_decl_column(0x03)
    9575              
TMS320C2000 Assembler PC v22.6.2 Thu Feb 12 10:37:10 2026

Copyright (c) 1996-2018 Texas Instruments Incorporated
dual_axis_servo_drive_hal.asm                                        PAGE  187

    9576                      .dwendtag $C$DW$TU$83
    9577              
    9578              
    9579              $C$DW$TU$84     .dwtag  DW_TAG_type_unit
    9580                      .dwmtype  $C$DW$T$84
    9581              
    9582              $C$DW$T$84      .dwtag  DW_TAG_enumeration_type
    9583                      .dwattr $C$DW$T$84, DW_AT_byte_size(0x01)
    9584              $C$DW$705       .dwtag  DW_TAG_enumerator
    9585                      .dwattr $C$DW$705, DW_AT_name("EPWM_DB_RED")
    9586                      .dwattr $C$DW$705, DW_AT_const_value(0x01)
    9587                      .dwattr $C$DW$705, DW_AT_decl_file("C:/ti/C2000Ware_MotorControl_SDK_5_04_00_00/c2000ware/driverlib/f
    9588                      .dwattr $C$DW$705, DW_AT_decl_line(0x279)
    9589                      .dwattr $C$DW$705, DW_AT_decl_column(0x05)
    9590              
    9591              $C$DW$706       .dwtag  DW_TAG_enumerator
    9592                      .dwattr $C$DW$706, DW_AT_name("EPWM_DB_FED")
    9593                      .dwattr $C$DW$706, DW_AT_const_value(0x00)
    9594                      .dwattr $C$DW$706, DW_AT_decl_file("C:/ti/C2000Ware_MotorControl_SDK_5_04_00_00/c2000ware/driverlib/f
    9595                      .dwattr $C$DW$706, DW_AT_decl_line(0x27a)
    9596                      .dwattr $C$DW$706, DW_AT_decl_column(0x05)
    9597              
    9598                      .dwattr $C$DW$T$84, DW_AT_decl_file("C:/ti/C2000Ware_MotorControl_SDK_5_04_00_00/c2000ware/driverlib/
    9599                      .dwattr $C$DW$T$84, DW_AT_decl_line(0x278)
    9600                      .dwattr $C$DW$T$84, DW_AT_decl_column(0x01)
    9601                      .dwendtag $C$DW$T$84
    9602              
    9603                      .dwendtag $C$DW$TU$84
    9604              
    9605              
    9606              $C$DW$TU$85     .dwtag  DW_TAG_type_unit
    9607                      .dwmtype  $C$DW$T$85
    9608              $C$DW$T$85      .dwtag  DW_TAG_typedef
    9609                      .dwattr $C$DW$T$85, DW_AT_name("EPWM_DeadBandDelayMode")
    9610                      .dwattr $C$DW$T$85, DW_AT_type(*$C$DW$T$84)
    9611                      .dwattr $C$DW$T$85, DW_AT_decl_file("C:/ti/C2000Ware_MotorControl_SDK_5_04_00_00/c2000ware/driverlib/
    9612                      .dwattr $C$DW$T$85, DW_AT_decl_line(0x27b)
    9613                      .dwattr $C$DW$T$85, DW_AT_decl_column(0x03)
    9614              
    9615                      .dwendtag $C$DW$TU$85
    9616              
    9617              
    9618              $C$DW$TU$86     .dwtag  DW_TAG_type_unit
    9619                      .dwmtype  $C$DW$T$86
    9620              
    9621              $C$DW$T$86      .dwtag  DW_TAG_enumeration_type
    9622                      .dwattr $C$DW$T$86, DW_AT_byte_size(0x01)
    9623              $C$DW$707       .dwtag  DW_TAG_enumerator
    9624                      .dwattr $C$DW$707, DW_AT_name("EPWM_DB_POLARITY_ACTIVE_HIGH")
    9625                      .dwattr $C$DW$707, DW_AT_const_value(0x00)
    9626                      .dwattr $C$DW$707, DW_AT_decl_file("C:/ti/C2000Ware_MotorControl_SDK_5_04_00_00/c2000ware/driverlib/f
    9627                      .dwattr $C$DW$707, DW_AT_decl_line(0x285)
    9628                      .dwattr $C$DW$707, DW_AT_decl_column(0x05)
    9629              
    9630              $C$DW$708       .dwtag  DW_TAG_enumerator
TMS320C2000 Assembler PC v22.6.2 Thu Feb 12 10:37:10 2026

Copyright (c) 1996-2018 Texas Instruments Incorporated
dual_axis_servo_drive_hal.asm                                        PAGE  188

    9631                      .dwattr $C$DW$708, DW_AT_name("EPWM_DB_POLARITY_ACTIVE_LOW")
    9632                      .dwattr $C$DW$708, DW_AT_const_value(0x01)
    9633                      .dwattr $C$DW$708, DW_AT_decl_file("C:/ti/C2000Ware_MotorControl_SDK_5_04_00_00/c2000ware/driverlib/f
    9634                      .dwattr $C$DW$708, DW_AT_decl_line(0x286)
    9635                      .dwattr $C$DW$708, DW_AT_decl_column(0x05)
    9636              
    9637                      .dwattr $C$DW$T$86, DW_AT_decl_file("C:/ti/C2000Ware_MotorControl_SDK_5_04_00_00/c2000ware/driverlib/
    9638                      .dwattr $C$DW$T$86, DW_AT_decl_line(0x284)
    9639                      .dwattr $C$DW$T$86, DW_AT_decl_column(0x01)
    9640                      .dwendtag $C$DW$T$86
    9641              
    9642                      .dwendtag $C$DW$TU$86
    9643              
    9644              
    9645              $C$DW$TU$87     .dwtag  DW_TAG_type_unit
    9646                      .dwmtype  $C$DW$T$87
    9647              $C$DW$T$87      .dwtag  DW_TAG_typedef
    9648                      .dwattr $C$DW$T$87, DW_AT_name("EPWM_DeadBandPolarity")
    9649                      .dwattr $C$DW$T$87, DW_AT_type(*$C$DW$T$86)
    9650                      .dwattr $C$DW$T$87, DW_AT_decl_file("C:/ti/C2000Ware_MotorControl_SDK_5_04_00_00/c2000ware/driverlib/
    9651                      .dwattr $C$DW$T$87, DW_AT_decl_line(0x287)
    9652                      .dwattr $C$DW$T$87, DW_AT_decl_column(0x03)
    9653              
    9654                      .dwendtag $C$DW$TU$87
    9655              
    9656              
    9657              $C$DW$TU$88     .dwtag  DW_TAG_type_unit
    9658                      .dwmtype  $C$DW$T$88
    9659              
    9660              $C$DW$T$88      .dwtag  DW_TAG_enumeration_type
    9661                      .dwattr $C$DW$T$88, DW_AT_byte_size(0x01)
    9662              $C$DW$709       .dwtag  DW_TAG_enumerator
    9663                      .dwattr $C$DW$709, DW_AT_name("EPWM_TZ_DC_OUTPUT_A1")
    9664                      .dwattr $C$DW$709, DW_AT_const_value(0x00)
    9665                      .dwattr $C$DW$709, DW_AT_decl_file("C:/ti/C2000Ware_MotorControl_SDK_5_04_00_00/c2000ware/driverlib/f
    9666                      .dwattr $C$DW$709, DW_AT_decl_line(0x31f)
    9667                      .dwattr $C$DW$709, DW_AT_decl_column(0x05)
    9668              
    9669              $C$DW$710       .dwtag  DW_TAG_enumerator
    9670                      .dwattr $C$DW$710, DW_AT_name("EPWM_TZ_DC_OUTPUT_A2")
    9671                      .dwattr $C$DW$710, DW_AT_const_value(0x03)
    9672                      .dwattr $C$DW$710, DW_AT_decl_file("C:/ti/C2000Ware_MotorControl_SDK_5_04_00_00/c2000ware/driverlib/f
    9673                      .dwattr $C$DW$710, DW_AT_decl_line(0x320)
    9674                      .dwattr $C$DW$710, DW_AT_decl_column(0x05)
    9675              
    9676              $C$DW$711       .dwtag  DW_TAG_enumerator
    9677                      .dwattr $C$DW$711, DW_AT_name("EPWM_TZ_DC_OUTPUT_B1")
    9678                      .dwattr $C$DW$711, DW_AT_const_value(0x06)
    9679                      .dwattr $C$DW$711, DW_AT_decl_file("C:/ti/C2000Ware_MotorControl_SDK_5_04_00_00/c2000ware/driverlib/f
    9680                      .dwattr $C$DW$711, DW_AT_decl_line(0x321)
    9681                      .dwattr $C$DW$711, DW_AT_decl_column(0x05)
    9682              
    9683              $C$DW$712       .dwtag  DW_TAG_enumerator
    9684                      .dwattr $C$DW$712, DW_AT_name("EPWM_TZ_DC_OUTPUT_B2")
    9685                      .dwattr $C$DW$712, DW_AT_const_value(0x09)
TMS320C2000 Assembler PC v22.6.2 Thu Feb 12 10:37:10 2026

Copyright (c) 1996-2018 Texas Instruments Incorporated
dual_axis_servo_drive_hal.asm                                        PAGE  189

    9686                      .dwattr $C$DW$712, DW_AT_decl_file("C:/ti/C2000Ware_MotorControl_SDK_5_04_00_00/c2000ware/driverlib/f
    9687                      .dwattr $C$DW$712, DW_AT_decl_line(0x322)
    9688                      .dwattr $C$DW$712, DW_AT_decl_column(0x05)
    9689              
    9690                      .dwattr $C$DW$T$88, DW_AT_decl_file("C:/ti/C2000Ware_MotorControl_SDK_5_04_00_00/c2000ware/driverlib/
    9691                      .dwattr $C$DW$T$88, DW_AT_decl_line(0x31e)
    9692                      .dwattr $C$DW$T$88, DW_AT_decl_column(0x01)
    9693                      .dwendtag $C$DW$T$88
    9694              
    9695                      .dwendtag $C$DW$TU$88
    9696              
    9697              
    9698              $C$DW$TU$89     .dwtag  DW_TAG_type_unit
    9699                      .dwmtype  $C$DW$T$89
    9700              $C$DW$T$89      .dwtag  DW_TAG_typedef
    9701                      .dwattr $C$DW$T$89, DW_AT_name("EPWM_TripZoneDigitalCompareOutput")
    9702                      .dwattr $C$DW$T$89, DW_AT_type(*$C$DW$T$88)
    9703                      .dwattr $C$DW$T$89, DW_AT_decl_file("C:/ti/C2000Ware_MotorControl_SDK_5_04_00_00/c2000ware/driverlib/
    9704                      .dwattr $C$DW$T$89, DW_AT_decl_line(0x323)
    9705                      .dwattr $C$DW$T$89, DW_AT_decl_column(0x03)
    9706              
    9707                      .dwendtag $C$DW$TU$89
    9708              
    9709              
    9710              $C$DW$TU$90     .dwtag  DW_TAG_type_unit
    9711                      .dwmtype  $C$DW$T$90
    9712              
    9713              $C$DW$T$90      .dwtag  DW_TAG_enumeration_type
    9714                      .dwattr $C$DW$T$90, DW_AT_byte_size(0x01)
    9715              $C$DW$713       .dwtag  DW_TAG_enumerator
    9716                      .dwattr $C$DW$713, DW_AT_name("EPWM_TZ_EVENT_DC_DISABLED")
    9717                      .dwattr $C$DW$713, DW_AT_const_value(0x00)
    9718                      .dwattr $C$DW$713, DW_AT_decl_file("C:/ti/C2000Ware_MotorControl_SDK_5_04_00_00/c2000ware/driverlib/f
    9719                      .dwattr $C$DW$713, DW_AT_decl_line(0x32d)
    9720                      .dwattr $C$DW$713, DW_AT_decl_column(0x05)
    9721              
    9722              $C$DW$714       .dwtag  DW_TAG_enumerator
    9723                      .dwattr $C$DW$714, DW_AT_name("EPWM_TZ_EVENT_DCXH_LOW")
    9724                      .dwattr $C$DW$714, DW_AT_const_value(0x01)
    9725                      .dwattr $C$DW$714, DW_AT_decl_file("C:/ti/C2000Ware_MotorControl_SDK_5_04_00_00/c2000ware/driverlib/f
    9726                      .dwattr $C$DW$714, DW_AT_decl_line(0x32e)
    9727                      .dwattr $C$DW$714, DW_AT_decl_column(0x05)
    9728              
    9729              $C$DW$715       .dwtag  DW_TAG_enumerator
    9730                      .dwattr $C$DW$715, DW_AT_name("EPWM_TZ_EVENT_DCXH_HIGH")
    9731                      .dwattr $C$DW$715, DW_AT_const_value(0x02)
    9732                      .dwattr $C$DW$715, DW_AT_decl_file("C:/ti/C2000Ware_MotorControl_SDK_5_04_00_00/c2000ware/driverlib/f
    9733                      .dwattr $C$DW$715, DW_AT_decl_line(0x32f)
    9734                      .dwattr $C$DW$715, DW_AT_decl_column(0x05)
    9735              
    9736              $C$DW$716       .dwtag  DW_TAG_enumerator
    9737                      .dwattr $C$DW$716, DW_AT_name("EPWM_TZ_EVENT_DCXL_LOW")
    9738                      .dwattr $C$DW$716, DW_AT_const_value(0x03)
    9739                      .dwattr $C$DW$716, DW_AT_decl_file("C:/ti/C2000Ware_MotorControl_SDK_5_04_00_00/c2000ware/driverlib/f
    9740                      .dwattr $C$DW$716, DW_AT_decl_line(0x330)
TMS320C2000 Assembler PC v22.6.2 Thu Feb 12 10:37:10 2026

Copyright (c) 1996-2018 Texas Instruments Incorporated
dual_axis_servo_drive_hal.asm                                        PAGE  190

    9741                      .dwattr $C$DW$716, DW_AT_decl_column(0x05)
    9742              
    9743              $C$DW$717       .dwtag  DW_TAG_enumerator
    9744                      .dwattr $C$DW$717, DW_AT_name("EPWM_TZ_EVENT_DCXL_HIGH")
    9745                      .dwattr $C$DW$717, DW_AT_const_value(0x04)
    9746                      .dwattr $C$DW$717, DW_AT_decl_file("C:/ti/C2000Ware_MotorControl_SDK_5_04_00_00/c2000ware/driverlib/f
    9747                      .dwattr $C$DW$717, DW_AT_decl_line(0x331)
    9748                      .dwattr $C$DW$717, DW_AT_decl_column(0x05)
    9749              
    9750              $C$DW$718       .dwtag  DW_TAG_enumerator
    9751                      .dwattr $C$DW$718, DW_AT_name("EPWM_TZ_EVENT_DCXL_HIGH_DCXH_LOW")
    9752                      .dwattr $C$DW$718, DW_AT_const_value(0x05)
    9753                      .dwattr $C$DW$718, DW_AT_decl_file("C:/ti/C2000Ware_MotorControl_SDK_5_04_00_00/c2000ware/driverlib/f
    9754                      .dwattr $C$DW$718, DW_AT_decl_line(0x332)
    9755                      .dwattr $C$DW$718, DW_AT_decl_column(0x05)
    9756              
    9757                      .dwattr $C$DW$T$90, DW_AT_decl_file("C:/ti/C2000Ware_MotorControl_SDK_5_04_00_00/c2000ware/driverlib/
    9758                      .dwattr $C$DW$T$90, DW_AT_decl_line(0x32c)
    9759                      .dwattr $C$DW$T$90, DW_AT_decl_column(0x01)
    9760                      .dwendtag $C$DW$T$90
    9761              
    9762                      .dwendtag $C$DW$TU$90
    9763              
    9764              
    9765              $C$DW$TU$91     .dwtag  DW_TAG_type_unit
    9766                      .dwmtype  $C$DW$T$91
    9767              $C$DW$T$91      .dwtag  DW_TAG_typedef
    9768                      .dwattr $C$DW$T$91, DW_AT_name("EPWM_TripZoneDigitalCompareOutputEvent")
    9769                      .dwattr $C$DW$T$91, DW_AT_type(*$C$DW$T$90)
    9770                      .dwattr $C$DW$T$91, DW_AT_decl_file("C:/ti/C2000Ware_MotorControl_SDK_5_04_00_00/c2000ware/driverlib/
    9771                      .dwattr $C$DW$T$91, DW_AT_decl_line(0x333)
    9772                      .dwattr $C$DW$T$91, DW_AT_decl_column(0x03)
    9773              
    9774                      .dwendtag $C$DW$TU$91
    9775              
    9776              
    9777              $C$DW$TU$92     .dwtag  DW_TAG_type_unit
    9778                      .dwmtype  $C$DW$T$92
    9779              
    9780              $C$DW$T$92      .dwtag  DW_TAG_enumeration_type
    9781                      .dwattr $C$DW$T$92, DW_AT_byte_size(0x01)
    9782              $C$DW$719       .dwtag  DW_TAG_enumerator
    9783                      .dwattr $C$DW$719, DW_AT_name("EPWM_TZ_ACTION_EVENT_TZA")
    9784                      .dwattr $C$DW$719, DW_AT_const_value(0x00)
    9785                      .dwattr $C$DW$719, DW_AT_decl_file("C:/ti/C2000Ware_MotorControl_SDK_5_04_00_00/c2000ware/driverlib/f
    9786                      .dwattr $C$DW$719, DW_AT_decl_line(0x33d)
    9787                      .dwattr $C$DW$719, DW_AT_decl_column(0x05)
    9788              
    9789              $C$DW$720       .dwtag  DW_TAG_enumerator
    9790                      .dwattr $C$DW$720, DW_AT_name("EPWM_TZ_ACTION_EVENT_TZB")
    9791                      .dwattr $C$DW$720, DW_AT_const_value(0x02)
    9792                      .dwattr $C$DW$720, DW_AT_decl_file("C:/ti/C2000Ware_MotorControl_SDK_5_04_00_00/c2000ware/driverlib/f
    9793                      .dwattr $C$DW$720, DW_AT_decl_line(0x33e)
    9794                      .dwattr $C$DW$720, DW_AT_decl_column(0x05)
    9795              
TMS320C2000 Assembler PC v22.6.2 Thu Feb 12 10:37:10 2026

Copyright (c) 1996-2018 Texas Instruments Incorporated
dual_axis_servo_drive_hal.asm                                        PAGE  191

    9796              $C$DW$721       .dwtag  DW_TAG_enumerator
    9797                      .dwattr $C$DW$721, DW_AT_name("EPWM_TZ_ACTION_EVENT_DCAEVT1")
    9798                      .dwattr $C$DW$721, DW_AT_const_value(0x04)
    9799                      .dwattr $C$DW$721, DW_AT_decl_file("C:/ti/C2000Ware_MotorControl_SDK_5_04_00_00/c2000ware/driverlib/f
    9800                      .dwattr $C$DW$721, DW_AT_decl_line(0x33f)
    9801                      .dwattr $C$DW$721, DW_AT_decl_column(0x05)
    9802              
    9803              $C$DW$722       .dwtag  DW_TAG_enumerator
    9804                      .dwattr $C$DW$722, DW_AT_name("EPWM_TZ_ACTION_EVENT_DCAEVT2")
    9805                      .dwattr $C$DW$722, DW_AT_const_value(0x06)
    9806                      .dwattr $C$DW$722, DW_AT_decl_file("C:/ti/C2000Ware_MotorControl_SDK_5_04_00_00/c2000ware/driverlib/f
    9807                      .dwattr $C$DW$722, DW_AT_decl_line(0x340)
    9808                      .dwattr $C$DW$722, DW_AT_decl_column(0x05)
    9809              
    9810              $C$DW$723       .dwtag  DW_TAG_enumerator
    9811                      .dwattr $C$DW$723, DW_AT_name("EPWM_TZ_ACTION_EVENT_DCBEVT1")
    9812                      .dwattr $C$DW$723, DW_AT_const_value(0x08)
    9813                      .dwattr $C$DW$723, DW_AT_decl_file("C:/ti/C2000Ware_MotorControl_SDK_5_04_00_00/c2000ware/driverlib/f
    9814                      .dwattr $C$DW$723, DW_AT_decl_line(0x341)
    9815                      .dwattr $C$DW$723, DW_AT_decl_column(0x05)
    9816              
    9817              $C$DW$724       .dwtag  DW_TAG_enumerator
    9818                      .dwattr $C$DW$724, DW_AT_name("EPWM_TZ_ACTION_EVENT_DCBEVT2")
    9819                      .dwattr $C$DW$724, DW_AT_const_value(0x0a)
    9820                      .dwattr $C$DW$724, DW_AT_decl_file("C:/ti/C2000Ware_MotorControl_SDK_5_04_00_00/c2000ware/driverlib/f
    9821                      .dwattr $C$DW$724, DW_AT_decl_line(0x342)
    9822                      .dwattr $C$DW$724, DW_AT_decl_column(0x05)
    9823              
    9824                      .dwattr $C$DW$T$92, DW_AT_decl_file("C:/ti/C2000Ware_MotorControl_SDK_5_04_00_00/c2000ware/driverlib/
    9825                      .dwattr $C$DW$T$92, DW_AT_decl_line(0x33c)
    9826                      .dwattr $C$DW$T$92, DW_AT_decl_column(0x01)
    9827                      .dwendtag $C$DW$T$92
    9828              
    9829                      .dwendtag $C$DW$TU$92
    9830              
    9831              
    9832              $C$DW$TU$93     .dwtag  DW_TAG_type_unit
    9833                      .dwmtype  $C$DW$T$93
    9834              $C$DW$T$93      .dwtag  DW_TAG_typedef
    9835                      .dwattr $C$DW$T$93, DW_AT_name("EPWM_TripZoneEvent")
    9836                      .dwattr $C$DW$T$93, DW_AT_type(*$C$DW$T$92)
    9837                      .dwattr $C$DW$T$93, DW_AT_decl_file("C:/ti/C2000Ware_MotorControl_SDK_5_04_00_00/c2000ware/driverlib/
    9838                      .dwattr $C$DW$T$93, DW_AT_decl_line(0x343)
    9839                      .dwattr $C$DW$T$93, DW_AT_decl_column(0x03)
    9840              
    9841                      .dwendtag $C$DW$TU$93
    9842              
    9843              
    9844              $C$DW$TU$94     .dwtag  DW_TAG_type_unit
    9845                      .dwmtype  $C$DW$T$94
    9846              
    9847              $C$DW$T$94      .dwtag  DW_TAG_enumeration_type
    9848                      .dwattr $C$DW$T$94, DW_AT_byte_size(0x01)
    9849              $C$DW$725       .dwtag  DW_TAG_enumerator
    9850                      .dwattr $C$DW$725, DW_AT_name("EPWM_TZ_ACTION_HIGH_Z")
TMS320C2000 Assembler PC v22.6.2 Thu Feb 12 10:37:10 2026

Copyright (c) 1996-2018 Texas Instruments Incorporated
dual_axis_servo_drive_hal.asm                                        PAGE  192

    9851                      .dwattr $C$DW$725, DW_AT_const_value(0x00)
    9852                      .dwattr $C$DW$725, DW_AT_decl_file("C:/ti/C2000Ware_MotorControl_SDK_5_04_00_00/c2000ware/driverlib/f
    9853                      .dwattr $C$DW$725, DW_AT_decl_line(0x34d)
    9854                      .dwattr $C$DW$725, DW_AT_decl_column(0x05)
    9855              
    9856              $C$DW$726       .dwtag  DW_TAG_enumerator
    9857                      .dwattr $C$DW$726, DW_AT_name("EPWM_TZ_ACTION_HIGH")
    9858                      .dwattr $C$DW$726, DW_AT_const_value(0x01)
    9859                      .dwattr $C$DW$726, DW_AT_decl_file("C:/ti/C2000Ware_MotorControl_SDK_5_04_00_00/c2000ware/driverlib/f
    9860                      .dwattr $C$DW$726, DW_AT_decl_line(0x34e)
    9861                      .dwattr $C$DW$726, DW_AT_decl_column(0x05)
    9862              
    9863              $C$DW$727       .dwtag  DW_TAG_enumerator
    9864                      .dwattr $C$DW$727, DW_AT_name("EPWM_TZ_ACTION_LOW")
    9865                      .dwattr $C$DW$727, DW_AT_const_value(0x02)
    9866                      .dwattr $C$DW$727, DW_AT_decl_file("C:/ti/C2000Ware_MotorControl_SDK_5_04_00_00/c2000ware/driverlib/f
    9867                      .dwattr $C$DW$727, DW_AT_decl_line(0x34f)
    9868                      .dwattr $C$DW$727, DW_AT_decl_column(0x05)
    9869              
    9870              $C$DW$728       .dwtag  DW_TAG_enumerator
    9871                      .dwattr $C$DW$728, DW_AT_name("EPWM_TZ_ACTION_DISABLE")
    9872                      .dwattr $C$DW$728, DW_AT_const_value(0x03)
    9873                      .dwattr $C$DW$728, DW_AT_decl_file("C:/ti/C2000Ware_MotorControl_SDK_5_04_00_00/c2000ware/driverlib/f
    9874                      .dwattr $C$DW$728, DW_AT_decl_line(0x350)
    9875                      .dwattr $C$DW$728, DW_AT_decl_column(0x05)
    9876              
    9877                      .dwattr $C$DW$T$94, DW_AT_decl_file("C:/ti/C2000Ware_MotorControl_SDK_5_04_00_00/c2000ware/driverlib/
    9878                      .dwattr $C$DW$T$94, DW_AT_decl_line(0x34c)
    9879                      .dwattr $C$DW$T$94, DW_AT_decl_column(0x01)
    9880                      .dwendtag $C$DW$T$94
    9881              
    9882                      .dwendtag $C$DW$TU$94
    9883              
    9884              
    9885              $C$DW$TU$95     .dwtag  DW_TAG_type_unit
    9886                      .dwmtype  $C$DW$T$95
    9887              $C$DW$T$95      .dwtag  DW_TAG_typedef
    9888                      .dwattr $C$DW$T$95, DW_AT_name("EPWM_TripZoneAction")
    9889                      .dwattr $C$DW$T$95, DW_AT_type(*$C$DW$T$94)
    9890                      .dwattr $C$DW$T$95, DW_AT_decl_file("C:/ti/C2000Ware_MotorControl_SDK_5_04_00_00/c2000ware/driverlib/
    9891                      .dwattr $C$DW$T$95, DW_AT_decl_line(0x351)
    9892                      .dwattr $C$DW$T$95, DW_AT_decl_column(0x03)
    9893              
    9894                      .dwendtag $C$DW$TU$95
    9895              
    9896              
    9897              $C$DW$TU$96     .dwtag  DW_TAG_type_unit
    9898                      .dwmtype  $C$DW$T$96
    9899              
    9900              $C$DW$T$96      .dwtag  DW_TAG_enumeration_type
    9901                      .dwattr $C$DW$T$96, DW_AT_byte_size(0x01)
    9902              $C$DW$729       .dwtag  DW_TAG_enumerator
    9903                      .dwattr $C$DW$729, DW_AT_name("EPWM_SOC_A")
    9904                      .dwattr $C$DW$729, DW_AT_const_value(0x00)
    9905                      .dwattr $C$DW$729, DW_AT_decl_file("C:/ti/C2000Ware_MotorControl_SDK_5_04_00_00/c2000ware/driverlib/f
TMS320C2000 Assembler PC v22.6.2 Thu Feb 12 10:37:10 2026

Copyright (c) 1996-2018 Texas Instruments Incorporated
dual_axis_servo_drive_hal.asm                                        PAGE  193

    9906                      .dwattr $C$DW$729, DW_AT_decl_line(0x465)
    9907                      .dwattr $C$DW$729, DW_AT_decl_column(0x05)
    9908              
    9909              $C$DW$730       .dwtag  DW_TAG_enumerator
    9910                      .dwattr $C$DW$730, DW_AT_name("EPWM_SOC_B")
    9911                      .dwattr $C$DW$730, DW_AT_const_value(0x01)
    9912                      .dwattr $C$DW$730, DW_AT_decl_file("C:/ti/C2000Ware_MotorControl_SDK_5_04_00_00/c2000ware/driverlib/f
    9913                      .dwattr $C$DW$730, DW_AT_decl_line(0x466)
    9914                      .dwattr $C$DW$730, DW_AT_decl_column(0x05)
    9915              
    9916                      .dwattr $C$DW$T$96, DW_AT_decl_file("C:/ti/C2000Ware_MotorControl_SDK_5_04_00_00/c2000ware/driverlib/
    9917                      .dwattr $C$DW$T$96, DW_AT_decl_line(0x464)
    9918                      .dwattr $C$DW$T$96, DW_AT_decl_column(0x01)
    9919                      .dwendtag $C$DW$T$96
    9920              
    9921                      .dwendtag $C$DW$TU$96
    9922              
    9923              
    9924              $C$DW$TU$97     .dwtag  DW_TAG_type_unit
    9925                      .dwmtype  $C$DW$T$97
    9926              $C$DW$T$97      .dwtag  DW_TAG_typedef
    9927                      .dwattr $C$DW$T$97, DW_AT_name("EPWM_ADCStartOfConversionType")
    9928                      .dwattr $C$DW$T$97, DW_AT_type(*$C$DW$T$96)
    9929                      .dwattr $C$DW$T$97, DW_AT_decl_file("C:/ti/C2000Ware_MotorControl_SDK_5_04_00_00/c2000ware/driverlib/
    9930                      .dwattr $C$DW$T$97, DW_AT_decl_line(0x467)
    9931                      .dwattr $C$DW$T$97, DW_AT_decl_column(0x03)
    9932              
    9933                      .dwendtag $C$DW$TU$97
    9934              
    9935              
    9936              $C$DW$TU$98     .dwtag  DW_TAG_type_unit
    9937                      .dwmtype  $C$DW$T$98
    9938              
    9939              $C$DW$T$98      .dwtag  DW_TAG_enumeration_type
    9940                      .dwattr $C$DW$T$98, DW_AT_byte_size(0x01)
    9941              $C$DW$731       .dwtag  DW_TAG_enumerator
    9942                      .dwattr $C$DW$731, DW_AT_name("EPWM_SOC_DCxEVT1")
    9943                      .dwattr $C$DW$731, DW_AT_const_value(0x00)
    9944                      .dwattr $C$DW$731, DW_AT_decl_file("C:/ti/C2000Ware_MotorControl_SDK_5_04_00_00/c2000ware/driverlib/f
    9945                      .dwattr $C$DW$731, DW_AT_decl_line(0x472)
    9946                      .dwattr $C$DW$731, DW_AT_decl_column(0x05)
    9947              
    9948              $C$DW$732       .dwtag  DW_TAG_enumerator
    9949                      .dwattr $C$DW$732, DW_AT_name("EPWM_SOC_TBCTR_ZERO")
    9950                      .dwattr $C$DW$732, DW_AT_const_value(0x01)
    9951                      .dwattr $C$DW$732, DW_AT_decl_file("C:/ti/C2000Ware_MotorControl_SDK_5_04_00_00/c2000ware/driverlib/f
    9952                      .dwattr $C$DW$732, DW_AT_decl_line(0x474)
    9953                      .dwattr $C$DW$732, DW_AT_decl_column(0x05)
    9954              
    9955              $C$DW$733       .dwtag  DW_TAG_enumerator
    9956                      .dwattr $C$DW$733, DW_AT_name("EPWM_SOC_TBCTR_PERIOD")
    9957                      .dwattr $C$DW$733, DW_AT_const_value(0x02)
    9958                      .dwattr $C$DW$733, DW_AT_decl_file("C:/ti/C2000Ware_MotorControl_SDK_5_04_00_00/c2000ware/driverlib/f
    9959                      .dwattr $C$DW$733, DW_AT_decl_line(0x476)
    9960                      .dwattr $C$DW$733, DW_AT_decl_column(0x05)
TMS320C2000 Assembler PC v22.6.2 Thu Feb 12 10:37:10 2026

Copyright (c) 1996-2018 Texas Instruments Incorporated
dual_axis_servo_drive_hal.asm                                        PAGE  194

    9961              
    9962              $C$DW$734       .dwtag  DW_TAG_enumerator
    9963                      .dwattr $C$DW$734, DW_AT_name("EPWM_SOC_TBCTR_ZERO_OR_PERIOD")
    9964                      .dwattr $C$DW$734, DW_AT_const_value(0x03)
    9965                      .dwattr $C$DW$734, DW_AT_decl_file("C:/ti/C2000Ware_MotorControl_SDK_5_04_00_00/c2000ware/driverlib/f
    9966                      .dwattr $C$DW$734, DW_AT_decl_line(0x478)
    9967                      .dwattr $C$DW$734, DW_AT_decl_column(0x05)
    9968              
    9969              $C$DW$735       .dwtag  DW_TAG_enumerator
    9970                      .dwattr $C$DW$735, DW_AT_name("EPWM_SOC_TBCTR_U_CMPA")
    9971                      .dwattr $C$DW$735, DW_AT_const_value(0x04)
    9972                      .dwattr $C$DW$735, DW_AT_decl_file("C:/ti/C2000Ware_MotorControl_SDK_5_04_00_00/c2000ware/driverlib/f
    9973                      .dwattr $C$DW$735, DW_AT_decl_line(0x47a)
    9974                      .dwattr $C$DW$735, DW_AT_decl_column(0x05)
    9975              
    9976              $C$DW$736       .dwtag  DW_TAG_enumerator
    9977                      .dwattr $C$DW$736, DW_AT_name("EPWM_SOC_TBCTR_U_CMPC")
    9978                      .dwattr $C$DW$736, DW_AT_const_value(0x08)
    9979                      .dwattr $C$DW$736, DW_AT_decl_file("C:/ti/C2000Ware_MotorControl_SDK_5_04_00_00/c2000ware/driverlib/f
    9980                      .dwattr $C$DW$736, DW_AT_decl_line(0x47c)
    9981                      .dwattr $C$DW$736, DW_AT_decl_column(0x05)
    9982              
    9983              $C$DW$737       .dwtag  DW_TAG_enumerator
    9984                      .dwattr $C$DW$737, DW_AT_name("EPWM_SOC_TBCTR_D_CMPA")
    9985                      .dwattr $C$DW$737, DW_AT_const_value(0x05)
    9986                      .dwattr $C$DW$737, DW_AT_decl_file("C:/ti/C2000Ware_MotorControl_SDK_5_04_00_00/c2000ware/driverlib/f
    9987                      .dwattr $C$DW$737, DW_AT_decl_line(0x47e)
    9988                      .dwattr $C$DW$737, DW_AT_decl_column(0x05)
    9989              
    9990              $C$DW$738       .dwtag  DW_TAG_enumerator
    9991                      .dwattr $C$DW$738, DW_AT_name("EPWM_SOC_TBCTR_D_CMPC")
    9992                      .dwattr $C$DW$738, DW_AT_const_value(0x0a)
    9993                      .dwattr $C$DW$738, DW_AT_decl_file("C:/ti/C2000Ware_MotorControl_SDK_5_04_00_00/c2000ware/driverlib/f
    9994                      .dwattr $C$DW$738, DW_AT_decl_line(0x480)
    9995                      .dwattr $C$DW$738, DW_AT_decl_column(0x05)
    9996              
    9997              $C$DW$739       .dwtag  DW_TAG_enumerator
    9998                      .dwattr $C$DW$739, DW_AT_name("EPWM_SOC_TBCTR_U_CMPB")
    9999                      .dwattr $C$DW$739, DW_AT_const_value(0x06)
   10000                      .dwattr $C$DW$739, DW_AT_decl_file("C:/ti/C2000Ware_MotorControl_SDK_5_04_00_00/c2000ware/driverlib/f
   10001                      .dwattr $C$DW$739, DW_AT_decl_line(0x482)
   10002                      .dwattr $C$DW$739, DW_AT_decl_column(0x05)
   10003              
   10004              $C$DW$740       .dwtag  DW_TAG_enumerator
   10005                      .dwattr $C$DW$740, DW_AT_name("EPWM_SOC_TBCTR_U_CMPD")
   10006                      .dwattr $C$DW$740, DW_AT_const_value(0x0c)
   10007                      .dwattr $C$DW$740, DW_AT_decl_file("C:/ti/C2000Ware_MotorControl_SDK_5_04_00_00/c2000ware/driverlib/f
   10008                      .dwattr $C$DW$740, DW_AT_decl_line(0x484)
   10009                      .dwattr $C$DW$740, DW_AT_decl_column(0x05)
   10010              
   10011              $C$DW$741       .dwtag  DW_TAG_enumerator
   10012                      .dwattr $C$DW$741, DW_AT_name("EPWM_SOC_TBCTR_D_CMPB")
   10013                      .dwattr $C$DW$741, DW_AT_const_value(0x07)
   10014                      .dwattr $C$DW$741, DW_AT_decl_file("C:/ti/C2000Ware_MotorControl_SDK_5_04_00_00/c2000ware/driverlib/f
   10015                      .dwattr $C$DW$741, DW_AT_decl_line(0x486)
TMS320C2000 Assembler PC v22.6.2 Thu Feb 12 10:37:10 2026

Copyright (c) 1996-2018 Texas Instruments Incorporated
dual_axis_servo_drive_hal.asm                                        PAGE  195

   10016                      .dwattr $C$DW$741, DW_AT_decl_column(0x05)
   10017              
   10018              $C$DW$742       .dwtag  DW_TAG_enumerator
   10019                      .dwattr $C$DW$742, DW_AT_name("EPWM_SOC_TBCTR_D_CMPD")
   10020                      .dwattr $C$DW$742, DW_AT_const_value(0x0e)
   10021                      .dwattr $C$DW$742, DW_AT_decl_file("C:/ti/C2000Ware_MotorControl_SDK_5_04_00_00/c2000ware/driverlib/f
   10022                      .dwattr $C$DW$742, DW_AT_decl_line(0x488)
   10023                      .dwattr $C$DW$742, DW_AT_decl_column(0x05)
   10024              
   10025                      .dwattr $C$DW$T$98, DW_AT_decl_file("C:/ti/C2000Ware_MotorControl_SDK_5_04_00_00/c2000ware/driverlib/
   10026                      .dwattr $C$DW$T$98, DW_AT_decl_line(0x470)
   10027                      .dwattr $C$DW$T$98, DW_AT_decl_column(0x01)
   10028                      .dwendtag $C$DW$T$98
   10029              
   10030                      .dwendtag $C$DW$TU$98
   10031              
   10032              
   10033              $C$DW$TU$99     .dwtag  DW_TAG_type_unit
   10034                      .dwmtype  $C$DW$T$99
   10035              $C$DW$T$99      .dwtag  DW_TAG_typedef
   10036                      .dwattr $C$DW$T$99, DW_AT_name("EPWM_ADCStartOfConversionSource")
   10037                      .dwattr $C$DW$T$99, DW_AT_type(*$C$DW$T$98)
   10038                      .dwattr $C$DW$T$99, DW_AT_decl_file("C:/ti/C2000Ware_MotorControl_SDK_5_04_00_00/c2000ware/driverlib/
   10039                      .dwattr $C$DW$T$99, DW_AT_decl_line(0x489)
   10040                      .dwattr $C$DW$T$99, DW_AT_decl_column(0x03)
   10041              
   10042                      .dwendtag $C$DW$TU$99
   10043              
   10044              
   10045              $C$DW$TU$100    .dwtag  DW_TAG_type_unit
   10046                      .dwmtype  $C$DW$T$100
   10047              
   10048              $C$DW$T$100     .dwtag  DW_TAG_enumeration_type
   10049                      .dwattr $C$DW$T$100, DW_AT_byte_size(0x01)
   10050              $C$DW$743       .dwtag  DW_TAG_enumerator
   10051                      .dwattr $C$DW$743, DW_AT_name("EPWM_DC_MODULE_A")
   10052                      .dwattr $C$DW$743, DW_AT_const_value(0x00)
   10053                      .dwattr $C$DW$743, DW_AT_decl_file("C:/ti/C2000Ware_MotorControl_SDK_5_04_00_00/c2000ware/driverlib/f
   10054                      .dwattr $C$DW$743, DW_AT_decl_line(0x511)
   10055                      .dwattr $C$DW$743, DW_AT_decl_column(0x05)
   10056              
   10057              $C$DW$744       .dwtag  DW_TAG_enumerator
   10058                      .dwattr $C$DW$744, DW_AT_name("EPWM_DC_MODULE_B")
   10059                      .dwattr $C$DW$744, DW_AT_const_value(0x01)
   10060                      .dwattr $C$DW$744, DW_AT_decl_file("C:/ti/C2000Ware_MotorControl_SDK_5_04_00_00/c2000ware/driverlib/f
   10061                      .dwattr $C$DW$744, DW_AT_decl_line(0x512)
   10062                      .dwattr $C$DW$744, DW_AT_decl_column(0x05)
   10063              
   10064                      .dwattr $C$DW$T$100, DW_AT_decl_file("C:/ti/C2000Ware_MotorControl_SDK_5_04_00_00/c2000ware/driverlib
   10065                      .dwattr $C$DW$T$100, DW_AT_decl_line(0x510)
   10066                      .dwattr $C$DW$T$100, DW_AT_decl_column(0x01)
   10067                      .dwendtag $C$DW$T$100
   10068              
   10069                      .dwendtag $C$DW$TU$100
   10070              
TMS320C2000 Assembler PC v22.6.2 Thu Feb 12 10:37:10 2026

Copyright (c) 1996-2018 Texas Instruments Incorporated
dual_axis_servo_drive_hal.asm                                        PAGE  196

   10071              
   10072              $C$DW$TU$101    .dwtag  DW_TAG_type_unit
   10073                      .dwmtype  $C$DW$T$101
   10074              $C$DW$T$101     .dwtag  DW_TAG_typedef
   10075                      .dwattr $C$DW$T$101, DW_AT_name("EPWM_DigitalCompareModule")
   10076                      .dwattr $C$DW$T$101, DW_AT_type(*$C$DW$T$100)
   10077                      .dwattr $C$DW$T$101, DW_AT_decl_file("C:/ti/C2000Ware_MotorControl_SDK_5_04_00_00/c2000ware/driverlib
   10078                      .dwattr $C$DW$T$101, DW_AT_decl_line(0x513)
   10079                      .dwattr $C$DW$T$101, DW_AT_decl_column(0x03)
   10080              
   10081                      .dwendtag $C$DW$TU$101
   10082              
   10083              
   10084              $C$DW$TU$102    .dwtag  DW_TAG_type_unit
   10085                      .dwmtype  $C$DW$T$102
   10086              
   10087              $C$DW$T$102     .dwtag  DW_TAG_enumeration_type
   10088                      .dwattr $C$DW$T$102, DW_AT_byte_size(0x01)
   10089              $C$DW$745       .dwtag  DW_TAG_enumerator
   10090                      .dwattr $C$DW$745, DW_AT_name("EPWM_DC_EVENT_1")
   10091                      .dwattr $C$DW$745, DW_AT_const_value(0x00)
   10092                      .dwattr $C$DW$745, DW_AT_decl_file("C:/ti/C2000Ware_MotorControl_SDK_5_04_00_00/c2000ware/driverlib/f
   10093                      .dwattr $C$DW$745, DW_AT_decl_line(0x51d)
   10094                      .dwattr $C$DW$745, DW_AT_decl_column(0x05)
   10095              
   10096              $C$DW$746       .dwtag  DW_TAG_enumerator
   10097                      .dwattr $C$DW$746, DW_AT_name("EPWM_DC_EVENT_2")
   10098                      .dwattr $C$DW$746, DW_AT_const_value(0x01)
   10099                      .dwattr $C$DW$746, DW_AT_decl_file("C:/ti/C2000Ware_MotorControl_SDK_5_04_00_00/c2000ware/driverlib/f
   10100                      .dwattr $C$DW$746, DW_AT_decl_line(0x51e)
   10101                      .dwattr $C$DW$746, DW_AT_decl_column(0x05)
   10102              
   10103                      .dwattr $C$DW$T$102, DW_AT_decl_file("C:/ti/C2000Ware_MotorControl_SDK_5_04_00_00/c2000ware/driverlib
   10104                      .dwattr $C$DW$T$102, DW_AT_decl_line(0x51c)
   10105                      .dwattr $C$DW$T$102, DW_AT_decl_column(0x01)
   10106                      .dwendtag $C$DW$T$102
   10107              
   10108                      .dwendtag $C$DW$TU$102
   10109              
   10110              
   10111              $C$DW$TU$103    .dwtag  DW_TAG_type_unit
   10112                      .dwmtype  $C$DW$T$103
   10113              $C$DW$T$103     .dwtag  DW_TAG_typedef
   10114                      .dwattr $C$DW$T$103, DW_AT_name("EPWM_DigitalCompareEvent")
   10115                      .dwattr $C$DW$T$103, DW_AT_type(*$C$DW$T$102)
   10116                      .dwattr $C$DW$T$103, DW_AT_decl_file("C:/ti/C2000Ware_MotorControl_SDK_5_04_00_00/c2000ware/driverlib
   10117                      .dwattr $C$DW$T$103, DW_AT_decl_line(0x51f)
   10118                      .dwattr $C$DW$T$103, DW_AT_decl_column(0x03)
   10119              
   10120                      .dwendtag $C$DW$TU$103
   10121              
   10122              
   10123              $C$DW$TU$104    .dwtag  DW_TAG_type_unit
   10124                      .dwmtype  $C$DW$T$104
   10125              
TMS320C2000 Assembler PC v22.6.2 Thu Feb 12 10:37:10 2026

Copyright (c) 1996-2018 Texas Instruments Incorporated
dual_axis_servo_drive_hal.asm                                        PAGE  197

   10126              $C$DW$T$104     .dwtag  DW_TAG_enumeration_type
   10127                      .dwattr $C$DW$T$104, DW_AT_byte_size(0x01)
   10128              $C$DW$747       .dwtag  DW_TAG_enumerator
   10129                      .dwattr $C$DW$747, DW_AT_name("EPWM_DC_EVENT_SOURCE_ORIG_SIGNAL")
   10130                      .dwattr $C$DW$747, DW_AT_const_value(0x00)
   10131                      .dwattr $C$DW$747, DW_AT_decl_file("C:/ti/C2000Ware_MotorControl_SDK_5_04_00_00/c2000ware/driverlib/f
   10132                      .dwattr $C$DW$747, DW_AT_decl_line(0x52a)
   10133                      .dwattr $C$DW$747, DW_AT_decl_column(0x05)
   10134              
   10135              $C$DW$748       .dwtag  DW_TAG_enumerator
   10136                      .dwattr $C$DW$748, DW_AT_name("EPWM_DC_EVENT_SOURCE_FILT_SIGNAL")
   10137                      .dwattr $C$DW$748, DW_AT_const_value(0x01)
   10138                      .dwattr $C$DW$748, DW_AT_decl_file("C:/ti/C2000Ware_MotorControl_SDK_5_04_00_00/c2000ware/driverlib/f
   10139                      .dwattr $C$DW$748, DW_AT_decl_line(0x52c)
   10140                      .dwattr $C$DW$748, DW_AT_decl_column(0x05)
   10141              
   10142                      .dwattr $C$DW$T$104, DW_AT_decl_file("C:/ti/C2000Ware_MotorControl_SDK_5_04_00_00/c2000ware/driverlib
   10143                      .dwattr $C$DW$T$104, DW_AT_decl_line(0x528)
   10144                      .dwattr $C$DW$T$104, DW_AT_decl_column(0x01)
   10145                      .dwendtag $C$DW$T$104
   10146              
   10147                      .dwendtag $C$DW$TU$104
   10148              
   10149              
   10150              $C$DW$TU$105    .dwtag  DW_TAG_type_unit
   10151                      .dwmtype  $C$DW$T$105
   10152              $C$DW$T$105     .dwtag  DW_TAG_typedef
   10153                      .dwattr $C$DW$T$105, DW_AT_name("EPWM_DigitalCompareEventSource")
   10154                      .dwattr $C$DW$T$105, DW_AT_type(*$C$DW$T$104)
   10155                      .dwattr $C$DW$T$105, DW_AT_decl_file("C:/ti/C2000Ware_MotorControl_SDK_5_04_00_00/c2000ware/driverlib
   10156                      .dwattr $C$DW$T$105, DW_AT_decl_line(0x52d)
   10157                      .dwattr $C$DW$T$105, DW_AT_decl_column(0x03)
   10158              
   10159                      .dwendtag $C$DW$TU$105
   10160              
   10161              
   10162              $C$DW$TU$106    .dwtag  DW_TAG_type_unit
   10163                      .dwmtype  $C$DW$T$106
   10164              
   10165              $C$DW$T$106     .dwtag  DW_TAG_enumeration_type
   10166                      .dwattr $C$DW$T$106, DW_AT_byte_size(0x01)
   10167              $C$DW$749       .dwtag  DW_TAG_enumerator
   10168                      .dwattr $C$DW$749, DW_AT_name("EPWM_DC_EVENT_INPUT_SYNCED")
   10169                      .dwattr $C$DW$749, DW_AT_const_value(0x00)
   10170                      .dwattr $C$DW$749, DW_AT_decl_file("C:/ti/C2000Ware_MotorControl_SDK_5_04_00_00/c2000ware/driverlib/f
   10171                      .dwattr $C$DW$749, DW_AT_decl_line(0x538)
   10172                      .dwattr $C$DW$749, DW_AT_decl_column(0x05)
   10173              
   10174              $C$DW$750       .dwtag  DW_TAG_enumerator
   10175                      .dwattr $C$DW$750, DW_AT_name("EPWM_DC_EVENT_INPUT_NOT_SYNCED")
   10176                      .dwattr $C$DW$750, DW_AT_const_value(0x01)
   10177                      .dwattr $C$DW$750, DW_AT_decl_file("C:/ti/C2000Ware_MotorControl_SDK_5_04_00_00/c2000ware/driverlib/f
   10178                      .dwattr $C$DW$750, DW_AT_decl_line(0x53a)
   10179                      .dwattr $C$DW$750, DW_AT_decl_column(0x05)
   10180              
TMS320C2000 Assembler PC v22.6.2 Thu Feb 12 10:37:10 2026

Copyright (c) 1996-2018 Texas Instruments Incorporated
dual_axis_servo_drive_hal.asm                                        PAGE  198

   10181                      .dwattr $C$DW$T$106, DW_AT_decl_file("C:/ti/C2000Ware_MotorControl_SDK_5_04_00_00/c2000ware/driverlib
   10182                      .dwattr $C$DW$T$106, DW_AT_decl_line(0x536)
   10183                      .dwattr $C$DW$T$106, DW_AT_decl_column(0x01)
   10184                      .dwendtag $C$DW$T$106
   10185              
   10186                      .dwendtag $C$DW$TU$106
   10187              
   10188              
   10189              $C$DW$TU$107    .dwtag  DW_TAG_type_unit
   10190                      .dwmtype  $C$DW$T$107
   10191              $C$DW$T$107     .dwtag  DW_TAG_typedef
   10192                      .dwattr $C$DW$T$107, DW_AT_name("EPWM_DigitalCompareSyncMode")
   10193                      .dwattr $C$DW$T$107, DW_AT_type(*$C$DW$T$106)
   10194                      .dwattr $C$DW$T$107, DW_AT_decl_file("C:/ti/C2000Ware_MotorControl_SDK_5_04_00_00/c2000ware/driverlib
   10195                      .dwattr $C$DW$T$107, DW_AT_decl_line(0x53b)
   10196                      .dwattr $C$DW$T$107, DW_AT_decl_column(0x03)
   10197              
   10198                      .dwendtag $C$DW$TU$107
   10199              
   10200              
   10201              $C$DW$TU$108    .dwtag  DW_TAG_type_unit
   10202                      .dwmtype  $C$DW$T$108
   10203              
   10204              $C$DW$T$108     .dwtag  DW_TAG_enumeration_type
   10205                      .dwattr $C$DW$T$108, DW_AT_byte_size(0x01)
   10206              $C$DW$751       .dwtag  DW_TAG_enumerator
   10207                      .dwattr $C$DW$751, DW_AT_name("EPWM_DC_TYPE_DCAH")
   10208                      .dwattr $C$DW$751, DW_AT_const_value(0x00)
   10209                      .dwattr $C$DW$751, DW_AT_decl_file("C:/ti/C2000Ware_MotorControl_SDK_5_04_00_00/c2000ware/driverlib/f
   10210                      .dwattr $C$DW$751, DW_AT_decl_line(0x498)
   10211                      .dwattr $C$DW$751, DW_AT_decl_column(0x05)
   10212              
   10213              $C$DW$752       .dwtag  DW_TAG_enumerator
   10214                      .dwattr $C$DW$752, DW_AT_name("EPWM_DC_TYPE_DCAL")
   10215                      .dwattr $C$DW$752, DW_AT_const_value(0x01)
   10216                      .dwattr $C$DW$752, DW_AT_decl_file("C:/ti/C2000Ware_MotorControl_SDK_5_04_00_00/c2000ware/driverlib/f
   10217                      .dwattr $C$DW$752, DW_AT_decl_line(0x499)
   10218                      .dwattr $C$DW$752, DW_AT_decl_column(0x05)
   10219              
   10220              $C$DW$753       .dwtag  DW_TAG_enumerator
   10221                      .dwattr $C$DW$753, DW_AT_name("EPWM_DC_TYPE_DCBH")
   10222                      .dwattr $C$DW$753, DW_AT_const_value(0x02)
   10223                      .dwattr $C$DW$753, DW_AT_decl_file("C:/ti/C2000Ware_MotorControl_SDK_5_04_00_00/c2000ware/driverlib/f
   10224                      .dwattr $C$DW$753, DW_AT_decl_line(0x49a)
   10225                      .dwattr $C$DW$753, DW_AT_decl_column(0x05)
   10226              
   10227              $C$DW$754       .dwtag  DW_TAG_enumerator
   10228                      .dwattr $C$DW$754, DW_AT_name("EPWM_DC_TYPE_DCBL")
   10229                      .dwattr $C$DW$754, DW_AT_const_value(0x03)
   10230                      .dwattr $C$DW$754, DW_AT_decl_file("C:/ti/C2000Ware_MotorControl_SDK_5_04_00_00/c2000ware/driverlib/f
   10231                      .dwattr $C$DW$754, DW_AT_decl_line(0x49b)
   10232                      .dwattr $C$DW$754, DW_AT_decl_column(0x05)
   10233              
   10234                      .dwattr $C$DW$T$108, DW_AT_decl_file("C:/ti/C2000Ware_MotorControl_SDK_5_04_00_00/c2000ware/driverlib
   10235                      .dwattr $C$DW$T$108, DW_AT_decl_line(0x497)
TMS320C2000 Assembler PC v22.6.2 Thu Feb 12 10:37:10 2026

Copyright (c) 1996-2018 Texas Instruments Incorporated
dual_axis_servo_drive_hal.asm                                        PAGE  199

   10236                      .dwattr $C$DW$T$108, DW_AT_decl_column(0x01)
   10237                      .dwendtag $C$DW$T$108
   10238              
   10239                      .dwendtag $C$DW$TU$108
   10240              
   10241              
   10242              $C$DW$TU$109    .dwtag  DW_TAG_type_unit
   10243                      .dwmtype  $C$DW$T$109
   10244              $C$DW$T$109     .dwtag  DW_TAG_typedef
   10245                      .dwattr $C$DW$T$109, DW_AT_name("EPWM_DigitalCompareType")
   10246                      .dwattr $C$DW$T$109, DW_AT_type(*$C$DW$T$108)
   10247                      .dwattr $C$DW$T$109, DW_AT_decl_file("C:/ti/C2000Ware_MotorControl_SDK_5_04_00_00/c2000ware/driverlib
   10248                      .dwattr $C$DW$T$109, DW_AT_decl_line(0x49c)
   10249                      .dwattr $C$DW$T$109, DW_AT_decl_column(0x03)
   10250              
   10251                      .dwendtag $C$DW$TU$109
   10252              
   10253              
   10254              $C$DW$TU$110    .dwtag  DW_TAG_type_unit
   10255                      .dwmtype  $C$DW$T$110
   10256              
   10257              $C$DW$T$110     .dwtag  DW_TAG_enumeration_type
   10258                      .dwattr $C$DW$T$110, DW_AT_byte_size(0x01)
   10259              $C$DW$755       .dwtag  DW_TAG_enumerator
   10260                      .dwattr $C$DW$755, DW_AT_name("EQEP_POSITION_RESET_IDX")
   10261                      .dwattr $C$DW$755, DW_AT_const_value(0x00)
   10262                      .dwattr $C$DW$755, DW_AT_decl_file("C:/ti/C2000Ware_MotorControl_SDK_5_04_00_00/c2000ware/driverlib/f
   10263                      .dwattr $C$DW$755, DW_AT_decl_line(0xe4)
   10264                      .dwattr $C$DW$755, DW_AT_decl_column(0x05)
   10265              
   10266              $C$DW$756       .dwtag  DW_TAG_enumerator
   10267                      .dwattr $C$DW$756, DW_AT_name("EQEP_POSITION_RESET_MAX_POS")
   10268                      .dwattr $C$DW$756, DW_AT_const_value(0x1000)
   10269                      .dwattr $C$DW$756, DW_AT_decl_file("C:/ti/C2000Ware_MotorControl_SDK_5_04_00_00/c2000ware/driverlib/f
   10270                      .dwattr $C$DW$756, DW_AT_decl_line(0xe6)
   10271                      .dwattr $C$DW$756, DW_AT_decl_column(0x05)
   10272              
   10273              $C$DW$757       .dwtag  DW_TAG_enumerator
   10274                      .dwattr $C$DW$757, DW_AT_name("EQEP_POSITION_RESET_1ST_IDX")
   10275                      .dwattr $C$DW$757, DW_AT_const_value(0x2000)
   10276                      .dwattr $C$DW$757, DW_AT_decl_file("C:/ti/C2000Ware_MotorControl_SDK_5_04_00_00/c2000ware/driverlib/f
   10277                      .dwattr $C$DW$757, DW_AT_decl_line(0xe8)
   10278                      .dwattr $C$DW$757, DW_AT_decl_column(0x05)
   10279              
   10280              $C$DW$758       .dwtag  DW_TAG_enumerator
   10281                      .dwattr $C$DW$758, DW_AT_name("EQEP_POSITION_RESET_UNIT_TIME_OUT")
   10282                      .dwattr $C$DW$758, DW_AT_const_value(0x3000)
   10283                      .dwattr $C$DW$758, DW_AT_decl_file("C:/ti/C2000Ware_MotorControl_SDK_5_04_00_00/c2000ware/driverlib/f
   10284                      .dwattr $C$DW$758, DW_AT_decl_line(0xea)
   10285                      .dwattr $C$DW$758, DW_AT_decl_column(0x05)
   10286              
   10287                      .dwattr $C$DW$T$110, DW_AT_decl_file("C:/ti/C2000Ware_MotorControl_SDK_5_04_00_00/c2000ware/driverlib
   10288                      .dwattr $C$DW$T$110, DW_AT_decl_line(0xe2)
   10289                      .dwattr $C$DW$T$110, DW_AT_decl_column(0x01)
   10290                      .dwendtag $C$DW$T$110
TMS320C2000 Assembler PC v22.6.2 Thu Feb 12 10:37:10 2026

Copyright (c) 1996-2018 Texas Instruments Incorporated
dual_axis_servo_drive_hal.asm                                        PAGE  200

   10291              
   10292                      .dwendtag $C$DW$TU$110
   10293              
   10294              
   10295              $C$DW$TU$111    .dwtag  DW_TAG_type_unit
   10296                      .dwmtype  $C$DW$T$111
   10297              $C$DW$T$111     .dwtag  DW_TAG_typedef
   10298                      .dwattr $C$DW$T$111, DW_AT_name("EQEP_PositionResetMode")
   10299                      .dwattr $C$DW$T$111, DW_AT_type(*$C$DW$T$110)
   10300                      .dwattr $C$DW$T$111, DW_AT_decl_file("C:/ti/C2000Ware_MotorControl_SDK_5_04_00_00/c2000ware/driverlib
   10301                      .dwattr $C$DW$T$111, DW_AT_decl_line(0xeb)
   10302                      .dwattr $C$DW$T$111, DW_AT_decl_column(0x03)
   10303              
   10304                      .dwendtag $C$DW$TU$111
   10305              
   10306              
   10307              $C$DW$TU$112    .dwtag  DW_TAG_type_unit
   10308                      .dwmtype  $C$DW$T$112
   10309              
   10310              $C$DW$T$112     .dwtag  DW_TAG_enumeration_type
   10311                      .dwattr $C$DW$T$112, DW_AT_byte_size(0x01)
   10312              $C$DW$759       .dwtag  DW_TAG_enumerator
   10313                      .dwattr $C$DW$759, DW_AT_name("EQEP_CAPTURE_CLK_DIV_1")
   10314                      .dwattr $C$DW$759, DW_AT_const_value(0x00)
   10315                      .dwattr $C$DW$759, DW_AT_decl_file("C:/ti/C2000Ware_MotorControl_SDK_5_04_00_00/c2000ware/driverlib/f
   10316                      .dwattr $C$DW$759, DW_AT_decl_line(0xf5)
   10317                      .dwattr $C$DW$759, DW_AT_decl_column(0x05)
   10318              
   10319              $C$DW$760       .dwtag  DW_TAG_enumerator
   10320                      .dwattr $C$DW$760, DW_AT_name("EQEP_CAPTURE_CLK_DIV_2")
   10321                      .dwattr $C$DW$760, DW_AT_const_value(0x10)
   10322                      .dwattr $C$DW$760, DW_AT_decl_file("C:/ti/C2000Ware_MotorControl_SDK_5_04_00_00/c2000ware/driverlib/f
   10323                      .dwattr $C$DW$760, DW_AT_decl_line(0xf6)
   10324                      .dwattr $C$DW$760, DW_AT_decl_column(0x05)
   10325              
   10326              $C$DW$761       .dwtag  DW_TAG_enumerator
   10327                      .dwattr $C$DW$761, DW_AT_name("EQEP_CAPTURE_CLK_DIV_4")
   10328                      .dwattr $C$DW$761, DW_AT_const_value(0x20)
   10329                      .dwattr $C$DW$761, DW_AT_decl_file("C:/ti/C2000Ware_MotorControl_SDK_5_04_00_00/c2000ware/driverlib/f
   10330                      .dwattr $C$DW$761, DW_AT_decl_line(0xf7)
   10331                      .dwattr $C$DW$761, DW_AT_decl_column(0x05)
   10332              
   10333              $C$DW$762       .dwtag  DW_TAG_enumerator
   10334                      .dwattr $C$DW$762, DW_AT_name("EQEP_CAPTURE_CLK_DIV_8")
   10335                      .dwattr $C$DW$762, DW_AT_const_value(0x30)
   10336                      .dwattr $C$DW$762, DW_AT_decl_file("C:/ti/C2000Ware_MotorControl_SDK_5_04_00_00/c2000ware/driverlib/f
   10337                      .dwattr $C$DW$762, DW_AT_decl_line(0xf8)
   10338                      .dwattr $C$DW$762, DW_AT_decl_column(0x05)
   10339              
   10340              $C$DW$763       .dwtag  DW_TAG_enumerator
   10341                      .dwattr $C$DW$763, DW_AT_name("EQEP_CAPTURE_CLK_DIV_16")
   10342                      .dwattr $C$DW$763, DW_AT_const_value(0x40)
   10343                      .dwattr $C$DW$763, DW_AT_decl_file("C:/ti/C2000Ware_MotorControl_SDK_5_04_00_00/c2000ware/driverlib/f
   10344                      .dwattr $C$DW$763, DW_AT_decl_line(0xf9)
   10345                      .dwattr $C$DW$763, DW_AT_decl_column(0x05)
TMS320C2000 Assembler PC v22.6.2 Thu Feb 12 10:37:10 2026

Copyright (c) 1996-2018 Texas Instruments Incorporated
dual_axis_servo_drive_hal.asm                                        PAGE  201

   10346              
   10347              $C$DW$764       .dwtag  DW_TAG_enumerator
   10348                      .dwattr $C$DW$764, DW_AT_name("EQEP_CAPTURE_CLK_DIV_32")
   10349                      .dwattr $C$DW$764, DW_AT_const_value(0x50)
   10350                      .dwattr $C$DW$764, DW_AT_decl_file("C:/ti/C2000Ware_MotorControl_SDK_5_04_00_00/c2000ware/driverlib/f
   10351                      .dwattr $C$DW$764, DW_AT_decl_line(0xfa)
   10352                      .dwattr $C$DW$764, DW_AT_decl_column(0x05)
   10353              
   10354              $C$DW$765       .dwtag  DW_TAG_enumerator
   10355                      .dwattr $C$DW$765, DW_AT_name("EQEP_CAPTURE_CLK_DIV_64")
   10356                      .dwattr $C$DW$765, DW_AT_const_value(0x60)
   10357                      .dwattr $C$DW$765, DW_AT_decl_file("C:/ti/C2000Ware_MotorControl_SDK_5_04_00_00/c2000ware/driverlib/f
   10358                      .dwattr $C$DW$765, DW_AT_decl_line(0xfb)
   10359                      .dwattr $C$DW$765, DW_AT_decl_column(0x05)
   10360              
   10361              $C$DW$766       .dwtag  DW_TAG_enumerator
   10362                      .dwattr $C$DW$766, DW_AT_name("EQEP_CAPTURE_CLK_DIV_128")
   10363                      .dwattr $C$DW$766, DW_AT_const_value(0x70)
   10364                      .dwattr $C$DW$766, DW_AT_decl_file("C:/ti/C2000Ware_MotorControl_SDK_5_04_00_00/c2000ware/driverlib/f
   10365                      .dwattr $C$DW$766, DW_AT_decl_line(0xfc)
   10366                      .dwattr $C$DW$766, DW_AT_decl_column(0x05)
   10367              
   10368                      .dwattr $C$DW$T$112, DW_AT_decl_file("C:/ti/C2000Ware_MotorControl_SDK_5_04_00_00/c2000ware/driverlib
   10369                      .dwattr $C$DW$T$112, DW_AT_decl_line(0xf4)
   10370                      .dwattr $C$DW$T$112, DW_AT_decl_column(0x01)
   10371                      .dwendtag $C$DW$T$112
   10372              
   10373                      .dwendtag $C$DW$TU$112
   10374              
   10375              
   10376              $C$DW$TU$113    .dwtag  DW_TAG_type_unit
   10377                      .dwmtype  $C$DW$T$113
   10378              $C$DW$T$113     .dwtag  DW_TAG_typedef
   10379                      .dwattr $C$DW$T$113, DW_AT_name("EQEP_CAPCLKPrescale")
   10380                      .dwattr $C$DW$T$113, DW_AT_type(*$C$DW$T$112)
   10381                      .dwattr $C$DW$T$113, DW_AT_decl_file("C:/ti/C2000Ware_MotorControl_SDK_5_04_00_00/c2000ware/driverlib
   10382                      .dwattr $C$DW$T$113, DW_AT_decl_line(0xfd)
   10383                      .dwattr $C$DW$T$113, DW_AT_decl_column(0x03)
   10384              
   10385                      .dwendtag $C$DW$TU$113
   10386              
   10387              
   10388              $C$DW$TU$114    .dwtag  DW_TAG_type_unit
   10389                      .dwmtype  $C$DW$T$114
   10390              
   10391              $C$DW$T$114     .dwtag  DW_TAG_enumeration_type
   10392                      .dwattr $C$DW$T$114, DW_AT_byte_size(0x01)
   10393              $C$DW$767       .dwtag  DW_TAG_enumerator
   10394                      .dwattr $C$DW$767, DW_AT_name("EQEP_UNIT_POS_EVNT_DIV_1")
   10395                      .dwattr $C$DW$767, DW_AT_const_value(0x00)
   10396                      .dwattr $C$DW$767, DW_AT_decl_file("C:/ti/C2000Ware_MotorControl_SDK_5_04_00_00/c2000ware/driverlib/f
   10397                      .dwattr $C$DW$767, DW_AT_decl_line(0x107)
   10398                      .dwattr $C$DW$767, DW_AT_decl_column(0x05)
   10399              
   10400              $C$DW$768       .dwtag  DW_TAG_enumerator
TMS320C2000 Assembler PC v22.6.2 Thu Feb 12 10:37:10 2026

Copyright (c) 1996-2018 Texas Instruments Incorporated
dual_axis_servo_drive_hal.asm                                        PAGE  202

   10401                      .dwattr $C$DW$768, DW_AT_name("EQEP_UNIT_POS_EVNT_DIV_2")
   10402                      .dwattr $C$DW$768, DW_AT_const_value(0x01)
   10403                      .dwattr $C$DW$768, DW_AT_decl_file("C:/ti/C2000Ware_MotorControl_SDK_5_04_00_00/c2000ware/driverlib/f
   10404                      .dwattr $C$DW$768, DW_AT_decl_line(0x108)
   10405                      .dwattr $C$DW$768, DW_AT_decl_column(0x05)
   10406              
   10407              $C$DW$769       .dwtag  DW_TAG_enumerator
   10408                      .dwattr $C$DW$769, DW_AT_name("EQEP_UNIT_POS_EVNT_DIV_4")
   10409                      .dwattr $C$DW$769, DW_AT_const_value(0x02)
   10410                      .dwattr $C$DW$769, DW_AT_decl_file("C:/ti/C2000Ware_MotorControl_SDK_5_04_00_00/c2000ware/driverlib/f
   10411                      .dwattr $C$DW$769, DW_AT_decl_line(0x109)
   10412                      .dwattr $C$DW$769, DW_AT_decl_column(0x05)
   10413              
   10414              $C$DW$770       .dwtag  DW_TAG_enumerator
   10415                      .dwattr $C$DW$770, DW_AT_name("EQEP_UNIT_POS_EVNT_DIV_8")
   10416                      .dwattr $C$DW$770, DW_AT_const_value(0x03)
   10417                      .dwattr $C$DW$770, DW_AT_decl_file("C:/ti/C2000Ware_MotorControl_SDK_5_04_00_00/c2000ware/driverlib/f
   10418                      .dwattr $C$DW$770, DW_AT_decl_line(0x10a)
   10419                      .dwattr $C$DW$770, DW_AT_decl_column(0x05)
   10420              
   10421              $C$DW$771       .dwtag  DW_TAG_enumerator
   10422                      .dwattr $C$DW$771, DW_AT_name("EQEP_UNIT_POS_EVNT_DIV_16")
   10423                      .dwattr $C$DW$771, DW_AT_const_value(0x04)
   10424                      .dwattr $C$DW$771, DW_AT_decl_file("C:/ti/C2000Ware_MotorControl_SDK_5_04_00_00/c2000ware/driverlib/f
   10425                      .dwattr $C$DW$771, DW_AT_decl_line(0x10b)
   10426                      .dwattr $C$DW$771, DW_AT_decl_column(0x05)
   10427              
   10428              $C$DW$772       .dwtag  DW_TAG_enumerator
   10429                      .dwattr $C$DW$772, DW_AT_name("EQEP_UNIT_POS_EVNT_DIV_32")
   10430                      .dwattr $C$DW$772, DW_AT_const_value(0x05)
   10431                      .dwattr $C$DW$772, DW_AT_decl_file("C:/ti/C2000Ware_MotorControl_SDK_5_04_00_00/c2000ware/driverlib/f
   10432                      .dwattr $C$DW$772, DW_AT_decl_line(0x10c)
   10433                      .dwattr $C$DW$772, DW_AT_decl_column(0x05)
   10434              
   10435              $C$DW$773       .dwtag  DW_TAG_enumerator
   10436                      .dwattr $C$DW$773, DW_AT_name("EQEP_UNIT_POS_EVNT_DIV_64")
   10437                      .dwattr $C$DW$773, DW_AT_const_value(0x06)
   10438                      .dwattr $C$DW$773, DW_AT_decl_file("C:/ti/C2000Ware_MotorControl_SDK_5_04_00_00/c2000ware/driverlib/f
   10439                      .dwattr $C$DW$773, DW_AT_decl_line(0x10d)
   10440                      .dwattr $C$DW$773, DW_AT_decl_column(0x05)
   10441              
   10442              $C$DW$774       .dwtag  DW_TAG_enumerator
   10443                      .dwattr $C$DW$774, DW_AT_name("EQEP_UNIT_POS_EVNT_DIV_128")
   10444                      .dwattr $C$DW$774, DW_AT_const_value(0x07)
   10445                      .dwattr $C$DW$774, DW_AT_decl_file("C:/ti/C2000Ware_MotorControl_SDK_5_04_00_00/c2000ware/driverlib/f
   10446                      .dwattr $C$DW$774, DW_AT_decl_line(0x10e)
   10447                      .dwattr $C$DW$774, DW_AT_decl_column(0x05)
   10448              
   10449              $C$DW$775       .dwtag  DW_TAG_enumerator
   10450                      .dwattr $C$DW$775, DW_AT_name("EQEP_UNIT_POS_EVNT_DIV_256")
   10451                      .dwattr $C$DW$775, DW_AT_const_value(0x08)
   10452                      .dwattr $C$DW$775, DW_AT_decl_file("C:/ti/C2000Ware_MotorControl_SDK_5_04_00_00/c2000ware/driverlib/f
   10453                      .dwattr $C$DW$775, DW_AT_decl_line(0x10f)
   10454                      .dwattr $C$DW$775, DW_AT_decl_column(0x05)
   10455              
TMS320C2000 Assembler PC v22.6.2 Thu Feb 12 10:37:10 2026

Copyright (c) 1996-2018 Texas Instruments Incorporated
dual_axis_servo_drive_hal.asm                                        PAGE  203

   10456              $C$DW$776       .dwtag  DW_TAG_enumerator
   10457                      .dwattr $C$DW$776, DW_AT_name("EQEP_UNIT_POS_EVNT_DIV_512")
   10458                      .dwattr $C$DW$776, DW_AT_const_value(0x09)
   10459                      .dwattr $C$DW$776, DW_AT_decl_file("C:/ti/C2000Ware_MotorControl_SDK_5_04_00_00/c2000ware/driverlib/f
   10460                      .dwattr $C$DW$776, DW_AT_decl_line(0x110)
   10461                      .dwattr $C$DW$776, DW_AT_decl_column(0x05)
   10462              
   10463              $C$DW$777       .dwtag  DW_TAG_enumerator
   10464                      .dwattr $C$DW$777, DW_AT_name("EQEP_UNIT_POS_EVNT_DIV_1024")
   10465                      .dwattr $C$DW$777, DW_AT_const_value(0x0a)
   10466                      .dwattr $C$DW$777, DW_AT_decl_file("C:/ti/C2000Ware_MotorControl_SDK_5_04_00_00/c2000ware/driverlib/f
   10467                      .dwattr $C$DW$777, DW_AT_decl_line(0x111)
   10468                      .dwattr $C$DW$777, DW_AT_decl_column(0x05)
   10469              
   10470              $C$DW$778       .dwtag  DW_TAG_enumerator
   10471                      .dwattr $C$DW$778, DW_AT_name("EQEP_UNIT_POS_EVNT_DIV_2048")
   10472                      .dwattr $C$DW$778, DW_AT_const_value(0x0b)
   10473                      .dwattr $C$DW$778, DW_AT_decl_file("C:/ti/C2000Ware_MotorControl_SDK_5_04_00_00/c2000ware/driverlib/f
   10474                      .dwattr $C$DW$778, DW_AT_decl_line(0x112)
   10475                      .dwattr $C$DW$778, DW_AT_decl_column(0x05)
   10476              
   10477                      .dwattr $C$DW$T$114, DW_AT_decl_file("C:/ti/C2000Ware_MotorControl_SDK_5_04_00_00/c2000ware/driverlib
   10478                      .dwattr $C$DW$T$114, DW_AT_decl_line(0x106)
   10479                      .dwattr $C$DW$T$114, DW_AT_decl_column(0x01)
   10480                      .dwendtag $C$DW$T$114
   10481              
   10482                      .dwendtag $C$DW$TU$114
   10483              
   10484              
   10485              $C$DW$TU$115    .dwtag  DW_TAG_type_unit
   10486                      .dwmtype  $C$DW$T$115
   10487              $C$DW$T$115     .dwtag  DW_TAG_typedef
   10488                      .dwattr $C$DW$T$115, DW_AT_name("EQEP_UPEVNTPrescale")
   10489                      .dwattr $C$DW$T$115, DW_AT_type(*$C$DW$T$114)
   10490                      .dwattr $C$DW$T$115, DW_AT_decl_file("C:/ti/C2000Ware_MotorControl_SDK_5_04_00_00/c2000ware/driverlib
   10491                      .dwattr $C$DW$T$115, DW_AT_decl_line(0x113)
   10492                      .dwattr $C$DW$T$115, DW_AT_decl_column(0x03)
   10493              
   10494                      .dwendtag $C$DW$TU$115
   10495              
   10496              
   10497              $C$DW$TU$116    .dwtag  DW_TAG_type_unit
   10498                      .dwmtype  $C$DW$T$116
   10499              
   10500              $C$DW$T$116     .dwtag  DW_TAG_enumeration_type
   10501                      .dwattr $C$DW$T$116, DW_AT_byte_size(0x01)
   10502              $C$DW$779       .dwtag  DW_TAG_enumerator
   10503                      .dwattr $C$DW$779, DW_AT_name("EQEP_EMULATIONMODE_STOPIMMEDIATELY")
   10504                      .dwattr $C$DW$779, DW_AT_const_value(0x00)
   10505                      .dwattr $C$DW$779, DW_AT_decl_file("C:/ti/C2000Ware_MotorControl_SDK_5_04_00_00/c2000ware/driverlib/f
   10506                      .dwattr $C$DW$779, DW_AT_decl_line(0x15b)
   10507                      .dwattr $C$DW$779, DW_AT_decl_column(0x03)
   10508              
   10509              $C$DW$780       .dwtag  DW_TAG_enumerator
   10510                      .dwattr $C$DW$780, DW_AT_name("EQEP_EMULATIONMODE_STOPATROLLOVER")
TMS320C2000 Assembler PC v22.6.2 Thu Feb 12 10:37:10 2026

Copyright (c) 1996-2018 Texas Instruments Incorporated
dual_axis_servo_drive_hal.asm                                        PAGE  204

   10511                      .dwattr $C$DW$780, DW_AT_const_value(0x01)
   10512                      .dwattr $C$DW$780, DW_AT_decl_file("C:/ti/C2000Ware_MotorControl_SDK_5_04_00_00/c2000ware/driverlib/f
   10513                      .dwattr $C$DW$780, DW_AT_decl_line(0x15c)
   10514                      .dwattr $C$DW$780, DW_AT_decl_column(0x03)
   10515              
   10516              $C$DW$781       .dwtag  DW_TAG_enumerator
   10517                      .dwattr $C$DW$781, DW_AT_name("EQEP_EMULATIONMODE_RUNFREE")
   10518                      .dwattr $C$DW$781, DW_AT_const_value(0x02)
   10519                      .dwattr $C$DW$781, DW_AT_decl_file("C:/ti/C2000Ware_MotorControl_SDK_5_04_00_00/c2000ware/driverlib/f
   10520                      .dwattr $C$DW$781, DW_AT_decl_line(0x15d)
   10521                      .dwattr $C$DW$781, DW_AT_decl_column(0x03)
   10522              
   10523                      .dwattr $C$DW$T$116, DW_AT_decl_file("C:/ti/C2000Ware_MotorControl_SDK_5_04_00_00/c2000ware/driverlib
   10524                      .dwattr $C$DW$T$116, DW_AT_decl_line(0x15a)
   10525                      .dwattr $C$DW$T$116, DW_AT_decl_column(0x01)
   10526                      .dwendtag $C$DW$T$116
   10527              
   10528                      .dwendtag $C$DW$TU$116
   10529              
   10530              
   10531              $C$DW$TU$117    .dwtag  DW_TAG_type_unit
   10532                      .dwmtype  $C$DW$T$117
   10533              $C$DW$T$117     .dwtag  DW_TAG_typedef
   10534                      .dwattr $C$DW$T$117, DW_AT_name("EQEP_EmulationMode")
   10535                      .dwattr $C$DW$T$117, DW_AT_type(*$C$DW$T$116)
   10536                      .dwattr $C$DW$T$117, DW_AT_decl_file("C:/ti/C2000Ware_MotorControl_SDK_5_04_00_00/c2000ware/driverlib
   10537                      .dwattr $C$DW$T$117, DW_AT_decl_line(0x15e)
   10538                      .dwattr $C$DW$T$117, DW_AT_decl_column(0x02)
   10539              
   10540                      .dwendtag $C$DW$TU$117
   10541              
   10542              
   10543              $C$DW$TU$118    .dwtag  DW_TAG_type_unit
   10544                      .dwmtype  $C$DW$T$118
   10545              
   10546              $C$DW$T$118     .dwtag  DW_TAG_enumeration_type
   10547                      .dwattr $C$DW$T$118, DW_AT_byte_size(0x01)
   10548              $C$DW$782       .dwtag  DW_TAG_enumerator
   10549                      .dwattr $C$DW$782, DW_AT_name("XBAR_TRIP4")
   10550                      .dwattr $C$DW$782, DW_AT_const_value(0x00)
   10551                      .dwattr $C$DW$782, DW_AT_decl_file("C:\ti\C2000Ware_MotorControl_SDK_5_04_00_00\c2000ware\driverlib\f
   10552                      .dwattr $C$DW$782, DW_AT_decl_line(0xa8)
   10553                      .dwattr $C$DW$782, DW_AT_decl_column(0x05)
   10554              
   10555              $C$DW$783       .dwtag  DW_TAG_enumerator
   10556                      .dwattr $C$DW$783, DW_AT_name("XBAR_TRIP5")
   10557                      .dwattr $C$DW$783, DW_AT_const_value(0x02)
   10558                      .dwattr $C$DW$783, DW_AT_decl_file("C:\ti\C2000Ware_MotorControl_SDK_5_04_00_00\c2000ware\driverlib\f
   10559                      .dwattr $C$DW$783, DW_AT_decl_line(0xa9)
   10560                      .dwattr $C$DW$783, DW_AT_decl_column(0x05)
   10561              
   10562              $C$DW$784       .dwtag  DW_TAG_enumerator
   10563                      .dwattr $C$DW$784, DW_AT_name("XBAR_TRIP7")
   10564                      .dwattr $C$DW$784, DW_AT_const_value(0x04)
   10565                      .dwattr $C$DW$784, DW_AT_decl_file("C:\ti\C2000Ware_MotorControl_SDK_5_04_00_00\c2000ware\driverlib\f
TMS320C2000 Assembler PC v22.6.2 Thu Feb 12 10:37:10 2026

Copyright (c) 1996-2018 Texas Instruments Incorporated
dual_axis_servo_drive_hal.asm                                        PAGE  205

   10566                      .dwattr $C$DW$784, DW_AT_decl_line(0xaa)
   10567                      .dwattr $C$DW$784, DW_AT_decl_column(0x05)
   10568              
   10569              $C$DW$785       .dwtag  DW_TAG_enumerator
   10570                      .dwattr $C$DW$785, DW_AT_name("XBAR_TRIP8")
   10571                      .dwattr $C$DW$785, DW_AT_const_value(0x06)
   10572                      .dwattr $C$DW$785, DW_AT_decl_file("C:\ti\C2000Ware_MotorControl_SDK_5_04_00_00\c2000ware\driverlib\f
   10573                      .dwattr $C$DW$785, DW_AT_decl_line(0xab)
   10574                      .dwattr $C$DW$785, DW_AT_decl_column(0x05)
   10575              
   10576              $C$DW$786       .dwtag  DW_TAG_enumerator
   10577                      .dwattr $C$DW$786, DW_AT_name("XBAR_TRIP9")
   10578                      .dwattr $C$DW$786, DW_AT_const_value(0x08)
   10579                      .dwattr $C$DW$786, DW_AT_decl_file("C:\ti\C2000Ware_MotorControl_SDK_5_04_00_00\c2000ware\driverlib\f
   10580                      .dwattr $C$DW$786, DW_AT_decl_line(0xac)
   10581                      .dwattr $C$DW$786, DW_AT_decl_column(0x05)
   10582              
   10583              $C$DW$787       .dwtag  DW_TAG_enumerator
   10584                      .dwattr $C$DW$787, DW_AT_name("XBAR_TRIP10")
   10585                      .dwattr $C$DW$787, DW_AT_const_value(0x0a)
   10586                      .dwattr $C$DW$787, DW_AT_decl_file("C:\ti\C2000Ware_MotorControl_SDK_5_04_00_00\c2000ware\driverlib\f
   10587                      .dwattr $C$DW$787, DW_AT_decl_line(0xad)
   10588                      .dwattr $C$DW$787, DW_AT_decl_column(0x05)
   10589              
   10590              $C$DW$788       .dwtag  DW_TAG_enumerator
   10591                      .dwattr $C$DW$788, DW_AT_name("XBAR_TRIP11")
   10592                      .dwattr $C$DW$788, DW_AT_const_value(0x0c)
   10593                      .dwattr $C$DW$788, DW_AT_decl_file("C:\ti\C2000Ware_MotorControl_SDK_5_04_00_00\c2000ware\driverlib\f
   10594                      .dwattr $C$DW$788, DW_AT_decl_line(0xae)
   10595                      .dwattr $C$DW$788, DW_AT_decl_column(0x05)
   10596              
   10597              $C$DW$789       .dwtag  DW_TAG_enumerator
   10598                      .dwattr $C$DW$789, DW_AT_name("XBAR_TRIP12")
   10599                      .dwattr $C$DW$789, DW_AT_const_value(0x0e)
   10600                      .dwattr $C$DW$789, DW_AT_decl_file("C:\ti\C2000Ware_MotorControl_SDK_5_04_00_00\c2000ware\driverlib\f
   10601                      .dwattr $C$DW$789, DW_AT_decl_line(0xaf)
   10602                      .dwattr $C$DW$789, DW_AT_decl_column(0x05)
   10603              
   10604                      .dwattr $C$DW$T$118, DW_AT_decl_file("C:\ti\C2000Ware_MotorControl_SDK_5_04_00_00\c2000ware\driverlib
   10605                      .dwattr $C$DW$T$118, DW_AT_decl_line(0xa7)
   10606                      .dwattr $C$DW$T$118, DW_AT_decl_column(0x01)
   10607                      .dwendtag $C$DW$T$118
   10608              
   10609                      .dwendtag $C$DW$TU$118
   10610              
   10611              
   10612              $C$DW$TU$119    .dwtag  DW_TAG_type_unit
   10613                      .dwmtype  $C$DW$T$119
   10614              $C$DW$T$119     .dwtag  DW_TAG_typedef
   10615                      .dwattr $C$DW$T$119, DW_AT_name("XBAR_TripNum")
   10616                      .dwattr $C$DW$T$119, DW_AT_type(*$C$DW$T$118)
   10617                      .dwattr $C$DW$T$119, DW_AT_decl_file("C:\ti\C2000Ware_MotorControl_SDK_5_04_00_00\c2000ware\driverlib
   10618                      .dwattr $C$DW$T$119, DW_AT_decl_line(0xb0)
   10619                      .dwattr $C$DW$T$119, DW_AT_decl_column(0x03)
   10620              
TMS320C2000 Assembler PC v22.6.2 Thu Feb 12 10:37:10 2026

Copyright (c) 1996-2018 Texas Instruments Incorporated
dual_axis_servo_drive_hal.asm                                        PAGE  206

   10621                      .dwendtag $C$DW$TU$119
   10622              
   10623              
   10624              $C$DW$TU$120    .dwtag  DW_TAG_type_unit
   10625                      .dwmtype  $C$DW$T$120
   10626              
   10627              $C$DW$T$120     .dwtag  DW_TAG_enumeration_type
   10628                      .dwattr $C$DW$T$120, DW_AT_byte_size(0x01)
   10629              $C$DW$790       .dwtag  DW_TAG_enumerator
   10630                      .dwattr $C$DW$790, DW_AT_name("XBAR_INPUT1")
   10631                      .dwattr $C$DW$790, DW_AT_const_value(0x00)
   10632                      .dwattr $C$DW$790, DW_AT_decl_file("C:\ti\C2000Ware_MotorControl_SDK_5_04_00_00\c2000ware\driverlib\f
   10633                      .dwattr $C$DW$790, DW_AT_decl_line(0xcb)
   10634                      .dwattr $C$DW$790, DW_AT_decl_column(0x05)
   10635              
   10636              $C$DW$791       .dwtag  DW_TAG_enumerator
   10637                      .dwattr $C$DW$791, DW_AT_name("XBAR_INPUT2")
   10638                      .dwattr $C$DW$791, DW_AT_const_value(0x01)
   10639                      .dwattr $C$DW$791, DW_AT_decl_file("C:\ti\C2000Ware_MotorControl_SDK_5_04_00_00\c2000ware\driverlib\f
   10640                      .dwattr $C$DW$791, DW_AT_decl_line(0xcc)
   10641                      .dwattr $C$DW$791, DW_AT_decl_column(0x05)
   10642              
   10643              $C$DW$792       .dwtag  DW_TAG_enumerator
   10644                      .dwattr $C$DW$792, DW_AT_name("XBAR_INPUT3")
   10645                      .dwattr $C$DW$792, DW_AT_const_value(0x02)
   10646                      .dwattr $C$DW$792, DW_AT_decl_file("C:\ti\C2000Ware_MotorControl_SDK_5_04_00_00\c2000ware\driverlib\f
   10647                      .dwattr $C$DW$792, DW_AT_decl_line(0xcd)
   10648                      .dwattr $C$DW$792, DW_AT_decl_column(0x05)
   10649              
   10650              $C$DW$793       .dwtag  DW_TAG_enumerator
   10651                      .dwattr $C$DW$793, DW_AT_name("XBAR_INPUT4")
   10652                      .dwattr $C$DW$793, DW_AT_const_value(0x03)
   10653                      .dwattr $C$DW$793, DW_AT_decl_file("C:\ti\C2000Ware_MotorControl_SDK_5_04_00_00\c2000ware\driverlib\f
   10654                      .dwattr $C$DW$793, DW_AT_decl_line(0xce)
   10655                      .dwattr $C$DW$793, DW_AT_decl_column(0x05)
   10656              
   10657              $C$DW$794       .dwtag  DW_TAG_enumerator
   10658                      .dwattr $C$DW$794, DW_AT_name("XBAR_INPUT5")
   10659                      .dwattr $C$DW$794, DW_AT_const_value(0x04)
   10660                      .dwattr $C$DW$794, DW_AT_decl_file("C:\ti\C2000Ware_MotorControl_SDK_5_04_00_00\c2000ware\driverlib\f
   10661                      .dwattr $C$DW$794, DW_AT_decl_line(0xcf)
   10662                      .dwattr $C$DW$794, DW_AT_decl_column(0x05)
   10663              
   10664              $C$DW$795       .dwtag  DW_TAG_enumerator
   10665                      .dwattr $C$DW$795, DW_AT_name("XBAR_INPUT6")
   10666                      .dwattr $C$DW$795, DW_AT_const_value(0x05)
   10667                      .dwattr $C$DW$795, DW_AT_decl_file("C:\ti\C2000Ware_MotorControl_SDK_5_04_00_00\c2000ware\driverlib\f
   10668                      .dwattr $C$DW$795, DW_AT_decl_line(0xd0)
   10669                      .dwattr $C$DW$795, DW_AT_decl_column(0x05)
   10670              
   10671              $C$DW$796       .dwtag  DW_TAG_enumerator
   10672                      .dwattr $C$DW$796, DW_AT_name("XBAR_INPUT7")
   10673                      .dwattr $C$DW$796, DW_AT_const_value(0x06)
   10674                      .dwattr $C$DW$796, DW_AT_decl_file("C:\ti\C2000Ware_MotorControl_SDK_5_04_00_00\c2000ware\driverlib\f
   10675                      .dwattr $C$DW$796, DW_AT_decl_line(0xd1)
TMS320C2000 Assembler PC v22.6.2 Thu Feb 12 10:37:10 2026

Copyright (c) 1996-2018 Texas Instruments Incorporated
dual_axis_servo_drive_hal.asm                                        PAGE  207

   10676                      .dwattr $C$DW$796, DW_AT_decl_column(0x05)
   10677              
   10678              $C$DW$797       .dwtag  DW_TAG_enumerator
   10679                      .dwattr $C$DW$797, DW_AT_name("XBAR_INPUT8")
   10680                      .dwattr $C$DW$797, DW_AT_const_value(0x07)
   10681                      .dwattr $C$DW$797, DW_AT_decl_file("C:\ti\C2000Ware_MotorControl_SDK_5_04_00_00\c2000ware\driverlib\f
   10682                      .dwattr $C$DW$797, DW_AT_decl_line(0xd2)
   10683                      .dwattr $C$DW$797, DW_AT_decl_column(0x05)
   10684              
   10685              $C$DW$798       .dwtag  DW_TAG_enumerator
   10686                      .dwattr $C$DW$798, DW_AT_name("XBAR_INPUT9")
   10687                      .dwattr $C$DW$798, DW_AT_const_value(0x08)
   10688                      .dwattr $C$DW$798, DW_AT_decl_file("C:\ti\C2000Ware_MotorControl_SDK_5_04_00_00\c2000ware\driverlib\f
   10689                      .dwattr $C$DW$798, DW_AT_decl_line(0xd3)
   10690                      .dwattr $C$DW$798, DW_AT_decl_column(0x05)
   10691              
   10692              $C$DW$799       .dwtag  DW_TAG_enumerator
   10693                      .dwattr $C$DW$799, DW_AT_name("XBAR_INPUT10")
   10694                      .dwattr $C$DW$799, DW_AT_const_value(0x09)
   10695                      .dwattr $C$DW$799, DW_AT_decl_file("C:\ti\C2000Ware_MotorControl_SDK_5_04_00_00\c2000ware\driverlib\f
   10696                      .dwattr $C$DW$799, DW_AT_decl_line(0xd4)
   10697                      .dwattr $C$DW$799, DW_AT_decl_column(0x05)
   10698              
   10699              $C$DW$800       .dwtag  DW_TAG_enumerator
   10700                      .dwattr $C$DW$800, DW_AT_name("XBAR_INPUT11")
   10701                      .dwattr $C$DW$800, DW_AT_const_value(0x0a)
   10702                      .dwattr $C$DW$800, DW_AT_decl_file("C:\ti\C2000Ware_MotorControl_SDK_5_04_00_00\c2000ware\driverlib\f
   10703                      .dwattr $C$DW$800, DW_AT_decl_line(0xd5)
   10704                      .dwattr $C$DW$800, DW_AT_decl_column(0x05)
   10705              
   10706              $C$DW$801       .dwtag  DW_TAG_enumerator
   10707                      .dwattr $C$DW$801, DW_AT_name("XBAR_INPUT12")
   10708                      .dwattr $C$DW$801, DW_AT_const_value(0x0b)
   10709                      .dwattr $C$DW$801, DW_AT_decl_file("C:\ti\C2000Ware_MotorControl_SDK_5_04_00_00\c2000ware\driverlib\f
   10710                      .dwattr $C$DW$801, DW_AT_decl_line(0xd6)
   10711                      .dwattr $C$DW$801, DW_AT_decl_column(0x05)
   10712              
   10713              $C$DW$802       .dwtag  DW_TAG_enumerator
   10714                      .dwattr $C$DW$802, DW_AT_name("XBAR_INPUT13")
   10715                      .dwattr $C$DW$802, DW_AT_const_value(0x0c)
   10716                      .dwattr $C$DW$802, DW_AT_decl_file("C:\ti\C2000Ware_MotorControl_SDK_5_04_00_00\c2000ware\driverlib\f
   10717                      .dwattr $C$DW$802, DW_AT_decl_line(0xd7)
   10718                      .dwattr $C$DW$802, DW_AT_decl_column(0x05)
   10719              
   10720              $C$DW$803       .dwtag  DW_TAG_enumerator
   10721                      .dwattr $C$DW$803, DW_AT_name("XBAR_INPUT14")
   10722                      .dwattr $C$DW$803, DW_AT_const_value(0x0d)
   10723                      .dwattr $C$DW$803, DW_AT_decl_file("C:\ti\C2000Ware_MotorControl_SDK_5_04_00_00\c2000ware\driverlib\f
   10724                      .dwattr $C$DW$803, DW_AT_decl_line(0xd8)
   10725                      .dwattr $C$DW$803, DW_AT_decl_column(0x05)
   10726              
   10727              $C$DW$804       .dwtag  DW_TAG_enumerator
   10728                      .dwattr $C$DW$804, DW_AT_name("XBAR_INPUT15")
   10729                      .dwattr $C$DW$804, DW_AT_const_value(0x0e)
   10730                      .dwattr $C$DW$804, DW_AT_decl_file("C:\ti\C2000Ware_MotorControl_SDK_5_04_00_00\c2000ware\driverlib\f
TMS320C2000 Assembler PC v22.6.2 Thu Feb 12 10:37:10 2026

Copyright (c) 1996-2018 Texas Instruments Incorporated
dual_axis_servo_drive_hal.asm                                        PAGE  208

   10731                      .dwattr $C$DW$804, DW_AT_decl_line(0xd9)
   10732                      .dwattr $C$DW$804, DW_AT_decl_column(0x05)
   10733              
   10734              $C$DW$805       .dwtag  DW_TAG_enumerator
   10735                      .dwattr $C$DW$805, DW_AT_name("XBAR_INPUT16")
   10736                      .dwattr $C$DW$805, DW_AT_const_value(0x0f)
   10737                      .dwattr $C$DW$805, DW_AT_decl_file("C:\ti\C2000Ware_MotorControl_SDK_5_04_00_00\c2000ware\driverlib\f
   10738                      .dwattr $C$DW$805, DW_AT_decl_line(0xda)
   10739                      .dwattr $C$DW$805, DW_AT_decl_column(0x05)
   10740              
   10741                      .dwattr $C$DW$T$120, DW_AT_decl_file("C:\ti\C2000Ware_MotorControl_SDK_5_04_00_00\c2000ware\driverlib
   10742                      .dwattr $C$DW$T$120, DW_AT_decl_line(0xca)
   10743                      .dwattr $C$DW$T$120, DW_AT_decl_column(0x01)
   10744                      .dwendtag $C$DW$T$120
   10745              
   10746                      .dwendtag $C$DW$TU$120
   10747              
   10748              
   10749              $C$DW$TU$121    .dwtag  DW_TAG_type_unit
   10750                      .dwmtype  $C$DW$T$121
   10751              $C$DW$T$121     .dwtag  DW_TAG_typedef
   10752                      .dwattr $C$DW$T$121, DW_AT_name("XBAR_InputNum")
   10753                      .dwattr $C$DW$T$121, DW_AT_type(*$C$DW$T$120)
   10754                      .dwattr $C$DW$T$121, DW_AT_decl_file("C:\ti\C2000Ware_MotorControl_SDK_5_04_00_00\c2000ware\driverlib
   10755                      .dwattr $C$DW$T$121, DW_AT_decl_line(0xdb)
   10756                      .dwattr $C$DW$T$121, DW_AT_decl_column(0x03)
   10757              
   10758                      .dwendtag $C$DW$TU$121
   10759              
   10760              
   10761              $C$DW$TU$122    .dwtag  DW_TAG_type_unit
   10762                      .dwmtype  $C$DW$T$122
   10763              
   10764              $C$DW$T$122     .dwtag  DW_TAG_enumeration_type
   10765                      .dwattr $C$DW$T$122, DW_AT_byte_size(0x01)
   10766              $C$DW$806       .dwtag  DW_TAG_enumerator
   10767                      .dwattr $C$DW$806, DW_AT_name("XBAR_EPWM_MUX00_CMPSS1_CTRIPH")
   10768                      .dwattr $C$DW$806, DW_AT_const_value(0x00)
   10769                      .dwattr $C$DW$806, DW_AT_decl_file("C:\ti\C2000Ware_MotorControl_SDK_5_04_00_00\c2000ware\driverlib\f
   10770                      .dwattr $C$DW$806, DW_AT_decl_line(0x12b)
   10771                      .dwattr $C$DW$806, DW_AT_decl_column(0x05)
   10772              
   10773              $C$DW$807       .dwtag  DW_TAG_enumerator
   10774                      .dwattr $C$DW$807, DW_AT_name("XBAR_EPWM_MUX00_CMPSS1_CTRIPH_OR_L")
   10775                      .dwattr $C$DW$807, DW_AT_const_value(0x01)
   10776                      .dwattr $C$DW$807, DW_AT_decl_file("C:\ti\C2000Ware_MotorControl_SDK_5_04_00_00\c2000ware\driverlib\f
   10777                      .dwattr $C$DW$807, DW_AT_decl_line(0x12c)
   10778                      .dwattr $C$DW$807, DW_AT_decl_column(0x05)
   10779              
   10780              $C$DW$808       .dwtag  DW_TAG_enumerator
   10781                      .dwattr $C$DW$808, DW_AT_name("XBAR_EPWM_MUX00_ADCAEVT1")
   10782                      .dwattr $C$DW$808, DW_AT_const_value(0x02)
   10783                      .dwattr $C$DW$808, DW_AT_decl_file("C:\ti\C2000Ware_MotorControl_SDK_5_04_00_00\c2000ware\driverlib\f
   10784                      .dwattr $C$DW$808, DW_AT_decl_line(0x12d)
   10785                      .dwattr $C$DW$808, DW_AT_decl_column(0x05)
TMS320C2000 Assembler PC v22.6.2 Thu Feb 12 10:37:10 2026

Copyright (c) 1996-2018 Texas Instruments Incorporated
dual_axis_servo_drive_hal.asm                                        PAGE  209

   10786              
   10787              $C$DW$809       .dwtag  DW_TAG_enumerator
   10788                      .dwattr $C$DW$809, DW_AT_name("XBAR_EPWM_MUX00_ECAP1_OUT")
   10789                      .dwattr $C$DW$809, DW_AT_const_value(0x03)
   10790                      .dwattr $C$DW$809, DW_AT_decl_file("C:\ti\C2000Ware_MotorControl_SDK_5_04_00_00\c2000ware\driverlib\f
   10791                      .dwattr $C$DW$809, DW_AT_decl_line(0x12e)
   10792                      .dwattr $C$DW$809, DW_AT_decl_column(0x05)
   10793              
   10794              $C$DW$810       .dwtag  DW_TAG_enumerator
   10795                      .dwattr $C$DW$810, DW_AT_name("XBAR_EPWM_MUX01_CMPSS1_CTRIPL")
   10796                      .dwattr $C$DW$810, DW_AT_const_value(0x200)
   10797                      .dwattr $C$DW$810, DW_AT_decl_file("C:\ti\C2000Ware_MotorControl_SDK_5_04_00_00\c2000ware\driverlib\f
   10798                      .dwattr $C$DW$810, DW_AT_decl_line(0x12f)
   10799                      .dwattr $C$DW$810, DW_AT_decl_column(0x05)
   10800              
   10801              $C$DW$811       .dwtag  DW_TAG_enumerator
   10802                      .dwattr $C$DW$811, DW_AT_name("XBAR_EPWM_MUX01_INPUTXBAR1")
   10803                      .dwattr $C$DW$811, DW_AT_const_value(0x201)
   10804                      .dwattr $C$DW$811, DW_AT_decl_file("C:\ti\C2000Ware_MotorControl_SDK_5_04_00_00\c2000ware\driverlib\f
   10805                      .dwattr $C$DW$811, DW_AT_decl_line(0x130)
   10806                      .dwattr $C$DW$811, DW_AT_decl_column(0x05)
   10807              
   10808              $C$DW$812       .dwtag  DW_TAG_enumerator
   10809                      .dwattr $C$DW$812, DW_AT_name("XBAR_EPWM_MUX01_CLB1_OUT4")
   10810                      .dwattr $C$DW$812, DW_AT_const_value(0x202)
   10811                      .dwattr $C$DW$812, DW_AT_decl_file("C:\ti\C2000Ware_MotorControl_SDK_5_04_00_00\c2000ware\driverlib\f
   10812                      .dwattr $C$DW$812, DW_AT_decl_line(0x131)
   10813                      .dwattr $C$DW$812, DW_AT_decl_column(0x05)
   10814              
   10815              $C$DW$813       .dwtag  DW_TAG_enumerator
   10816                      .dwattr $C$DW$813, DW_AT_name("XBAR_EPWM_MUX01_ADCCEVT1")
   10817                      .dwattr $C$DW$813, DW_AT_const_value(0x203)
   10818                      .dwattr $C$DW$813, DW_AT_decl_file("C:\ti\C2000Ware_MotorControl_SDK_5_04_00_00\c2000ware\driverlib\f
   10819                      .dwattr $C$DW$813, DW_AT_decl_line(0x132)
   10820                      .dwattr $C$DW$813, DW_AT_decl_column(0x05)
   10821              
   10822              $C$DW$814       .dwtag  DW_TAG_enumerator
   10823                      .dwattr $C$DW$814, DW_AT_name("XBAR_EPWM_MUX02_CMPSS2_CTRIPH")
   10824                      .dwattr $C$DW$814, DW_AT_const_value(0x400)
   10825                      .dwattr $C$DW$814, DW_AT_decl_file("C:\ti\C2000Ware_MotorControl_SDK_5_04_00_00\c2000ware\driverlib\f
   10826                      .dwattr $C$DW$814, DW_AT_decl_line(0x133)
   10827                      .dwattr $C$DW$814, DW_AT_decl_column(0x05)
   10828              
   10829              $C$DW$815       .dwtag  DW_TAG_enumerator
   10830                      .dwattr $C$DW$815, DW_AT_name("XBAR_EPWM_MUX02_CMPSS2_CTRIPH_OR_L")
   10831                      .dwattr $C$DW$815, DW_AT_const_value(0x401)
   10832                      .dwattr $C$DW$815, DW_AT_decl_file("C:\ti\C2000Ware_MotorControl_SDK_5_04_00_00\c2000ware\driverlib\f
   10833                      .dwattr $C$DW$815, DW_AT_decl_line(0x134)
   10834                      .dwattr $C$DW$815, DW_AT_decl_column(0x05)
   10835              
   10836              $C$DW$816       .dwtag  DW_TAG_enumerator
   10837                      .dwattr $C$DW$816, DW_AT_name("XBAR_EPWM_MUX02_ADCAEVT2")
   10838                      .dwattr $C$DW$816, DW_AT_const_value(0x402)
   10839                      .dwattr $C$DW$816, DW_AT_decl_file("C:\ti\C2000Ware_MotorControl_SDK_5_04_00_00\c2000ware\driverlib\f
   10840                      .dwattr $C$DW$816, DW_AT_decl_line(0x135)
TMS320C2000 Assembler PC v22.6.2 Thu Feb 12 10:37:10 2026

Copyright (c) 1996-2018 Texas Instruments Incorporated
dual_axis_servo_drive_hal.asm                                        PAGE  210

   10841                      .dwattr $C$DW$816, DW_AT_decl_column(0x05)
   10842              
   10843              $C$DW$817       .dwtag  DW_TAG_enumerator
   10844                      .dwattr $C$DW$817, DW_AT_name("XBAR_EPWM_MUX02_ECAP2_OUT")
   10845                      .dwattr $C$DW$817, DW_AT_const_value(0x403)
   10846                      .dwattr $C$DW$817, DW_AT_decl_file("C:\ti\C2000Ware_MotorControl_SDK_5_04_00_00\c2000ware\driverlib\f
   10847                      .dwattr $C$DW$817, DW_AT_decl_line(0x136)
   10848                      .dwattr $C$DW$817, DW_AT_decl_column(0x05)
   10849              
   10850              $C$DW$818       .dwtag  DW_TAG_enumerator
   10851                      .dwattr $C$DW$818, DW_AT_name("XBAR_EPWM_MUX03_CMPSS2_CTRIPL")
   10852                      .dwattr $C$DW$818, DW_AT_const_value(0x600)
   10853                      .dwattr $C$DW$818, DW_AT_decl_file("C:\ti\C2000Ware_MotorControl_SDK_5_04_00_00\c2000ware\driverlib\f
   10854                      .dwattr $C$DW$818, DW_AT_decl_line(0x137)
   10855                      .dwattr $C$DW$818, DW_AT_decl_column(0x05)
   10856              
   10857              $C$DW$819       .dwtag  DW_TAG_enumerator
   10858                      .dwattr $C$DW$819, DW_AT_name("XBAR_EPWM_MUX03_INPUTXBAR2")
   10859                      .dwattr $C$DW$819, DW_AT_const_value(0x601)
   10860                      .dwattr $C$DW$819, DW_AT_decl_file("C:\ti\C2000Ware_MotorControl_SDK_5_04_00_00\c2000ware\driverlib\f
   10861                      .dwattr $C$DW$819, DW_AT_decl_line(0x138)
   10862                      .dwattr $C$DW$819, DW_AT_decl_column(0x05)
   10863              
   10864              $C$DW$820       .dwtag  DW_TAG_enumerator
   10865                      .dwattr $C$DW$820, DW_AT_name("XBAR_EPWM_MUX03_CLB1_OUT5")
   10866                      .dwattr $C$DW$820, DW_AT_const_value(0x602)
   10867                      .dwattr $C$DW$820, DW_AT_decl_file("C:\ti\C2000Ware_MotorControl_SDK_5_04_00_00\c2000ware\driverlib\f
   10868                      .dwattr $C$DW$820, DW_AT_decl_line(0x139)
   10869                      .dwattr $C$DW$820, DW_AT_decl_column(0x05)
   10870              
   10871              $C$DW$821       .dwtag  DW_TAG_enumerator
   10872                      .dwattr $C$DW$821, DW_AT_name("XBAR_EPWM_MUX03_ADCCEVT2")
   10873                      .dwattr $C$DW$821, DW_AT_const_value(0x603)
   10874                      .dwattr $C$DW$821, DW_AT_decl_file("C:\ti\C2000Ware_MotorControl_SDK_5_04_00_00\c2000ware\driverlib\f
   10875                      .dwattr $C$DW$821, DW_AT_decl_line(0x13a)
   10876                      .dwattr $C$DW$821, DW_AT_decl_column(0x05)
   10877              
   10878              $C$DW$822       .dwtag  DW_TAG_enumerator
   10879                      .dwattr $C$DW$822, DW_AT_name("XBAR_EPWM_MUX04_CMPSS3_CTRIPH")
   10880                      .dwattr $C$DW$822, DW_AT_const_value(0x800)
   10881                      .dwattr $C$DW$822, DW_AT_decl_file("C:\ti\C2000Ware_MotorControl_SDK_5_04_00_00\c2000ware\driverlib\f
   10882                      .dwattr $C$DW$822, DW_AT_decl_line(0x13b)
   10883                      .dwattr $C$DW$822, DW_AT_decl_column(0x05)
   10884              
   10885              $C$DW$823       .dwtag  DW_TAG_enumerator
   10886                      .dwattr $C$DW$823, DW_AT_name("XBAR_EPWM_MUX04_CMPSS3_CTRIPH_OR_L")
   10887                      .dwattr $C$DW$823, DW_AT_const_value(0x801)
   10888                      .dwattr $C$DW$823, DW_AT_decl_file("C:\ti\C2000Ware_MotorControl_SDK_5_04_00_00\c2000ware\driverlib\f
   10889                      .dwattr $C$DW$823, DW_AT_decl_line(0x13c)
   10890                      .dwattr $C$DW$823, DW_AT_decl_column(0x05)
   10891              
   10892              $C$DW$824       .dwtag  DW_TAG_enumerator
   10893                      .dwattr $C$DW$824, DW_AT_name("XBAR_EPWM_MUX04_ADCAEVT3")
   10894                      .dwattr $C$DW$824, DW_AT_const_value(0x802)
   10895                      .dwattr $C$DW$824, DW_AT_decl_file("C:\ti\C2000Ware_MotorControl_SDK_5_04_00_00\c2000ware\driverlib\f
TMS320C2000 Assembler PC v22.6.2 Thu Feb 12 10:37:10 2026

Copyright (c) 1996-2018 Texas Instruments Incorporated
dual_axis_servo_drive_hal.asm                                        PAGE  211

   10896                      .dwattr $C$DW$824, DW_AT_decl_line(0x13d)
   10897                      .dwattr $C$DW$824, DW_AT_decl_column(0x05)
   10898              
   10899              $C$DW$825       .dwtag  DW_TAG_enumerator
   10900                      .dwattr $C$DW$825, DW_AT_name("XBAR_EPWM_MUX04_ECAP3_OUT")
   10901                      .dwattr $C$DW$825, DW_AT_const_value(0x803)
   10902                      .dwattr $C$DW$825, DW_AT_decl_file("C:\ti\C2000Ware_MotorControl_SDK_5_04_00_00\c2000ware\driverlib\f
   10903                      .dwattr $C$DW$825, DW_AT_decl_line(0x13e)
   10904                      .dwattr $C$DW$825, DW_AT_decl_column(0x05)
   10905              
   10906              $C$DW$826       .dwtag  DW_TAG_enumerator
   10907                      .dwattr $C$DW$826, DW_AT_name("XBAR_EPWM_MUX05_CMPSS3_CTRIPL")
   10908                      .dwattr $C$DW$826, DW_AT_const_value(0xa00)
   10909                      .dwattr $C$DW$826, DW_AT_decl_file("C:\ti\C2000Ware_MotorControl_SDK_5_04_00_00\c2000ware\driverlib\f
   10910                      .dwattr $C$DW$826, DW_AT_decl_line(0x13f)
   10911                      .dwattr $C$DW$826, DW_AT_decl_column(0x05)
   10912              
   10913              $C$DW$827       .dwtag  DW_TAG_enumerator
   10914                      .dwattr $C$DW$827, DW_AT_name("XBAR_EPWM_MUX05_INPUTXBAR3")
   10915                      .dwattr $C$DW$827, DW_AT_const_value(0xa01)
   10916                      .dwattr $C$DW$827, DW_AT_decl_file("C:\ti\C2000Ware_MotorControl_SDK_5_04_00_00\c2000ware\driverlib\f
   10917                      .dwattr $C$DW$827, DW_AT_decl_line(0x140)
   10918                      .dwattr $C$DW$827, DW_AT_decl_column(0x05)
   10919              
   10920              $C$DW$828       .dwtag  DW_TAG_enumerator
   10921                      .dwattr $C$DW$828, DW_AT_name("XBAR_EPWM_MUX05_CLB2_OUT4")
   10922                      .dwattr $C$DW$828, DW_AT_const_value(0xa02)
   10923                      .dwattr $C$DW$828, DW_AT_decl_file("C:\ti\C2000Ware_MotorControl_SDK_5_04_00_00\c2000ware\driverlib\f
   10924                      .dwattr $C$DW$828, DW_AT_decl_line(0x141)
   10925                      .dwattr $C$DW$828, DW_AT_decl_column(0x05)
   10926              
   10927              $C$DW$829       .dwtag  DW_TAG_enumerator
   10928                      .dwattr $C$DW$829, DW_AT_name("XBAR_EPWM_MUX05_ADCCEVT3")
   10929                      .dwattr $C$DW$829, DW_AT_const_value(0xa03)
   10930                      .dwattr $C$DW$829, DW_AT_decl_file("C:\ti\C2000Ware_MotorControl_SDK_5_04_00_00\c2000ware\driverlib\f
   10931                      .dwattr $C$DW$829, DW_AT_decl_line(0x142)
   10932                      .dwattr $C$DW$829, DW_AT_decl_column(0x05)
   10933              
   10934              $C$DW$830       .dwtag  DW_TAG_enumerator
   10935                      .dwattr $C$DW$830, DW_AT_name("XBAR_EPWM_MUX06_CMPSS4_CTRIPH")
   10936                      .dwattr $C$DW$830, DW_AT_const_value(0xc00)
   10937                      .dwattr $C$DW$830, DW_AT_decl_file("C:\ti\C2000Ware_MotorControl_SDK_5_04_00_00\c2000ware\driverlib\f
   10938                      .dwattr $C$DW$830, DW_AT_decl_line(0x143)
   10939                      .dwattr $C$DW$830, DW_AT_decl_column(0x05)
   10940              
   10941              $C$DW$831       .dwtag  DW_TAG_enumerator
   10942                      .dwattr $C$DW$831, DW_AT_name("XBAR_EPWM_MUX06_CMPSS4_CTRIPH_OR_L")
   10943                      .dwattr $C$DW$831, DW_AT_const_value(0xc01)
   10944                      .dwattr $C$DW$831, DW_AT_decl_file("C:\ti\C2000Ware_MotorControl_SDK_5_04_00_00\c2000ware\driverlib\f
   10945                      .dwattr $C$DW$831, DW_AT_decl_line(0x144)
   10946                      .dwattr $C$DW$831, DW_AT_decl_column(0x05)
   10947              
   10948              $C$DW$832       .dwtag  DW_TAG_enumerator
   10949                      .dwattr $C$DW$832, DW_AT_name("XBAR_EPWM_MUX06_ADCAEVT4")
   10950                      .dwattr $C$DW$832, DW_AT_const_value(0xc02)
TMS320C2000 Assembler PC v22.6.2 Thu Feb 12 10:37:10 2026

Copyright (c) 1996-2018 Texas Instruments Incorporated
dual_axis_servo_drive_hal.asm                                        PAGE  212

   10951                      .dwattr $C$DW$832, DW_AT_decl_file("C:\ti\C2000Ware_MotorControl_SDK_5_04_00_00\c2000ware\driverlib\f
   10952                      .dwattr $C$DW$832, DW_AT_decl_line(0x145)
   10953                      .dwattr $C$DW$832, DW_AT_decl_column(0x05)
   10954              
   10955              $C$DW$833       .dwtag  DW_TAG_enumerator
   10956                      .dwattr $C$DW$833, DW_AT_name("XBAR_EPWM_MUX07_CMPSS4_CTRIPL")
   10957                      .dwattr $C$DW$833, DW_AT_const_value(0xe00)
   10958                      .dwattr $C$DW$833, DW_AT_decl_file("C:\ti\C2000Ware_MotorControl_SDK_5_04_00_00\c2000ware\driverlib\f
   10959                      .dwattr $C$DW$833, DW_AT_decl_line(0x146)
   10960                      .dwattr $C$DW$833, DW_AT_decl_column(0x05)
   10961              
   10962              $C$DW$834       .dwtag  DW_TAG_enumerator
   10963                      .dwattr $C$DW$834, DW_AT_name("XBAR_EPWM_MUX07_INPUTXBAR4")
   10964                      .dwattr $C$DW$834, DW_AT_const_value(0xe01)
   10965                      .dwattr $C$DW$834, DW_AT_decl_file("C:\ti\C2000Ware_MotorControl_SDK_5_04_00_00\c2000ware\driverlib\f
   10966                      .dwattr $C$DW$834, DW_AT_decl_line(0x147)
   10967                      .dwattr $C$DW$834, DW_AT_decl_column(0x05)
   10968              
   10969              $C$DW$835       .dwtag  DW_TAG_enumerator
   10970                      .dwattr $C$DW$835, DW_AT_name("XBAR_EPWM_MUX07_CLB2_OUT5")
   10971                      .dwattr $C$DW$835, DW_AT_const_value(0xe02)
   10972                      .dwattr $C$DW$835, DW_AT_decl_file("C:\ti\C2000Ware_MotorControl_SDK_5_04_00_00\c2000ware\driverlib\f
   10973                      .dwattr $C$DW$835, DW_AT_decl_line(0x148)
   10974                      .dwattr $C$DW$835, DW_AT_decl_column(0x05)
   10975              
   10976              $C$DW$836       .dwtag  DW_TAG_enumerator
   10977                      .dwattr $C$DW$836, DW_AT_name("XBAR_EPWM_MUX07_ADCCEVT4")
   10978                      .dwattr $C$DW$836, DW_AT_const_value(0xe03)
   10979                      .dwattr $C$DW$836, DW_AT_decl_file("C:\ti\C2000Ware_MotorControl_SDK_5_04_00_00\c2000ware\driverlib\f
   10980                      .dwattr $C$DW$836, DW_AT_decl_line(0x149)
   10981                      .dwattr $C$DW$836, DW_AT_decl_column(0x05)
   10982              
   10983              $C$DW$837       .dwtag  DW_TAG_enumerator
   10984                      .dwattr $C$DW$837, DW_AT_name("XBAR_EPWM_MUX09_INPUTXBAR5")
   10985                      .dwattr $C$DW$837, DW_AT_const_value(0x1201)
   10986                      .dwattr $C$DW$837, DW_AT_decl_file("C:\ti\C2000Ware_MotorControl_SDK_5_04_00_00\c2000ware\driverlib\f
   10987                      .dwattr $C$DW$837, DW_AT_decl_line(0x14a)
   10988                      .dwattr $C$DW$837, DW_AT_decl_column(0x05)
   10989              
   10990              $C$DW$838       .dwtag  DW_TAG_enumerator
   10991                      .dwattr $C$DW$838, DW_AT_name("XBAR_EPWM_MUX11_INPUTXBAR6")
   10992                      .dwattr $C$DW$838, DW_AT_const_value(0x1601)
   10993                      .dwattr $C$DW$838, DW_AT_decl_file("C:\ti\C2000Ware_MotorControl_SDK_5_04_00_00\c2000ware\driverlib\f
   10994                      .dwattr $C$DW$838, DW_AT_decl_line(0x14b)
   10995                      .dwattr $C$DW$838, DW_AT_decl_column(0x05)
   10996              
   10997              $C$DW$839       .dwtag  DW_TAG_enumerator
   10998                      .dwattr $C$DW$839, DW_AT_name("XBAR_EPWM_MUX13_ADCSOCA")
   10999                      .dwattr $C$DW$839, DW_AT_const_value(0x1a01)
   11000                      .dwattr $C$DW$839, DW_AT_decl_file("C:\ti\C2000Ware_MotorControl_SDK_5_04_00_00\c2000ware\driverlib\f
   11001                      .dwattr $C$DW$839, DW_AT_decl_line(0x14c)
   11002                      .dwattr $C$DW$839, DW_AT_decl_column(0x05)
   11003              
   11004              $C$DW$840       .dwtag  DW_TAG_enumerator
   11005                      .dwattr $C$DW$840, DW_AT_name("XBAR_EPWM_MUX14_EXTSYNCOUT")
TMS320C2000 Assembler PC v22.6.2 Thu Feb 12 10:37:10 2026

Copyright (c) 1996-2018 Texas Instruments Incorporated
dual_axis_servo_drive_hal.asm                                        PAGE  213

   11006                      .dwattr $C$DW$840, DW_AT_const_value(0x1c03)
   11007                      .dwattr $C$DW$840, DW_AT_decl_file("C:\ti\C2000Ware_MotorControl_SDK_5_04_00_00\c2000ware\driverlib\f
   11008                      .dwattr $C$DW$840, DW_AT_decl_line(0x14d)
   11009                      .dwattr $C$DW$840, DW_AT_decl_column(0x05)
   11010              
   11011              $C$DW$841       .dwtag  DW_TAG_enumerator
   11012                      .dwattr $C$DW$841, DW_AT_name("XBAR_EPWM_MUX15_ADCSOCB")
   11013                      .dwattr $C$DW$841, DW_AT_const_value(0x1e01)
   11014                      .dwattr $C$DW$841, DW_AT_decl_file("C:\ti\C2000Ware_MotorControl_SDK_5_04_00_00\c2000ware\driverlib\f
   11015                      .dwattr $C$DW$841, DW_AT_decl_line(0x14e)
   11016                      .dwattr $C$DW$841, DW_AT_decl_column(0x05)
   11017              
   11018              $C$DW$842       .dwtag  DW_TAG_enumerator
   11019                      .dwattr $C$DW$842, DW_AT_name("XBAR_EPWM_MUX17_INPUTXBAR7")
   11020                      .dwattr $C$DW$842, DW_AT_const_value(0x2201)
   11021                      .dwattr $C$DW$842, DW_AT_decl_file("C:\ti\C2000Ware_MotorControl_SDK_5_04_00_00\c2000ware\driverlib\f
   11022                      .dwattr $C$DW$842, DW_AT_decl_line(0x14f)
   11023                      .dwattr $C$DW$842, DW_AT_decl_column(0x05)
   11024              
   11025              $C$DW$843       .dwtag  DW_TAG_enumerator
   11026                      .dwattr $C$DW$843, DW_AT_name("XBAR_EPWM_MUX19_INPUTXBAR8")
   11027                      .dwattr $C$DW$843, DW_AT_const_value(0x2601)
   11028                      .dwattr $C$DW$843, DW_AT_decl_file("C:\ti\C2000Ware_MotorControl_SDK_5_04_00_00\c2000ware\driverlib\f
   11029                      .dwattr $C$DW$843, DW_AT_decl_line(0x150)
   11030                      .dwattr $C$DW$843, DW_AT_decl_column(0x05)
   11031              
   11032              $C$DW$844       .dwtag  DW_TAG_enumerator
   11033                      .dwattr $C$DW$844, DW_AT_name("XBAR_EPWM_MUX21_INPUTXBAR9")
   11034                      .dwattr $C$DW$844, DW_AT_const_value(0x2a01)
   11035                      .dwattr $C$DW$844, DW_AT_decl_file("C:\ti\C2000Ware_MotorControl_SDK_5_04_00_00\c2000ware\driverlib\f
   11036                      .dwattr $C$DW$844, DW_AT_decl_line(0x151)
   11037                      .dwattr $C$DW$844, DW_AT_decl_column(0x05)
   11038              
   11039              $C$DW$845       .dwtag  DW_TAG_enumerator
   11040                      .dwattr $C$DW$845, DW_AT_name("XBAR_EPWM_MUX23_INPUTXBAR10")
   11041                      .dwattr $C$DW$845, DW_AT_const_value(0x2e01)
   11042                      .dwattr $C$DW$845, DW_AT_decl_file("C:\ti\C2000Ware_MotorControl_SDK_5_04_00_00\c2000ware\driverlib\f
   11043                      .dwattr $C$DW$845, DW_AT_decl_line(0x152)
   11044                      .dwattr $C$DW$845, DW_AT_decl_column(0x05)
   11045              
   11046              $C$DW$846       .dwtag  DW_TAG_enumerator
   11047                      .dwattr $C$DW$846, DW_AT_name("XBAR_EPWM_MUX25_INPUTXBAR11")
   11048                      .dwattr $C$DW$846, DW_AT_const_value(0x3201)
   11049                      .dwattr $C$DW$846, DW_AT_decl_file("C:\ti\C2000Ware_MotorControl_SDK_5_04_00_00\c2000ware\driverlib\f
   11050                      .dwattr $C$DW$846, DW_AT_decl_line(0x153)
   11051                      .dwattr $C$DW$846, DW_AT_decl_column(0x05)
   11052              
   11053              $C$DW$847       .dwtag  DW_TAG_enumerator
   11054                      .dwattr $C$DW$847, DW_AT_name("XBAR_EPWM_MUX27_INPUTXBAR12")
   11055                      .dwattr $C$DW$847, DW_AT_const_value(0x3601)
   11056                      .dwattr $C$DW$847, DW_AT_decl_file("C:\ti\C2000Ware_MotorControl_SDK_5_04_00_00\c2000ware\driverlib\f
   11057                      .dwattr $C$DW$847, DW_AT_decl_line(0x154)
   11058                      .dwattr $C$DW$847, DW_AT_decl_column(0x05)
   11059              
   11060              $C$DW$848       .dwtag  DW_TAG_enumerator
TMS320C2000 Assembler PC v22.6.2 Thu Feb 12 10:37:10 2026

Copyright (c) 1996-2018 Texas Instruments Incorporated
dual_axis_servo_drive_hal.asm                                        PAGE  214

   11061                      .dwattr $C$DW$848, DW_AT_name("XBAR_EPWM_MUX29_INPUTXBAR13")
   11062                      .dwattr $C$DW$848, DW_AT_const_value(0x3a01)
   11063                      .dwattr $C$DW$848, DW_AT_decl_file("C:\ti\C2000Ware_MotorControl_SDK_5_04_00_00\c2000ware\driverlib\f
   11064                      .dwattr $C$DW$848, DW_AT_decl_line(0x155)
   11065                      .dwattr $C$DW$848, DW_AT_decl_column(0x05)
   11066              
   11067              $C$DW$849       .dwtag  DW_TAG_enumerator
   11068                      .dwattr $C$DW$849, DW_AT_name("XBAR_EPWM_MUX31_INPUTXBAR14")
   11069                      .dwattr $C$DW$849, DW_AT_const_value(0x3e01)
   11070                      .dwattr $C$DW$849, DW_AT_decl_file("C:\ti\C2000Ware_MotorControl_SDK_5_04_00_00\c2000ware\driverlib\f
   11071                      .dwattr $C$DW$849, DW_AT_decl_line(0x156)
   11072                      .dwattr $C$DW$849, DW_AT_decl_column(0x05)
   11073              
   11074                      .dwattr $C$DW$T$122, DW_AT_decl_file("C:\ti\C2000Ware_MotorControl_SDK_5_04_00_00\c2000ware\driverlib
   11075                      .dwattr $C$DW$T$122, DW_AT_decl_line(0x12a)
   11076                      .dwattr $C$DW$T$122, DW_AT_decl_column(0x01)
   11077                      .dwendtag $C$DW$T$122
   11078              
   11079                      .dwendtag $C$DW$TU$122
   11080              
   11081              
   11082              $C$DW$TU$123    .dwtag  DW_TAG_type_unit
   11083                      .dwmtype  $C$DW$T$123
   11084              $C$DW$T$123     .dwtag  DW_TAG_typedef
   11085                      .dwattr $C$DW$T$123, DW_AT_name("XBAR_EPWMMuxConfig")
   11086                      .dwattr $C$DW$T$123, DW_AT_type(*$C$DW$T$122)
   11087                      .dwattr $C$DW$T$123, DW_AT_decl_file("C:\ti\C2000Ware_MotorControl_SDK_5_04_00_00\c2000ware\driverlib
   11088                      .dwattr $C$DW$T$123, DW_AT_decl_line(0x157)
   11089                      .dwattr $C$DW$T$123, DW_AT_decl_column(0x03)
   11090              
   11091                      .dwendtag $C$DW$TU$123
   11092              
   11093              
   11094              $C$DW$TU$124    .dwtag  DW_TAG_type_unit
   11095                      .dwmtype  $C$DW$T$124
   11096              
   11097              $C$DW$T$124     .dwtag  DW_TAG_enumeration_type
   11098                      .dwattr $C$DW$T$124, DW_AT_byte_size(0x01)
   11099              $C$DW$850       .dwtag  DW_TAG_enumerator
   11100                      .dwattr $C$DW$850, DW_AT_name("GPIO_DIR_MODE_IN")
   11101                      .dwattr $C$DW$850, DW_AT_const_value(0x00)
   11102                      .dwattr $C$DW$850, DW_AT_decl_file("C:/ti/C2000Ware_MotorControl_SDK_5_04_00_00/c2000ware/driverlib/f
   11103                      .dwattr $C$DW$850, DW_AT_decl_line(0x7f)
   11104                      .dwattr $C$DW$850, DW_AT_decl_column(0x05)
   11105              
   11106              $C$DW$851       .dwtag  DW_TAG_enumerator
   11107                      .dwattr $C$DW$851, DW_AT_name("GPIO_DIR_MODE_OUT")
   11108                      .dwattr $C$DW$851, DW_AT_const_value(0x01)
   11109                      .dwattr $C$DW$851, DW_AT_decl_file("C:/ti/C2000Ware_MotorControl_SDK_5_04_00_00/c2000ware/driverlib/f
   11110                      .dwattr $C$DW$851, DW_AT_decl_line(0x80)
   11111                      .dwattr $C$DW$851, DW_AT_decl_column(0x05)
   11112              
   11113                      .dwattr $C$DW$T$124, DW_AT_decl_file("C:/ti/C2000Ware_MotorControl_SDK_5_04_00_00/c2000ware/driverlib
   11114                      .dwattr $C$DW$T$124, DW_AT_decl_line(0x7e)
   11115                      .dwattr $C$DW$T$124, DW_AT_decl_column(0x01)
TMS320C2000 Assembler PC v22.6.2 Thu Feb 12 10:37:10 2026

Copyright (c) 1996-2018 Texas Instruments Incorporated
dual_axis_servo_drive_hal.asm                                        PAGE  215

   11116                      .dwendtag $C$DW$T$124
   11117              
   11118                      .dwendtag $C$DW$TU$124
   11119              
   11120              
   11121              $C$DW$TU$125    .dwtag  DW_TAG_type_unit
   11122                      .dwmtype  $C$DW$T$125
   11123              $C$DW$T$125     .dwtag  DW_TAG_typedef
   11124                      .dwattr $C$DW$T$125, DW_AT_name("GPIO_Direction")
   11125                      .dwattr $C$DW$T$125, DW_AT_type(*$C$DW$T$124)
   11126                      .dwattr $C$DW$T$125, DW_AT_decl_file("C:/ti/C2000Ware_MotorControl_SDK_5_04_00_00/c2000ware/driverlib
   11127                      .dwattr $C$DW$T$125, DW_AT_decl_line(0x81)
   11128                      .dwattr $C$DW$T$125, DW_AT_decl_column(0x03)
   11129              
   11130                      .dwendtag $C$DW$TU$125
   11131              
   11132              
   11133              $C$DW$TU$126    .dwtag  DW_TAG_type_unit
   11134                      .dwmtype  $C$DW$T$126
   11135              
   11136              $C$DW$T$126     .dwtag  DW_TAG_enumeration_type
   11137                      .dwattr $C$DW$T$126, DW_AT_byte_size(0x01)
   11138              $C$DW$852       .dwtag  DW_TAG_enumerator
   11139                      .dwattr $C$DW$852, DW_AT_name("GPIO_QUAL_SYNC")
   11140                      .dwattr $C$DW$852, DW_AT_const_value(0x00)
   11141                      .dwattr $C$DW$852, DW_AT_decl_file("C:/ti/C2000Ware_MotorControl_SDK_5_04_00_00/c2000ware/driverlib/f
   11142                      .dwattr $C$DW$852, DW_AT_decl_line(0x98)
   11143                      .dwattr $C$DW$852, DW_AT_decl_column(0x05)
   11144              
   11145              $C$DW$853       .dwtag  DW_TAG_enumerator
   11146                      .dwattr $C$DW$853, DW_AT_name("GPIO_QUAL_3SAMPLE")
   11147                      .dwattr $C$DW$853, DW_AT_const_value(0x01)
   11148                      .dwattr $C$DW$853, DW_AT_decl_file("C:/ti/C2000Ware_MotorControl_SDK_5_04_00_00/c2000ware/driverlib/f
   11149                      .dwattr $C$DW$853, DW_AT_decl_line(0x99)
   11150                      .dwattr $C$DW$853, DW_AT_decl_column(0x05)
   11151              
   11152              $C$DW$854       .dwtag  DW_TAG_enumerator
   11153                      .dwattr $C$DW$854, DW_AT_name("GPIO_QUAL_6SAMPLE")
   11154                      .dwattr $C$DW$854, DW_AT_const_value(0x02)
   11155                      .dwattr $C$DW$854, DW_AT_decl_file("C:/ti/C2000Ware_MotorControl_SDK_5_04_00_00/c2000ware/driverlib/f
   11156                      .dwattr $C$DW$854, DW_AT_decl_line(0x9a)
   11157                      .dwattr $C$DW$854, DW_AT_decl_column(0x05)
   11158              
   11159              $C$DW$855       .dwtag  DW_TAG_enumerator
   11160                      .dwattr $C$DW$855, DW_AT_name("GPIO_QUAL_ASYNC")
   11161                      .dwattr $C$DW$855, DW_AT_const_value(0x03)
   11162                      .dwattr $C$DW$855, DW_AT_decl_file("C:/ti/C2000Ware_MotorControl_SDK_5_04_00_00/c2000ware/driverlib/f
   11163                      .dwattr $C$DW$855, DW_AT_decl_line(0x9b)
   11164                      .dwattr $C$DW$855, DW_AT_decl_column(0x05)
   11165              
   11166                      .dwattr $C$DW$T$126, DW_AT_decl_file("C:/ti/C2000Ware_MotorControl_SDK_5_04_00_00/c2000ware/driverlib
   11167                      .dwattr $C$DW$T$126, DW_AT_decl_line(0x97)
   11168                      .dwattr $C$DW$T$126, DW_AT_decl_column(0x01)
   11169                      .dwendtag $C$DW$T$126
   11170              
TMS320C2000 Assembler PC v22.6.2 Thu Feb 12 10:37:10 2026

Copyright (c) 1996-2018 Texas Instruments Incorporated
dual_axis_servo_drive_hal.asm                                        PAGE  216

   11171                      .dwendtag $C$DW$TU$126
   11172              
   11173              
   11174              $C$DW$TU$127    .dwtag  DW_TAG_type_unit
   11175                      .dwmtype  $C$DW$T$127
   11176              $C$DW$T$127     .dwtag  DW_TAG_typedef
   11177                      .dwattr $C$DW$T$127, DW_AT_name("GPIO_QualificationMode")
   11178                      .dwattr $C$DW$T$127, DW_AT_type(*$C$DW$T$126)
   11179                      .dwattr $C$DW$T$127, DW_AT_decl_file("C:/ti/C2000Ware_MotorControl_SDK_5_04_00_00/c2000ware/driverlib
   11180                      .dwattr $C$DW$T$127, DW_AT_decl_line(0x9c)
   11181                      .dwattr $C$DW$T$127, DW_AT_decl_column(0x03)
   11182              
   11183                      .dwendtag $C$DW$TU$127
   11184              
   11185              
   11186              $C$DW$TU$19     .dwtag  DW_TAG_type_unit
   11187                      .dwmtype  $C$DW$T$19
   11188              
   11189              $C$DW$T$19      .dwtag  DW_TAG_structure_type
   11190                      .dwattr $C$DW$T$19, DW_AT_byte_size(0x04)
   11191              $C$DW$856       .dwtag  DW_TAG_member
   11192                      .dwattr $C$DW$856, DW_AT_type(*$C$DW$T$12)
   11193                      .dwattr $C$DW$856, DW_AT_name("quot")
   11194                      .dwattr $C$DW$856, DW_AT_accessibility(DW_ACCESS_public)
   11195                      .dwattr $C$DW$856, DW_AT_decl_file("C:/ti/ccs2031/ccs/tools/compiler/ti-cgt-c2000_22.6.2.LTS/include/
   11196                      .dwattr $C$DW$856, DW_AT_decl_line(0x59)
   11197                      .dwattr $C$DW$856, DW_AT_decl_column(0x17)
   11198              
   11199              $C$DW$857       .dwtag  DW_TAG_member
   11200                      .dwattr $C$DW$857, DW_AT_type(*$C$DW$T$12)
   11201                      .dwattr $C$DW$857, DW_AT_name("rem")
   11202                      .dwattr $C$DW$857, DW_AT_data_member_location[DW_OP_plus_uconst 0x2]
   11203                      .dwattr $C$DW$857, DW_AT_accessibility(DW_ACCESS_public)
   11204                      .dwattr $C$DW$857, DW_AT_decl_file("C:/ti/ccs2031/ccs/tools/compiler/ti-cgt-c2000_22.6.2.LTS/include/
   11205                      .dwattr $C$DW$857, DW_AT_decl_line(0x59)
   11206                      .dwattr $C$DW$857, DW_AT_decl_column(0x1d)
   11207              
   11208                      .dwattr $C$DW$T$19, DW_AT_decl_file("C:/ti/ccs2031/ccs/tools/compiler/ti-cgt-c2000_22.6.2.LTS/include
   11209                      .dwattr $C$DW$T$19, DW_AT_decl_line(0x59)
   11210                      .dwattr $C$DW$T$19, DW_AT_decl_column(0x10)
   11211                      .dwendtag $C$DW$T$19
   11212              
   11213                      .dwendtag $C$DW$TU$19
   11214              
   11215              
   11216              $C$DW$TU$129    .dwtag  DW_TAG_type_unit
   11217                      .dwmtype  $C$DW$T$129
   11218              $C$DW$T$129     .dwtag  DW_TAG_typedef
   11219                      .dwattr $C$DW$T$129, DW_AT_name("ldiv_t")
   11220                      .dwattr $C$DW$T$129, DW_AT_type(*$C$DW$T$19)
   11221                      .dwattr $C$DW$T$129, DW_AT_decl_file("C:/ti/ccs2031/ccs/tools/compiler/ti-cgt-c2000_22.6.2.LTS/includ
   11222                      .dwattr $C$DW$T$129, DW_AT_decl_line(0x59)
   11223                      .dwattr $C$DW$T$129, DW_AT_decl_column(0x24)
   11224              
   11225                      .dwendtag $C$DW$TU$129
TMS320C2000 Assembler PC v22.6.2 Thu Feb 12 10:37:10 2026

Copyright (c) 1996-2018 Texas Instruments Incorporated
dual_axis_servo_drive_hal.asm                                        PAGE  217

   11226              
   11227              
   11228              $C$DW$TU$20     .dwtag  DW_TAG_type_unit
   11229                      .dwmtype  $C$DW$T$20
   11230              
   11231              $C$DW$T$20      .dwtag  DW_TAG_structure_type
   11232                      .dwattr $C$DW$T$20, DW_AT_byte_size(0x08)
   11233              $C$DW$858       .dwtag  DW_TAG_member
   11234                      .dwattr $C$DW$858, DW_AT_type(*$C$DW$T$14)
   11235                      .dwattr $C$DW$858, DW_AT_name("quot")
   11236                      .dwattr $C$DW$858, DW_AT_accessibility(DW_ACCESS_public)
   11237                      .dwattr $C$DW$858, DW_AT_decl_file("C:/ti/ccs2031/ccs/tools/compiler/ti-cgt-c2000_22.6.2.LTS/include/
   11238                      .dwattr $C$DW$858, DW_AT_decl_line(0x63)
   11239                      .dwattr $C$DW$858, DW_AT_decl_column(0x1c)
   11240              
   11241              $C$DW$859       .dwtag  DW_TAG_member
   11242                      .dwattr $C$DW$859, DW_AT_type(*$C$DW$T$14)
   11243                      .dwattr $C$DW$859, DW_AT_name("rem")
   11244                      .dwattr $C$DW$859, DW_AT_data_member_location[DW_OP_plus_uconst 0x4]
   11245                      .dwattr $C$DW$859, DW_AT_accessibility(DW_ACCESS_public)
   11246                      .dwattr $C$DW$859, DW_AT_decl_file("C:/ti/ccs2031/ccs/tools/compiler/ti-cgt-c2000_22.6.2.LTS/include/
   11247                      .dwattr $C$DW$859, DW_AT_decl_line(0x63)
   11248                      .dwattr $C$DW$859, DW_AT_decl_column(0x22)
   11249              
   11250                      .dwattr $C$DW$T$20, DW_AT_decl_file("C:/ti/ccs2031/ccs/tools/compiler/ti-cgt-c2000_22.6.2.LTS/include
   11251                      .dwattr $C$DW$T$20, DW_AT_decl_line(0x63)
   11252                      .dwattr $C$DW$T$20, DW_AT_decl_column(0x10)
   11253                      .dwendtag $C$DW$T$20
   11254              
   11255                      .dwendtag $C$DW$TU$20
   11256              
   11257              
   11258              $C$DW$TU$132    .dwtag  DW_TAG_type_unit
   11259                      .dwmtype  $C$DW$T$132
   11260              $C$DW$T$132     .dwtag  DW_TAG_typedef
   11261                      .dwattr $C$DW$T$132, DW_AT_name("lldiv_t")
   11262                      .dwattr $C$DW$T$132, DW_AT_type(*$C$DW$T$20)
   11263                      .dwattr $C$DW$T$132, DW_AT_decl_file("C:/ti/ccs2031/ccs/tools/compiler/ti-cgt-c2000_22.6.2.LTS/includ
   11264                      .dwattr $C$DW$T$132, DW_AT_decl_line(0x63)
   11265                      .dwattr $C$DW$T$132, DW_AT_decl_column(0x29)
   11266              
   11267                      .dwendtag $C$DW$TU$132
   11268              
   11269              
   11270              $C$DW$TU$22     .dwtag  DW_TAG_type_unit
   11271                      .dwmtype  $C$DW$T$22
   11272              
   11273              $C$DW$T$22      .dwtag  DW_TAG_structure_type
   11274                      .dwattr $C$DW$T$22, DW_AT_name("_Complex_double")
   11275                      .dwattr $C$DW$T$22, DW_AT_byte_size(0x08)
   11276              $C$DW$860       .dwtag  DW_TAG_member
   11277                      .dwattr $C$DW$860, DW_AT_type(*$C$DW$T$21)
   11278                      .dwattr $C$DW$860, DW_AT_name("_Vals")
   11279                      .dwattr $C$DW$860, DW_AT_accessibility(DW_ACCESS_public)
   11280                      .dwattr $C$DW$860, DW_AT_decl_file("C:/ti/ccs2031/ccs/tools/compiler/ti-cgt-c2000_22.6.2.LTS/include/
TMS320C2000 Assembler PC v22.6.2 Thu Feb 12 10:37:10 2026

Copyright (c) 1996-2018 Texas Instruments Incorporated
dual_axis_servo_drive_hal.asm                                        PAGE  218

   11281                      .dwattr $C$DW$860, DW_AT_decl_line(0x13b)
   11282                      .dwattr $C$DW$860, DW_AT_decl_column(0x10)
   11283              
   11284                      .dwendtag $C$DW$T$22
   11285              
   11286                      .dwendtag $C$DW$TU$22
   11287              
   11288              
   11289              $C$DW$TU$134    .dwtag  DW_TAG_type_unit
   11290                      .dwmtype  $C$DW$T$134
   11291              $C$DW$T$134     .dwtag  DW_TAG_typedef
   11292                      .dwattr $C$DW$T$134, DW_AT_name("_Complex_double")
   11293                      .dwattr $C$DW$T$134, DW_AT_type(*$C$DW$T$22)
   11294                      .dwattr $C$DW$T$134, DW_AT_decl_file("C:/ti/ccs2031/ccs/tools/compiler/ti-cgt-c2000_22.6.2.LTS/includ
   11295                      .dwattr $C$DW$T$134, DW_AT_decl_line(0x13b)
   11296                      .dwattr $C$DW$T$134, DW_AT_decl_column(0x10)
   11297              
   11298                      .dwendtag $C$DW$TU$134
   11299              
   11300              
   11301              $C$DW$TU$24     .dwtag  DW_TAG_type_unit
   11302                      .dwmtype  $C$DW$T$24
   11303              
   11304              $C$DW$T$24      .dwtag  DW_TAG_structure_type
   11305                      .dwattr $C$DW$T$24, DW_AT_name("_Complex_float")
   11306                      .dwattr $C$DW$T$24, DW_AT_byte_size(0x04)
   11307              $C$DW$861       .dwtag  DW_TAG_member
   11308                      .dwattr $C$DW$861, DW_AT_type(*$C$DW$T$23)
   11309                      .dwattr $C$DW$861, DW_AT_name("_Vals")
   11310                      .dwattr $C$DW$861, DW_AT_accessibility(DW_ACCESS_public)
   11311                      .dwattr $C$DW$861, DW_AT_decl_file("C:/ti/ccs2031/ccs/tools/compiler/ti-cgt-c2000_22.6.2.LTS/include/
   11312                      .dwattr $C$DW$861, DW_AT_decl_line(0x13b)
   11313                      .dwattr $C$DW$861, DW_AT_decl_column(0x10)
   11314              
   11315                      .dwendtag $C$DW$T$24
   11316              
   11317                      .dwendtag $C$DW$TU$24
   11318              
   11319              
   11320              $C$DW$TU$135    .dwtag  DW_TAG_type_unit
   11321                      .dwmtype  $C$DW$T$135
   11322              $C$DW$T$135     .dwtag  DW_TAG_typedef
   11323                      .dwattr $C$DW$T$135, DW_AT_name("_Complex_float")
   11324                      .dwattr $C$DW$T$135, DW_AT_type(*$C$DW$T$24)
   11325                      .dwattr $C$DW$T$135, DW_AT_decl_file("C:/ti/ccs2031/ccs/tools/compiler/ti-cgt-c2000_22.6.2.LTS/includ
   11326                      .dwattr $C$DW$T$135, DW_AT_decl_line(0x13b)
   11327                      .dwattr $C$DW$T$135, DW_AT_decl_column(0x10)
   11328              
   11329                      .dwendtag $C$DW$TU$135
   11330              
   11331              
   11332              $C$DW$TU$26     .dwtag  DW_TAG_type_unit
   11333                      .dwmtype  $C$DW$T$26
   11334              
   11335              $C$DW$T$26      .dwtag  DW_TAG_structure_type
TMS320C2000 Assembler PC v22.6.2 Thu Feb 12 10:37:10 2026

Copyright (c) 1996-2018 Texas Instruments Incorporated
dual_axis_servo_drive_hal.asm                                        PAGE  219

   11336                      .dwattr $C$DW$T$26, DW_AT_name("_Complex_long_double")
   11337                      .dwattr $C$DW$T$26, DW_AT_byte_size(0x08)
   11338              $C$DW$862       .dwtag  DW_TAG_member
   11339                      .dwattr $C$DW$862, DW_AT_type(*$C$DW$T$25)
   11340                      .dwattr $C$DW$862, DW_AT_name("_Vals")
   11341                      .dwattr $C$DW$862, DW_AT_accessibility(DW_ACCESS_public)
   11342                      .dwattr $C$DW$862, DW_AT_decl_file("C:/ti/ccs2031/ccs/tools/compiler/ti-cgt-c2000_22.6.2.LTS/include/
   11343                      .dwattr $C$DW$862, DW_AT_decl_line(0x13b)
   11344                      .dwattr $C$DW$862, DW_AT_decl_column(0x10)
   11345              
   11346                      .dwendtag $C$DW$T$26
   11347              
   11348                      .dwendtag $C$DW$TU$26
   11349              
   11350              
   11351              $C$DW$TU$137    .dwtag  DW_TAG_type_unit
   11352                      .dwmtype  $C$DW$T$137
   11353              $C$DW$T$137     .dwtag  DW_TAG_typedef
   11354                      .dwattr $C$DW$T$137, DW_AT_name("_Complex_long_double")
   11355                      .dwattr $C$DW$T$137, DW_AT_type(*$C$DW$T$26)
   11356                      .dwattr $C$DW$T$137, DW_AT_decl_file("C:/ti/ccs2031/ccs/tools/compiler/ti-cgt-c2000_22.6.2.LTS/includ
   11357                      .dwattr $C$DW$T$137, DW_AT_decl_line(0x13b)
   11358                      .dwattr $C$DW$T$137, DW_AT_decl_column(0x10)
   11359              
   11360                      .dwendtag $C$DW$TU$137
   11361              
   11362              
   11363              $C$DW$TU$33     .dwtag  DW_TAG_type_unit
   11364                      .dwmtype  $C$DW$T$33
   11365              
   11366              $C$DW$T$33      .dwtag  DW_TAG_structure_type
   11367                      .dwattr $C$DW$T$33, DW_AT_name("_HAL_MTR_Obj_")
   11368                      .dwattr $C$DW$T$33, DW_AT_byte_size(0x12)
   11369              $C$DW$863       .dwtag  DW_TAG_member
   11370                      .dwattr $C$DW$863, DW_AT_type(*$C$DW$T$29)
   11371                      .dwattr $C$DW$863, DW_AT_name("pwmHandle")
   11372                      .dwattr $C$DW$863, DW_AT_accessibility(DW_ACCESS_public)
   11373                      .dwattr $C$DW$863, DW_AT_decl_file("..\sources\dual_axis_servo_drive_hal.h")
   11374                      .dwattr $C$DW$863, DW_AT_decl_line(0xb0)
   11375                      .dwattr $C$DW$863, DW_AT_decl_column(0x11)
   11376              
   11377              $C$DW$864       .dwtag  DW_TAG_member
   11378                      .dwattr $C$DW$864, DW_AT_type(*$C$DW$T$29)
   11379                      .dwattr $C$DW$864, DW_AT_name("cmpssHandle")
   11380                      .dwattr $C$DW$864, DW_AT_data_member_location[DW_OP_plus_uconst 0x6]
   11381                      .dwattr $C$DW$864, DW_AT_accessibility(DW_ACCESS_public)
   11382                      .dwattr $C$DW$864, DW_AT_decl_file("..\sources\dual_axis_servo_drive_hal.h")
   11383                      .dwattr $C$DW$864, DW_AT_decl_line(0xb2)
   11384                      .dwattr $C$DW$864, DW_AT_decl_column(0x11)
   11385              
   11386              $C$DW$865       .dwtag  DW_TAG_member
   11387                      .dwattr $C$DW$865, DW_AT_type(*$C$DW$T$28)
   11388                      .dwattr $C$DW$865, DW_AT_name("spiHandle")
   11389                      .dwattr $C$DW$865, DW_AT_data_member_location[DW_OP_plus_uconst 0xc]
   11390                      .dwattr $C$DW$865, DW_AT_accessibility(DW_ACCESS_public)
TMS320C2000 Assembler PC v22.6.2 Thu Feb 12 10:37:10 2026

Copyright (c) 1996-2018 Texas Instruments Incorporated
dual_axis_servo_drive_hal.asm                                        PAGE  220

   11391                      .dwattr $C$DW$865, DW_AT_decl_file("..\sources\dual_axis_servo_drive_hal.h")
   11392                      .dwattr $C$DW$865, DW_AT_decl_line(0xb4)
   11393                      .dwattr $C$DW$865, DW_AT_decl_column(0x11)
   11394              
   11395              $C$DW$866       .dwtag  DW_TAG_member
   11396                      .dwattr $C$DW$866, DW_AT_type(*$C$DW$T$28)
   11397                      .dwattr $C$DW$866, DW_AT_name("qepHandle")
   11398                      .dwattr $C$DW$866, DW_AT_data_member_location[DW_OP_plus_uconst 0xe]
   11399                      .dwattr $C$DW$866, DW_AT_accessibility(DW_ACCESS_public)
   11400                      .dwattr $C$DW$866, DW_AT_decl_file("..\sources\dual_axis_servo_drive_hal.h")
   11401                      .dwattr $C$DW$866, DW_AT_decl_line(0xb6)
   11402                      .dwattr $C$DW$866, DW_AT_decl_column(0x11)
   11403              
   11404              $C$DW$867       .dwtag  DW_TAG_member
   11405                      .dwattr $C$DW$867, DW_AT_type(*$C$DW$T$31)
   11406                      .dwattr $C$DW$867, DW_AT_name("motorNum")
   11407                      .dwattr $C$DW$867, DW_AT_data_member_location[DW_OP_plus_uconst 0x10]
   11408                      .dwattr $C$DW$867, DW_AT_accessibility(DW_ACCESS_public)
   11409                      .dwattr $C$DW$867, DW_AT_decl_file("..\sources\dual_axis_servo_drive_hal.h")
   11410                      .dwattr $C$DW$867, DW_AT_decl_line(0xb8)
   11411                      .dwattr $C$DW$867, DW_AT_decl_column(0x11)
   11412              
   11413              $C$DW$868       .dwtag  DW_TAG_member
   11414                      .dwattr $C$DW$868, DW_AT_type(*$C$DW$T$32)
   11415                      .dwattr $C$DW$868, DW_AT_name("flagEnablePWM")
   11416                      .dwattr $C$DW$868, DW_AT_data_member_location[DW_OP_plus_uconst 0x11]
   11417                      .dwattr $C$DW$868, DW_AT_accessibility(DW_ACCESS_public)
   11418                      .dwattr $C$DW$868, DW_AT_decl_file("..\sources\dual_axis_servo_drive_hal.h")
   11419                      .dwattr $C$DW$868, DW_AT_decl_line(0xba)
   11420                      .dwattr $C$DW$868, DW_AT_decl_column(0x11)
   11421              
   11422                      .dwattr $C$DW$T$33, DW_AT_decl_file("..\sources\dual_axis_servo_drive_hal.h")
   11423                      .dwattr $C$DW$T$33, DW_AT_decl_line(0xae)
   11424                      .dwattr $C$DW$T$33, DW_AT_decl_column(0x10)
   11425                      .dwendtag $C$DW$T$33
   11426              
   11427                      .dwendtag $C$DW$TU$33
   11428              
   11429              
   11430              $C$DW$TU$138    .dwtag  DW_TAG_type_unit
   11431                      .dwmtype  $C$DW$T$138
   11432              $C$DW$T$138     .dwtag  DW_TAG_typedef
   11433                      .dwattr $C$DW$T$138, DW_AT_name("HAL_MTR_Obj")
   11434                      .dwattr $C$DW$T$138, DW_AT_type(*$C$DW$T$33)
   11435                      .dwattr $C$DW$T$138, DW_AT_decl_file("..\sources\dual_axis_servo_drive_hal.h")
   11436                      .dwattr $C$DW$T$138, DW_AT_decl_line(0xbb)
   11437                      .dwattr $C$DW$T$138, DW_AT_decl_column(0x03)
   11438              
   11439                      .dwendtag $C$DW$TU$138
   11440              
   11441              
   11442              $C$DW$TU$139    .dwtag  DW_TAG_type_unit
   11443                      .dwmtype  $C$DW$T$139
   11444              
   11445              $C$DW$T$139     .dwtag  DW_TAG_array_type
TMS320C2000 Assembler PC v22.6.2 Thu Feb 12 10:37:10 2026

Copyright (c) 1996-2018 Texas Instruments Incorporated
dual_axis_servo_drive_hal.asm                                        PAGE  221

   11446                      .dwattr $C$DW$T$139, DW_AT_type(*$C$DW$T$138)
   11447                      .dwattr $C$DW$T$139, DW_AT_byte_size(0x24)
   11448              $C$DW$869       .dwtag  DW_TAG_subrange_type
   11449                      .dwattr $C$DW$869, DW_AT_upper_bound(0x01)
   11450              
   11451                      .dwendtag $C$DW$T$139
   11452              
   11453                      .dwendtag $C$DW$TU$139
   11454              
   11455              
   11456              $C$DW$TU$140    .dwtag  DW_TAG_type_unit
   11457                      .dwmtype  $C$DW$T$140
   11458              $C$DW$T$140     .dwtag  DW_TAG_pointer_type
   11459                      .dwattr $C$DW$T$140, DW_AT_type(*$C$DW$T$33)
   11460                      .dwattr $C$DW$T$140, DW_AT_address_class(0x20)
   11461              
   11462                      .dwendtag $C$DW$TU$140
   11463              
   11464              
   11465              $C$DW$TU$141    .dwtag  DW_TAG_type_unit
   11466                      .dwmtype  $C$DW$T$141
   11467              $C$DW$T$141     .dwtag  DW_TAG_typedef
   11468                      .dwattr $C$DW$T$141, DW_AT_name("HAL_MTR_Handle")
   11469                      .dwattr $C$DW$T$141, DW_AT_type(*$C$DW$T$140)
   11470                      .dwattr $C$DW$T$141, DW_AT_decl_file("..\sources\dual_axis_servo_drive_hal.h")
   11471                      .dwattr $C$DW$T$141, DW_AT_decl_line(0xc2)
   11472                      .dwattr $C$DW$T$141, DW_AT_decl_column(0x1f)
   11473              
   11474                      .dwendtag $C$DW$TU$141
   11475              
   11476              
   11477              $C$DW$TU$142    .dwtag  DW_TAG_type_unit
   11478                      .dwmtype  $C$DW$T$142
   11479              $C$DW$870       .dwtag  DW_TAG_TI_far_type
   11480                      .dwattr $C$DW$870, DW_AT_type(*$C$DW$T$141)
   11481              
   11482              $C$DW$T$142     .dwtag  DW_TAG_const_type
   11483                      .dwattr $C$DW$T$142, DW_AT_type(*$C$DW$870)
   11484              
   11485                      .dwendtag $C$DW$TU$142
   11486              
   11487              
   11488              $C$DW$TU$35     .dwtag  DW_TAG_type_unit
   11489                      .dwmtype  $C$DW$T$35
   11490              
   11491              $C$DW$T$35      .dwtag  DW_TAG_structure_type
   11492                      .dwattr $C$DW$T$35, DW_AT_name("_HAL_Obj_")
   11493                      .dwattr $C$DW$T$35, DW_AT_byte_size(0x12)
   11494              $C$DW$871       .dwtag  DW_TAG_member
   11495                      .dwattr $C$DW$871, DW_AT_type(*$C$DW$T$29)
   11496                      .dwattr $C$DW$871, DW_AT_name("timerHandle")
   11497                      .dwattr $C$DW$871, DW_AT_accessibility(DW_ACCESS_public)
   11498                      .dwattr $C$DW$871, DW_AT_decl_file("..\sources\dual_axis_servo_drive_hal.h")
   11499                      .dwattr $C$DW$871, DW_AT_decl_line(0x9b)
   11500                      .dwattr $C$DW$871, DW_AT_decl_column(0x11)
TMS320C2000 Assembler PC v22.6.2 Thu Feb 12 10:37:10 2026

Copyright (c) 1996-2018 Texas Instruments Incorporated
dual_axis_servo_drive_hal.asm                                        PAGE  222

   11501              
   11502              $C$DW$872       .dwtag  DW_TAG_member
   11503                      .dwattr $C$DW$872, DW_AT_type(*$C$DW$T$34)
   11504                      .dwattr $C$DW$872, DW_AT_name("sciHandle")
   11505                      .dwattr $C$DW$872, DW_AT_data_member_location[DW_OP_plus_uconst 0x6]
   11506                      .dwattr $C$DW$872, DW_AT_accessibility(DW_ACCESS_public)
   11507                      .dwattr $C$DW$872, DW_AT_decl_file("..\sources\dual_axis_servo_drive_hal.h")
   11508                      .dwattr $C$DW$872, DW_AT_decl_line(0x9d)
   11509                      .dwattr $C$DW$872, DW_AT_decl_column(0x11)
   11510              
   11511              $C$DW$873       .dwtag  DW_TAG_member
   11512                      .dwattr $C$DW$873, DW_AT_type(*$C$DW$T$34)
   11513                      .dwattr $C$DW$873, DW_AT_name("adcHandle")
   11514                      .dwattr $C$DW$873, DW_AT_data_member_location[DW_OP_plus_uconst 0xa]
   11515                      .dwattr $C$DW$873, DW_AT_accessibility(DW_ACCESS_public)
   11516                      .dwattr $C$DW$873, DW_AT_decl_file("..\sources\dual_axis_servo_drive_hal.h")
   11517                      .dwattr $C$DW$873, DW_AT_decl_line(0x9f)
   11518                      .dwattr $C$DW$873, DW_AT_decl_column(0x11)
   11519              
   11520              $C$DW$874       .dwtag  DW_TAG_member
   11521                      .dwattr $C$DW$874, DW_AT_type(*$C$DW$T$34)
   11522                      .dwattr $C$DW$874, DW_AT_name("adcResult")
   11523                      .dwattr $C$DW$874, DW_AT_data_member_location[DW_OP_plus_uconst 0xe]
   11524                      .dwattr $C$DW$874, DW_AT_accessibility(DW_ACCESS_public)
   11525                      .dwattr $C$DW$874, DW_AT_decl_file("..\sources\dual_axis_servo_drive_hal.h")
   11526                      .dwattr $C$DW$874, DW_AT_decl_line(0xa0)
   11527                      .dwattr $C$DW$874, DW_AT_decl_column(0x11)
   11528              
   11529                      .dwattr $C$DW$T$35, DW_AT_decl_file("..\sources\dual_axis_servo_drive_hal.h")
   11530                      .dwattr $C$DW$T$35, DW_AT_decl_line(0x99)
   11531                      .dwattr $C$DW$T$35, DW_AT_decl_column(0x10)
   11532                      .dwendtag $C$DW$T$35
   11533              
   11534                      .dwendtag $C$DW$TU$35
   11535              
   11536              
   11537              $C$DW$TU$149    .dwtag  DW_TAG_type_unit
   11538                      .dwmtype  $C$DW$T$149
   11539              $C$DW$T$149     .dwtag  DW_TAG_typedef
   11540                      .dwattr $C$DW$T$149, DW_AT_name("HAL_Obj")
   11541                      .dwattr $C$DW$T$149, DW_AT_type(*$C$DW$T$35)
   11542                      .dwattr $C$DW$T$149, DW_AT_decl_file("..\sources\dual_axis_servo_drive_hal.h")
   11543                      .dwattr $C$DW$T$149, DW_AT_decl_line(0xa1)
   11544                      .dwattr $C$DW$T$149, DW_AT_decl_column(0x03)
   11545              
   11546                      .dwendtag $C$DW$TU$149
   11547              
   11548              
   11549              $C$DW$TU$150    .dwtag  DW_TAG_type_unit
   11550                      .dwmtype  $C$DW$T$150
   11551              $C$DW$T$150     .dwtag  DW_TAG_pointer_type
   11552                      .dwattr $C$DW$T$150, DW_AT_type(*$C$DW$T$35)
   11553                      .dwattr $C$DW$T$150, DW_AT_address_class(0x20)
   11554              
   11555                      .dwendtag $C$DW$TU$150
TMS320C2000 Assembler PC v22.6.2 Thu Feb 12 10:37:10 2026

Copyright (c) 1996-2018 Texas Instruments Incorporated
dual_axis_servo_drive_hal.asm                                        PAGE  223

   11556              
   11557              
   11558              $C$DW$TU$151    .dwtag  DW_TAG_type_unit
   11559                      .dwmtype  $C$DW$T$151
   11560              $C$DW$T$151     .dwtag  DW_TAG_typedef
   11561                      .dwattr $C$DW$T$151, DW_AT_name("HAL_Handle")
   11562                      .dwattr $C$DW$T$151, DW_AT_type(*$C$DW$T$150)
   11563                      .dwattr $C$DW$T$151, DW_AT_decl_file("..\sources\dual_axis_servo_drive_hal.h")
   11564                      .dwattr $C$DW$T$151, DW_AT_decl_line(0xa8)
   11565                      .dwattr $C$DW$T$151, DW_AT_decl_column(0x1b)
   11566              
   11567                      .dwendtag $C$DW$TU$151
   11568              
   11569              
   11570              $C$DW$TU$152    .dwtag  DW_TAG_type_unit
   11571                      .dwmtype  $C$DW$T$152
   11572              $C$DW$875       .dwtag  DW_TAG_TI_far_type
   11573                      .dwattr $C$DW$875, DW_AT_type(*$C$DW$T$151)
   11574              
   11575              $C$DW$T$152     .dwtag  DW_TAG_const_type
   11576                      .dwattr $C$DW$T$152, DW_AT_type(*$C$DW$875)
   11577              
   11578                      .dwendtag $C$DW$TU$152
   11579              
   11580              
   11581              $C$DW$TU$2      .dwtag  DW_TAG_type_unit
   11582                      .dwmtype  $C$DW$T$2
   11583              $C$DW$T$2       .dwtag  DW_TAG_unspecified_type
   11584                      .dwattr $C$DW$T$2, DW_AT_name("void")
   11585              
   11586                      .dwendtag $C$DW$TU$2
   11587              
   11588              
   11589              $C$DW$TU$3      .dwtag  DW_TAG_type_unit
   11590                      .dwmtype  $C$DW$T$3
   11591              $C$DW$T$3       .dwtag  DW_TAG_pointer_type
   11592                      .dwattr $C$DW$T$3, DW_AT_type(*$C$DW$T$2)
   11593                      .dwattr $C$DW$T$3, DW_AT_address_class(0x20)
   11594              
   11595                      .dwendtag $C$DW$TU$3
   11596              
   11597              
   11598              $C$DW$TU$156    .dwtag  DW_TAG_type_unit
   11599                      .dwmtype  $C$DW$T$156
   11600              $C$DW$876       .dwtag  DW_TAG_TI_far_type
   11601                      .dwattr $C$DW$876, DW_AT_type(*$C$DW$T$3)
   11602              
   11603              $C$DW$T$156     .dwtag  DW_TAG_const_type
   11604                      .dwattr $C$DW$T$156, DW_AT_type(*$C$DW$876)
   11605              
   11606                      .dwendtag $C$DW$TU$156
   11607              
   11608              
   11609              $C$DW$TU$4      .dwtag  DW_TAG_type_unit
   11610                      .dwmtype  $C$DW$T$4
TMS320C2000 Assembler PC v22.6.2 Thu Feb 12 10:37:10 2026

Copyright (c) 1996-2018 Texas Instruments Incorporated
dual_axis_servo_drive_hal.asm                                        PAGE  224

   11611              $C$DW$T$4       .dwtag  DW_TAG_base_type
   11612                      .dwattr $C$DW$T$4, DW_AT_encoding(DW_ATE_boolean)
   11613                      .dwattr $C$DW$T$4, DW_AT_name("bool")
   11614                      .dwattr $C$DW$T$4, DW_AT_byte_size(0x01)
   11615              
   11616                      .dwendtag $C$DW$TU$4
   11617              
   11618              
   11619              $C$DW$TU$5      .dwtag  DW_TAG_type_unit
   11620                      .dwmtype  $C$DW$T$5
   11621              $C$DW$T$5       .dwtag  DW_TAG_base_type
   11622                      .dwattr $C$DW$T$5, DW_AT_encoding(DW_ATE_signed_char)
   11623                      .dwattr $C$DW$T$5, DW_AT_name("signed char")
   11624                      .dwattr $C$DW$T$5, DW_AT_byte_size(0x01)
   11625              
   11626                      .dwendtag $C$DW$TU$5
   11627              
   11628              
   11629              $C$DW$TU$6      .dwtag  DW_TAG_type_unit
   11630                      .dwmtype  $C$DW$T$6
   11631              $C$DW$T$6       .dwtag  DW_TAG_base_type
   11632                      .dwattr $C$DW$T$6, DW_AT_encoding(DW_ATE_unsigned_char)
   11633                      .dwattr $C$DW$T$6, DW_AT_name("unsigned char")
   11634                      .dwattr $C$DW$T$6, DW_AT_byte_size(0x01)
   11635              
   11636                      .dwendtag $C$DW$TU$6
   11637              
   11638              
   11639              $C$DW$TU$7      .dwtag  DW_TAG_type_unit
   11640                      .dwmtype  $C$DW$T$7
   11641              $C$DW$T$7       .dwtag  DW_TAG_base_type
   11642                      .dwattr $C$DW$T$7, DW_AT_encoding(DW_ATE_signed_char)
   11643                      .dwattr $C$DW$T$7, DW_AT_name("wchar_t")
   11644                      .dwattr $C$DW$T$7, DW_AT_byte_size(0x02)
   11645              
   11646                      .dwendtag $C$DW$TU$7
   11647              
   11648              
   11649              $C$DW$TU$8      .dwtag  DW_TAG_type_unit
   11650                      .dwmtype  $C$DW$T$8
   11651              $C$DW$T$8       .dwtag  DW_TAG_base_type
   11652                      .dwattr $C$DW$T$8, DW_AT_encoding(DW_ATE_signed)
   11653                      .dwattr $C$DW$T$8, DW_AT_name("short")
   11654                      .dwattr $C$DW$T$8, DW_AT_byte_size(0x01)
   11655              
   11656                      .dwendtag $C$DW$TU$8
   11657              
   11658              
   11659              $C$DW$TU$9      .dwtag  DW_TAG_type_unit
   11660                      .dwmtype  $C$DW$T$9
   11661              $C$DW$T$9       .dwtag  DW_TAG_base_type
   11662                      .dwattr $C$DW$T$9, DW_AT_encoding(DW_ATE_unsigned)
   11663                      .dwattr $C$DW$T$9, DW_AT_name("unsigned short")
   11664                      .dwattr $C$DW$T$9, DW_AT_byte_size(0x01)
   11665              
TMS320C2000 Assembler PC v22.6.2 Thu Feb 12 10:37:10 2026

Copyright (c) 1996-2018 Texas Instruments Incorporated
dual_axis_servo_drive_hal.asm                                        PAGE  225

   11666                      .dwendtag $C$DW$TU$9
   11667              
   11668              
   11669              $C$DW$TU$10     .dwtag  DW_TAG_type_unit
   11670                      .dwmtype  $C$DW$T$10
   11671              $C$DW$T$10      .dwtag  DW_TAG_base_type
   11672                      .dwattr $C$DW$T$10, DW_AT_encoding(DW_ATE_signed)
   11673                      .dwattr $C$DW$T$10, DW_AT_name("int")
   11674                      .dwattr $C$DW$T$10, DW_AT_byte_size(0x01)
   11675              
   11676                      .dwendtag $C$DW$TU$10
   11677              
   11678              
   11679              $C$DW$TU$166    .dwtag  DW_TAG_type_unit
   11680                      .dwmtype  $C$DW$T$166
   11681              $C$DW$T$166     .dwtag  DW_TAG_typedef
   11682                      .dwattr $C$DW$T$166, DW_AT_name("__int16_t")
   11683                      .dwattr $C$DW$T$166, DW_AT_type(*$C$DW$T$10)
   11684                      .dwattr $C$DW$T$166, DW_AT_decl_file("C:/ti/ccs2031/ccs/tools/compiler/ti-cgt-c2000_22.6.2.LTS/includ
   11685                      .dwattr $C$DW$T$166, DW_AT_decl_line(0x40)
   11686                      .dwattr $C$DW$T$166, DW_AT_decl_column(0x1d)
   11687              
   11688                      .dwendtag $C$DW$TU$166
   11689              
   11690              
   11691              $C$DW$TU$167    .dwtag  DW_TAG_type_unit
   11692                      .dwmtype  $C$DW$T$167
   11693              $C$DW$T$167     .dwtag  DW_TAG_typedef
   11694                      .dwattr $C$DW$T$167, DW_AT_name("int16_t")
   11695                      .dwattr $C$DW$T$167, DW_AT_type(*$C$DW$T$166)
   11696                      .dwattr $C$DW$T$167, DW_AT_decl_file("C:/ti/ccs2031/ccs/tools/compiler/ti-cgt-c2000_22.6.2.LTS/includ
   11697                      .dwattr $C$DW$T$167, DW_AT_decl_line(0x2b)
   11698                      .dwattr $C$DW$T$167, DW_AT_decl_column(0x14)
   11699              
   11700                      .dwendtag $C$DW$TU$167
   11701              
   11702              
   11703              $C$DW$TU$11     .dwtag  DW_TAG_type_unit
   11704                      .dwmtype  $C$DW$T$11
   11705              $C$DW$T$11      .dwtag  DW_TAG_base_type
   11706                      .dwattr $C$DW$T$11, DW_AT_encoding(DW_ATE_unsigned)
   11707                      .dwattr $C$DW$T$11, DW_AT_name("unsigned int")
   11708                      .dwattr $C$DW$T$11, DW_AT_byte_size(0x01)
   11709              
   11710                      .dwendtag $C$DW$TU$11
   11711              
   11712              
   11713              $C$DW$TU$170    .dwtag  DW_TAG_type_unit
   11714                      .dwmtype  $C$DW$T$170
   11715              $C$DW$T$170     .dwtag  DW_TAG_typedef
   11716                      .dwattr $C$DW$T$170, DW_AT_name("__uint16_t")
   11717                      .dwattr $C$DW$T$170, DW_AT_type(*$C$DW$T$11)
   11718                      .dwattr $C$DW$T$170, DW_AT_decl_file("C:/ti/ccs2031/ccs/tools/compiler/ti-cgt-c2000_22.6.2.LTS/includ
   11719                      .dwattr $C$DW$T$170, DW_AT_decl_line(0x41)
   11720                      .dwattr $C$DW$T$170, DW_AT_decl_column(0x1c)
TMS320C2000 Assembler PC v22.6.2 Thu Feb 12 10:37:10 2026

Copyright (c) 1996-2018 Texas Instruments Incorporated
dual_axis_servo_drive_hal.asm                                        PAGE  226

   11721              
   11722                      .dwendtag $C$DW$TU$170
   11723              
   11724              
   11725              $C$DW$TU$171    .dwtag  DW_TAG_type_unit
   11726                      .dwmtype  $C$DW$T$171
   11727              $C$DW$T$171     .dwtag  DW_TAG_typedef
   11728                      .dwattr $C$DW$T$171, DW_AT_name("uint16_t")
   11729                      .dwattr $C$DW$T$171, DW_AT_type(*$C$DW$T$170)
   11730                      .dwattr $C$DW$T$171, DW_AT_decl_file("C:/ti/ccs2031/ccs/tools/compiler/ti-cgt-c2000_22.6.2.LTS/includ
   11731                      .dwattr $C$DW$T$171, DW_AT_decl_line(0x41)
   11732                      .dwattr $C$DW$T$171, DW_AT_decl_column(0x15)
   11733              
   11734                      .dwendtag $C$DW$TU$171
   11735              
   11736              
   11737              $C$DW$TU$232    .dwtag  DW_TAG_type_unit
   11738                      .dwmtype  $C$DW$T$232
   11739              $C$DW$877       .dwtag  DW_TAG_TI_far_type
   11740                      .dwattr $C$DW$877, DW_AT_type(*$C$DW$T$171)
   11741              
   11742              $C$DW$T$232     .dwtag  DW_TAG_const_type
   11743                      .dwattr $C$DW$T$232, DW_AT_type(*$C$DW$877)
   11744              
   11745                      .dwendtag $C$DW$TU$232
   11746              
   11747              
   11748              $C$DW$TU$12     .dwtag  DW_TAG_type_unit
   11749                      .dwmtype  $C$DW$T$12
   11750              $C$DW$T$12      .dwtag  DW_TAG_base_type
   11751                      .dwattr $C$DW$T$12, DW_AT_encoding(DW_ATE_signed)
   11752                      .dwattr $C$DW$T$12, DW_AT_name("long")
   11753                      .dwattr $C$DW$T$12, DW_AT_byte_size(0x02)
   11754              
   11755                      .dwendtag $C$DW$TU$12
   11756              
   11757              
   11758              $C$DW$TU$233    .dwtag  DW_TAG_type_unit
   11759                      .dwmtype  $C$DW$T$233
   11760              $C$DW$878       .dwtag  DW_TAG_TI_far_type
   11761                      .dwattr $C$DW$878, DW_AT_type(*$C$DW$T$12)
   11762              
   11763              $C$DW$T$233     .dwtag  DW_TAG_const_type
   11764                      .dwattr $C$DW$T$233, DW_AT_type(*$C$DW$878)
   11765              
   11766                      .dwendtag $C$DW$TU$233
   11767              
   11768              
   11769              $C$DW$TU$13     .dwtag  DW_TAG_type_unit
   11770                      .dwmtype  $C$DW$T$13
   11771              $C$DW$T$13      .dwtag  DW_TAG_base_type
   11772                      .dwattr $C$DW$T$13, DW_AT_encoding(DW_ATE_unsigned)
   11773                      .dwattr $C$DW$T$13, DW_AT_name("unsigned long")
   11774                      .dwattr $C$DW$T$13, DW_AT_byte_size(0x02)
   11775              
TMS320C2000 Assembler PC v22.6.2 Thu Feb 12 10:37:10 2026

Copyright (c) 1996-2018 Texas Instruments Incorporated
dual_axis_servo_drive_hal.asm                                        PAGE  227

   11776                      .dwendtag $C$DW$TU$13
   11777              
   11778              
   11779              $C$DW$TU$27     .dwtag  DW_TAG_type_unit
   11780                      .dwmtype  $C$DW$T$27
   11781              $C$DW$T$27      .dwtag  DW_TAG_typedef
   11782                      .dwattr $C$DW$T$27, DW_AT_name("__uint32_t")
   11783                      .dwattr $C$DW$T$27, DW_AT_type(*$C$DW$T$13)
   11784                      .dwattr $C$DW$T$27, DW_AT_decl_file("C:/ti/ccs2031/ccs/tools/compiler/ti-cgt-c2000_22.6.2.LTS/include
   11785                      .dwattr $C$DW$T$27, DW_AT_decl_line(0x43)
   11786                      .dwattr $C$DW$T$27, DW_AT_decl_column(0x1c)
   11787              
   11788                      .dwendtag $C$DW$TU$27
   11789              
   11790              
   11791              $C$DW$TU$28     .dwtag  DW_TAG_type_unit
   11792                      .dwmtype  $C$DW$T$28
   11793              $C$DW$T$28      .dwtag  DW_TAG_typedef
   11794                      .dwattr $C$DW$T$28, DW_AT_name("uint32_t")
   11795                      .dwattr $C$DW$T$28, DW_AT_type(*$C$DW$T$27)
   11796                      .dwattr $C$DW$T$28, DW_AT_decl_file("C:/ti/ccs2031/ccs/tools/compiler/ti-cgt-c2000_22.6.2.LTS/include
   11797                      .dwattr $C$DW$T$28, DW_AT_decl_line(0x46)
   11798                      .dwattr $C$DW$T$28, DW_AT_decl_column(0x15)
   11799              
   11800                      .dwendtag $C$DW$TU$28
   11801              
   11802              
   11803              $C$DW$TU$29     .dwtag  DW_TAG_type_unit
   11804                      .dwmtype  $C$DW$T$29
   11805              
   11806              $C$DW$T$29      .dwtag  DW_TAG_array_type
   11807                      .dwattr $C$DW$T$29, DW_AT_type(*$C$DW$T$28)
   11808                      .dwattr $C$DW$T$29, DW_AT_byte_size(0x06)
   11809              $C$DW$879       .dwtag  DW_TAG_subrange_type
   11810                      .dwattr $C$DW$879, DW_AT_upper_bound(0x02)
   11811              
   11812                      .dwendtag $C$DW$T$29
   11813              
   11814                      .dwendtag $C$DW$TU$29
   11815              
   11816              
   11817              $C$DW$TU$34     .dwtag  DW_TAG_type_unit
   11818                      .dwmtype  $C$DW$T$34
   11819              
   11820              $C$DW$T$34      .dwtag  DW_TAG_array_type
   11821                      .dwattr $C$DW$T$34, DW_AT_type(*$C$DW$T$28)
   11822                      .dwattr $C$DW$T$34, DW_AT_byte_size(0x04)
   11823              $C$DW$880       .dwtag  DW_TAG_subrange_type
   11824                      .dwattr $C$DW$880, DW_AT_upper_bound(0x01)
   11825              
   11826                      .dwendtag $C$DW$T$34
   11827              
   11828                      .dwendtag $C$DW$TU$34
   11829              
   11830              
TMS320C2000 Assembler PC v22.6.2 Thu Feb 12 10:37:10 2026

Copyright (c) 1996-2018 Texas Instruments Incorporated
dual_axis_servo_drive_hal.asm                                        PAGE  228

   11831              $C$DW$TU$239    .dwtag  DW_TAG_type_unit
   11832                      .dwmtype  $C$DW$T$239
   11833              $C$DW$881       .dwtag  DW_TAG_TI_far_type
   11834                      .dwattr $C$DW$881, DW_AT_type(*$C$DW$T$28)
   11835              
   11836              $C$DW$T$239     .dwtag  DW_TAG_const_type
   11837                      .dwattr $C$DW$T$239, DW_AT_type(*$C$DW$881)
   11838              
   11839                      .dwendtag $C$DW$TU$239
   11840              
   11841              
   11842              $C$DW$TU$143    .dwtag  DW_TAG_type_unit
   11843                      .dwmtype  $C$DW$T$143
   11844              $C$DW$T$143     .dwtag  DW_TAG_typedef
   11845                      .dwattr $C$DW$T$143, DW_AT_name("size_t")
   11846                      .dwattr $C$DW$T$143, DW_AT_type(*$C$DW$T$13)
   11847                      .dwattr $C$DW$T$143, DW_AT_decl_file("C:/ti/ccs2031/ccs/tools/compiler/ti-cgt-c2000_22.6.2.LTS/includ
   11848                      .dwattr $C$DW$T$143, DW_AT_decl_line(0x40)
   11849                      .dwattr $C$DW$T$143, DW_AT_decl_column(0x19)
   11850              
   11851                      .dwendtag $C$DW$TU$143
   11852              
   11853              
   11854              $C$DW$TU$144    .dwtag  DW_TAG_type_unit
   11855                      .dwmtype  $C$DW$T$144
   11856              $C$DW$882       .dwtag  DW_TAG_TI_far_type
   11857                      .dwattr $C$DW$882, DW_AT_type(*$C$DW$T$143)
   11858              
   11859              $C$DW$T$144     .dwtag  DW_TAG_const_type
   11860                      .dwattr $C$DW$T$144, DW_AT_type(*$C$DW$882)
   11861              
   11862                      .dwendtag $C$DW$TU$144
   11863              
   11864              
   11865              $C$DW$TU$14     .dwtag  DW_TAG_type_unit
   11866                      .dwmtype  $C$DW$T$14
   11867              $C$DW$T$14      .dwtag  DW_TAG_base_type
   11868                      .dwattr $C$DW$T$14, DW_AT_encoding(DW_ATE_signed)
   11869                      .dwattr $C$DW$T$14, DW_AT_name("long long")
   11870                      .dwattr $C$DW$T$14, DW_AT_byte_size(0x04)
   11871              
   11872                      .dwendtag $C$DW$TU$14
   11873              
   11874              
   11875              $C$DW$TU$15     .dwtag  DW_TAG_type_unit
   11876                      .dwmtype  $C$DW$T$15
   11877              $C$DW$T$15      .dwtag  DW_TAG_base_type
   11878                      .dwattr $C$DW$T$15, DW_AT_encoding(DW_ATE_unsigned)
   11879                      .dwattr $C$DW$T$15, DW_AT_name("unsigned long long")
   11880                      .dwattr $C$DW$T$15, DW_AT_byte_size(0x04)
   11881              
   11882                      .dwendtag $C$DW$TU$15
   11883              
   11884              
   11885              $C$DW$TU$16     .dwtag  DW_TAG_type_unit
TMS320C2000 Assembler PC v22.6.2 Thu Feb 12 10:37:10 2026

Copyright (c) 1996-2018 Texas Instruments Incorporated
dual_axis_servo_drive_hal.asm                                        PAGE  229

   11886                      .dwmtype  $C$DW$T$16
   11887              $C$DW$T$16      .dwtag  DW_TAG_base_type
   11888                      .dwattr $C$DW$T$16, DW_AT_encoding(DW_ATE_float)
   11889                      .dwattr $C$DW$T$16, DW_AT_name("float")
   11890                      .dwattr $C$DW$T$16, DW_AT_byte_size(0x02)
   11891              
   11892                      .dwendtag $C$DW$TU$16
   11893              
   11894              
   11895              $C$DW$TU$23     .dwtag  DW_TAG_type_unit
   11896                      .dwmtype  $C$DW$T$23
   11897              
   11898              $C$DW$T$23      .dwtag  DW_TAG_array_type
   11899                      .dwattr $C$DW$T$23, DW_AT_type(*$C$DW$T$16)
   11900                      .dwattr $C$DW$T$23, DW_AT_byte_size(0x04)
   11901              $C$DW$883       .dwtag  DW_TAG_subrange_type
   11902                      .dwattr $C$DW$883, DW_AT_upper_bound(0x01)
   11903              
   11904                      .dwendtag $C$DW$T$23
   11905              
   11906                      .dwendtag $C$DW$TU$23
   11907              
   11908              
   11909              $C$DW$TU$244    .dwtag  DW_TAG_type_unit
   11910                      .dwmtype  $C$DW$T$244
   11911              $C$DW$884       .dwtag  DW_TAG_TI_far_type
   11912                      .dwattr $C$DW$884, DW_AT_type(*$C$DW$T$16)
   11913              
   11914              $C$DW$T$244     .dwtag  DW_TAG_const_type
   11915                      .dwattr $C$DW$T$244, DW_AT_type(*$C$DW$884)
   11916              
   11917                      .dwendtag $C$DW$TU$244
   11918              
   11919              
   11920              $C$DW$TU$17     .dwtag  DW_TAG_type_unit
   11921                      .dwmtype  $C$DW$T$17
   11922              $C$DW$T$17      .dwtag  DW_TAG_base_type
   11923                      .dwattr $C$DW$T$17, DW_AT_encoding(DW_ATE_float)
   11924                      .dwattr $C$DW$T$17, DW_AT_name("double")
   11925                      .dwattr $C$DW$T$17, DW_AT_byte_size(0x04)
   11926              
   11927                      .dwendtag $C$DW$TU$17
   11928              
   11929              
   11930              $C$DW$TU$21     .dwtag  DW_TAG_type_unit
   11931                      .dwmtype  $C$DW$T$21
   11932              
   11933              $C$DW$T$21      .dwtag  DW_TAG_array_type
   11934                      .dwattr $C$DW$T$21, DW_AT_type(*$C$DW$T$17)
   11935                      .dwattr $C$DW$T$21, DW_AT_byte_size(0x08)
   11936              $C$DW$885       .dwtag  DW_TAG_subrange_type
   11937                      .dwattr $C$DW$885, DW_AT_upper_bound(0x01)
   11938              
   11939                      .dwendtag $C$DW$T$21
   11940              
TMS320C2000 Assembler PC v22.6.2 Thu Feb 12 10:37:10 2026

Copyright (c) 1996-2018 Texas Instruments Incorporated
dual_axis_servo_drive_hal.asm                                        PAGE  230

   11941                      .dwendtag $C$DW$TU$21
   11942              
   11943              
   11944              $C$DW$TU$245    .dwtag  DW_TAG_type_unit
   11945                      .dwmtype  $C$DW$T$245
   11946              $C$DW$T$245     .dwtag  DW_TAG_pointer_type
   11947                      .dwattr $C$DW$T$245, DW_AT_type(*$C$DW$T$17)
   11948                      .dwattr $C$DW$T$245, DW_AT_address_class(0x20)
   11949              
   11950                      .dwendtag $C$DW$TU$245
   11951              
   11952              
   11953              $C$DW$TU$246    .dwtag  DW_TAG_type_unit
   11954                      .dwmtype  $C$DW$T$246
   11955              $C$DW$886       .dwtag  DW_TAG_TI_far_type
   11956                      .dwattr $C$DW$886, DW_AT_type(*$C$DW$T$245)
   11957              
   11958              $C$DW$T$246     .dwtag  DW_TAG_const_type
   11959                      .dwattr $C$DW$T$246, DW_AT_type(*$C$DW$886)
   11960              
   11961                      .dwendtag $C$DW$TU$246
   11962              
   11963              
   11964              $C$DW$TU$18     .dwtag  DW_TAG_type_unit
   11965                      .dwmtype  $C$DW$T$18
   11966              $C$DW$T$18      .dwtag  DW_TAG_base_type
   11967                      .dwattr $C$DW$T$18, DW_AT_encoding(DW_ATE_float)
   11968                      .dwattr $C$DW$T$18, DW_AT_name("long double")
   11969                      .dwattr $C$DW$T$18, DW_AT_byte_size(0x04)
   11970              
   11971                      .dwendtag $C$DW$TU$18
   11972              
   11973              
   11974              $C$DW$TU$25     .dwtag  DW_TAG_type_unit
   11975                      .dwmtype  $C$DW$T$25
   11976              
   11977              $C$DW$T$25      .dwtag  DW_TAG_array_type
   11978                      .dwattr $C$DW$T$25, DW_AT_type(*$C$DW$T$18)
   11979                      .dwattr $C$DW$T$25, DW_AT_byte_size(0x08)
   11980              $C$DW$887       .dwtag  DW_TAG_subrange_type
   11981                      .dwattr $C$DW$887, DW_AT_upper_bound(0x01)
   11982              
   11983                      .dwendtag $C$DW$T$25
   11984              
   11985                      .dwendtag $C$DW$TU$25
   11986              
   11987              
   11988              $C$DW$TU$248    .dwtag  DW_TAG_type_unit
   11989                      .dwmtype  $C$DW$T$248
   11990              $C$DW$T$248     .dwtag  DW_TAG_pointer_type
   11991                      .dwattr $C$DW$T$248, DW_AT_type(*$C$DW$T$18)
   11992                      .dwattr $C$DW$T$248, DW_AT_address_class(0x20)
   11993              
   11994                      .dwendtag $C$DW$TU$248
   11995              
TMS320C2000 Assembler PC v22.6.2 Thu Feb 12 10:37:10 2026

Copyright (c) 1996-2018 Texas Instruments Incorporated
dual_axis_servo_drive_hal.asm                                        PAGE  231

   11996              
   11997              $C$DW$TU$249    .dwtag  DW_TAG_type_unit
   11998                      .dwmtype  $C$DW$T$249
   11999              $C$DW$888       .dwtag  DW_TAG_TI_far_type
   12000                      .dwattr $C$DW$888, DW_AT_type(*$C$DW$T$248)
   12001              
   12002              $C$DW$T$249     .dwtag  DW_TAG_const_type
   12003                      .dwattr $C$DW$T$249, DW_AT_type(*$C$DW$888)
   12004              
   12005                      .dwendtag $C$DW$TU$249
   12006              
   12007              
   12008              $C$DW$TU$32     .dwtag  DW_TAG_type_unit
   12009                      .dwmtype  $C$DW$T$32
   12010              $C$DW$T$32      .dwtag  DW_TAG_base_type
   12011                      .dwattr $C$DW$T$32, DW_AT_encoding(DW_ATE_unsigned_char)
   12012                      .dwattr $C$DW$T$32, DW_AT_name("unsigned char")
   12013                      .dwattr $C$DW$T$32, DW_AT_byte_size(0x01)
   12014              
   12015                      .dwendtag $C$DW$TU$32
   12016              

No Assembly Errors, No Assembly Warnings
