TMS320C2000 Assembler PC v22.6.2 Mon Jan 26 16:23:05 2026

Copyright (c) 1996-2018 Texas Instruments Incorporated
dual_axis_servo_drive_cpu.asm                                        PAGE    1

       1              ;***************************************************************
       2              ;* TMS320C2000 G3 C/C++ Codegen                               PC v22.6.2.LTS *
       3              ;* Date/Time created: Mon Jan 26 16:23:04 2026                 *
       4              ;***************************************************************
       5                      .compiler_opts --abi=eabi --diag_wrap=off --float_support=fpu32 --hll_source=on --idiv_support=idiv0 
       6                      .asg    XAR2, FP
       7              
       8              $C$DW$CU        .dwtag  DW_TAG_compile_unit
       9                      .dwattr $C$DW$CU, DW_AT_name("../sources/dual_axis_servo_drive_cpu.c")
      10                      .dwattr $C$DW$CU, DW_AT_producer("TI TMS320C2000 G3 C/C++ Codegen PC v22.6.2.LTS Copyright (c) 1996-2
      11                      .dwattr $C$DW$CU, DW_AT_TI_version(0x01)
      12                      .dwattr $C$DW$CU, DW_AT_comp_dir("C:\Users\Teddy\Documents\GitHub\2512_TI_DSP_BLDC_MotorControlSDK\1.
      13              
      14              $C$DW$1 .dwtag  DW_TAG_subprogram
      15                      .dwattr $C$DW$1, DW_AT_name("DLOG_2CH_F_FUNC")
      16                      .dwattr $C$DW$1, DW_AT_linkage_name("DLOG_2CH_F_FUNC")
      17                      .dwattr $C$DW$1, DW_AT_declaration
      18                      .dwattr $C$DW$1, DW_AT_external
      19                      .dwattr $C$DW$1, DW_AT_decl_file("..\sources\dlog_2ch_f.h")
      20                      .dwattr $C$DW$1, DW_AT_decl_line(0x41)
      21                      .dwattr $C$DW$1, DW_AT_decl_column(0x06)
      22              $C$DW$2 .dwtag  DW_TAG_formal_parameter
      23                      .dwattr $C$DW$2, DW_AT_type(*$C$DW$T$137)
      24              
      25                      .dwendtag $C$DW$1
      26              
      27              
      28              $C$DW$3 .dwtag  DW_TAG_subprogram
      29                      .dwattr $C$DW$3, DW_AT_name("HAL_setupCMPSS_DACValue")
      30                      .dwattr $C$DW$3, DW_AT_linkage_name("HAL_setupCMPSS_DACValue")
      31                      .dwattr $C$DW$3, DW_AT_declaration
      32                      .dwattr $C$DW$3, DW_AT_external
      33                      .dwattr $C$DW$3, DW_AT_decl_file("..\sources\dual_axis_servo_drive_hal.h")
      34                      .dwattr $C$DW$3, DW_AT_decl_line(0x15f)
      35                      .dwattr $C$DW$3, DW_AT_decl_column(0x01)
      36              $C$DW$4 .dwtag  DW_TAG_formal_parameter
      37                      .dwattr $C$DW$4, DW_AT_type(*$C$DW$T$147)
      38              
      39              $C$DW$5 .dwtag  DW_TAG_formal_parameter
      40                      .dwattr $C$DW$5, DW_AT_type(*$C$DW$T$40)
      41              
      42              $C$DW$6 .dwtag  DW_TAG_formal_parameter
      43                      .dwattr $C$DW$6, DW_AT_type(*$C$DW$T$40)
      44              
      45                      .dwendtag $C$DW$3
      46              
      47                      .global ||runMotor||
      48 00000000               .bss    ||runMotor||,1,1,0
      49              $C$DW$7 .dwtag  DW_TAG_variable
      50                      .dwattr $C$DW$7, DW_AT_name("runMotor")
      51                      .dwattr $C$DW$7, DW_AT_linkage_name("runMotor")
      52                      .dwattr $C$DW$7, DW_AT_location[DW_OP_addr ||runMotor||]
      53                      .dwattr $C$DW$7, DW_AT_type(*$C$DW$T$121)
      54                      .dwattr $C$DW$7, DW_AT_external
      55                      .dwattr $C$DW$7, DW_AT_decl_file("../sources/dual_axis_servo_drive_cpu.c")
TMS320C2000 Assembler PC v22.6.2 Mon Jan 26 16:23:05 2026

Copyright (c) 1996-2018 Texas Instruments Incorporated
dual_axis_servo_drive_cpu.asm                                        PAGE    2

      56                      .dwattr $C$DW$7, DW_AT_decl_line(0x66)
      57                      .dwattr $C$DW$7, DW_AT_decl_column(0x10)
      58              
      59                      .global ||ctrlState||
      60 00000001               .bss    ||ctrlState||,1,1,0
      61              $C$DW$8 .dwtag  DW_TAG_variable
      62                      .dwattr $C$DW$8, DW_AT_name("ctrlState")
      63                      .dwattr $C$DW$8, DW_AT_linkage_name("ctrlState")
      64                      .dwattr $C$DW$8, DW_AT_location[DW_OP_addr ||ctrlState||]
      65                      .dwattr $C$DW$8, DW_AT_type(*$C$DW$T$123)
      66                      .dwattr $C$DW$8, DW_AT_external
      67                      .dwattr $C$DW$8, DW_AT_decl_file("../sources/dual_axis_servo_drive_cpu.c")
      68                      .dwattr $C$DW$8, DW_AT_decl_line(0x67)
      69                      .dwattr $C$DW$8, DW_AT_decl_column(0x10)
      70              
      71                      .global ||flagSyncRun||
      72 00000002               .bss    ||flagSyncRun||,1,1,0
      73              $C$DW$9 .dwtag  DW_TAG_variable
      74                      .dwattr $C$DW$9, DW_AT_name("flagSyncRun")
      75                      .dwattr $C$DW$9, DW_AT_linkage_name("flagSyncRun")
      76                      .dwattr $C$DW$9, DW_AT_location[DW_OP_addr ||flagSyncRun||]
      77                      .dwattr $C$DW$9, DW_AT_type(*$C$DW$T$90)
      78                      .dwattr $C$DW$9, DW_AT_external
      79                      .dwattr $C$DW$9, DW_AT_decl_file("../sources/dual_axis_servo_drive_cpu.c")
      80                      .dwattr $C$DW$9, DW_AT_decl_line(0x68)
      81                      .dwattr $C$DW$9, DW_AT_decl_column(0x06)
      82              
      83              $C$DW$10        .dwtag  DW_TAG_variable
      84                      .dwattr $C$DW$10, DW_AT_name("dlogCh1")
      85                      .dwattr $C$DW$10, DW_AT_linkage_name("dlogCh1")
      86                      .dwattr $C$DW$10, DW_AT_type(*$C$DW$T$19)
      87                      .dwattr $C$DW$10, DW_AT_declaration
      88                      .dwattr $C$DW$10, DW_AT_external
      89                      .dwattr $C$DW$10, DW_AT_decl_file("..\sources\dual_axis_servo_drive_cpu.h")
      90                      .dwattr $C$DW$10, DW_AT_decl_line(0x81)
      91                      .dwattr $C$DW$10, DW_AT_decl_column(0x12)
      92              
      93              $C$DW$11        .dwtag  DW_TAG_variable
      94                      .dwattr $C$DW$11, DW_AT_name("dlogCh2")
      95                      .dwattr $C$DW$11, DW_AT_linkage_name("dlogCh2")
      96                      .dwattr $C$DW$11, DW_AT_type(*$C$DW$T$19)
      97                      .dwattr $C$DW$11, DW_AT_declaration
      98                      .dwattr $C$DW$11, DW_AT_external
      99                      .dwattr $C$DW$11, DW_AT_decl_file("..\sources\dual_axis_servo_drive_cpu.h")
     100                      .dwattr $C$DW$11, DW_AT_decl_line(0x82)
     101                      .dwattr $C$DW$11, DW_AT_decl_column(0x12)
     102              
     103                      .global ||VdTesting||
     104 00000000               .sect   "ramInitVars", RW
     105                      .align  2
     106                      .elfsym ||VdTesting||,SYM_SIZE(2),SYM_BLOCKED(1)
     107 00000000       ||VdTesting||:
     108 00000000 0000          .xfloat $strtod("0x0p+0")               ; VdTesting @ 0
         00000001 0000 
     109              
TMS320C2000 Assembler PC v22.6.2 Mon Jan 26 16:23:05 2026

Copyright (c) 1996-2018 Texas Instruments Incorporated
dual_axis_servo_drive_cpu.asm                                        PAGE    3

     110              $C$DW$12        .dwtag  DW_TAG_variable
     111                      .dwattr $C$DW$12, DW_AT_name("VdTesting")
     112                      .dwattr $C$DW$12, DW_AT_linkage_name("VdTesting")
     113                      .dwattr $C$DW$12, DW_AT_location[DW_OP_addr ||VdTesting||]
     114                      .dwattr $C$DW$12, DW_AT_type(*$C$DW$T$19)
     115                      .dwattr $C$DW$12, DW_AT_external
     116                      .dwattr $C$DW$12, DW_AT_decl_file("../sources/dual_axis_servo_drive_cpu.c")
     117                      .dwattr $C$DW$12, DW_AT_decl_line(0x53)
     118                      .dwattr $C$DW$12, DW_AT_decl_column(0x0b)
     119              
     120                      .global ||VqTesting||
     121 00000002               .sect   "ramInitVars", RW
     122                      .align  2
     123                      .elfsym ||VqTesting||,SYM_SIZE(2),SYM_BLOCKED(1)
     124 00000002       ||VqTesting||:
     125 00000002 999A          .xfloat $strtod("0x1.333334p-3")                ; VqTesting @ 0
         00000003 3E19 
     126              
     127              $C$DW$13        .dwtag  DW_TAG_variable
     128                      .dwattr $C$DW$13, DW_AT_name("VqTesting")
     129                      .dwattr $C$DW$13, DW_AT_linkage_name("VqTesting")
     130                      .dwattr $C$DW$13, DW_AT_location[DW_OP_addr ||VqTesting||]
     131                      .dwattr $C$DW$13, DW_AT_type(*$C$DW$T$19)
     132                      .dwattr $C$DW$13, DW_AT_external
     133                      .dwattr $C$DW$13, DW_AT_decl_file("../sources/dual_axis_servo_drive_cpu.c")
     134                      .dwattr $C$DW$13, DW_AT_decl_line(0x54)
     135                      .dwattr $C$DW$13, DW_AT_decl_column(0x0b)
     136              
     137                      .global ||posPtrMax||
     138 00000004               .sect   "ramInitVars", RW
     139                      .align  2
     140                      .elfsym ||posPtrMax||,SYM_SIZE(2),SYM_BLOCKED(1)
     141 00000004       ||posPtrMax||:
     142 00000004 0000          .xfloat $strtod("0x1p+2")               ; posPtrMax @ 0
         00000005 4080 
     143              
     144              $C$DW$14        .dwtag  DW_TAG_variable
     145                      .dwattr $C$DW$14, DW_AT_name("posPtrMax")
     146                      .dwattr $C$DW$14, DW_AT_linkage_name("posPtrMax")
     147                      .dwattr $C$DW$14, DW_AT_location[DW_OP_addr ||posPtrMax||]
     148                      .dwattr $C$DW$14, DW_AT_type(*$C$DW$T$19)
     149                      .dwattr $C$DW$14, DW_AT_external
     150                      .dwattr $C$DW$14, DW_AT_decl_file("../sources/dual_axis_servo_drive_cpu.c")
     151                      .dwattr $C$DW$14, DW_AT_decl_line(0x5a)
     152                      .dwattr $C$DW$14, DW_AT_decl_column(0x0b)
     153              
     154                      .global ||speedRef||
     155 00000006               .sect   "ramInitVars", RW
     156                      .align  2
     157                      .elfsym ||speedRef||,SYM_SIZE(2),SYM_BLOCKED(1)
     158 00000006       ||speedRef||:
     159 00000006 CCCD          .xfloat $strtod("0x1.99999ap-4")                ; speedRef @ 0
         00000007 3DCC 
     160              
     161              $C$DW$15        .dwtag  DW_TAG_variable
TMS320C2000 Assembler PC v22.6.2 Mon Jan 26 16:23:05 2026

Copyright (c) 1996-2018 Texas Instruments Incorporated
dual_axis_servo_drive_cpu.asm                                        PAGE    4

     162                      .dwattr $C$DW$15, DW_AT_name("speedRef")
     163                      .dwattr $C$DW$15, DW_AT_linkage_name("speedRef")
     164                      .dwattr $C$DW$15, DW_AT_location[DW_OP_addr ||speedRef||]
     165                      .dwattr $C$DW$15, DW_AT_type(*$C$DW$T$19)
     166                      .dwattr $C$DW$15, DW_AT_external
     167                      .dwattr $C$DW$15, DW_AT_decl_file("../sources/dual_axis_servo_drive_cpu.c")
     168                      .dwattr $C$DW$15, DW_AT_decl_line(0x5f)
     169                      .dwattr $C$DW$15, DW_AT_decl_column(0x0b)
     170              
     171                      .global ||IdRef||
     172 00000008               .sect   "ramInitVars", RW
     173                      .align  2
     174                      .elfsym ||IdRef||,SYM_SIZE(2),SYM_BLOCKED(1)
     175 00000008       ||IdRef||:
     176 00000008 0000          .xfloat $strtod("0x0p+0")               ; IdRef @ 0
         00000009 0000 
     177              
     178              $C$DW$16        .dwtag  DW_TAG_variable
     179                      .dwattr $C$DW$16, DW_AT_name("IdRef")
     180                      .dwattr $C$DW$16, DW_AT_linkage_name("IdRef")
     181                      .dwattr $C$DW$16, DW_AT_location[DW_OP_addr ||IdRef||]
     182                      .dwattr $C$DW$16, DW_AT_type(*$C$DW$T$19)
     183                      .dwattr $C$DW$16, DW_AT_external
     184                      .dwattr $C$DW$16, DW_AT_decl_file("../sources/dual_axis_servo_drive_cpu.c")
     185                      .dwattr $C$DW$16, DW_AT_decl_line(0x60)
     186                      .dwattr $C$DW$16, DW_AT_decl_column(0x0b)
     187              
     188                      .global ||IqRef||
     189 0000000a               .sect   "ramInitVars", RW
     190                      .align  2
     191                      .elfsym ||IqRef||,SYM_SIZE(2),SYM_BLOCKED(1)
     192 0000000a       ||IqRef||:
     193 0000000a CCCD          .xfloat $strtod("0x1.99999ap-4")                ; IqRef @ 0
         0000000b 3DCC 
     194              
     195              $C$DW$17        .dwtag  DW_TAG_variable
     196                      .dwattr $C$DW$17, DW_AT_name("IqRef")
     197                      .dwattr $C$DW$17, DW_AT_linkage_name("IqRef")
     198                      .dwattr $C$DW$17, DW_AT_location[DW_OP_addr ||IqRef||]
     199                      .dwattr $C$DW$17, DW_AT_type(*$C$DW$T$19)
     200                      .dwattr $C$DW$17, DW_AT_external
     201                      .dwattr $C$DW$17, DW_AT_decl_file("../sources/dual_axis_servo_drive_cpu.c")
     202                      .dwattr $C$DW$17, DW_AT_decl_line(0x61)
     203                      .dwattr $C$DW$17, DW_AT_decl_column(0x0b)
     204              
     205                      .global ||halHandle||
     206 00000004               .bss    ||halHandle||,2,1,1
     207              $C$DW$18        .dwtag  DW_TAG_variable
     208                      .dwattr $C$DW$18, DW_AT_name("halHandle")
     209                      .dwattr $C$DW$18, DW_AT_linkage_name("halHandle")
     210                      .dwattr $C$DW$18, DW_AT_location[DW_OP_addr ||halHandle||]
     211                      .dwattr $C$DW$18, DW_AT_type(*$C$DW$T$155)
     212                      .dwattr $C$DW$18, DW_AT_external
     213                      .dwattr $C$DW$18, DW_AT_decl_file("../sources/dual_axis_servo_drive_cpu.c")
     214                      .dwattr $C$DW$18, DW_AT_decl_line(0x73)
TMS320C2000 Assembler PC v22.6.2 Mon Jan 26 16:23:05 2026

Copyright (c) 1996-2018 Texas Instruments Incorporated
dual_axis_servo_drive_cpu.asm                                        PAGE    5

     215                      .dwattr $C$DW$18, DW_AT_decl_column(0x0f)
     216              
     217                      .global ||FCL_cycleCount||
     218 00000000       ||FCL_cycleCount||:     .usect  ".bss:FCL_cycleCount",2,0,0
     219              $C$DW$19        .dwtag  DW_TAG_variable
     220                      .dwattr $C$DW$19, DW_AT_name("FCL_cycleCount")
     221                      .dwattr $C$DW$19, DW_AT_linkage_name("FCL_cycleCount")
     222                      .dwattr $C$DW$19, DW_AT_location[DW_OP_addr ||FCL_cycleCount||]
     223                      .dwattr $C$DW$19, DW_AT_type(*$C$DW$T$189)
     224                      .dwattr $C$DW$19, DW_AT_external
     225                      .dwattr $C$DW$19, DW_AT_decl_file("../sources/dual_axis_servo_drive_cpu.c")
     226                      .dwattr $C$DW$19, DW_AT_decl_line(0x7b)
     227                      .dwattr $C$DW$19, DW_AT_decl_column(0x13)
     228              
     229              
     230              $C$DW$20        .dwtag  DW_TAG_subprogram
     231                      .dwattr $C$DW$20, DW_AT_name("__eallow")
     232                      .dwattr $C$DW$20, DW_AT_linkage_name("__eallow")
     233                      .dwattr $C$DW$20, DW_AT_declaration
     234                      .dwattr $C$DW$20, DW_AT_external
     235                      .dwendtag $C$DW$20
     236              
     237              
     238              $C$DW$21        .dwtag  DW_TAG_subprogram
     239                      .dwattr $C$DW$21, DW_AT_name("__edis")
     240                      .dwattr $C$DW$21, DW_AT_linkage_name("__edis")
     241                      .dwattr $C$DW$21, DW_AT_declaration
     242                      .dwattr $C$DW$21, DW_AT_external
     243                      .dwendtag $C$DW$21
     244              
     245                      .global ||halMtrHandle||
     246 00000000       ||halMtrHandle||:       .usect  ".bss:halMtrHandle",4,0,1
     247              $C$DW$22        .dwtag  DW_TAG_variable
     248                      .dwattr $C$DW$22, DW_AT_name("halMtrHandle")
     249                      .dwattr $C$DW$22, DW_AT_linkage_name("halMtrHandle")
     250                      .dwattr $C$DW$22, DW_AT_location[DW_OP_addr ||halMtrHandle||]
     251                      .dwattr $C$DW$22, DW_AT_type(*$C$DW$T$149)
     252                      .dwattr $C$DW$22, DW_AT_external
     253                      .dwattr $C$DW$22, DW_AT_decl_file("../sources/dual_axis_servo_drive_cpu.c")
     254                      .dwattr $C$DW$22, DW_AT_decl_line(0x76)
     255                      .dwattr $C$DW$22, DW_AT_decl_column(0x10)
     256              
     257                      .global ||posArray||
     258 0000000c               .sect   "ramInitVars", RW
     259                      .align  2
     260                      .elfsym ||posArray||,SYM_SIZE(16)
     261 0000000c       ||posArray||:
     262 0000000c 0000          .xfloat $strtod("0x1.4p+1")             ; posArray[0] @ 0
         0000000d 4020 
     263 0000000e 0000          .xfloat $strtod("-0x1.4p+1")            ; posArray[1] @ 32
         0000000f C020 
     264 00000010 0000          .xfloat $strtod("0x1.cp+1")             ; posArray[2] @ 64
         00000011 4060 
     265 00000012 0000          .xfloat $strtod("-0x1.cp+1")            ; posArray[3] @ 96
         00000013 C060 
TMS320C2000 Assembler PC v22.6.2 Mon Jan 26 16:23:05 2026

Copyright (c) 1996-2018 Texas Instruments Incorporated
dual_axis_servo_drive_cpu.asm                                        PAGE    6

     266 00000014 0000          .xfloat $strtod("0x1.4p+2")             ; posArray[4] @ 128
         00000015 40A0 
     267 00000016 0000          .xfloat $strtod("-0x1.4p+2")            ; posArray[5] @ 160
         00000017 C0A0 
     268 00000018 0000          .xfloat $strtod("0x1p+3")               ; posArray[6] @ 192
         00000019 4100 
     269 0000001a 0000          .xfloat $strtod("-0x1p+3")              ; posArray[7] @ 224
         0000001b C100 
     270              
     271              $C$DW$23        .dwtag  DW_TAG_variable
     272                      .dwattr $C$DW$23, DW_AT_name("posArray")
     273                      .dwattr $C$DW$23, DW_AT_linkage_name("posArray")
     274                      .dwattr $C$DW$23, DW_AT_location[DW_OP_addr ||posArray||]
     275                      .dwattr $C$DW$23, DW_AT_type(*$C$DW$T$207)
     276                      .dwattr $C$DW$23, DW_AT_external
     277                      .dwattr $C$DW$23, DW_AT_decl_file("../sources/dual_axis_servo_drive_cpu.c")
     278                      .dwattr $C$DW$23, DW_AT_decl_line(0x59)
     279                      .dwattr $C$DW$23, DW_AT_decl_column(0x0b)
     280              
     281              $C$DW$24        .dwtag  DW_TAG_variable
     282                      .dwattr $C$DW$24, DW_AT_name("dlog_2ch1")
     283                      .dwattr $C$DW$24, DW_AT_linkage_name("dlog_2ch1")
     284                      .dwattr $C$DW$24, DW_AT_type(*$C$DW$T$136)
     285                      .dwattr $C$DW$24, DW_AT_declaration
     286                      .dwattr $C$DW$24, DW_AT_external
     287                      .dwattr $C$DW$24, DW_AT_decl_file("..\sources\dual_axis_servo_drive_cpu.h")
     288                      .dwattr $C$DW$24, DW_AT_decl_line(0x85)
     289                      .dwattr $C$DW$24, DW_AT_decl_column(0x13)
     290              
     291                      .global ||hal||
     292 00000006               .bss    ||hal||,18,1,1
     293              $C$DW$25        .dwtag  DW_TAG_variable
     294                      .dwattr $C$DW$25, DW_AT_name("hal")
     295                      .dwattr $C$DW$25, DW_AT_linkage_name("hal")
     296                      .dwattr $C$DW$25, DW_AT_location[DW_OP_addr ||hal||]
     297                      .dwattr $C$DW$25, DW_AT_type(*$C$DW$T$153)
     298                      .dwattr $C$DW$25, DW_AT_external
     299                      .dwattr $C$DW$25, DW_AT_decl_file("../sources/dual_axis_servo_drive_cpu.c")
     300                      .dwattr $C$DW$25, DW_AT_decl_line(0x74)
     301                      .dwattr $C$DW$25, DW_AT_decl_column(0x0f)
     302              
     303                      .global ||halMtr||
     304 00000000       ||halMtr||:     .usect  ".bss:halMtr",36,0,1
     305              $C$DW$26        .dwtag  DW_TAG_variable
     306                      .dwattr $C$DW$26, DW_AT_name("halMtr")
     307                      .dwattr $C$DW$26, DW_AT_linkage_name("halMtr")
     308                      .dwattr $C$DW$26, DW_AT_location[DW_OP_addr ||halMtr||]
     309                      .dwattr $C$DW$26, DW_AT_type(*$C$DW$T$145)
     310                      .dwattr $C$DW$26, DW_AT_external
     311                      .dwattr $C$DW$26, DW_AT_decl_file("../sources/dual_axis_servo_drive_cpu.c")
     312                      .dwattr $C$DW$26, DW_AT_decl_line(0x78)
     313                      .dwattr $C$DW$26, DW_AT_decl_column(0x10)
     314              
     315                      .global ||motorVars||
     316 00000000       ||motorVars||:  .usect  "motor_data",916,0,1
TMS320C2000 Assembler PC v22.6.2 Mon Jan 26 16:23:05 2026

Copyright (c) 1996-2018 Texas Instruments Incorporated
dual_axis_servo_drive_cpu.asm                                        PAGE    7

     317              $C$DW$27        .dwtag  DW_TAG_variable
     318                      .dwattr $C$DW$27, DW_AT_name("motorVars")
     319                      .dwattr $C$DW$27, DW_AT_linkage_name("motorVars")
     320                      .dwattr $C$DW$27, DW_AT_location[DW_OP_addr ||motorVars||]
     321                      .dwattr $C$DW$27, DW_AT_type(*$C$DW$T$159)
     322                      .dwattr $C$DW$27, DW_AT_external
     323                      .dwattr $C$DW$27, DW_AT_decl_file("../sources/dual_axis_servo_drive_cpu.c")
     324                      .dwattr $C$DW$27, DW_AT_decl_line(0x4f)
     325                      .dwattr $C$DW$27, DW_AT_decl_column(0x0e)
     326              
     327                      .sblock ".bss"
     328                      .sblock "ramInitVars"
     329              ;       C:\ti\ccs2031\ccs\tools\compiler\ti-cgt-c2000_22.6.2.LTS\bin\opt2000.exe C:\\Users\\Teddy\\AppData\\L
     330              ;       C:\ti\ccs2031\ccs\tools\compiler\ti-cgt-c2000_22.6.2.LTS\bin\acia2000.exe -@C:\\Users\\Teddy\\AppData
     331 00000000               .sect   ".text:runMotorControl"
     332                      .clink
     333                      .global ||runMotorControl||
     334              
     335              $C$DW$28        .dwtag  DW_TAG_subprogram
     336                      .dwattr $C$DW$28, DW_AT_name("runMotorControl")
     337                      .dwattr $C$DW$28, DW_AT_low_pc(||runMotorControl||)
     338                      .dwattr $C$DW$28, DW_AT_high_pc(0x00)
     339                      .dwattr $C$DW$28, DW_AT_linkage_name("runMotorControl")
     340                      .dwattr $C$DW$28, DW_AT_external
     341                      .dwattr $C$DW$28, DW_AT_decl_file("../sources/dual_axis_servo_drive_cpu.c")
     342                      .dwattr $C$DW$28, DW_AT_decl_line(0x4cb)
     343                      .dwattr $C$DW$28, DW_AT_decl_column(0x06)
     344                      .dwattr $C$DW$28, DW_AT_TI_max_frame_size(-10)
     345                      .dwpsn  file "../sources/dual_axis_servo_drive_cpu.c",line 1228,column 1,is_stmt,address ||runMotorCo
     346              
     347                      .dwfde $C$DW$CIE, ||runMotorControl||
     348              $C$DW$29        .dwtag  DW_TAG_formal_parameter
     349                      .dwattr $C$DW$29, DW_AT_name("pMotor")
     350                      .dwattr $C$DW$29, DW_AT_type(*$C$DW$T$157)
     351                      .dwattr $C$DW$29, DW_AT_location[DW_OP_reg12]
     352              
     353              $C$DW$30        .dwtag  DW_TAG_formal_parameter
     354                      .dwattr $C$DW$30, DW_AT_name("mtrHandle")
     355                      .dwattr $C$DW$30, DW_AT_type(*$C$DW$T$147)
     356                      .dwattr $C$DW$30, DW_AT_location[DW_OP_reg14]
     357              
     358              
     359              ;***************************************************************
     360              ;* FNAME: runMotorControl               FR SIZE:   8           *
     361              ;*                                                             *
     362              ;* FUNCTION ENVIRONMENT                                        *
     363              ;*                                                             *
     364              ;* FUNCTION PROPERTIES                                         *
     365              ;*                            2 Parameter,  0 Auto,  6 SOE     *
     366              ;***************************************************************
     367              
     368              ||runMotorControl||:
     369              ;* AR7   assigned to $O$C6
     370              ;* AR7   assigned to $O$C7
     371              ;* PL    assigned to $O$C8
TMS320C2000 Assembler PC v22.6.2 Mon Jan 26 16:23:05 2026

Copyright (c) 1996-2018 Texas Instruments Incorporated
dual_axis_servo_drive_cpu.asm                                        PAGE    8

     372              ;* AR7   assigned to $O$C9
     373              ;* R0    assigned to $O$C10
     374              ;* AR6   assigned to $O$U27
     375              ;* AL    assigned to $O$R3
     376              ;* AL    assigned to $O$R4
     377              ;* AL    assigned to $O$R5
     378              ;* AR2   assigned to pMotor
     379              $C$DW$31        .dwtag  DW_TAG_variable
     380                      .dwattr $C$DW$31, DW_AT_name("pMotor")
     381                      .dwattr $C$DW$31, DW_AT_type(*$C$DW$T$158)
     382                      .dwattr $C$DW$31, DW_AT_location[DW_OP_reg8]
     383              
     384              ;* AR3   assigned to mtrHandle
     385              $C$DW$32        .dwtag  DW_TAG_variable
     386                      .dwattr $C$DW$32, DW_AT_name("mtrHandle")
     387                      .dwattr $C$DW$32, DW_AT_type(*$C$DW$T$148)
     388                      .dwattr $C$DW$32, DW_AT_location[DW_OP_reg10]
     389              
     390              ;* AL    assigned to base
     391              $C$DW$33        .dwtag  DW_TAG_variable
     392                      .dwattr $C$DW$33, DW_AT_name("base")
     393                      .dwattr $C$DW$33, DW_AT_type(*$C$DW$T$22)
     394                      .dwattr $C$DW$33, DW_AT_location[DW_OP_reg0]
     395              
     396              ;* AL    assigned to base
     397              $C$DW$34        .dwtag  DW_TAG_variable
     398                      .dwattr $C$DW$34, DW_AT_name("base")
     399                      .dwattr $C$DW$34, DW_AT_type(*$C$DW$T$22)
     400                      .dwattr $C$DW$34, DW_AT_location[DW_OP_reg0]
     401              
     402              ;* AL    assigned to base
     403              $C$DW$35        .dwtag  DW_TAG_variable
     404                      .dwattr $C$DW$35, DW_AT_name("base")
     405                      .dwattr $C$DW$35, DW_AT_type(*$C$DW$T$22)
     406                      .dwattr $C$DW$35, DW_AT_location[DW_OP_reg0]
     407              
     408              ;* AR4   assigned to base
     409              $C$DW$36        .dwtag  DW_TAG_variable
     410                      .dwattr $C$DW$36, DW_AT_name("base")
     411                      .dwattr $C$DW$36, DW_AT_type(*$C$DW$T$22)
     412                      .dwattr $C$DW$36, DW_AT_location[DW_OP_reg12]
     413              
     414              ;* AR4   assigned to base
     415              $C$DW$37        .dwtag  DW_TAG_variable
     416                      .dwattr $C$DW$37, DW_AT_name("base")
     417                      .dwattr $C$DW$37, DW_AT_type(*$C$DW$T$22)
     418                      .dwattr $C$DW$37, DW_AT_location[DW_OP_reg12]
     419              
     420              ;* AR4   assigned to base
     421              $C$DW$38        .dwtag  DW_TAG_variable
     422                      .dwattr $C$DW$38, DW_AT_name("base")
     423                      .dwattr $C$DW$38, DW_AT_type(*$C$DW$T$22)
     424                      .dwattr $C$DW$38, DW_AT_location[DW_OP_reg12]
     425              
     426              ;* AR4   assigned to base
TMS320C2000 Assembler PC v22.6.2 Mon Jan 26 16:23:05 2026

Copyright (c) 1996-2018 Texas Instruments Incorporated
dual_axis_servo_drive_cpu.asm                                        PAGE    9

     427              $C$DW$39        .dwtag  DW_TAG_variable
     428                      .dwattr $C$DW$39, DW_AT_name("base")
     429                      .dwattr $C$DW$39, DW_AT_type(*$C$DW$T$22)
     430                      .dwattr $C$DW$39, DW_AT_location[DW_OP_reg12]
     431              
     432              ;* AL    assigned to base
     433              $C$DW$40        .dwtag  DW_TAG_variable
     434                      .dwattr $C$DW$40, DW_AT_name("base")
     435                      .dwattr $C$DW$40, DW_AT_type(*$C$DW$T$22)
     436                      .dwattr $C$DW$40, DW_AT_location[DW_OP_reg0]
     437              
     438              ;* AL    assigned to base
     439              $C$DW$41        .dwtag  DW_TAG_variable
     440                      .dwattr $C$DW$41, DW_AT_name("base")
     441                      .dwattr $C$DW$41, DW_AT_type(*$C$DW$T$22)
     442                      .dwattr $C$DW$41, DW_AT_location[DW_OP_reg0]
     443              
     444              ;* AL    assigned to base
     445              $C$DW$42        .dwtag  DW_TAG_variable
     446                      .dwattr $C$DW$42, DW_AT_name("base")
     447                      .dwattr $C$DW$42, DW_AT_type(*$C$DW$T$22)
     448                      .dwattr $C$DW$42, DW_AT_location[DW_OP_reg0]
     449              
     450                      .dwcfi  cfa_offset, -2
     451                      .dwcfi  save_reg_to_mem, 26, 0
     452 00000000 B2BD          MOVL      *SP++,XAR1            ; [CPU_ALU] 
     453                      .dwcfi  save_reg_to_mem, 7, 2
     454                      .dwcfi  cfa_offset, -4
     455 00000001 AABD          MOVL      *SP++,XAR2            ; [CPU_ALU] 
     456                      .dwcfi  save_reg_to_mem, 9, 4
     457                      .dwcfi  cfa_offset, -6
     458 00000002 A2BD          MOVL      *SP++,XAR3            ; [CPU_ALU] 
     459                      .dwcfi  save_reg_to_mem, 11, 6
     460                      .dwcfi  cfa_offset, -8
     461 00000003 FE02          ADDB      SP,#2                 ; [CPU_ARAU] 
     462                      .dwcfi  cfa_offset, -10
     463 00000004 86A4          MOVL      XAR2,XAR4             ; [CPU_ALU] |1228| 
     464                      .dwpsn  file "../sources/dual_axis_servo_drive_cpu.c",line 1234,column 5,is_stmt,isa 0
     465 00000005 D014          MOVB      XAR0,#20              ; [CPU_ALU] |1234| 
     466 00000006 E2AF          MOV32     R0H,*+XAR2[AR0]       ; [CPU_FPU] |1234| 
         00000007 0092 
     467 00000008 D044          MOVB      XAR0,#68              ; [CPU_ALU] |1234| 
     468 00000009 E2AF          MOV32     R1H,*+XAR2[AR0]       ; [CPU_FPU] |1234| 
         0000000a 0192 
     469 0000000b E700          MPYF32    R0H,R1H,R0H           ; [CPU_FPU] |1234| 
         0000000c 0008 
     470 0000000d 7700          NOP       ; [CPU_ALU] 
     471 0000000e E68E          F32TOUI16 R0H,R0H               ; [CPU_FPU] |1234| 
         0000000f 0000 
     472                      .dwpsn  file "../sources/dual_axis_servo_drive_cpu.c",line 1236,column 5,is_stmt,isa 0
     473 00000010 8D40          MOVL      XAR1,#441             ; [CPU_ALU] |1236| 
         00000011 01B9 
     474                      .dwpsn  file "../sources/dual_axis_servo_drive_cpu.c",line 1234,column 5,is_stmt,isa 0
     475 00000012 8D00          MOVL      XAR0,#440             ; [CPU_ALU] |1234| 
         00000013 01B8 
TMS320C2000 Assembler PC v22.6.2 Mon Jan 26 16:23:05 2026

Copyright (c) 1996-2018 Texas Instruments Incorporated
dual_axis_servo_drive_cpu.asm                                        PAGE   10

     476 00000014 BFA9          MOV32     ACC,R0H               ; [CPU_FPU] |1234| 
         00000015 0F12 
     477 00000016 08A9          ADD       AL,#2048              ; [CPU_ALU] |1234| 
         00000017 0800 
     478 00000018 9692          MOV       *+XAR2[AR0],AL        ; [CPU_ALU] |1234| 
     479                      .dwpsn  file "../sources/dual_axis_servo_drive_cpu.c",line 1236,column 5,is_stmt,isa 0
     480 00000019 D014          MOVB      XAR0,#20              ; [CPU_ALU] |1236| 
     481 0000001a E2AF          MOV32     R0H,*+XAR2[AR0]       ; [CPU_FPU] |1236| 
         0000001b 0092 
     482 0000001c D044          MOVB      XAR0,#68              ; [CPU_ALU] |1236| 
     483 0000001d E2AF          MOV32     R1H,*+XAR2[AR0]       ; [CPU_FPU] |1236| 
         0000001e 0192 
     484 0000001f E700          MPYF32    R0H,R1H,R0H           ; [CPU_FPU] |1236| 
         00000020 0008 
     485                      .dwpsn  file "../sources/dual_axis_servo_drive_cpu.c",line 1228,column 1,is_stmt,isa 0
     486 00000021 82A5          MOVL      XAR3,XAR5             ; [CPU_ALU] |1228| 
     487                      .dwpsn  file "../sources/dual_axis_servo_drive_cpu.c",line 1236,column 5,is_stmt,isa 0
     488 00000022 E68E          F32TOUI16 R0H,R0H               ; [CPU_FPU] |1236| 
         00000023 0000 
     489                      .dwpsn  file "../sources/dual_axis_servo_drive_cpu.c",line 1228,column 1,is_stmt,isa 0
     490 00000024 8AA5          MOVL      XAR4,XAR5             ; [CPU_ALU] |1228| 
     491                      .dwpsn  file "../sources/dual_axis_servo_drive_cpu.c",line 1239,column 5,is_stmt,isa 0
     492 00000025 8D00          MOVL      XAR0,#440             ; [CPU_ALU] |1239| 
         00000026 01B8 
     493                      .dwpsn  file "../sources/dual_axis_servo_drive_cpu.c",line 1236,column 5,is_stmt,isa 0
     494 00000027 BFA9          MOV32     ACC,R0H               ; [CPU_FPU] |1236| 
         00000028 0F12 
     495 00000029 28A8          MOV       AH,#2048              ; [CPU_ALU] |1236| 
         0000002a 0800 
     496 0000002b 9FA9          SUB       AH,AL                 ; [CPU_ALU] |1236| 
     497 0000002c 979A          MOV       *+XAR2[AR1],AH        ; [CPU_ALU] |1236| 
     498                      .dwpsn  file "../sources/dual_axis_servo_drive_cpu.c",line 1239,column 5,is_stmt,isa 0
     499 0000002d 9292          MOV       AL,*+XAR2[AR0]        ; [CPU_ALU] |1239| 
     500 0000002e 8D00          MOVL      XAR0,#441             ; [CPU_ALU] |1239| 
         0000002f 01B9 
     501 00000030 9392          MOV       AH,*+XAR2[AR0]        ; [CPU_ALU] |1239| 
     502              $C$DW$43        .dwtag  DW_TAG_TI_branch
     503                      .dwattr $C$DW$43, DW_AT_low_pc(0x00)
     504                      .dwattr $C$DW$43, DW_AT_name("HAL_setupCMPSS_DACValue")
     505                      .dwattr $C$DW$43, DW_AT_TI_call
     506              
     507 00000031 7640!         LCR       #||HAL_setupCMPSS_DACValue|| ; [CPU_ALU] |1239| 
         00000032 0000 
     508                      ; call occurs [#||HAL_setupCMPSS_DACValue||] ; [] |1239| 
     509                      .dwpsn  file "../sources/dual_axis_servo_drive_cpu.c",line 1242,column 5,is_stmt,isa 0
     510 00000033 8D40          MOVL      XAR1,#380             ; [CPU_ALU] |1242| 
         00000034 017C 
     511 00000035 E801          MOVIZ     R1H,#15948            ; [CPU_FPU] |1242| 
         00000036 F261 
     512 00000037 E801          MOVIZ     R0H,#16204            ; [CPU_FPU] |1242| 
         00000038 FA60 
     513 00000039 D054          MOVB      XAR0,#84              ; [CPU_ALU] |1242| 
     514 0000003a E80E          MOVXI     R1H,#52429            ; [CPU_FPU] |1242| 
         0000003b 6669 
     515 0000003c E80E          MOVXI     R0H,#52429            ; [CPU_FPU] |1242| 
TMS320C2000 Assembler PC v22.6.2 Mon Jan 26 16:23:05 2026

Copyright (c) 1996-2018 Texas Instruments Incorporated
dual_axis_servo_drive_cpu.asm                                        PAGE   11

         0000003d 6668 
     516 0000003e E2AF          MOV32     R3H,*+XAR2[AR1]       ; [CPU_FPU] |1242| 
         0000003f 039A 
     517              
     518 00000040 E306          MPYF32    R1H,R1H,R3H           ; [CPU_FPU] |1242| 
         00000041 4A92 
     519              ||      MOV32     R2H,*+XAR2[AR0]       ; [CPU_FPU] |1242| 
     520              
     521 00000042 E700          MPYF32    R0H,R0H,R2H           ; [CPU_FPU] |1242| 
         00000043 0080 
     522 00000044 7700          NOP       ; [CPU_ALU] 
     523 00000045 E710          ADDF32    R0H,R0H,R1H           ; [CPU_FPU] |1242| 
         00000046 0040 
     524 00000047 D054          MOVB      XAR0,#84              ; [CPU_ALU] |1242| 
     525 00000048 E203          MOV32     *+XAR2[AR0],R0H       ; [CPU_FPU] |1242| 
         00000049 0092 
     526                      .dwpsn  file "../sources/dual_axis_servo_drive_cpu.c",line 1244,column 5,is_stmt,isa 0
     527 0000004a D056          MOVB      XAR0,#86              ; [CPU_ALU] |1244| 
     528 0000004b E2AF          MOV32     R1H,*+XAR2[AR0]       ; [CPU_FPU] |1244| 
         0000004c 0192 
     529 0000004d D054          MOVB      XAR0,#84              ; [CPU_ALU] |1244| 
     530 0000004e E2AF          MOV32     R0H,*+XAR2[AR0]       ; [CPU_FPU] |1244| 
         0000004f 0092 
     531 00000050 E694          CMPF32    R0H,R1H               ; [CPU_FPU] |1244| 
         00000051 0008 
     532 00000052 AD14          MOVST0    ZF, NF                ; [CPU_FPU] |1244| 
     533 00000053 620F          B         ||$C$L1||,GT          ; [CPU_ALU] |1244| 
     534                      ; branchcc occurs ; [] |1244| 
     535 00000054 D058          MOVB      XAR0,#88              ; [CPU_ALU] |1244| 
     536 00000055 E2AF          MOV32     R1H,*+XAR2[AR0]       ; [CPU_FPU] |1244| 
         00000056 0192 
     537 00000057 E694          CMPF32    R0H,R1H               ; [CPU_FPU] |1244| 
         00000058 0008 
     538 00000059 AD14          MOVST0    ZF, NF                ; [CPU_FPU] |1244| 
     539 0000005a 6408          B         ||$C$L1||,LT          ; [CPU_ALU] |1244| 
     540                      ; branchcc occurs ; [] |1244| 
     541                      .dwpsn  file "../sources/dual_axis_servo_drive_cpu.c",line 1251,column 9,is_stmt,isa 0
     542 0000005b AAA9          MOVL      ACC,XAR2              ; [CPU_ALU] |1251| 
     543 0000005c FF11          ADD       ACC,#223 << 1         ; [CPU_ALU] |1251| 
         0000005d 00DF 
     544 0000005e 8AA9          MOVL      XAR4,ACC              ; [CPU_ALU] |1251| 
     545 0000005f 18C4          AND       *+XAR4[0],#0xfffd     ; [CPU_ALU] |1251| 
         00000060 FFFD 
     546 00000061 6F07          B         ||$C$L2||,UNC         ; [CPU_ALU] |1251| 
     547                      ; branch occurs ; [] |1251| 
     548 00000062       ||$C$L1||:    
     549                      .dwpsn  file "../sources/dual_axis_servo_drive_cpu.c",line 1247,column 9,is_stmt,isa 0
     550 00000062 AAA9          MOVL      ACC,XAR2              ; [CPU_ALU] |1247| 
     551 00000063 FF11          ADD       ACC,#223 << 1         ; [CPU_ALU] |1247| 
         00000064 00DF 
     552 00000065 8AA9          MOVL      XAR4,ACC              ; [CPU_ALU] |1247| 
     553 00000066 1AC4          OR        *+XAR4[0],#0x0002     ; [CPU_ALU] |1247| 
         00000067 0002 
     554 00000068       ||$C$L2||:    
     555                      .dwpsn  file "C:/ti/C2000Ware_MotorControl_SDK_5_04_00_00/c2000ware/driverlib/f28002x/driverlib/epwm.
TMS320C2000 Assembler PC v22.6.2 Mon Jan 26 16:23:05 2026

Copyright (c) 1996-2018 Texas Instruments Incorporated
dual_axis_servo_drive_cpu.asm                                        PAGE   12

     556 00000068 0293          MOVB      ACC,#147              ; [CPU_ALU] |4589| 
     557 00000069 07C3          ADDL      ACC,*+XAR3[0]         ; [CPU_ALU] |4589| 
     558 0000006a 8AA9          MOVL      XAR4,ACC              ; [CPU_ALU] |4589| 
     559 0000006b CCC4          AND       AL,*+XAR4[0],#0x007f  ; [CPU_ALU] |4589| 
         0000006c 007F 
     560                      .dwpsn  file "../sources/dual_axis_servo_drive_cpu.c",line 1255,column 5,is_stmt,isa 0
     561 0000006d 42A9          TBIT      AL,#2                 ; [CPU_ALU] |1255| 
     562 0000006e 6D0F          B         ||$C$L3||,TC          ; [CPU_ALU] |1255| 
     563                      ; branchcc occurs ; [] |1255| 
     564                      .dwpsn  file "C:/ti/C2000Ware_MotorControl_SDK_5_04_00_00/c2000ware/driverlib/f28002x/driverlib/epwm.
     565 0000006f 0293          MOVB      ACC,#147              ; [CPU_ALU] |4589| 
     566 00000070 07D3          ADDL      ACC,*+XAR3[2]         ; [CPU_ALU] |4589| 
     567 00000071 8AA9          MOVL      XAR4,ACC              ; [CPU_ALU] |4589| 
     568 00000072 CCC4          AND       AL,*+XAR4[0],#0x007f  ; [CPU_ALU] |4589| 
         00000073 007F 
     569                      .dwpsn  file "../sources/dual_axis_servo_drive_cpu.c",line 1255,column 5,is_stmt,isa 0
     570 00000074 42A9          TBIT      AL,#2                 ; [CPU_ALU] |1255| 
     571 00000075 6D08          B         ||$C$L3||,TC          ; [CPU_ALU] |1255| 
     572                      ; branchcc occurs ; [] |1255| 
     573                      .dwpsn  file "C:/ti/C2000Ware_MotorControl_SDK_5_04_00_00/c2000ware/driverlib/f28002x/driverlib/epwm.
     574 00000076 0293          MOVB      ACC,#147              ; [CPU_ALU] |4589| 
     575 00000077 07E3          ADDL      ACC,*+XAR3[4]         ; [CPU_ALU] |4589| 
     576 00000078 8AA9          MOVL      XAR4,ACC              ; [CPU_ALU] |4589| 
     577 00000079 CCC4          AND       AL,*+XAR4[0],#0x007f  ; [CPU_ALU] |4589| 
         0000007a 007F 
     578                      .dwpsn  file "../sources/dual_axis_servo_drive_cpu.c",line 1255,column 5,is_stmt,isa 0
     579 0000007b 42A9          TBIT      AL,#2                 ; [CPU_ALU] |1255| 
     580 0000007c 6C31          B         ||$C$L4||,NTC         ; [CPU_ALU] |1255| 
     581                      ; branchcc occurs ; [] |1255| 
     582 0000007d       ||$C$L3||:    
     583                      .dwpsn  file "C:/ti/C2000Ware_MotorControl_SDK_5_04_00_00/c2000ware/driverlib/f28002x/driverlib/epwm.
     584 0000007d 06C3          MOVL      ACC,*+XAR3[0]         ; [CPU_ALU] |4841| 
     585                      .dwpsn  file "C:/ti/C2000Ware_MotorControl_SDK_5_04_00_00/c2000ware/driverlib/f28002x/driverlib/epwm.
     586 0000007e 7622          EALLOW    ; [CPU_ALU] |4851| 
     587                      .dwpsn  file "C:/ti/C2000Ware_MotorControl_SDK_5_04_00_00/c2000ware/driverlib/f28002x/driverlib/epwm.
     588 0000007f 099B          ADDB      ACC,#155              ; [CPU_ALU] |4852| 
     589 00000080 8AA9          MOVL      XAR4,ACC              ; [CPU_ALU] |4852| 
     590 00000081 1AC4          OR        *+XAR4[0],#0x0004     ; [CPU_ALU] |4852| 
         00000082 0004 
     591                      .dwpsn  file "C:/ti/C2000Ware_MotorControl_SDK_5_04_00_00/c2000ware/driverlib/f28002x/driverlib/epwm.
     592 00000083 761A          EDIS      ; [CPU_ALU] |4853| 
     593                      .dwpsn  file "C:/ti/C2000Ware_MotorControl_SDK_5_04_00_00/c2000ware/driverlib/f28002x/driverlib/epwm.
     594 00000084 06D3          MOVL      ACC,*+XAR3[2]         ; [CPU_ALU] |4841| 
     595                      .dwpsn  file "C:/ti/C2000Ware_MotorControl_SDK_5_04_00_00/c2000ware/driverlib/f28002x/driverlib/epwm.
     596 00000085 7622          EALLOW    ; [CPU_ALU] |4851| 
     597                      .dwpsn  file "C:/ti/C2000Ware_MotorControl_SDK_5_04_00_00/c2000ware/driverlib/f28002x/driverlib/epwm.
     598 00000086 099B          ADDB      ACC,#155              ; [CPU_ALU] |4852| 
     599 00000087 8AA9          MOVL      XAR4,ACC              ; [CPU_ALU] |4852| 
     600 00000088 1AC4          OR        *+XAR4[0],#0x0004     ; [CPU_ALU] |4852| 
         00000089 0004 
     601                      .dwpsn  file "C:/ti/C2000Ware_MotorControl_SDK_5_04_00_00/c2000ware/driverlib/f28002x/driverlib/epwm.
     602 0000008a 761A          EDIS      ; [CPU_ALU] |4853| 
     603                      .dwpsn  file "C:/ti/C2000Ware_MotorControl_SDK_5_04_00_00/c2000ware/driverlib/f28002x/driverlib/epwm.
     604 0000008b 06E3          MOVL      ACC,*+XAR3[4]         ; [CPU_ALU] |4841| 
     605                      .dwpsn  file "C:/ti/C2000Ware_MotorControl_SDK_5_04_00_00/c2000ware/driverlib/f28002x/driverlib/epwm.
TMS320C2000 Assembler PC v22.6.2 Mon Jan 26 16:23:05 2026

Copyright (c) 1996-2018 Texas Instruments Incorporated
dual_axis_servo_drive_cpu.asm                                        PAGE   13

     606 0000008c 7622          EALLOW    ; [CPU_ALU] |4851| 
     607                      .dwpsn  file "C:/ti/C2000Ware_MotorControl_SDK_5_04_00_00/c2000ware/driverlib/f28002x/driverlib/epwm.
     608 0000008d 099B          ADDB      ACC,#155              ; [CPU_ALU] |4852| 
     609 0000008e 8AA9          MOVL      XAR4,ACC              ; [CPU_ALU] |4852| 
     610 0000008f 1AC4          OR        *+XAR4[0],#0x0004     ; [CPU_ALU] |4852| 
         00000090 0004 
     611                      .dwpsn  file "C:/ti/C2000Ware_MotorControl_SDK_5_04_00_00/c2000ware/driverlib/f28002x/driverlib/epwm.
     612 00000091 761A          EDIS      ; [CPU_ALU] |4853| 
     613                      .dwpsn  file "C:/ti/C2000Ware_MotorControl_SDK_5_04_00_00/c2000ware/driverlib/f28002x/driverlib/gpio.
     614 00000092 8D00          MOVL      XAR0,#442             ; [CPU_ALU] |489| 
         00000093 01BA 
     615 00000094 8092          MOVZ      AR7,*+XAR2[AR0]       ; [CPU_ALU] |489| 
     616 00000095 0201          MOVB      ACC,#1                ; [CPU_ALU] |489| 
     617 00000096 2901          CLRC      SXM                   ; [CPU_ALU] 
     618 00000097 1EA6          MOVL      XAR6,ACC              ; [CPU_ALU] |489| 
     619 00000098 CCA7          AND       AL,AR7,#0x001f        ; [CPU_ALU] |489| 
         00000099 001F 
     620 0000009a 2DA9          MOV       T,AL                  ; [CPU_ALU] |489| 
     621 0000009b 5CA7          MOVZ      AR4,AR7               ; [CPU_ALU] |489| 
     622 0000009c 06A6          MOVL      ACC,XAR6              ; [CPU_ALU] |489| 
     623 0000009d 563B          LSLL      ACC,T                 ; [CPU_ALU] |489| 
     624 0000009e 1EA6          MOVL      XAR6,ACC              ; [CPU_ALU] |489| 
     625 0000009f A8A9          MOVL      ACC,XAR4              ; [CPU_ALU] |489| 
     626 000000a0 FF44          SFR       ACC,5                 ; [CPU_ALU] |489| 
     627 000000a1 FF31          LSL       ACC,2                 ; [CPU_ALU] |489| 
     628 000000a2 FF30          LSL       ACC,1                 ; [CPU_ALU] |489| 
     629 000000a3 FF18          ADD       ACC,#127 << 8         ; [CPU_ALU] |489| 
         000000a4 007F 
     630 000000a5 8AA9          MOVL      XAR4,ACC              ; [CPU_ALU] |489| 
     631                      .dwpsn  file "../sources/dual_axis_servo_drive_cpu.c",line 1267,column 9,is_stmt,isa 0
     632 000000a6 AAA9          MOVL      ACC,XAR2              ; [CPU_ALU] |1267| 
     633 000000a7 FF11          ADD       ACC,#223 << 1         ; [CPU_ALU] |1267| 
         000000a8 00DF 
     634                      .dwpsn  file "C:/ti/C2000Ware_MotorControl_SDK_5_04_00_00/c2000ware/driverlib/f28002x/driverlib/gpio.
     635 000000a9 C2D4          MOVL      *+XAR4[2],XAR6        ; [CPU_FPU] |489| 
     636                      .dwpsn  file "../sources/dual_axis_servo_drive_cpu.c",line 1267,column 9,is_stmt,isa 0
     637 000000aa 8AA9          MOVL      XAR4,ACC              ; [CPU_ALU] |1267| 
     638 000000ab 1AC4          OR        *+XAR4[0],#0x0001     ; [CPU_ALU] |1267| 
         000000ac 0001 
     639 000000ad       ||$C$L4||:    
     640                      .dwpsn  file "../sources/dual_axis_servo_drive_cpu.c",line 1270,column 5,is_stmt,isa 0
     641 000000ad AAA9          MOVL      ACC,XAR2              ; [CPU_ALU] |1270| 
     642 000000ae FF10          ADD       ACC,#447 << 0         ; [CPU_ALU] |1270| 
         000000af 01BF 
     643 000000b0 8AA9          MOVL      XAR4,ACC              ; [CPU_ALU] |1270| 
     644 000000b1 8D00          MOVL      XAR0,#446             ; [CPU_ALU] |1270| 
         000000b2 01BE 
     645                      .dwpsn  file "../sources/dual_axis_servo_drive_cpu.c",line 1272,column 5,is_stmt,isa 0
     646 000000b3 8892          MOVZ      AR6,*+XAR2[AR0]       ; [CPU_ALU] |1272| 
     647                      .dwpsn  file "../sources/dual_axis_servo_drive_cpu.c",line 1270,column 5,is_stmt,isa 0
     648 000000b4 9292          MOV       AL,*+XAR2[AR0]        ; [CPU_ALU] |1270| 
     649 000000b5 98C4          OR        *+XAR4[0],AL          ; [CPU_ALU] |1270| 
     650                      .dwpsn  file "../sources/dual_axis_servo_drive_cpu.c",line 1272,column 5,is_stmt,isa 0
     651 000000b6 92A6          MOV       AL,AR6                ; [CPU_ALU] |1272| 
     652 000000b7 6129          B         ||$C$L5||,EQ          ; [CPU_ALU] |1272| 
TMS320C2000 Assembler PC v22.6.2 Mon Jan 26 16:23:05 2026

Copyright (c) 1996-2018 Texas Instruments Incorporated
dual_axis_servo_drive_cpu.asm                                        PAGE   14

     653                      ; branchcc occurs ; [] |1272| 
     654                      .dwpsn  file "C:/ti/C2000Ware_MotorControl_SDK_5_04_00_00/c2000ware/driverlib/f28002x/driverlib/gpio.
     655 000000b8 8D00          MOVL      XAR0,#442             ; [CPU_ALU] |489| 
         000000b9 01BA 
     656 000000ba 0201          MOVB      ACC,#1                ; [CPU_ALU] |489| 
     657 000000bb 2792          MOV       PL,*+XAR2[AR0]        ; [CPU_ALU] |489| 
     658 000000bc 1EA7          MOVL      XAR7,ACC              ; [CPU_ALU] |489| 
     659 000000bd 2901          CLRC      SXM                   ; [CPU_ALU] 
     660 000000be CCAB          AND       AL,PL,#0x001f         ; [CPU_ALU] |489| 
         000000bf 001F 
     661 000000c0 5CAB          MOVZ      AR4,PL                ; [CPU_ALU] |489| 
     662                      .dwpsn  file "../sources/dual_axis_servo_drive_cpu.c",line 1275,column 9,is_stmt,isa 0
     663 000000c1 8D40          MOVL      XAR1,#452             ; [CPU_ALU] |1275| 
         000000c2 01C4 
     664                      .dwpsn  file "C:/ti/C2000Ware_MotorControl_SDK_5_04_00_00/c2000ware/driverlib/f28002x/driverlib/gpio.
     665 000000c3 2DA9          MOV       T,AL                  ; [CPU_ALU] |489| 
     666                      .dwpsn  file "../sources/dual_axis_servo_drive_cpu.c",line 1274,column 9,is_stmt,isa 0
     667 000000c4 8D00          MOVL      XAR0,#451             ; [CPU_ALU] |1274| 
         000000c5 01C3 
     668                      .dwpsn  file "C:/ti/C2000Ware_MotorControl_SDK_5_04_00_00/c2000ware/driverlib/f28002x/driverlib/gpio.
     669 000000c6 06A7          MOVL      ACC,XAR7              ; [CPU_ALU] |489| 
     670 000000c7 563B          LSLL      ACC,T                 ; [CPU_ALU] |489| 
     671 000000c8 1EA7          MOVL      XAR7,ACC              ; [CPU_ALU] |489| 
     672 000000c9 A8A9          MOVL      ACC,XAR4              ; [CPU_ALU] |489| 
     673 000000ca FF44          SFR       ACC,5                 ; [CPU_ALU] |489| 
     674 000000cb FF31          LSL       ACC,2                 ; [CPU_ALU] |489| 
     675 000000cc FF30          LSL       ACC,1                 ; [CPU_ALU] |489| 
     676 000000cd FF18          ADD       ACC,#127 << 8         ; [CPU_ALU] |489| 
         000000ce 007F 
     677 000000cf 8AA9          MOVL      XAR4,ACC              ; [CPU_ALU] |489| 
     678                      .dwpsn  file "../sources/dual_axis_servo_drive_cpu.c",line 1275,column 9,is_stmt,isa 0
     679 000000d0 56BF          MOVB      *+XAR2[AR1],#4,UNC    ; [CPU_ALU] |1275| 
         000000d1 049A 
     680                      .dwpsn  file "../sources/dual_axis_servo_drive_cpu.c",line 1274,column 9,is_stmt,isa 0
     681 000000d2 2B92          MOV       *+XAR2[AR0],#0        ; [CPU_ALU] |1274| 
     682                      .dwpsn  file "C:/ti/C2000Ware_MotorControl_SDK_5_04_00_00/c2000ware/driverlib/f28002x/driverlib/gpio.
     683 000000d3 92A6          MOV       AL,AR6                ; [CPU_ALU] |489| 
     684 000000d4 C3D4          MOVL      *+XAR4[2],XAR7        ; [CPU_ALU] |489| 
     685                      .dwpsn  file "../sources/dual_axis_servo_drive_cpu.c",line 1281,column 5,is_stmt,isa 0
     686 000000d5 610B          B         ||$C$L5||,EQ          ; [CPU_ALU] |1281| 
     687                      ; branchcc occurs ; [] |1281| 
     688 000000d6 8D00          MOVL      XAR0,#453             ; [CPU_ALU] |1281| 
         000000d7 01C5 
     689 000000d8 9292          MOV       AL,*+XAR2[AR0]        ; [CPU_ALU] |1281| 
     690 000000d9 5201          CMPB      AL,#1                 ; [CPU_ALU] |1281| 
     691 000000da 6043          B         ||$C$L6||,NEQ         ; [CPU_ALU] |1281| 
     692                      ; branchcc occurs ; [] |1281| 
     693                      .dwpsn  file "../sources/dual_axis_servo_drive_cpu.c",line 1283,column 9,is_stmt,isa 0
     694 000000db AAA9          MOVL      ACC,XAR2              ; [CPU_ALU] |1283| 
     695 000000dc FF10          ADD       ACC,#445 << 0         ; [CPU_ALU] |1283| 
         000000dd 01BD 
     696 000000de 8AA9          MOVL      XAR4,ACC              ; [CPU_ALU] |1283| 
     697 000000df 0AC4          INC       *+XAR4[0]             ; [CPU_ALU] |1283| 
     698 000000e0       ||$C$L5||:    
     699                      .dwpsn  file "../sources/dual_axis_servo_drive_cpu.c",line 1287,column 5,is_stmt,isa 0
TMS320C2000 Assembler PC v22.6.2 Mon Jan 26 16:23:05 2026

Copyright (c) 1996-2018 Texas Instruments Incorporated
dual_axis_servo_drive_cpu.asm                                        PAGE   15

     700 000000e0 8D00          MOVL      XAR0,#453             ; [CPU_ALU] |1287| 
         000000e1 01C5 
     701 000000e2 9292          MOV       AL,*+XAR2[AR0]        ; [CPU_ALU] |1287| 
     702 000000e3 5201          CMPB      AL,#1                 ; [CPU_ALU] |1287| 
     703 000000e4 6039          B         ||$C$L6||,NEQ         ; [CPU_ALU] |1287| 
     704                      ; branchcc occurs ; [] |1287| 
     705                      .dwpsn  file "C:/ti/C2000Ware_MotorControl_SDK_5_04_00_00/c2000ware/driverlib/f28002x/driverlib/cmpss
     706 000000e5 8AF3          MOVL      XAR4,*+XAR3[6]        ; [CPU_ALU] |757| 
     707                      .dwpsn  file "C:/ti/C2000Ware_MotorControl_SDK_5_04_00_00/c2000ware/driverlib/f28002x/driverlib/cmpss
     708 000000e6 7622          EALLOW    ; [CPU_ALU] |766| 
     709                      .dwpsn  file "C:/ti/C2000Ware_MotorControl_SDK_5_04_00_00/c2000ware/driverlib/f28002x/driverlib/cmpss
     710 000000e7 1ADC          OR        *+XAR4[3],#0x0002     ; [CPU_ALU] |768| 
         000000e8 0002 
     711                      .dwpsn  file "C:/ti/C2000Ware_MotorControl_SDK_5_04_00_00/c2000ware/driverlib/f28002x/driverlib/cmpss
     712 000000e9 761A          EDIS      ; [CPU_ALU] |770| 
     713                      .dwpsn  file "C:/ti/C2000Ware_MotorControl_SDK_5_04_00_00/c2000ware/driverlib/f28002x/driverlib/cmpss
     714 000000ea D008          MOVB      XAR0,#8               ; [CPU_ALU] |757| 
     715 000000eb 8A93          MOVL      XAR4,*+XAR3[AR0]      ; [CPU_ALU] |757| 
     716                      .dwpsn  file "C:/ti/C2000Ware_MotorControl_SDK_5_04_00_00/c2000ware/driverlib/f28002x/driverlib/cmpss
     717 000000ec 7622          EALLOW    ; [CPU_ALU] |766| 
     718                      .dwpsn  file "C:/ti/C2000Ware_MotorControl_SDK_5_04_00_00/c2000ware/driverlib/f28002x/driverlib/cmpss
     719 000000ed 1ADC          OR        *+XAR4[3],#0x0002     ; [CPU_ALU] |768| 
         000000ee 0002 
     720                      .dwpsn  file "C:/ti/C2000Ware_MotorControl_SDK_5_04_00_00/c2000ware/driverlib/f28002x/driverlib/cmpss
     721 000000ef 761A          EDIS      ; [CPU_ALU] |770| 
     722                      .dwpsn  file "C:/ti/C2000Ware_MotorControl_SDK_5_04_00_00/c2000ware/driverlib/f28002x/driverlib/cmpss
     723 000000f0 D008          MOVB      XAR0,#8               ; [CPU_ALU] |787| 
     724 000000f1 8A93          MOVL      XAR4,*+XAR3[AR0]      ; [CPU_ALU] |787| 
     725                      .dwpsn  file "C:/ti/C2000Ware_MotorControl_SDK_5_04_00_00/c2000ware/driverlib/f28002x/driverlib/cmpss
     726 000000f2 7622          EALLOW    ; [CPU_ALU] |796| 
     727                      .dwpsn  file "C:/ti/C2000Ware_MotorControl_SDK_5_04_00_00/c2000ware/driverlib/f28002x/driverlib/cmpss
     728 000000f3 1ADC          OR        *+XAR4[3],#0x0200     ; [CPU_ALU] |798| 
         000000f4 0200 
     729                      .dwpsn  file "C:/ti/C2000Ware_MotorControl_SDK_5_04_00_00/c2000ware/driverlib/f28002x/driverlib/cmpss
     730 000000f5 761A          EDIS      ; [CPU_ALU] |800| 
     731                      .dwpsn  file "C:/ti/C2000Ware_MotorControl_SDK_5_04_00_00/c2000ware/driverlib/f28002x/driverlib/cmpss
     732 000000f6 D00A          MOVB      XAR0,#10              ; [CPU_ALU] |787| 
     733 000000f7 8A93          MOVL      XAR4,*+XAR3[AR0]      ; [CPU_ALU] |787| 
     734                      .dwpsn  file "C:/ti/C2000Ware_MotorControl_SDK_5_04_00_00/c2000ware/driverlib/f28002x/driverlib/cmpss
     735 000000f8 7622          EALLOW    ; [CPU_ALU] |796| 
     736                      .dwpsn  file "C:/ti/C2000Ware_MotorControl_SDK_5_04_00_00/c2000ware/driverlib/f28002x/driverlib/cmpss
     737 000000f9 1ADC          OR        *+XAR4[3],#0x0200     ; [CPU_ALU] |798| 
         000000fa 0200 
     738                      .dwpsn  file "C:/ti/C2000Ware_MotorControl_SDK_5_04_00_00/c2000ware/driverlib/f28002x/driverlib/cmpss
     739 000000fb 761A          EDIS      ; [CPU_ALU] |800| 
     740                      .dwpsn  file "C:/ti/C2000Ware_MotorControl_SDK_5_04_00_00/c2000ware/driverlib/f28002x/driverlib/epwm.
     741 000000fc 06C3          MOVL      ACC,*+XAR3[0]         ; [CPU_ALU] |4727| 
     742                      .dwpsn  file "C:/ti/C2000Ware_MotorControl_SDK_5_04_00_00/c2000ware/driverlib/f28002x/driverlib/epwm.
     743 000000fd 7622          EALLOW    ; [CPU_ALU] |4737| 
     744                      .dwpsn  file "C:/ti/C2000Ware_MotorControl_SDK_5_04_00_00/c2000ware/driverlib/f28002x/driverlib/epwm.
     745 000000fe 0997          ADDB      ACC,#151              ; [CPU_ALU] |4738| 
     746 000000ff 8AA9          MOVL      XAR4,ACC              ; [CPU_ALU] |4738| 
     747 00000100 1AC4          OR        *+XAR4[0],#0x007e     ; [CPU_ALU] |4738| 
         00000101 007E 
     748                      .dwpsn  file "C:/ti/C2000Ware_MotorControl_SDK_5_04_00_00/c2000ware/driverlib/f28002x/driverlib/epwm.
TMS320C2000 Assembler PC v22.6.2 Mon Jan 26 16:23:05 2026

Copyright (c) 1996-2018 Texas Instruments Incorporated
dual_axis_servo_drive_cpu.asm                                        PAGE   16

     749 00000102 761A          EDIS      ; [CPU_ALU] |4739| 
     750                      .dwpsn  file "C:/ti/C2000Ware_MotorControl_SDK_5_04_00_00/c2000ware/driverlib/f28002x/driverlib/epwm.
     751 00000103 06D3          MOVL      ACC,*+XAR3[2]         ; [CPU_ALU] |4727| 
     752                      .dwpsn  file "C:/ti/C2000Ware_MotorControl_SDK_5_04_00_00/c2000ware/driverlib/f28002x/driverlib/epwm.
     753 00000104 7622          EALLOW    ; [CPU_ALU] |4737| 
     754                      .dwpsn  file "C:/ti/C2000Ware_MotorControl_SDK_5_04_00_00/c2000ware/driverlib/f28002x/driverlib/epwm.
     755 00000105 0997          ADDB      ACC,#151              ; [CPU_ALU] |4738| 
     756 00000106 8AA9          MOVL      XAR4,ACC              ; [CPU_ALU] |4738| 
     757 00000107 1AC4          OR        *+XAR4[0],#0x007e     ; [CPU_ALU] |4738| 
         00000108 007E 
     758                      .dwpsn  file "C:/ti/C2000Ware_MotorControl_SDK_5_04_00_00/c2000ware/driverlib/f28002x/driverlib/epwm.
     759 00000109 761A          EDIS      ; [CPU_ALU] |4739| 
     760                      .dwpsn  file "C:/ti/C2000Ware_MotorControl_SDK_5_04_00_00/c2000ware/driverlib/f28002x/driverlib/epwm.
     761 0000010a 06E3          MOVL      ACC,*+XAR3[4]         ; [CPU_ALU] |4727| 
     762                      .dwpsn  file "C:/ti/C2000Ware_MotorControl_SDK_5_04_00_00/c2000ware/driverlib/f28002x/driverlib/epwm.
     763 0000010b 7622          EALLOW    ; [CPU_ALU] |4737| 
     764                      .dwpsn  file "C:/ti/C2000Ware_MotorControl_SDK_5_04_00_00/c2000ware/driverlib/f28002x/driverlib/epwm.
     765 0000010c 0997          ADDB      ACC,#151              ; [CPU_ALU] |4738| 
     766 0000010d 8AA9          MOVL      XAR4,ACC              ; [CPU_ALU] |4738| 
     767 0000010e 1AC4          OR        *+XAR4[0],#0x007e     ; [CPU_ALU] |4738| 
         0000010f 007E 
     768                      .dwpsn  file "C:/ti/C2000Ware_MotorControl_SDK_5_04_00_00/c2000ware/driverlib/f28002x/driverlib/epwm.
     769 00000110 761A          EDIS      ; [CPU_ALU] |4739| 
     770                      .dwpsn  file "../sources/dual_axis_servo_drive_cpu.c",line 1308,column 9,is_stmt,isa 0
     771 00000111 8D40          MOVL      XAR1,#452             ; [CPU_ALU] |1308| 
         00000112 01C4 
     772                      .dwpsn  file "../sources/dual_axis_servo_drive_cpu.c",line 1306,column 9,is_stmt,isa 0
     773 00000113 8D00          MOVL      XAR0,#446             ; [CPU_ALU] |1306| 
         00000114 01BE 
     774 00000115 2B92          MOV       *+XAR2[AR0],#0        ; [CPU_ALU] |1306| 
     775                      .dwpsn  file "../sources/dual_axis_servo_drive_cpu.c",line 1308,column 9,is_stmt,isa 0
     776 00000116 2B9A          MOV       *+XAR2[AR1],#0        ; [CPU_ALU] |1308| 
     777                      .dwpsn  file "../sources/dual_axis_servo_drive_cpu.c",line 1307,column 9,is_stmt,isa 0
     778 00000117 8D00          MOVL      XAR0,#453             ; [CPU_ALU] |1307| 
         00000118 01C5 
     779 00000119 2B92          MOV       *+XAR2[AR0],#0        ; [CPU_ALU] |1307| 
     780                      .dwpsn  file "../sources/dual_axis_servo_drive_cpu.c",line 1309,column 9,is_stmt,isa 0
     781 0000011a 8D00          MOVL      XAR0,#448             ; [CPU_ALU] |1309| 
         0000011b 01C0 
     782 0000011c 2B92          MOV       *+XAR2[AR0],#0        ; [CPU_ALU] |1309| 
     783 0000011d       ||$C$L6||:    
     784                      .dwpsn  file "../sources/dual_axis_servo_drive_cpu.c",line 1312,column 5,is_stmt,isa 0
     785 0000011d 8D00          MOVL      XAR0,#452             ; [CPU_ALU] |1312| 
         0000011e 01C4 
     786 0000011f 9292          MOV       AL,*+XAR2[AR0]        ; [CPU_ALU] |1312| 
     787 00000120 5201          CMPB      AL,#1                 ; [CPU_ALU] |1312| 
     788 00000121 611D          B         ||$C$L7||,EQ          ; [CPU_ALU] |1312| 
     789                      ; branchcc occurs ; [] |1312| 
     790                      .dwpsn  file "../sources/dual_axis_servo_drive_cpu.c",line 1324,column 9,is_stmt,isa 0
     791 00000122 8D00          MOVL      XAR0,#451             ; [CPU_ALU] |1324| 
         00000123 01C3 
     792 00000124 9292          MOV       AL,*+XAR2[AR0]        ; [CPU_ALU] |1324| 
     793 00000125 5201          CMPB      AL,#1                 ; [CPU_ALU] |1324| 
     794 00000126 6033          B         ||$C$L8||,NEQ         ; [CPU_ALU] |1324| 
     795                      ; branchcc occurs ; [] |1324| 
TMS320C2000 Assembler PC v22.6.2 Mon Jan 26 16:23:05 2026

Copyright (c) 1996-2018 Texas Instruments Incorporated
dual_axis_servo_drive_cpu.asm                                        PAGE   17

     796                      .dwpsn  file "../sources/dual_axis_servo_drive_cpu.c",line 1326,column 13,is_stmt,isa 0
     797 00000127 2B92          MOV       *+XAR2[AR0],#0        ; [CPU_ALU] |1326| 
     798                      .dwpsn  file "C:/ti/C2000Ware_MotorControl_SDK_5_04_00_00/c2000ware/driverlib/f28002x/driverlib/gpio.
     799 00000128 8D00          MOVL      XAR0,#442             ; [CPU_ALU] |489| 
         00000129 01BA 
     800 0000012a 8092          MOVZ      AR7,*+XAR2[AR0]       ; [CPU_ALU] |489| 
     801 0000012b 0201          MOVB      ACC,#1                ; [CPU_ALU] |489| 
     802 0000012c 1EA6          MOVL      XAR6,ACC              ; [CPU_ALU] |489| 
     803 0000012d 2901          CLRC      SXM                   ; [CPU_ALU] 
     804 0000012e CCA7          AND       AL,AR7,#0x001f        ; [CPU_ALU] |489| 
         0000012f 001F 
     805 00000130 5CA7          MOVZ      AR4,AR7               ; [CPU_ALU] |489| 
     806 00000131 2DA9          MOV       T,AL                  ; [CPU_ALU] |489| 
     807 00000132 06A6          MOVL      ACC,XAR6              ; [CPU_ALU] |489| 
     808 00000133 563B          LSLL      ACC,T                 ; [CPU_ALU] |489| 
     809 00000134 1EA6          MOVL      XAR6,ACC              ; [CPU_ALU] |489| 
     810 00000135 A8A9          MOVL      ACC,XAR4              ; [CPU_ALU] |489| 
     811 00000136 FF44          SFR       ACC,5                 ; [CPU_ALU] |489| 
     812 00000137 FF31          LSL       ACC,2                 ; [CPU_ALU] |489| 
     813 00000138 FF30          LSL       ACC,1                 ; [CPU_ALU] |489| 
     814 00000139 FF18          ADD       ACC,#127 << 8         ; [CPU_ALU] |489| 
         0000013a 007F 
     815 0000013b 8AA9          MOVL      XAR4,ACC              ; [CPU_ALU] |489| 
     816 0000013c C2D4          MOVL      *+XAR4[2],XAR6        ; [CPU_ALU] |489| 
     817                      .dwpsn  file "../sources/dual_axis_servo_drive_cpu.c",line 1329,column 13,is_stmt,isa 0
     818 0000013d 6F1C          B         ||$C$L8||,UNC         ; [CPU_ALU] |1329| 
     819                      ; branch occurs ; [] |1329| 
     820 0000013e       ||$C$L7||:    
     821                      .dwpsn  file "../sources/dual_axis_servo_drive_cpu.c",line 1314,column 9,is_stmt,isa 0
     822 0000013e 8D00          MOVL      XAR0,#451             ; [CPU_ALU] |1314| 
         0000013f 01C3 
     823 00000140 9292          MOV       AL,*+XAR2[AR0]        ; [CPU_ALU] |1314| 
     824 00000141 6018          B         ||$C$L8||,NEQ         ; [CPU_ALU] |1314| 
     825                      ; branchcc occurs ; [] |1314| 
     826                      .dwpsn  file "../sources/dual_axis_servo_drive_cpu.c",line 1316,column 13,is_stmt,isa 0
     827 00000142 56BF          MOVB      *+XAR2[AR0],#1,UNC    ; [CPU_ALU] |1316| 
         00000143 0192 
     828                      .dwpsn  file "C:/ti/C2000Ware_MotorControl_SDK_5_04_00_00/c2000ware/driverlib/f28002x/driverlib/gpio.
     829 00000144 8D00          MOVL      XAR0,#442             ; [CPU_ALU] |485| 
         00000145 01BA 
     830 00000146 8092          MOVZ      AR7,*+XAR2[AR0]       ; [CPU_ALU] |485| 
     831 00000147 0201          MOVB      ACC,#1                ; [CPU_ALU] |485| 
     832 00000148 1EA6          MOVL      XAR6,ACC              ; [CPU_ALU] |485| 
     833 00000149 2901          CLRC      SXM                   ; [CPU_ALU] 
     834 0000014a CCA7          AND       AL,AR7,#0x001f        ; [CPU_ALU] |485| 
         0000014b 001F 
     835 0000014c 5CA7          MOVZ      AR4,AR7               ; [CPU_ALU] |485| 
     836 0000014d 2DA9          MOV       T,AL                  ; [CPU_ALU] |485| 
     837 0000014e 06A6          MOVL      ACC,XAR6              ; [CPU_ALU] |485| 
     838 0000014f 563B          LSLL      ACC,T                 ; [CPU_ALU] |485| 
     839 00000150 1EA6          MOVL      XAR6,ACC              ; [CPU_ALU] |485| 
     840 00000151 A8A9          MOVL      ACC,XAR4              ; [CPU_ALU] |485| 
     841 00000152 FF44          SFR       ACC,5                 ; [CPU_ALU] |485| 
     842 00000153 FF31          LSL       ACC,2                 ; [CPU_ALU] |485| 
     843 00000154 FF30          LSL       ACC,1                 ; [CPU_ALU] |485| 
TMS320C2000 Assembler PC v22.6.2 Mon Jan 26 16:23:05 2026

Copyright (c) 1996-2018 Texas Instruments Incorporated
dual_axis_servo_drive_cpu.asm                                        PAGE   18

     844 00000155 FF18          ADD       ACC,#127 << 8         ; [CPU_ALU] |485| 
         00000156 007F 
     845 00000157 8AA9          MOVL      XAR4,ACC              ; [CPU_ALU] |485| 
     846 00000158 C2E4          MOVL      *+XAR4[4],XAR6        ; [CPU_ALU] |485| 
     847 00000159       ||$C$L8||:    
     848 00000159 FE82          SUBB      SP,#2                 ; [CPU_ARAU] 
     849                      .dwcfi  cfa_offset, -8
     850 0000015a 82BE          MOVL      XAR3,*--SP            ; [CPU_ALU] 
     851                      .dwcfi  cfa_offset, -6
     852                      .dwcfi  restore_reg, 11
     853 0000015b 86BE          MOVL      XAR2,*--SP            ; [CPU_ALU] 
     854                      .dwcfi  cfa_offset, -4
     855                      .dwcfi  restore_reg, 9
     856 0000015c 8BBE          MOVL      XAR1,*--SP            ; [CPU_ALU] 
     857                      .dwcfi  cfa_offset, -2
     858                      .dwcfi  restore_reg, 7
     859              $C$DW$44        .dwtag  DW_TAG_TI_branch
     860                      .dwattr $C$DW$44, DW_AT_low_pc(0x00)
     861                      .dwattr $C$DW$44, DW_AT_TI_return
     862              
     863 0000015d 0006          LRETR     ; [CPU_ALU] 
     864                      ; return occurs ; [] 
     865                      .dwattr $C$DW$28, DW_AT_TI_end_file("../sources/dual_axis_servo_drive_cpu.c")
     866                      .dwattr $C$DW$28, DW_AT_TI_end_line(0x536)
     867                      .dwattr $C$DW$28, DW_AT_TI_end_column(0x01)
     868                      .dwendentry
     869                      .dwendtag $C$DW$28
     870              
     871 00000000               .sect   ".text:runControl"
     872                      .clink
     873                      .global ||runControl||
     874              
     875              $C$DW$45        .dwtag  DW_TAG_subprogram
     876                      .dwattr $C$DW$45, DW_AT_name("runControl")
     877                      .dwattr $C$DW$45, DW_AT_low_pc(||runControl||)
     878                      .dwattr $C$DW$45, DW_AT_high_pc(0x00)
     879                      .dwattr $C$DW$45, DW_AT_linkage_name("runControl")
     880                      .dwattr $C$DW$45, DW_AT_external
     881                      .dwattr $C$DW$45, DW_AT_decl_file("../sources/dual_axis_servo_drive_cpu.c")
     882                      .dwattr $C$DW$45, DW_AT_decl_line(0x53a)
     883                      .dwattr $C$DW$45, DW_AT_decl_column(0x06)
     884                      .dwattr $C$DW$45, DW_AT_TI_max_frame_size(-2)
     885                      .dwpsn  file "../sources/dual_axis_servo_drive_cpu.c",line 1339,column 1,is_stmt,address ||runControl
     886              
     887                      .dwfde $C$DW$CIE, ||runControl||
     888              
     889              ;***************************************************************
     890              ;* FNAME: runControl                    FR SIZE:   0           *
     891              ;*                                                             *
     892              ;* FUNCTION ENVIRONMENT                                        *
     893              ;*                                                             *
     894              ;* FUNCTION PROPERTIES                                         *
     895              ;*                            0 Parameter,  0 Auto,  0 SOE     *
     896              ;***************************************************************
     897              
TMS320C2000 Assembler PC v22.6.2 Mon Jan 26 16:23:05 2026

Copyright (c) 1996-2018 Texas Instruments Incorporated
dual_axis_servo_drive_cpu.asm                                        PAGE   19

     898 00000000       ||runControl||:
     899                      .dwcfi  cfa_offset, -2
     900                      .dwcfi  save_reg_to_mem, 26, 0
     901 00000000 761F!         MOVW      DP,#||motorVars||+446 ; [CPU_ARAU] 
         00000001 0006 
     902                      .dwpsn  file "../sources/dual_axis_servo_drive_cpu.c",line 1340,column 5,is_stmt,isa 0
     903 00000002 923E!         MOV       AL,@||motorVars||+446 ; [CPU_ALU] |1340| 
     904 00000003 6013          B         ||$C$L9||,NEQ         ; [CPU_ALU] |1340| 
     905                      ; branchcc occurs ; [] |1340| 
     906 00000004 761F!         MOVW      DP,#||ctrlState||     ; [CPU_ARAU] 
         00000005 0000 
     907                      .dwpsn  file "../sources/dual_axis_servo_drive_cpu.c",line 1353,column 9,is_stmt,isa 0
     908 00000006 9300!         MOV       AH,@||ctrlState||     ; [CPU_ALU] |1353| 
     909 00000007 761F!         MOVW      DP,#||speedRef||      ; [CPU_ARAU] 
         00000008 0000 
     910                      .dwpsn  file "../sources/dual_axis_servo_drive_cpu.c",line 1344,column 9,is_stmt,isa 0
     911 00000009 C400!         MOVL      XAR6,@||speedRef||    ; [CPU_ALU] |1344| 
     912 0000000a 761F!         MOVW      DP,#||motorVars||+451 ; [CPU_ARAU] 
         0000000b 0007 
     913                      .dwpsn  file "../sources/dual_axis_servo_drive_cpu.c",line 1361,column 5,is_stmt,isa 0
     914 0000000c 9203!         MOV       AL,@||motorVars||+451 ; [CPU_ALU] |1361| 
     915 0000000d 761F!         MOVW      DP,#||motorVars||+452 ; [CPU_ARAU] 
         0000000e 0007 
     916                      .dwpsn  file "../sources/dual_axis_servo_drive_cpu.c",line 1353,column 9,is_stmt,isa 0
     917 0000000f 9704!         MOV       @||motorVars||+452,AH ; [CPU_ALU] |1353| 
     918                      .dwpsn  file "../sources/dual_axis_servo_drive_cpu.c",line 1361,column 5,is_stmt,isa 0
     919 00000010 5201          CMPB      AL,#1                 ; [CPU_ALU] |1361| 
     920 00000011 761F!         MOVW      DP,#||motorVars||+44  ; [CPU_ARAU] 
         00000012 0000 
     921                      .dwpsn  file "../sources/dual_axis_servo_drive_cpu.c",line 1344,column 9,is_stmt,isa 0
     922 00000013 C22C!         MOVL      @||motorVars||+44,XAR6 ; [CPU_FPU] |1344| 
     923                      .dwpsn  file "../sources/dual_axis_servo_drive_cpu.c",line 1361,column 5,is_stmt,isa 0
     924 00000014 600F          B         ||$C$L10||,NEQ        ; [CPU_ALU] |1361| 
     925                      ; branchcc occurs ; [] |1361| 
     926 00000015 6F12          B         ||$C$L11||,UNC        ; [CPU_ALU] |1361| 
     927                      ; branch occurs ; [] |1361| 
     928 00000016       ||$C$L9||:    
     929 00000016 761F!         MOVW      DP,#||motorVars||+451 ; [CPU_ARAU] 
         00000017 0007 
     930 00000018 9203!         MOV       AL,@||motorVars||+451 ; [CPU_ALU] |1361| 
     931                      .dwpsn  file "../sources/dual_axis_servo_drive_cpu.c",line 1358,column 9,is_stmt,isa 0
     932 00000019 E590          ZERO      R0H                   ; [CPU_FPU] |1358| 
     933 0000001a 761F!         MOVW      DP,#||motorVars||+452 ; [CPU_ARAU] 
         0000001b 0007 
     934                      .dwpsn  file "../sources/dual_axis_servo_drive_cpu.c",line 1357,column 9,is_stmt,isa 0
     935 0000001c 2B04!         MOV       @||motorVars||+452,#0 ; [CPU_ALU] |1357| 
     936                      .dwpsn  file "../sources/dual_axis_servo_drive_cpu.c",line 1361,column 5,is_stmt,isa 0
     937 0000001d 5201          CMPB      AL,#1                 ; [CPU_ALU] |1361| 
     938 0000001e 761F!         MOVW      DP,#||motorVars||+44  ; [CPU_ARAU] 
         0000001f 0000 
     939                      .dwpsn  file "../sources/dual_axis_servo_drive_cpu.c",line 1358,column 9,is_stmt,isa 0
     940 00000020 E203!         MOV32     @||motorVars||+44,R0H ; [CPU_FPU] |1358| 
         00000021 002C 
     941                      .dwpsn  file "../sources/dual_axis_servo_drive_cpu.c",line 1361,column 5,is_stmt,isa 0
     942 00000022 6105          B         ||$C$L11||,EQ         ; [CPU_ALU] |1361| 
TMS320C2000 Assembler PC v22.6.2 Mon Jan 26 16:23:05 2026

Copyright (c) 1996-2018 Texas Instruments Incorporated
dual_axis_servo_drive_cpu.asm                                        PAGE   20

     943                      ; branchcc occurs ; [] |1361| 
     944 00000023       ||$C$L10||:    
     945                      .dwcfi  remember_state
     946 00000023 761F!         MOVW      DP,#||runMotor||      ; [CPU_ARAU] 
         00000024 0000 
     947                      .dwpsn  file "../sources/dual_axis_servo_drive_cpu.c",line 1367,column 9,is_stmt,isa 0
     948 00000025 2B00!         MOV       @||runMotor||,#0      ; [CPU_ALU] |1367| 
     949              $C$DW$46        .dwtag  DW_TAG_TI_branch
     950                      .dwattr $C$DW$46, DW_AT_low_pc(0x00)
     951                      .dwattr $C$DW$46, DW_AT_TI_return
     952              
     953 00000026 0006          LRETR     ; [CPU_ALU] 
     954                      ; return occurs ; [] 
     955                      .dwcfi  restore_state
     956 00000027       ||$C$L11||:    
     957 00000027 761F!         MOVW      DP,#||runMotor||      ; [CPU_ARAU] 
         00000028 0000 
     958                      .dwpsn  file "../sources/dual_axis_servo_drive_cpu.c",line 1363,column 9,is_stmt,isa 0
     959 00000029 56BF!         MOVB      @||runMotor||,#1,UNC  ; [CPU_ALU] |1363| 
         0000002a 0100 
     960              $C$DW$47        .dwtag  DW_TAG_TI_branch
     961                      .dwattr $C$DW$47, DW_AT_low_pc(0x00)
     962                      .dwattr $C$DW$47, DW_AT_TI_return
     963              
     964 0000002b 0006          LRETR     ; [CPU_ALU] 
     965                      ; return occurs ; [] 
     966                      .dwattr $C$DW$45, DW_AT_TI_end_file("../sources/dual_axis_servo_drive_cpu.c")
     967                      .dwattr $C$DW$45, DW_AT_TI_end_line(0x55b)
     968                      .dwattr $C$DW$45, DW_AT_TI_end_column(0x01)
     969                      .dwendentry
     970                      .dwendtag $C$DW$45
     971              
     972 00000000               .sect   ".TI.ramfunc:motor2ControlISR"
     973                      .retain
     974                      .retainrefs
     975                      .global ||motor2ControlISR||
     976              
     977              $C$DW$48        .dwtag  DW_TAG_subprogram
     978                      .dwattr $C$DW$48, DW_AT_name("motor2ControlISR")
     979                      .dwattr $C$DW$48, DW_AT_low_pc(||motor2ControlISR||)
     980                      .dwattr $C$DW$48, DW_AT_high_pc(0x00)
     981                      .dwattr $C$DW$48, DW_AT_linkage_name("motor2ControlISR")
     982                      .dwattr $C$DW$48, DW_AT_external
     983                      .dwattr $C$DW$48, DW_AT_decl_file("../sources/dual_axis_servo_drive_cpu.c")
     984                      .dwattr $C$DW$48, DW_AT_decl_line(0x4ab)
     985                      .dwattr $C$DW$48, DW_AT_decl_column(0x12)
     986                      .dwattr $C$DW$48, DW_AT_TI_interrupt
     987                      .dwattr $C$DW$48, DW_AT_TI_max_frame_size(-2)
     988                      .dwpsn  file "../sources/dual_axis_servo_drive_cpu.c",line 1196,column 1,is_stmt,address ||motor2Cont
     989              
     990                      .dwfde $C$DW$CIE, ||motor2ControlISR||
     991              
     992              ;***************************************************************
     993              ;* FNAME: motor2ControlISR              FR SIZE:   0           *
     994              ;*                                                             *
TMS320C2000 Assembler PC v22.6.2 Mon Jan 26 16:23:05 2026

Copyright (c) 1996-2018 Texas Instruments Incorporated
dual_axis_servo_drive_cpu.asm                                        PAGE   21

     995              ;* FUNCTION ENVIRONMENT                                        *
     996              ;*                                                             *
     997              ;* FUNCTION PROPERTIES                                         *
     998              ;*                            0 Parameter,  0 Auto,  0 SOE     *
     999              ;***************************************************************
    1000              
    1001 00000000       ||motor2ControlISR||:
    1002                      .dwcfi  cfa_offset, -2
    1003                      .dwcfi  save_reg_to_mem, 26, 0
    1004 00000000 761B          ASP       ; [CPU_ALU] 
    1005 00000001 E670          SAVE      RNDF32=1, RNDF64=1    ; [CPU_FPU] 
         00000002 0600 
    1006 00000003 2942          CLRC      PAGE0,OVM             ; [CPU_ALU] 
    1007 00000004 5616          CLRC      AMODE                 ; [CPU_ALU] 
    1008 00000005 E562          RESTORE   ; [CPU_FPU] 
    1009 00000006 7617          NASP      ; [CPU_ALU] 
    1010              $C$DW$49        .dwtag  DW_TAG_TI_branch
    1011                      .dwattr $C$DW$49, DW_AT_low_pc(0x00)
    1012                      .dwattr $C$DW$49, DW_AT_TI_return
    1013              
    1014 00000007 7602          IRET      ; [CPU_ALU] 
    1015                      ; return occurs ; [] 
    1016                      .dwattr $C$DW$48, DW_AT_TI_end_file("../sources/dual_axis_servo_drive_cpu.c")
    1017                      .dwattr $C$DW$48, DW_AT_TI_end_line(0x4c6)
    1018                      .dwattr $C$DW$48, DW_AT_TI_end_column(0x01)
    1019                      .dwendentry
    1020                      .dwendtag $C$DW$48
    1021              
    1022 00000000               .sect   ".TI.ramfunc:motor1ControlISR"
    1023                      .retain
    1024                      .retainrefs
    1025                      .global ||motor1ControlISR||
    1026              
    1027              $C$DW$50        .dwtag  DW_TAG_subprogram
    1028                      .dwattr $C$DW$50, DW_AT_name("motor1ControlISR")
    1029                      .dwattr $C$DW$50, DW_AT_low_pc(||motor1ControlISR||)
    1030                      .dwattr $C$DW$50, DW_AT_high_pc(0x00)
    1031                      .dwattr $C$DW$50, DW_AT_linkage_name("motor1ControlISR")
    1032                      .dwattr $C$DW$50, DW_AT_external
    1033                      .dwattr $C$DW$50, DW_AT_decl_file("../sources/dual_axis_servo_drive_cpu.c")
    1034                      .dwattr $C$DW$50, DW_AT_decl_line(0x3fa)
    1035                      .dwattr $C$DW$50, DW_AT_decl_column(0x12)
    1036                      .dwattr $C$DW$50, DW_AT_TI_interrupt
    1037                      .dwattr $C$DW$50, DW_AT_TI_max_frame_size(-18)
    1038                      .dwpsn  file "../sources/dual_axis_servo_drive_cpu.c",line 1019,column 1,is_stmt,address ||motor1Cont
    1039              
    1040                      .dwfde $C$DW$CIE, ||motor1ControlISR||
    1041              
    1042              ;***************************************************************
    1043              ;* FNAME: motor1ControlISR              FR SIZE:  16           *
    1044              ;*                                                             *
    1045              ;* FUNCTION ENVIRONMENT                                        *
    1046              ;*                                                             *
    1047              ;* FUNCTION PROPERTIES                                         *
    1048              ;*                            2 Parameter,  0 Auto, 14 SOE     *
TMS320C2000 Assembler PC v22.6.2 Mon Jan 26 16:23:05 2026

Copyright (c) 1996-2018 Texas Instruments Incorporated
dual_axis_servo_drive_cpu.asm                                        PAGE   22

    1049              ;***************************************************************
    1050              
    1051              ||motor1ControlISR||:
    1052              ;* R1    assigned to $O$C17
    1053              ;* R4    assigned to $O$C18
    1054              ;* AR4   assigned to $O$C19
    1055              ;* AR4   assigned to $O$C20
    1056              ;* AR4   assigned to $O$C21
    1057              ;* AR5   assigned to $O$C22
    1058              ;* AR4   assigned to $O$C23
    1059              ;* AR5   assigned to $O$C24
    1060              ;* AR4   assigned to $O$C25
    1061              ;* AR5   assigned to $O$C26
    1062              ;* AL    assigned to $O$C27
    1063              ;* R5    assigned to $O$C28
    1064              ;* R1    assigned to $O$C29
    1065              ;* R5    assigned to $O$C30
    1066              ;* R4    assigned to $O$C31
    1067              ;* AR4   assigned to $O$C32
    1068              ;* R0    assigned to $O$C33
    1069              ;* R0    assigned to $O$C34
    1070              ;* AR4   assigned to $O$C35
    1071              ;* AL    assigned to $O$C36
    1072              ;* AL    assigned to $O$U6
    1073              ;* R1    assigned to wccXinvZb
    1074              $C$DW$51        .dwtag  DW_TAG_variable
    1075                      .dwattr $C$DW$51, DW_AT_name("wccXinvZb")
    1076                      .dwattr $C$DW$51, DW_AT_type(*$C$DW$T$19)
    1077                      .dwattr $C$DW$51, DW_AT_location[DW_OP_regx 0x2f]
    1078              
    1079              ;* R0    assigned to wccXinvZb
    1080              $C$DW$52        .dwtag  DW_TAG_variable
    1081                      .dwattr $C$DW$52, DW_AT_name("wccXinvZb")
    1082                      .dwattr $C$DW$52, DW_AT_type(*$C$DW$T$19)
    1083                      .dwattr $C$DW$52, DW_AT_location[DW_OP_regx 0x2b]
    1084              
    1085              ;* R1    assigned to Ki_rev
    1086              $C$DW$53        .dwtag  DW_TAG_variable
    1087                      .dwattr $C$DW$53, DW_AT_name("Ki_rev")
    1088                      .dwattr $C$DW$53, DW_AT_type(*$C$DW$T$19)
    1089                      .dwattr $C$DW$53, DW_AT_location[DW_OP_regx 0x2f]
    1090              
    1091              ;* R0    assigned to Ki_rev
    1092              $C$DW$54        .dwtag  DW_TAG_variable
    1093                      .dwattr $C$DW$54, DW_AT_name("Ki_rev")
    1094                      .dwattr $C$DW$54, DW_AT_type(*$C$DW$T$19)
    1095                      .dwattr $C$DW$54, DW_AT_location[DW_OP_regx 0x2b]
    1096              
    1097              ;* T     assigned to $O$U61
    1098              ;* AR4   assigned to $O$U57
    1099              ;* AR4   assigned to $O$U172
    1100              ;* AL    assigned to $O$U177
    1101              ;* AL    assigned to $O$U464
    1102              ;* R4    assigned to $O$CSU$svgen2$Ualpha
    1103              ;* R2    assigned to $O$CSU$svgen2$Tb
TMS320C2000 Assembler PC v22.6.2 Mon Jan 26 16:23:05 2026

Copyright (c) 1996-2018 Texas Instruments Incorporated
dual_axis_servo_drive_cpu.asm                                        PAGE   23

    1104              ;* R3    assigned to $O$CSU$svgen2$Tc
    1105              ;* R0    assigned to $O$CSU$svgen2$tmp2
    1106              ;* R0    assigned to $O$CSU$svgen2$tmp1
    1107              ;* AL    assigned to $O$R1
    1108              ;* AL    assigned to $O$R2
    1109              ;* AL    assigned to $O$R5
    1110              ;* AL    assigned to $O$R7
    1111              ;* AL    assigned to $O$R8
    1112              ;* AL    assigned to $O$R9
    1113              ;* R1    assigned to $O$R11
    1114              ;* AH    assigned to $O$R12
    1115              ;* AH    assigned to $O$R14
    1116              ;* AH    assigned to $O$R16
    1117              ;* R0    assigned to $O$S1
    1118              ;* R0    assigned to $O$S2
    1119              ;* AR4   assigned to qepBase
    1120              $C$DW$55        .dwtag  DW_TAG_variable
    1121                      .dwattr $C$DW$55, DW_AT_name("qepBase")
    1122                      .dwattr $C$DW$55, DW_AT_type(*$C$DW$T$22)
    1123                      .dwattr $C$DW$55, DW_AT_location[DW_OP_reg12]
    1124              
    1125              ;* R0    assigned to clarke1Alpha
    1126              $C$DW$56        .dwtag  DW_TAG_variable
    1127                      .dwattr $C$DW$56, DW_AT_name("clarke1Alpha")
    1128                      .dwattr $C$DW$56, DW_AT_type(*$C$DW$T$19)
    1129                      .dwattr $C$DW$56, DW_AT_location[DW_OP_regx 0x2b]
    1130              
    1131              ;* R1    assigned to clarke1Beta
    1132              $C$DW$57        .dwtag  DW_TAG_variable
    1133                      .dwattr $C$DW$57, DW_AT_name("clarke1Beta")
    1134                      .dwattr $C$DW$57, DW_AT_type(*$C$DW$T$19)
    1135                      .dwattr $C$DW$57, DW_AT_location[DW_OP_regx 0x2f]
    1136              
    1137              ;* R3    assigned to park1Sine
    1138              $C$DW$58        .dwtag  DW_TAG_variable
    1139                      .dwattr $C$DW$58, DW_AT_name("park1Sine")
    1140                      .dwattr $C$DW$58, DW_AT_type(*$C$DW$T$19)
    1141                      .dwattr $C$DW$58, DW_AT_location[DW_OP_regx 0x37]
    1142              
    1143              ;* R2    assigned to park1Cosine
    1144              $C$DW$59        .dwtag  DW_TAG_variable
    1145                      .dwattr $C$DW$59, DW_AT_name("park1Cosine")
    1146                      .dwattr $C$DW$59, DW_AT_type(*$C$DW$T$19)
    1147                      .dwattr $C$DW$59, DW_AT_location[DW_OP_regx 0x33]
    1148              
    1149              ;* R1    assigned to vdc
    1150              $C$DW$60        .dwtag  DW_TAG_variable
    1151                      .dwattr $C$DW$60, DW_AT_name("vdc")
    1152                      .dwattr $C$DW$60, DW_AT_type(*$C$DW$T$19)
    1153                      .dwattr $C$DW$60, DW_AT_location[DW_OP_regx 0x2f]
    1154              
    1155              ;* R0    assigned to invZbase
    1156              $C$DW$61        .dwtag  DW_TAG_variable
    1157                      .dwattr $C$DW$61, DW_AT_name("invZbase")
    1158                      .dwattr $C$DW$61, DW_AT_type(*$C$DW$T$19)
TMS320C2000 Assembler PC v22.6.2 Mon Jan 26 16:23:05 2026

Copyright (c) 1996-2018 Texas Instruments Incorporated
dual_axis_servo_drive_cpu.asm                                        PAGE   24

    1159                      .dwattr $C$DW$61, DW_AT_location[DW_OP_regx 0x2b]
    1160              
    1161              ;* AR4   assigned to qepBase
    1162              $C$DW$62        .dwtag  DW_TAG_variable
    1163                      .dwattr $C$DW$62, DW_AT_name("qepBase")
    1164                      .dwattr $C$DW$62, DW_AT_type(*$C$DW$T$22)
    1165                      .dwattr $C$DW$62, DW_AT_location[DW_OP_reg12]
    1166              
    1167              ;* R0    assigned to $O$S1
    1168              ;* R3    assigned to out
    1169              $C$DW$63        .dwtag  DW_TAG_variable
    1170                      .dwattr $C$DW$63, DW_AT_name("out")
    1171                      .dwattr $C$DW$63, DW_AT_type(*$C$DW$T$19)
    1172                      .dwattr $C$DW$63, DW_AT_location[DW_OP_regx 0x37]
    1173              
    1174                      .dwcfi  cfa_offset, -2
    1175                      .dwcfi  save_reg_to_mem, 26, 0
    1176 00000000 761B          ASP       ; [CPU_ALU] 
    1177 00000001 0005          PUSH      AR1H:AR0H             ; [CPU_ALU] 
    1178                      .dwcfi  save_reg_to_mem, 5, 2
    1179                      .dwcfi  save_reg_to_mem, 7, 3
    1180                      .dwcfi  cfa_offset, -4
    1181 00000002 ABBD          MOVL      *SP++,XT              ; [CPU_ALU] 
    1182                      .dwcfi  save_reg_to_mem, 21, 4
    1183                      .dwcfi  save_reg_to_mem, 22, 5
    1184                      .dwcfi  cfa_offset, -6
    1185 00000003 A8BD          MOVL      *SP++,XAR4            ; [CPU_ALU] 
    1186                      .dwcfi  save_reg_to_mem, 12, 6
    1187                      .dwcfi  save_reg_to_mem, 13, 7
    1188                      .dwcfi  cfa_offset, -8
    1189 00000004 A0BD          MOVL      *SP++,XAR5            ; [CPU_ALU] 
    1190                      .dwcfi  save_reg_to_mem, 14, 8
    1191                      .dwcfi  save_reg_to_mem, 15, 9
    1192                      .dwcfi  cfa_offset, -10
    1193 00000005 C2BD          MOVL      *SP++,XAR6            ; [CPU_ALU] 
    1194                      .dwcfi  save_reg_to_mem, 16, 10
    1195                      .dwcfi  save_reg_to_mem, 17, 11
    1196                      .dwcfi  cfa_offset, -12
    1197 00000006 C3BD          MOVL      *SP++,XAR7            ; [CPU_ALU] 
    1198                      .dwcfi  save_reg_to_mem, 18, 12
    1199                      .dwcfi  save_reg_to_mem, 19, 13
    1200                      .dwcfi  cfa_offset, -14
    1201 00000007 FFF0          PUSH      RB                    ; [CPU_FPU] 
    1202                      .dwcfi  save_reg_to_mem, 74, 16
    1203                      .dwcfi  cfa_offset, -16
    1204 00000008 E670          SAVE      RNDF32=1, RNDF64=1    ; [CPU_FPU] 
         00000009 0600 
    1205 0000000a FE02          ADDB      SP,#2                 ; [CPU_ARAU] 
    1206                      .dwcfi  cfa_offset, -18
    1207 0000000b FF69          SPM       0                     ; [CPU_ALU] 
    1208 0000000c 2942          CLRC      PAGE0,OVM             ; [CPU_ALU] 
    1209 0000000d 5616          CLRC      AMODE                 ; [CPU_ALU] 
    1210 0000000e 761F!         MOVW      DP,#||motorVars||+408 ; [CPU_ARAU] 
         0000000f 0006 
    1211                      .dwpsn  file "..\sources\fcl_foc_cpu_dm.h",line 775,column 22,is_stmt,isa 0
TMS320C2000 Assembler PC v22.6.2 Mon Jan 26 16:23:05 2026

Copyright (c) 1996-2018 Texas Instruments Incorporated
dual_axis_servo_drive_cpu.asm                                        PAGE   25

    1212 00000010 8A18!         MOVL      XAR4,@||motorVars||+408 ; [CPU_ALU] |775| 
    1213 00000011 761F!         MOVW      DP,#||motorVars||+448 ; [CPU_ARAU] 
         00000012 0007 
    1214                      .dwpsn  file "..\sources\fcl_foc_cpu_dm.h",line 777,column 5,is_stmt,isa 0
    1215 00000013 9200!         MOV       AL,@||motorVars||+448 ; [CPU_ALU] |777| 
    1216 00000014 5202          CMPB      AL,#2                 ; [CPU_ALU] |777| 
    1217 00000015 6127          B         ||$C$L14||,EQ         ; [CPU_ALU] |777| 
    1218                      ; branchcc occurs ; [] |777| 
    1219                      .dwpsn  file "..\sources\fcl_foc_cpu_dm.h",line 791,column 10,is_stmt,isa 0
    1220 00000016 5201          CMPB      AL,#1                 ; [CPU_ALU] |791| 
    1221 00000017 6015          B         ||$C$L13||,NEQ        ; [CPU_ALU] |791| 
    1222                      ; branchcc occurs ; [] |791| 
    1223                      .dwpsn  file "C:/ti/C2000Ware_MotorControl_SDK_5_04_00_00/c2000ware/driverlib/f28002x/driverlib/eqep.
    1224 00000018 D019          MOVB      XAR0,#25              ; [CPU_ALU] |730| 
    1225 00000019 9294          MOV       AL,*+XAR4[AR0]        ; [CPU_ALU] |730| 
    1226                      .dwpsn  file "..\sources\fcl_foc_cpu_dm.h",line 799,column 9,is_stmt,isa 0
    1227 0000001a 4AA9          TBIT      AL,#10                ; [CPU_ALU] |799| 
    1228 0000001b 6C0D          B         ||$C$L12||,NTC        ; [CPU_ALU] |799| 
    1229                      ; branchcc occurs ; [] |799| 
    1230                      .dwpsn  file "C:/ti/C2000Ware_MotorControl_SDK_5_04_00_00/c2000ware/driverlib/f28002x/driverlib/eqep.
    1231 0000001c D008          MOVB      XAR0,#8               ; [CPU_ALU] |1528| 
    1232 0000001d 0694          MOVL      ACC,*+XAR4[AR0]       ; [CPU_ALU] |1528| 
    1233                      .dwpsn  file "..\sources\fcl_foc_cpu_dm.h",line 766,column 5,is_stmt,isa 0
    1234 0000001e D015          MOVB      XAR0,#21              ; [CPU_ALU] |766| 
    1235                      .dwpsn  file "C:/ti/C2000Ware_MotorControl_SDK_5_04_00_00/c2000ware/driverlib/f28002x/driverlib/eqep.
    1236 0000001f 1ED4          MOVL      *+XAR4[2],ACC         ; [CPU_ALU] |1454| 
    1237                      .dwpsn  file "..\sources\fcl_foc_cpu_dm.h",line 766,column 5,is_stmt,isa 0
    1238 00000020 CC94          AND       AL,*+XAR4[AR0],#0xfeff ; [CPU_ALU] |766| 
         00000021 FEFF 
    1239 00000022 D015          MOVB      XAR0,#21              ; [CPU_ALU] |766| 
    1240 00000023 1AA9          OR        AL,#0x0200            ; [CPU_ALU] |766| 
         00000024 0200 
    1241 00000025 9694          MOV       *+XAR4[AR0],AL        ; [CPU_ALU] |766| 
    1242                      .dwpsn  file "..\sources\fcl_foc_cpu_dm.h",line 808,column 13,is_stmt,isa 0
    1243 00000026 56BF!         MOVB      @||motorVars||+448,#2,UNC ; [CPU_ALU] |808| 
         00000027 0200 
    1244 00000028       ||$C$L12||:    
    1245 00000028 761F!         MOVW      DP,#||motorVars||+98  ; [CPU_ARAU] 
         00000029 0001 
    1246                      .dwpsn  file "..\sources\fcl_foc_cpu_dm.h",line 811,column 9,is_stmt,isa 0
    1247 0000002a 0622!         MOVL      ACC,@||motorVars||+98 ; [CPU_ALU] |811| 
    1248 0000002b 6F31          B         ||$C$L15||,UNC        ; [CPU_ALU] 
    1249                      ; branch occurs ; [] 
    1250 0000002c       ||$C$L13||:    
    1251                      .dwpsn  file "C:/ti/C2000Ware_MotorControl_SDK_5_04_00_00/c2000ware/driverlib/f28002x/driverlib/eqep.
    1252 0000002c 0200          MOVB      ACC,#0                ; [CPU_ALU] |575| 
    1253                      .dwpsn  file "C:/ti/C2000Ware_MotorControl_SDK_5_04_00_00/c2000ware/driverlib/f28002x/driverlib/eqep.
    1254 0000002d D01A          MOVB      XAR0,#26              ; [CPU_ALU] |773| 
    1255                      .dwpsn  file "..\sources\fcl_foc_cpu_dm.h",line 766,column 5,is_stmt,isa 0
    1256 0000002e D115          MOVB      XAR1,#21              ; [CPU_ALU] |766| 
    1257                      .dwpsn  file "C:/ti/C2000Ware_MotorControl_SDK_5_04_00_00/c2000ware/driverlib/f28002x/driverlib/eqep.
    1258 0000002f 1EC4          MOVL      *+XAR4[0],ACC         ; [CPU_ALU] |575| 
    1259                      .dwpsn  file "..\sources\fcl_foc_cpu_dm.h",line 823,column 9,is_stmt,isa 0
    1260 00000030 E590          ZERO      R0H                   ; [CPU_FPU] |823| 
    1261 00000031 761F!         MOVW      DP,#||motorVars||+80  ; [CPU_ARAU] 
TMS320C2000 Assembler PC v22.6.2 Mon Jan 26 16:23:05 2026

Copyright (c) 1996-2018 Texas Instruments Incorporated
dual_axis_servo_drive_cpu.asm                                        PAGE   26

         00000032 0001 
    1262                      .dwpsn  file "C:/ti/C2000Ware_MotorControl_SDK_5_04_00_00/c2000ware/driverlib/f28002x/driverlib/eqep.
    1263 00000033 2894          MOV       *+XAR4[AR0],#1024     ; [CPU_ALU] |773| 
         00000034 0400 
    1264                      .dwpsn  file "..\sources\fcl_foc_cpu_dm.h",line 766,column 5,is_stmt,isa 0
    1265 00000035 D015          MOVB      XAR0,#21              ; [CPU_ALU] |766| 
    1266 00000036 CC94          AND       AL,*+XAR4[AR0],#0xfcff ; [CPU_ALU] |766| 
         00000037 FCFF 
    1267 00000038 969C          MOV       *+XAR4[AR1],AL        ; [CPU_ALU] |766| 
    1268                      .dwpsn  file "..\sources\fcl_foc_cpu_dm.h",line 823,column 9,is_stmt,isa 0
    1269 00000039 E203!         MOV32     @||motorVars||+80,R0H ; [CPU_FPU] |823| 
         0000003a 0010 
    1270 0000003b 6F24          B         ||$C$L16||,UNC        ; [CPU_ALU] |823| 
    1271                      ; branch occurs ; [] |823| 
    1272 0000003c       ||$C$L14||:    
    1273                      .dwpsn  file "C:/ti/C2000Ware_MotorControl_SDK_5_04_00_00/c2000ware/driverlib/f28002x/driverlib/eqep.
    1274 0000003c D00C          MOVB      XAR0,#12              ; [CPU_ALU] |1584| 
    1275 0000003d 761F!         MOVW      DP,#||motorVars||+10  ; [CPU_ARAU] 
         0000003e 0000 
    1276                      .dwpsn  file "..\sources\fcl_foc_cpu_dm.h",line 784,column 9,is_stmt,isa 0
    1277 0000003f E2AF          MOV32     R0H,*+XAR4[AR0]       ; [CPU_FPU] |784| 
         00000040 0094 
    1278 00000041 E68B          UI32TOF32 R1H,R0H               ; [CPU_FPU] |784| 
         00000042 0001 
    1279 00000043 E2AF!         MOV32     R0H,@||motorVars||+10 ; [CPU_FPU] |784| 
         00000044 000A 
    1280 00000045 761F!         MOVW      DP,#||motorVars||+8   ; [CPU_ARAU] 
         00000046 0000 
    1281              
    1282                      MOV32     R0H,@||motorVars||+8  ; [CPU_FPU] |786| 
    1283 00000047 E300! ||      MPYF32    R1H,R1H,R0H           ; [CPU_FPU] |784| 
         00000048 4808 
    1284              
    1285 00000049 761F!         MOVW      DP,#||motorVars||+74  ; [CPU_ARAU] 
         0000004a 0001 
    1286                      .dwpsn  file "..\sources\fcl_foc_cpu_dm.h",line 786,column 9,is_stmt,isa 0
    1287 0000004b E700          MPYF32    R0H,R1H,R0H           ; [CPU_FPU] |786| 
         0000004c 0008 
    1288                      .dwpsn  file "..\sources\fcl_foc_cpu_dm.h",line 784,column 9,is_stmt,isa 0
    1289 0000004d E203!         MOV32     @||motorVars||+74,R1H ; [CPU_FPU] |784| 
         0000004e 010A 
    1290                      .dwpsn  file "..\sources\fcl_foc_cpu_dm.h",line 787,column 9,is_stmt,isa 0
    1291 0000004f E688          F32TOI32  R1H,R0H               ; [CPU_FPU] |787| 
         00000050 0001 
    1292 00000051 7700          NOP       ; [CPU_ALU] 
    1293 00000052 E689          I32TOF32  R1H,R1H               ; [CPU_FPU] |787| 
         00000053 0009 
    1294 00000054 761F!         MOVW      DP,#||motorVars||+72  ; [CPU_ARAU] 
         00000055 0001 
    1295                      .dwpsn  file "..\sources\fcl_foc_cpu_dm.h",line 786,column 9,is_stmt,isa 0
    1296              
    1297 00000056 E022!         SUBF32    R0H,R0H,R1H           ; [CPU_FPU] |787| 
         00000057 0008 
    1298              ||      MOV32     @||motorVars||+72,R0H ; [CPU_FPU] |786| 
    1299              
TMS320C2000 Assembler PC v22.6.2 Mon Jan 26 16:23:05 2026

Copyright (c) 1996-2018 Texas Instruments Incorporated
dual_axis_servo_drive_cpu.asm                                        PAGE   27

    1300 00000058 7700          NOP       ; [CPU_ALU] 
    1301                      .dwpsn  file "..\sources\fcl_foc_cpu_dm.h",line 787,column 9,is_stmt,isa 0
    1302 00000059 E203!         MOV32     @||motorVars||+72,R0H ; [CPU_FPU] |787| 
         0000005a 0008 
    1303                      .dwpsn  file "..\sources\fcl_foc_cpu_dm.h",line 789,column 9,is_stmt,isa 0
    1304 0000005b 0608!         MOVL      ACC,@||motorVars||+72 ; [CPU_ALU] |789| 
    1305 0000005c       ||$C$L15||:    
    1306 0000005c 761F!         MOVW      DP,#||motorVars||+80  ; [CPU_ARAU] 
         0000005d 0001 
    1307 0000005e 1E10!         MOVL      @||motorVars||+80,ACC ; [CPU_ALU] |789| 
    1308 0000005f       ||$C$L16||:    
    1309                      .dwpsn  file "..\sources\fcl_foc_cpu_dm.h",line 376,column 5,is_stmt,isa 0
    1310 0000005f E2AF!         MOV32     R0H,@||motorVars||+80 ; [CPU_FPU] |376| 
         00000060 0010 
    1311 00000061 761F!         MOVW      DP,#||motorVars||+422 ; [CPU_ARAU] 
         00000062 0006 
    1312 00000063 8A26!         MOVL      XAR4,@||motorVars||+422 ; [CPU_ALU] 
    1313 00000064 E278          SINPUF32  R3H,R0H               ; [CPU_FPU] |376| 
         00000065 0003 
    1314                      .dwpsn  file "..\sources\fcl_foc_cpu_dm.h",line 377,column 5,is_stmt,isa 0
    1315 00000066 E279          COSPUF32  R2H,R0H               ; [CPU_FPU] |377| 
         00000067 0002 
    1316 00000068 761F!         MOVW      DP,#||motorVars||+427 ; [CPU_ARAU] 
         00000069 0006 
    1317 0000006a 2D2B!         MOV       T,@||motorVars||+427  ; [CPU_ALU] 
    1318 0000006b       ||$C$L17||:    
    1319                      .dwpsn  file "C:/ti/C2000Ware_MotorControl_SDK_5_04_00_00/c2000ware/driverlib/f28002x/driverlib/adc.h
    1320 0000006b 9A01          MOVB      AL,#1                 ; [CPU_ALU] |784| 
    1321 0000006c FF66          LSL       AL,T                  ; [CPU_ALU] |784| 
    1322 0000006d CEDC          AND       AL,*+XAR4[3]          ; [CPU_ALU] |784| 
    1323 0000006e 61FD          B         ||$C$L17||,EQ         ; [CPU_ALU] |784| 
    1324                      ; branchcc occurs ; [] |784| 
    1325                      .dwpsn  file "..\sources\fcl_foc_cpu_dm.h",line 394,column 5,is_stmt,isa 0
    1326 0000006f 8F00!         MOVL      XAR4,#||motorVars||   ; [CPU_ARAU] |394| 
         00000070 0000 
    1327 00000071 8D00          MOVL      XAR0,#398             ; [CPU_ALU] |394| 
         00000072 018E 
    1328 00000073 8394          MOVL      XAR5,*+XAR4[AR0]      ; [CPU_ALU] |394| 
    1329                      .dwpsn  file "..\sources\fcl_foc_cpu_dm.h",line 396,column 5,is_stmt,isa 0
    1330 00000074 8D00          MOVL      XAR0,#400             ; [CPU_ALU] |396| 
         00000075 0190 
    1331                      .dwpsn  file "..\sources\fcl_foc_cpu_dm.h",line 394,column 5,is_stmt,isa 0
    1332 00000076 E2C8          I16TOF32  R0H,*+XAR5[0]         ; [CPU_FPU] |394| 
         00000077 00C5 
    1333                      .dwpsn  file "..\sources\fcl_foc_cpu_dm.h",line 396,column 5,is_stmt,isa 0
    1334 00000078 8394          MOVL      XAR5,*+XAR4[AR0]      ; [CPU_ALU] |396| 
    1335                      .dwpsn  file "..\sources\fcl_foc_cpu_dm.h",line 394,column 5,is_stmt,isa 0
    1336 00000079 8D40          MOVL      XAR1,#354             ; [CPU_ALU] |394| 
         0000007a 0162 
    1337 0000007b E2AF          MOV32     R5H,*+XAR4[AR1]       ; [CPU_FPU] |394| 
         0000007c 059C 
    1338                      .dwpsn  file "..\sources\fcl_foc_cpu_dm.h",line 396,column 5,is_stmt,isa 0
    1339 0000007d 8D00          MOVL      XAR0,#356             ; [CPU_ALU] |396| 
         0000007e 0164 
    1340 0000007f E2C8          I16TOF32  R1H,*+XAR5[0]         ; [CPU_FPU] |396| 
TMS320C2000 Assembler PC v22.6.2 Mon Jan 26 16:23:05 2026

Copyright (c) 1996-2018 Texas Instruments Incorporated
dual_axis_servo_drive_cpu.asm                                        PAGE   28

         00000080 01C5 
    1341                      .dwpsn  file "..\sources\fcl_foc_cpu_dm.h",line 394,column 5,is_stmt,isa 0
    1342              
    1343                      MOV32     R4H,*+XAR4[AR0]       ; [CPU_FPU] |396| 
    1344 00000081 E301  ||      MPYF32    R0H,R5H,R0H           ; [CPU_FPU] |394| 
         00000082 4494 
    1345              
    1346                      .dwpsn  file "..\sources\fcl_foc_cpu_dm.h",line 396,column 5,is_stmt,isa 0
    1347 00000083 E700          MPYF32    R4H,R4H,R1H           ; [CPU_FPU] |396| 
         00000084 0064 
    1348 00000085 E801          MOVIZ     R1H,#16147            ; [CPU_FPU] |396| 
         00000086 F899 
    1349 00000087 E710          ADDF32    R4H,R4H,R0H           ; [CPU_FPU] |396| 
         00000088 0024 
    1350 00000089 E80E          MOVXI     R1H,#52538            ; [CPU_FPU] |396| 
         0000008a 69D1 
    1351 0000008b E700          MPYF32    R1H,R1H,R4H           ; [CPU_FPU] |396| 
         0000008c 0109 
    1352 0000008d 761F!         MOVW      DP,#||motorVars||+324 ; [CPU_ARAU] 
         0000008e 0005 
    1353                      .dwpsn  file "..\sources\fcl_foc_cpu_dm.h",line 405,column 5,is_stmt,isa 0
    1354 0000008f E700          MPYF32    R5H,R3H,R1H           ; [CPU_FPU] |405| 
         00000090 005D 
    1355 00000091 E700          MPYF32    R4H,R2H,R0H           ; [CPU_FPU] |405| 
         00000092 0014 
    1356 00000093 8D00          MOVL      XAR0,#286             ; [CPU_ALU] |405| 
         00000094 011E 
    1357 00000095 E710          ADDF32    R4H,R4H,R5H           ; [CPU_FPU] |405| 
         00000096 0164 
    1358 00000097 E2AF          MOV32     R5H,*+XAR4[AR0]       ; [CPU_FPU] |405| 
         00000098 0594 
    1359 00000099 E720          SUBF32    R4H,R5H,R4H           ; [CPU_FPU] |405| 
         0000009a 012C 
    1360 0000009b 8D00          MOVL      XAR0,#290             ; [CPU_ALU] |405| 
         0000009c 0122 
    1361 0000009d E203          MOV32     *+XAR4[AR0],R4H       ; [CPU_FPU] |405| 
         0000009e 0494 
    1362                      .dwpsn  file "..\sources\fcl_foc_cpu_dm.h",line 340,column 5,is_stmt,isa 0
    1363 0000009f 8D00          MOVL      XAR0,#332             ; [CPU_ALU] |340| 
         000000a0 014C 
    1364 000000a1 E2AF          MOV32     R5H,*+XAR4[AR0]       ; [CPU_FPU] |340| 
         000000a2 0594 
    1365 000000a3 8D00          MOVL      XAR0,#300             ; [CPU_ALU] |340| 
         000000a4 012C 
    1366              
    1367                      MOV32     R4H,*+XAR4[AR0]       ; [CPU_FPU] |340| 
    1368 000000a5 E302  ||      MPYF32    R1H,R2H,R1H           ; [CPU_FPU] |402| 
         000000a6 8C94 
    1369              
    1370 000000a7 8D00          MOVL      XAR0,#338             ; [CPU_ALU] |340| 
         000000a8 0152 
    1371              
    1372                      MOV32     R6H,*+XAR4[AR0]       ; [CPU_FPU] |340| 
    1373 000000a9 E300  ||      MPYF32    R0H,R3H,R0H           ; [CPU_FPU] |402| 
         000000aa C694 
TMS320C2000 Assembler PC v22.6.2 Mon Jan 26 16:23:05 2026

Copyright (c) 1996-2018 Texas Instruments Incorporated
dual_axis_servo_drive_cpu.asm                                        PAGE   29

    1374              
    1375 000000ab 8D00          MOVL      XAR0,#336             ; [CPU_ALU] |340| 
         000000ac 0150 
    1376              
    1377                      MOV32     R7H,*+XAR4[AR0]       ; [CPU_FPU] |340| 
    1378 000000ad E320  ||      SUBF32    R0H,R1H,R0H           ; [CPU_FPU] |402| 
         000000ae 4794 
    1379              
    1380                      .dwpsn  file "..\sources\fcl_foc_cpu_dm.h",line 402,column 5,is_stmt,isa 0
    1381 000000af 8D00          MOVL      XAR0,#318             ; [CPU_ALU] |402| 
         000000b0 013E 
    1382 000000b1 E2AF          MOV32     R1H,*+XAR4[AR0]       ; [CPU_FPU] |402| 
         000000b2 0194 
    1383 000000b3 E720          SUBF32    R0H,R1H,R0H           ; [CPU_FPU] |402| 
         000000b4 0008 
    1384 000000b5 8D00          MOVL      XAR0,#322             ; [CPU_ALU] |402| 
         000000b6 0142 
    1385 000000b7 E203          MOV32     *+XAR4[AR0],R0H       ; [CPU_FPU] |402| 
         000000b8 0094 
    1386                      .dwpsn  file "..\sources\fcl_foc_cpu_dm.h",line 340,column 5,is_stmt,isa 0
    1387 000000b9 E2AF          MOV32     R1H,*+XAR4[AR0]       ; [CPU_FPU] |340| 
         000000ba 0194 
    1388 000000bb 8D00          MOVL      XAR0,#290             ; [CPU_ALU] |340| 
         000000bc 0122 
    1389              
    1390                      MOV32     R0H,*+XAR4[AR0]       ; [CPU_FPU] |340| 
    1391 000000bd E303  ||      MPYF32    R1H,R5H,R1H           ; [CPU_FPU] |340| 
         000000be 4894 
    1392              
    1393 000000bf 8D00          MOVL      XAR0,#326             ; [CPU_ALU] |340| 
         000000c0 0146 
    1394              
    1395                      MOV32     R4H,*+XAR4[AR0]       ; [CPU_FPU] |340| 
    1396 000000c1 E301  ||      MPYF32    R0H,R4H,R0H           ; [CPU_FPU] |340| 
         000000c2 0494 
    1397              
    1398 000000c3 8D00          MOVL      XAR0,#294             ; [CPU_ALU] |340| 
         000000c4 0126 
    1399              
    1400                      MOV32     R4H,*+XAR4[AR0]       ; [CPU_FPU] |340| 
    1401 000000c5 E318  ||      ADDF32    R1H,R1H,R4H           ; [CPU_FPU] |340| 
         000000c6 4C94 
    1402              
    1403 000000c7 8D00          MOVL      XAR0,#324             ; [CPU_ALU] |340| 
         000000c8 0144 
    1404              
    1405                      MOV32     R0H,*+XAR4[AR0]       ; [CPU_FPU] |340| 
    1406 000000c9 E311  ||      ADDF32    R4H,R4H,R0H           ; [CPU_FPU] |340| 
         000000ca 2094 
    1407              
    1408 000000cb 8D00          MOVL      XAR0,#292             ; [CPU_ALU] |340| 
         000000cc 0124 
    1409              
    1410                      MOV32     R0H,*+XAR4[AR0]       ; [CPU_FPU] |340| 
    1411 000000cd E310  ||      ADDF32    R1H,R1H,R0H           ; [CPU_FPU] |340| 
TMS320C2000 Assembler PC v22.6.2 Mon Jan 26 16:23:05 2026

Copyright (c) 1996-2018 Texas Instruments Incorporated
dual_axis_servo_drive_cpu.asm                                        PAGE   30

         000000ce 4894 
    1412              
    1413 000000cf 8D00          MOVL      XAR0,#306             ; [CPU_ALU] |340| 
         000000d0 0132 
    1414 000000d1 E696          MAXF32    R1H,R6H               ; [CPU_FPU] |340| 
         000000d2 0031 
    1415 000000d3 E697          MINF32    R1H,R7H               ; [CPU_FPU] |340| 
         000000d4 0039 
    1416              
    1417                      MOV32     R4H,*+XAR4[AR0]       ; [CPU_FPU] |340| 
    1418 000000d5 E318  ||      ADDF32    R0H,R0H,R4H           ; [CPU_FPU] |340| 
         000000d6 0494 
    1419              
    1420 000000d7 E203!         MOV32     @||motorVars||+324,R1H ; [CPU_FPU] |340| 
         000000d8 0104 
    1421 000000d9 8D00          MOVL      XAR0,#304             ; [CPU_ALU] |340| 
         000000da 0130 
    1422 000000db 761F!         MOVW      DP,#||motorVars||+292 ; [CPU_ARAU] 
         000000dc 0004 
    1423 000000dd E2AF          MOV32     R5H,*+XAR4[AR0]       ; [CPU_FPU] |340| 
         000000de 0594 
    1424 000000df E696          MAXF32    R0H,R4H               ; [CPU_FPU] |340| 
         000000e0 0020 
    1425 000000e1 E697          MINF32    R0H,R5H               ; [CPU_FPU] |340| 
         000000e2 0028 
    1426 000000e3 E203!         MOV32     @||motorVars||+292,R0H ; [CPU_FPU] |340| 
         000000e4 0024 
    1427 000000e5 761F!         MOVW      DP,#||motorVars||+324 ; [CPU_ARAU] 
         000000e6 0005 
    1428                      .dwpsn  file "..\sources\fcl_foc_cpu_dm.h",line 417,column 5,is_stmt,isa 0
    1429 000000e7 E2AF!         MOV32     R5H,@||motorVars||+324 ; [CPU_FPU] |417| 
         000000e8 0504 
    1430 000000e9 761F!         MOVW      DP,#||motorVars||+292 ; [CPU_ARAU] 
         000000ea 0004 
    1431              
    1432                      MOV32     R4H,@||motorVars||+292 ; [CPU_FPU] |417| 
    1433 000000eb E30A! ||      MPYF32    R0H,R3H,R5H           ; [CPU_FPU] |417| 
         000000ec C424 
    1434              
    1435 000000ed 761F!         MOVW      DP,#||motorVars||+350 ; [CPU_ARAU] 
         000000ee 0005 
    1436 000000ef E700          MPYF32    R1H,R2H,R4H           ; [CPU_FPU] |417| 
         000000f0 0111 
    1437                      .dwpsn  file "..\sources\fcl_foc_cpu_dm.h",line 426,column 5,is_stmt,isa 0
    1438 000000f1 E700          MPYF32    R2H,R2H,R5H           ; [CPU_FPU] |426| 
         000000f2 0152 
    1439 000000f3 E700          MPYF32    R4H,R3H,R4H           ; [CPU_FPU] |426| 
         000000f4 011C 
    1440                      .dwpsn  file "..\sources\fcl_foc_cpu_dm.h",line 417,column 5,is_stmt,isa 0
    1441              
    1442 000000f5 E320!         SUBF32    R0H,R1H,R0H           ; [CPU_FPU] |417| 
         000000f6 451E 
    1443              ||      MOV32     R5H,@||motorVars||+350 ; [CPU_FPU] |417| 
    1444              
    1445 000000f7 761F!         MOVW      DP,#||motorVars||+358 ; [CPU_ARAU] 
TMS320C2000 Assembler PC v22.6.2 Mon Jan 26 16:23:05 2026

Copyright (c) 1996-2018 Texas Instruments Incorporated
dual_axis_servo_drive_cpu.asm                                        PAGE   31

         000000f8 0005 
    1446                      .dwpsn  file "..\sources\fcl_foc_cpu_dm.h",line 426,column 5,is_stmt,isa 0
    1447 000000f9 E710          ADDF32    R1H,R4H,R2H           ; [CPU_FPU] |426| 
         000000fa 00A1 
    1448 000000fb E2AF!         MOV32     R3H,@||motorVars||+358 ; [CPU_FPU] |426| 
         000000fc 0326 
    1449 000000fd E700          MPYF32    R1H,R3H,R1H           ; [CPU_FPU] |426| 
         000000fe 0059 
    1450                      .dwpsn  file "..\sources\fcl_foc_cpu_dm.h",line 417,column 5,is_stmt,isa 0
    1451 000000ff E700          MPYF32    R4H,R5H,R0H           ; [CPU_FPU] |417| 
         00000100 002C 
    1452 00000101 7700          NOP       ; [CPU_ALU] 
    1453                      .dwpsn  file "..\sources\fcl_foc_cpu_dm.h",line 426,column 5,is_stmt,isa 0
    1454 00000102 E720          SUBF32    R0H,R1H,R4H           ; [CPU_FPU] |426| 
         00000103 0108 
    1455 00000104 7700          NOP       ; [CPU_ALU] 
    1456 00000105 E84F          MPYF32    R2H,R0H,#16128        ; [CPU_FPU] |426| 
         00000106 C002 
    1457                      .dwpsn  file "..\sources\fcl_foc_cpu_dm.h",line 429,column 5,is_stmt,isa 0
    1458 00000107 E6CF          MOV32     R0H,R4H               ; [CPU_FPU] |429| 
         00000108 0020 
    1459                      .dwpsn  file "..\sources\fcl_foc_cpu_dm.h",line 427,column 5,is_stmt,isa 0
    1460 00000109 E720          SUBF32    R3H,R2H,R1H           ; [CPU_FPU] |427| 
         0000010a 0053 
    1461                      .dwpsn  file "..\sources\fcl_foc_cpu_dm.h",line 429,column 5,is_stmt,isa 0
    1462 0000010b E6CF          MOV32     R1H,R4H               ; [CPU_FPU] |429| 
         0000010c 0021 
    1463 0000010d E696          MAXF32    R0H,R3H               ; [CPU_FPU] |429| 
         0000010e 0018 
    1464 0000010f E697          MINF32    R1H,R3H               ; [CPU_FPU] |429| 
         00000110 0019 
    1465 00000111 E696          MAXF32    R0H,R2H               ; [CPU_FPU] |429| 
         00000112 0010 
    1466 00000113 E697          MINF32    R1H,R2H               ; [CPU_FPU] |429| 
         00000114 0011 
    1467 00000115 E710          ADDF32    R0H,R0H,R1H           ; [CPU_FPU] |429| 
         00000116 0040 
    1468 00000117 7700          NOP       ; [CPU_ALU] 
    1469                      .dwpsn  file "..\sources\fcl_foc_cpu_dm.h",line 431,column 5,is_stmt,isa 0
    1470 00000118 E84F          MPYF32    R0H,R0H,#16128        ; [CPU_FPU] |431| 
         00000119 C000 
    1471 0000011a 7700          NOP       ; [CPU_ALU] 
    1472 0000011b E720          SUBF32    R0H,R5H,R0H           ; [CPU_FPU] |431| 
         0000011c 0028 
    1473 0000011d 761F!         MOVW      DP,#||motorVars||+392 ; [CPU_ARAU] 
         0000011e 0006 
    1474                      .dwpsn  file "..\sources\fcl_foc_cpu_dm.h",line 436,column 5,is_stmt,isa 0
    1475 0000011f E710          ADDF32    R1H,R0H,R3H           ; [CPU_FPU] |436| 
         00000120 00C1 
    1476 00000121 8A08!         MOVL      XAR4,@||motorVars||+392 ; [CPU_ALU] |436| 
    1477 00000122 E68A          F32TOUI32 R1H,R1H               ; [CPU_FPU] |436| 
         00000123 0009 
    1478 00000124 761F!         MOVW      DP,#||motorVars||+394 ; [CPU_ARAU] 
         00000125 0006 
    1479              
TMS320C2000 Assembler PC v22.6.2 Mon Jan 26 16:23:05 2026

Copyright (c) 1996-2018 Texas Instruments Incorporated
dual_axis_servo_drive_cpu.asm                                        PAGE   32

    1480                      MOV32     *+XAR4[0],R1H         ; [CPU_FPU] |436| 
    1481 00000126 E018  ||      ADDF32    R3H,R0H,R4H           ; [CPU_FPU] |437| 
         00000127 19C4 
    1482              
    1483                      .dwpsn  file "..\sources\fcl_foc_cpu_dm.h",line 437,column 5,is_stmt,isa 0
    1484 00000128 8A0A!         MOVL      XAR4,@||motorVars||+394 ; [CPU_ALU] |437| 
    1485 00000129 E68A          F32TOUI32 R1H,R3H               ; [CPU_FPU] |437| 
         0000012a 0019 
    1486 0000012b 761F!         MOVW      DP,#||motorVars||+396 ; [CPU_ARAU] 
         0000012c 0006 
    1487              
    1488                      MOV32     *+XAR4[0],R1H         ; [CPU_FPU] |437| 
    1489 0000012d E014  ||      ADDF32    R0H,R0H,R2H           ; [CPU_FPU] |438| 
         0000012e 01C4 
    1490              
    1491                      .dwpsn  file "..\sources\fcl_foc_cpu_dm.h",line 438,column 5,is_stmt,isa 0
    1492 0000012f 8A0C!         MOVL      XAR4,@||motorVars||+396 ; [CPU_ALU] |438| 
    1493 00000130 E68A          F32TOUI32 R0H,R0H               ; [CPU_FPU] |438| 
         00000131 0000 
    1494 00000132 761F!         MOVW      DP,#||motorVars||+416 ; [CPU_ARAU] 
         00000133 0006 
    1495 00000134 E203          MOV32     *+XAR4[0],R0H         ; [CPU_FPU] |438| 
         00000135 00C4 
    1496                      .dwpsn  file "C:/ti/C2000Ware_MotorControl_SDK_5_04_00_00/c2000ware/driverlib/f28002x/driverlib/epwm.
    1497 00000136 8A20!         MOVL      XAR4,@||motorVars||+416 ; [CPU_ALU] |2188| 
    1498                      .dwpsn  file "..\sources\fcl_foc_cpu_dm.h",line 451,column 24,is_stmt,isa 0
    1499 00000137 E801          MOVIZ     R0H,#16147            ; [CPU_FPU] |451| 
         00000138 F898 
    1500 00000139 761F!         MOVW      DP,#||motorVars||+404 ; [CPU_ARAU] 
         0000013a 0006 
    1501 0000013b E809          MOVXI     R0H,#13107            ; [CPU_FPU] |451| 
         0000013c 9998 
    1502                      .dwpsn  file "C:/ti/C2000Ware_MotorControl_SDK_5_04_00_00/c2000ware/driverlib/f28002x/driverlib/epwm.
    1503 0000013d 92E4          MOV       AL,*+XAR4[4]          ; [CPU_ALU] |2188| 
    1504                      .dwpsn  file "..\sources\dual_axis_servo_drive_cpu.h",line 304,column 5,is_stmt,isa 0
    1505 0000013e 8A14!         MOVL      XAR4,@||motorVars||+404 ; [CPU_ALU] |304| 
    1506 0000013f 761F!         MOVW      DP,#||motorVars||+430 ; [CPU_ARAU] 
         00000140 0006 
    1507                      .dwpsn  file "..\sources\fcl_foc_cpu_dm.h",line 305,column 5,is_stmt,isa 0
    1508 00000141 962E!         MOV       @||motorVars||+430,AL ; [CPU_ALU] |305| 
    1509 00000142 761F!         MOVW      DP,#||motorVars||+64  ; [CPU_ARAU] 
         00000143 0001 
    1510                      .dwpsn  file "..\sources\dual_axis_servo_drive_cpu.h",line 304,column 5,is_stmt,isa 0
    1511 00000144 E2C4          UI16TOF32 R1H,*+XAR4[0]         ; [CPU_FPU] |304| 
         00000145 01C4 
    1512 00000146 E2AF!         MOV32     R2H,@||motorVars||+64 ; [CPU_FPU] |304| 
         00000147 0200 
    1513 00000148 E700          MPYF32    R1H,R2H,R1H           ; [CPU_FPU] |304| 
         00000149 0051 
    1514 0000014a 761F!         MOVW      DP,#||motorVars||+380 ; [CPU_ARAU] 
         0000014b 0005 
    1515                      .dwpsn  file "..\sources\dual_axis_servo_drive_cpu.h",line 308,column 9,is_stmt,isa 0
    1516 0000014c E821          MAXF32    R1H,#16256            ; [CPU_FPU] |308| 
         0000014d FC01 
    1517                      .dwpsn  file "../sources/dual_axis_servo_drive_cpu.c",line 588,column 5,is_stmt,isa 0
TMS320C2000 Assembler PC v22.6.2 Mon Jan 26 16:23:05 2026

Copyright (c) 1996-2018 Texas Instruments Incorporated
dual_axis_servo_drive_cpu.asm                                        PAGE   33

    1518              
    1519                      MOV32     @||motorVars||+380,R1H ; [CPU_FPU] |588| 
    1520 0000014e E002! ||      MPYF32    R0H,R0H,R1H           ; [CPU_FPU] |451| 
         0000014f 013C 
    1521              
    1522 00000150 761F!         MOVW      DP,#||motorVars||+372 ; [CPU_ARAU] 
         00000151 0005 
    1523                      .dwpsn  file "..\sources\fcl_foc_cpu_dm.h",line 451,column 24,is_stmt,isa 0
    1524 00000152 E2AF!         MOV32     R1H,@||motorVars||+372 ; [CPU_FPU] |451| 
         00000153 0134 
    1525 00000154 E274          DIVF32    R0H,R1H,R0H           ; [CPU_FPU] |451| 
         00000155 0008 
    1526 00000156 7700          NOP       ; [CPU_ALU] 
    1527 00000157 761F!         MOVW      DP,#||motorVars||+378 ; [CPU_ARAU] 
         00000158 0005 
    1528                      .dwpsn  file "..\sources\fcl_foc_cpu_dm.h",line 477,column 5,is_stmt,isa 0
    1529 00000159 E2AF!         MOV32     R1H,@||motorVars||+378 ; [CPU_FPU] |477| 
         0000015a 013A 
    1530 0000015b 761F!         MOVW      DP,#||motorVars||+364 ; [CPU_ARAU] 
         0000015c 0005 
    1531              
    1532 0000015d E302!         MPYF32    R1H,R0H,R1H           ; [CPU_FPU] |477| 
         0000015e 0A2C 
    1533              ||      MOV32     R2H,@||motorVars||+364 ; [CPU_FPU] |480| 
    1534              
    1535 0000015f 761F!         MOVW      DP,#||motorVars||+368 ; [CPU_ARAU] 
         00000160 0005 
    1536                      .dwpsn  file "..\sources\fcl_foc_cpu_dm.h",line 479,column 5,is_stmt,isa 0
    1537              
    1538                      MOV32     R4H,@||motorVars||+368 ; [CPU_FPU] |479| 
    1539 00000161 E304! ||      MPYF32    R2H,R1H,R2H           ; [CPU_FPU] |480| 
         00000162 5430 
    1540              
    1541 00000163 761F!         MOVW      DP,#||motorVars||+360 ; [CPU_ARAU] 
         00000164 0005 
    1542              
    1543                      MOV32     R3H,@||motorVars||+360 ; [CPU_FPU] |480| 
    1544 00000165 E308! ||      MPYF32    R1H,R1H,R4H           ; [CPU_FPU] |479| 
         00000166 4B28 
    1545              
    1546 00000167 761F!         MOVW      DP,#||motorVars||+328 ; [CPU_ARAU] 
         00000168 0005 
    1547              
    1548                      MOV32     @||motorVars||+328,R1H ; [CPU_FPU] |479| 
    1549 00000169 E004! ||      MPYF32    R2H,R3H,R2H           ; [CPU_FPU] |480| 
         0000016a D108 
    1550              
    1551 0000016b 761F!         MOVW      DP,#||motorVars||+330 ; [CPU_ARAU] 
         0000016c 0005 
    1552                      .dwpsn  file "..\sources\fcl_foc_cpu_dm.h",line 480,column 5,is_stmt,isa 0
    1553 0000016d E203!         MOV32     @||motorVars||+330,R2H ; [CPU_FPU] |480| 
         0000016e 020A 
    1554                      .dwpsn  file "..\sources\fcl_foc_cpu_dm.h",line 483,column 5,is_stmt,isa 0
    1555 0000016f E2AF!         MOV32     R1H,@||motorVars||+330 ; [CPU_FPU] |483| 
         00000170 010A 
TMS320C2000 Assembler PC v22.6.2 Mon Jan 26 16:23:05 2026

Copyright (c) 1996-2018 Texas Instruments Incorporated
dual_axis_servo_drive_cpu.asm                                        PAGE   34

    1556 00000171 761F!         MOVW      DP,#||motorVars||+328 ; [CPU_ARAU] 
         00000172 0005 
    1557 00000173 E84F          MPYF32    R1H,R1H,#16128        ; [CPU_FPU] |483| 
         00000174 C009 
    1558                      .dwpsn  file "..\sources\fcl_foc_cpu_dm.h",line 486,column 5,is_stmt,isa 0
    1559 00000175 E2AF!         MOV32     R2H,@||motorVars||+328 ; [CPU_FPU] |486| 
         00000176 0208 
    1560 00000177 E720          SUBF32    R2H,R1H,R2H           ; [CPU_FPU] |486| 
         00000178 008A 
    1561 00000179 761F!         MOVW      DP,#||motorVars||+334 ; [CPU_ARAU] 
         0000017a 0005 
    1562 0000017b E203!         MOV32     @||motorVars||+334,R2H ; [CPU_FPU] |486| 
         0000017c 020E 
    1563                      .dwpsn  file "..\sources\fcl_foc_cpu_dm.h",line 488,column 5,is_stmt,isa 0
    1564 0000017d E2AF!         MOV32     R3H,@||motorVars||+334 ; [CPU_FPU] |488| 
         0000017e 030E 
    1565 0000017f 761F!         MOVW      DP,#||motorVars||+322 ; [CPU_ARAU] 
         00000180 0005 
    1566 00000181 E2AF!         MOV32     R2H,@||motorVars||+322 ; [CPU_FPU] |488| 
         00000182 0202 
    1567 00000183 761F!         MOVW      DP,#||motorVars||+328 ; [CPU_ARAU] 
         00000184 0005 
    1568                      .dwpsn  file "..\sources\fcl_foc_cpu_dm.h",line 485,column 5,is_stmt,isa 0
    1569              
    1570                      MOV32     R2H,@||motorVars||+328 ; [CPU_FPU] |485| 
    1571 00000185 E304! ||      MPYF32    R3H,R3H,R2H           ; [CPU_FPU] |488| 
         00000186 DA08 
    1572              
    1573 00000187 761F!         MOVW      DP,#||motorVars||+376 ; [CPU_ARAU] 
         00000188 0005 
    1574                      .dwpsn  file "..\sources\fcl_foc_cpu_dm.h",line 463,column 25,is_stmt,isa 0
    1575              
    1576                      MOV32     R1H,@||motorVars||+376 ; [CPU_FPU] |463| 
    1577 00000189 E312! ||      ADDF32    R5H,R2H,R1H           ; [CPU_FPU] |485| 
         0000018a A938 
    1578              
    1579 0000018b 761F!         MOVW      DP,#||motorVars||+362 ; [CPU_ARAU] 
         0000018c 0005 
    1580              
    1581                      MOV32     R1H,@||motorVars||+362 ; [CPU_FPU] |466| 
    1582 0000018d E302! ||      MPYF32    R0H,R0H,R1H           ; [CPU_FPU] |463| 
         0000018e 012A 
    1583              
    1584 0000018f 761F!         MOVW      DP,#||motorVars||+360 ; [CPU_ARAU] 
         00000190 0005 
    1585                      .dwpsn  file "..\sources\fcl_foc_cpu_dm.h",line 466,column 5,is_stmt,isa 0
    1586              
    1587                      MOV32     R2H,@||motorVars||+360 ; [CPU_FPU] |466| 
    1588 00000191 E302! ||      MPYF32    R1H,R0H,R1H           ; [CPU_FPU] |466| 
         00000192 0A28 
    1589              
    1590 00000193 761F!         MOVW      DP,#||motorVars||+366 ; [CPU_ARAU] 
         00000194 0005 
    1591                      .dwpsn  file "..\sources\fcl_foc_cpu_dm.h",line 465,column 5,is_stmt,isa 0
    1592              
TMS320C2000 Assembler PC v22.6.2 Mon Jan 26 16:23:05 2026

Copyright (c) 1996-2018 Texas Instruments Incorporated
dual_axis_servo_drive_cpu.asm                                        PAGE   35

    1593                      MOV32     R2H,@||motorVars||+366 ; [CPU_FPU] |465| 
    1594 00000195 E302! ||      MPYF32    R1H,R2H,R1H           ; [CPU_FPU] |466| 
         00000196 8A2E 
    1595              
    1596 00000197 761F!         MOVW      DP,#||motorVars||+298 ; [CPU_ARAU] 
         00000198 0004 
    1597                      .dwpsn  file "..\sources\fcl_foc_cpu_dm.h",line 466,column 5,is_stmt,isa 0
    1598 00000199 E203!         MOV32     @||motorVars||+298,R1H ; [CPU_FPU] |466| 
         0000019a 012A 
    1599                      .dwpsn  file "..\sources\fcl_foc_cpu_dm.h",line 465,column 5,is_stmt,isa 0
    1600              
    1601                      MOV32     R0H,@||motorVars||+298 ; [CPU_FPU] |469| 
    1602 0000019b E304! ||      MPYF32    R2H,R0H,R2H           ; [CPU_FPU] |465| 
         0000019c 102A 
    1603              
    1604 0000019d 761F!         MOVW      DP,#||motorVars||+296 ; [CPU_ARAU] 
         0000019e 0004 
    1605                      .dwpsn  file "..\sources\fcl_foc_cpu_dm.h",line 469,column 22,is_stmt,isa 0
    1606 0000019f E84F          MPYF32    R0H,R0H,#16128        ; [CPU_FPU] |469| 
         000001a0 C000 
    1607                      .dwpsn  file "..\sources\fcl_foc_cpu_dm.h",line 465,column 5,is_stmt,isa 0
    1608 000001a1 E203!         MOV32     @||motorVars||+296,R2H ; [CPU_FPU] |465| 
         000001a2 0228 
    1609                      .dwpsn  file "..\sources\fcl_foc_cpu_dm.h",line 470,column 5,is_stmt,isa 0
    1610 000001a3 E2AF!         MOV32     R1H,@||motorVars||+296 ; [CPU_FPU] |470| 
         000001a4 0128 
    1611 000001a5 E710          ADDF32    R7H,R1H,R0H           ; [CPU_FPU] |470| 
         000001a6 000F 
    1612                      .dwpsn  file "..\sources\fcl_foc_cpu_dm.h",line 471,column 5,is_stmt,isa 0
    1613 000001a7 E720          SUBF32    R0H,R0H,R1H           ; [CPU_FPU] |471| 
         000001a8 0040 
    1614 000001a9 761F!         MOVW      DP,#||motorVars||+302 ; [CPU_ARAU] 
         000001aa 0004 
    1615 000001ab E203!         MOV32     @||motorVars||+302,R0H ; [CPU_FPU] |471| 
         000001ac 002E 
    1616 000001ad 761F!         MOVW      DP,#||motorVars||+290 ; [CPU_ARAU] 
         000001ae 0004 
    1617                      .dwpsn  file "..\sources\fcl_foc_cpu_dm.h",line 473,column 5,is_stmt,isa 0
    1618 000001af E2AF!         MOV32     R0H,@||motorVars||+290 ; [CPU_FPU] |473| 
         000001b0 0022 
    1619 000001b1 761F!         MOVW      DP,#||motorVars||+302 ; [CPU_ARAU] 
         000001b2 0004 
    1620 000001b3 E2AF!         MOV32     R1H,@||motorVars||+302 ; [CPU_FPU] |473| 
         000001b4 012E 
    1621 000001b5 761F!         MOVW      DP,#||motorVars||+286 ; [CPU_ARAU] 
         000001b6 0004 
    1622              
    1623                      MOV32     R1H,@||motorVars||+286 ; [CPU_FPU] |498| 
    1624 000001b7 E300! ||      MPYF32    R6H,R1H,R0H           ; [CPU_FPU] |473| 
         000001b8 711E 
    1625              
    1626 000001b9 761F!         MOVW      DP,#||motorVars||+78  ; [CPU_ARAU] 
         000001ba 0001 
    1627                      .dwpsn  file "..\sources\fcl_foc_cpu_dm.h",line 488,column 5,is_stmt,isa 0
    1628              
TMS320C2000 Assembler PC v22.6.2 Mon Jan 26 16:23:05 2026

Copyright (c) 1996-2018 Texas Instruments Incorporated
dual_axis_servo_drive_cpu.asm                                        PAGE   36

    1629                      MOV32     R0H,@||motorVars||+78 ; [CPU_FPU] |488| 
    1630 000001bb E320! ||      SUBF32    R2H,R1H,R0H           ; [CPU_FPU] |498| 
         000001bc 500E 
    1631              
    1632 000001bd 761F!         MOVW      DP,#||motorVars||+76  ; [CPU_ARAU] 
         000001be 0001 
    1633 000001bf E2AF!         MOV32     R1H,@||motorVars||+76 ; [CPU_FPU] |488| 
         000001c0 010C 
    1634 000001c1 761F!         MOVW      DP,#||motorVars||+382 ; [CPU_ARAU] 
         000001c2 0005 
    1635              
    1636                      MOV32     R0H,@||motorVars||+382 ; [CPU_FPU] |488| 
    1637 000001c3 E320! ||      SUBF32    R1H,R1H,R0H           ; [CPU_FPU] |488| 
         000001c4 483E 
    1638              
    1639 000001c5 761F!         MOVW      DP,#||motorVars||+318 ; [CPU_ARAU] 
         000001c6 0004 
    1640              
    1641                      MOV32     R1H,@||motorVars||+318 ; [CPU_FPU] |499| 
    1642 000001c7 E300! ||      MPYF32    R4H,R1H,R0H           ; [CPU_FPU] |488| 
         000001c8 613E 
    1643              
    1644 000001c9 761F!         MOVW      DP,#||motorVars||+322 ; [CPU_ARAU] 
         000001ca 0005 
    1645                      .dwpsn  file "..\sources\fcl_foc_cpu_dm.h",line 499,column 5,is_stmt,isa 0
    1646 000001cb E2AF!         MOV32     R0H,@||motorVars||+322 ; [CPU_FPU] |499| 
         000001cc 0002 
    1647 000001cd 761F!         MOVW      DP,#||motorVars||+76  ; [CPU_ARAU] 
         000001ce 0001 
    1648                      .dwpsn  file "..\sources\fcl_foc_cpu_dm.h",line 492,column 5,is_stmt,isa 0
    1649 000001cf C40C!         MOVL      XAR6,@||motorVars||+76 ; [CPU_ALU] |492| 
    1650 000001d0 761F!         MOVW      DP,#||motorVars||+451 ; [CPU_ARAU] 
         000001d1 0007 
    1651                      .dwpsn  file "../sources/dual_axis_servo_drive_cpu.c",line 606,column 5,is_stmt,isa 0
    1652 000001d2 9203!         MOV       AL,@||motorVars||+451 ; [CPU_ALU] |606| 
    1653 000001d3 761F!         MOVW      DP,#||motorVars||+288 ; [CPU_ARAU] 
         000001d4 0004 
    1654 000001d5 5201          CMPB      AL,#1                 ; [CPU_ALU] |606| 
    1655                      .dwpsn  file "..\sources\fcl_foc_cpu_dm.h",line 498,column 5,is_stmt,isa 0
    1656              
    1657                      MOV32     @||motorVars||+288,R2H ; [CPU_FPU] |498| 
    1658 000001d6 E020! ||      SUBF32    R0H,R1H,R0H           ; [CPU_FPU] |499| 
         000001d7 4220 
    1659              
    1660 000001d8 761F!         MOVW      DP,#||motorVars||+320 ; [CPU_ARAU] 
         000001d9 0005 
    1661                      .dwpsn  file "..\sources\fcl_foc_cpu_dm.h",line 499,column 5,is_stmt,isa 0
    1662 000001da E203!         MOV32     @||motorVars||+320,R0H ; [CPU_FPU] |499| 
         000001db 0000 
    1663 000001dc 761F!         MOVW      DP,#||motorVars||+78  ; [CPU_ARAU] 
         000001dd 0001 
    1664                      .dwpsn  file "..\sources\fcl_foc_cpu_dm.h",line 492,column 5,is_stmt,isa 0
    1665 000001de C20E!         MOVL      @||motorVars||+78,XAR6 ; [CPU_FPU] |492| 
    1666 000001df 761F!         MOVW      DP,#||motorVars||+300 ; [CPU_ARAU] 
         000001e0 0004 
TMS320C2000 Assembler PC v22.6.2 Mon Jan 26 16:23:05 2026

Copyright (c) 1996-2018 Texas Instruments Incorporated
dual_axis_servo_drive_cpu.asm                                        PAGE   37

    1667                      .dwpsn  file "..\sources\fcl_foc_cpu_dm.h",line 470,column 5,is_stmt,isa 0
    1668 000001e1 E203!         MOV32     @||motorVars||+300,R7H ; [CPU_FPU] |470| 
         000001e2 072C 
    1669 000001e3 761F!         MOVW      DP,#||motorVars||+332 ; [CPU_ARAU] 
         000001e4 0005 
    1670                      .dwpsn  file "..\sources\fcl_foc_cpu_dm.h",line 485,column 5,is_stmt,isa 0
    1671 000001e5 E203!         MOV32     @||motorVars||+332,R5H ; [CPU_FPU] |485| 
         000001e6 050C 
    1672 000001e7 761F!         MOVW      DP,#||motorVars||+294 ; [CPU_ARAU] 
         000001e8 0004 
    1673                      .dwpsn  file "..\sources\fcl_foc_cpu_dm.h",line 473,column 5,is_stmt,isa 0
    1674              
    1675                      MOV32     @||motorVars||+294,R6H ; [CPU_FPU] |473| 
    1676 000001e9 E017! ||      ADDF32    R1H,R4H,R3H           ; [CPU_FPU] |488| 
         000001ea 0E26 
    1677              
    1678 000001eb 761F!         MOVW      DP,#||motorVars||+326 ; [CPU_ARAU] 
         000001ec 0005 
    1679                      .dwpsn  file "..\sources\fcl_foc_cpu_dm.h",line 488,column 5,is_stmt,isa 0
    1680 000001ed E203!         MOV32     @||motorVars||+326,R1H ; [CPU_FPU] |488| 
         000001ee 0106 
    1681                      .dwpsn  file "../sources/dual_axis_servo_drive_cpu.c",line 606,column 5,is_stmt,isa 0
    1682 000001ef FFE0          B         ||$C$L25||,NEQ        ; [CPU_ALU] |606| 
         000001f0 0092 
    1683                      ; branchcc occurs ; [] |606| 
    1684 000001f1 761F!         MOVW      DP,#||motorVars||+448 ; [CPU_ARAU] 
         000001f2 0007 
    1685                      .dwpsn  file "../sources/dual_axis_servo_drive_cpu.c",line 608,column 9,is_stmt,isa 0
    1686 000001f3 9200!         MOV       AL,@||motorVars||+448 ; [CPU_ALU] |608| 
    1687 000001f4 5202          CMPB      AL,#2                 ; [CPU_ALU] |608| 
    1688 000001f5 617F          B         ||$C$L24||,EQ         ; [CPU_ALU] |608| 
    1689                      ; branchcc occurs ; [] |608| 
    1690                      .dwpsn  file "../sources/dual_axis_servo_drive_cpu.c",line 613,column 14,is_stmt,isa 0
    1691 000001f6 5201          CMPB      AL,#1                 ; [CPU_ALU] |613| 
    1692 000001f7 6139          B         ||$C$L18||,EQ         ; [CPU_ALU] |613| 
    1693                      ; branchcc occurs ; [] |613| 
    1694                      .dwpsn  file "../sources/dual_axis_servo_drive_cpu.c",line 624,column 14,is_stmt,isa 0
    1695 000001f8 5200          CMPB      AL,#0                 ; [CPU_ALU] |624| 
    1696 000001f9 FFE0          B         ||$C$L27||,NEQ        ; [CPU_ALU] |624| 
         000001fa 00C4 
    1697                      ; branchcc occurs ; [] |624| 
    1698 000001fb 761F!         MOVW      DP,#||motorVars||+30  ; [CPU_ARAU] 
         000001fc 0000 
    1699                      .dwpsn  file "../sources/dual_axis_servo_drive_cpu.c",line 630,column 13,is_stmt,isa 0
    1700 000001fd 061E!         MOVL      ACC,@||motorVars||+30 ; [CPU_ALU] |630| 
    1701 000001fe 761F!         MOVW      DP,#||motorVars||+36  ; [CPU_ARAU] 
         000001ff 0000 
    1702                      .dwpsn  file "../sources/dual_axis_servo_drive_cpu.c",line 626,column 13,is_stmt,isa 0
    1703 00000200 E593          ZERO      R3H                   ; [CPU_FPU] |626| 
    1704                      .dwpsn  file "../sources/dual_axis_servo_drive_cpu.c",line 627,column 13,is_stmt,isa 0
    1705 00000201 E592          ZERO      R2H                   ; [CPU_FPU] |627| 
    1706                      .dwpsn  file "../sources/dual_axis_servo_drive_cpu.c",line 630,column 13,is_stmt,isa 0
    1707 00000202 1E24!         MOVL      @||motorVars||+36,ACC ; [CPU_ALU] |630| 
    1708 00000203 761F!         MOVW      DP,#||motorVars||+286 ; [CPU_ARAU] 
         00000204 0004 
TMS320C2000 Assembler PC v22.6.2 Mon Jan 26 16:23:05 2026

Copyright (c) 1996-2018 Texas Instruments Incorporated
dual_axis_servo_drive_cpu.asm                                        PAGE   38

    1709                      .dwpsn  file "../sources/dual_axis_servo_drive_cpu.c",line 636,column 13,is_stmt,isa 0
    1710 00000205 E2AF!         MOV32     R1H,@||motorVars||+286 ; [CPU_FPU] |636| 
         00000206 011E 
    1711 00000207 761F!         MOVW      DP,#||motorVars||+36  ; [CPU_ARAU] 
         00000208 0000 
    1712 00000209 E2AF!         MOV32     R0H,@||motorVars||+36 ; [CPU_FPU] |636| 
         0000020a 0024 
    1713 0000020b 761F!         MOVW      DP,#||motorVars||+102 ; [CPU_ARAU] 
         0000020c 0001 
    1714                      .dwpsn  file "../sources/dual_axis_servo_drive_cpu.c",line 626,column 13,is_stmt,isa 0
    1715 0000020d E203!         MOV32     @||motorVars||+102,R3H ; [CPU_FPU] |626| 
         0000020e 0326 
    1716                      .dwpsn  file "../sources/dual_axis_servo_drive_cpu.c",line 636,column 13,is_stmt,isa 0
    1717 0000020f E694          CMPF32    R1H,R0H               ; [CPU_FPU] |636| 
         00000210 0001 
    1718 00000211 761F!         MOVW      DP,#||motorVars||+112 ; [CPU_ARAU] 
         00000212 0001 
    1719 00000213 AD14          MOVST0    ZF, NF                ; [CPU_FPU] |636| 
    1720                      .dwpsn  file "../sources/dual_axis_servo_drive_cpu.c",line 627,column 13,is_stmt,isa 0
    1721 00000214 E203!         MOV32     @||motorVars||+112,R2H ; [CPU_FPU] |627| 
         00000215 0230 
    1722                      .dwpsn  file "../sources/dual_axis_servo_drive_cpu.c",line 636,column 13,is_stmt,isa 0
    1723 00000216 FFE4          B         ||$C$L27||,LT         ; [CPU_ALU] |636| 
         00000217 00A7 
    1724                      ; branchcc occurs ; [] |636| 
    1725 00000218 761F!         MOVW      DP,#||motorVars||+437 ; [CPU_ARAU] 
         00000219 0006 
    1726                      .dwpsn  file "../sources/dual_axis_servo_drive_cpu.c",line 641,column 17,is_stmt,isa 0
    1727 0000021a 9235!         MOV       AL,@||motorVars||+437 ; [CPU_ALU] |641| 
    1728 0000021b 761F!         MOVW      DP,#||motorVars||+436 ; [CPU_ARAU] 
         0000021c 0006 
    1729                      .dwpsn  file "../sources/dual_axis_servo_drive_cpu.c",line 639,column 17,is_stmt,isa 0
    1730 0000021d 0A34!         INC       @||motorVars||+436    ; [CPU_ALU] |639| 
    1731                      .dwpsn  file "../sources/dual_axis_servo_drive_cpu.c",line 641,column 17,is_stmt,isa 0
    1732 0000021e 5434!         CMP       AL,@||motorVars||+436 ; [CPU_ALU] |641| 
    1733 0000021f FFE6          B         ||$C$L27||,HI         ; [CPU_ALU] |641| 
         00000220 009E 
    1734                      ; branchcc occurs ; [] |641| 
    1735 00000221 761F!         MOVW      DP,#||motorVars||+32  ; [CPU_ARAU] 
         00000222 0000 
    1736                      .dwpsn  file "../sources/dual_axis_servo_drive_cpu.c",line 647,column 21,is_stmt,isa 0
    1737 00000223 0620!         MOVL      ACC,@||motorVars||+32 ; [CPU_ALU] |647| 
    1738 00000224 761F!         MOVW      DP,#||motorVars||+436 ; [CPU_ARAU] 
         00000225 0006 
    1739                      .dwpsn  file "../sources/dual_axis_servo_drive_cpu.c",line 643,column 21,is_stmt,isa 0
    1740 00000226 2B34!         MOV       @||motorVars||+436,#0 ; [CPU_ALU] |643| 
    1741 00000227 761F!         MOVW      DP,#||motorVars||+448 ; [CPU_ARAU] 
         00000228 0007 
    1742                      .dwpsn  file "../sources/dual_axis_servo_drive_cpu.c",line 646,column 21,is_stmt,isa 0
    1743 00000229 56BF!         MOVB      @||motorVars||+448,#1,UNC ; [CPU_ALU] |646| 
         0000022a 0100 
    1744 0000022b 761F!         MOVW      DP,#||motorVars||+36  ; [CPU_ARAU] 
         0000022c 0000 
    1745                      .dwpsn  file "../sources/dual_axis_servo_drive_cpu.c",line 647,column 21,is_stmt,isa 0
    1746 0000022d 1E24!         MOVL      @||motorVars||+36,ACC ; [CPU_ALU] |647| 
TMS320C2000 Assembler PC v22.6.2 Mon Jan 26 16:23:05 2026

Copyright (c) 1996-2018 Texas Instruments Incorporated
dual_axis_servo_drive_cpu.asm                                        PAGE   39

    1747 0000022e FFEF          B         ||$C$L27||,UNC        ; [CPU_ALU] |647| 
         0000022f 008F 
    1748                      ; branch occurs ; [] |647| 
    1749 00000230       ||$C$L18||:    
    1750                      .dwpsn  file "../sources/dual_axis_servo_drive_cpu.c",line 618,column 13,is_stmt,isa 0
    1751 00000230 8F40!         MOVL      XAR5,#||motorVars||   ; [CPU_ARAU] |618| 
         00000231 0000 
    1752 00000232 D070          MOVB      XAR0,#112             ; [CPU_ALU] |618| 
    1753 00000233 D15A          MOVB      XAR1,#90              ; [CPU_ALU] |618| 
    1754 00000234 0695          MOVL      ACC,*+XAR5[AR0]       ; [CPU_ALU] |618| 
    1755                      .dwpsn  file "C:/ti/C2000Ware_MotorControl_SDK_5_04_00_00/libraries/utilities/math_blocks/include/v4.
    1756 00000235 8AA5          MOVL      XAR4,XAR5             ; [CPU_ALU] |68| 
    1757 00000236 D05C          MOVB      XAR0,#92              ; [CPU_ALU] |68| 
    1758                      .dwpsn  file "../sources/dual_axis_servo_drive_cpu.c",line 618,column 13,is_stmt,isa 0
    1759 00000237 1E9D          MOVL      *+XAR5[AR1],ACC       ; [CPU_ALU] |618| 
    1760                      .dwpsn  file "C:/ti/C2000Ware_MotorControl_SDK_5_04_00_00/libraries/utilities/math_blocks/include/v4.
    1761 00000238 E2AF          MOV32     R0H,*+XAR5[AR0]       ; [CPU_FPU] |68| 
         00000239 0095 
    1762 0000023a D15A          MOVB      XAR1,#90              ; [CPU_ALU] |68| 
    1763 0000023b DC5E          ADDB      XAR4,#94              ; [CPU_ALU] |68| 
    1764 0000023c E2AF          MOV32     R1H,*+XAR5[AR1]       ; [CPU_FPU] |68| 
         0000023d 019D 
    1765 0000023e E700          MPYF32    R1H,R1H,R0H           ; [CPU_FPU] |68| 
         0000023f 0009 
    1766 00000240 E2AF          MOV32     R0H,*+XAR4[0]         ; [CPU_FPU] |68| 
         00000241 00C4 
    1767 00000242 E710          ADDF32    R0H,R0H,R1H           ; [CPU_FPU] |68| 
         00000243 0040 
    1768 00000244 761F!         MOVW      DP,#||motorVars||+94  ; [CPU_ARAU] 
         00000245 0001 
    1769 00000246 E203          MOV32     *+XAR4[0],R0H         ; [CPU_FPU] |68| 
         00000247 00C4 
    1770                      .dwpsn  file "C:/ti/C2000Ware_MotorControl_SDK_5_04_00_00/libraries/utilities/math_blocks/include/v4.
    1771 00000248 E2AF!         MOV32     R0H,@||motorVars||+94 ; [CPU_FPU] |71| 
         00000249 001E 
    1772 0000024a E811          CMPF32    R0H,#16256            ; [CPU_FPU] |71| 
         0000024b FC00 
    1773 0000024c AD14          MOVST0    ZF, NF                ; [CPU_FPU] |71| 
    1774 0000024d 6208          B         ||$C$L19||,GT         ; [CPU_ALU] |71| 
    1775                      ; branchcc occurs ; [] |71| 
    1776                      .dwpsn  file "C:/ti/C2000Ware_MotorControl_SDK_5_04_00_00/libraries/utilities/math_blocks/include/v4.
    1777 0000024e E815          CMPF32    R0H,#49024            ; [CPU_FPU] |75| 
         0000024f FC00 
    1778 00000250 AD14          MOVST0    ZF, NF                ; [CPU_FPU] |75| 
    1779 00000251 630A          B         ||$C$L21||,GEQ        ; [CPU_ALU] |75| 
    1780                      ; branchcc occurs ; [] |75| 
    1781                      .dwpsn  file "C:/ti/C2000Ware_MotorControl_SDK_5_04_00_00/libraries/utilities/math_blocks/include/v4.
    1782 00000252 E88F          ADDF32    R0H,R0H,#16256        ; [CPU_FPU] |77| 
         00000253 E000 
    1783 00000254 6F05          B         ||$C$L20||,UNC        ; [CPU_ALU] |77| 
    1784                      ; branch occurs ; [] |77| 
    1785 00000255       ||$C$L19||:    
    1786                      .dwpsn  file "C:/ti/C2000Ware_MotorControl_SDK_5_04_00_00/libraries/utilities/math_blocks/include/v4.
    1787 00000255 E8AF          ADDF32    R0H,R0H,#49024        ; [CPU_FPU] |73| 
         00000256 E000 
TMS320C2000 Assembler PC v22.6.2 Mon Jan 26 16:23:05 2026

Copyright (c) 1996-2018 Texas Instruments Incorporated
dual_axis_servo_drive_cpu.asm                                        PAGE   40

    1788 00000257 7700          NOP       ; [CPU_ALU] 
    1789 00000258 7700          NOP       ; [CPU_ALU] 
    1790 00000259       ||$C$L20||:    
    1791 00000259 E203!         MOV32     @||motorVars||+94,R0H ; [CPU_FPU] |73| 
         0000025a 001E 
    1792 0000025b       ||$C$L21||:    
    1793 0000025b 761F!         MOVW      DP,#||motorVars||+44  ; [CPU_ARAU] 
         0000025c 0000 
    1794                      .dwpsn  file "C:/ti/C2000Ware_MotorControl_SDK_5_04_00_00/libraries/utilities/math_blocks/include/v4.
    1795 0000025d D05E          MOVB      XAR0,#94              ; [CPU_ALU] |80| 
    1796 0000025e 8F00!         MOVL      XAR4,#||motorVars||   ; [CPU_ARAU] |80| 
         0000025f 0000 
    1797 00000260 D162          MOVB      XAR1,#98              ; [CPU_ALU] |80| 
    1798                      .dwpsn  file "../sources/dual_axis_servo_drive_cpu.c",line 621,column 13,is_stmt,isa 0
    1799 00000261 E2AF!         MOV32     R0H,@||motorVars||+44 ; [CPU_FPU] |621| 
         00000262 002C 
    1800                      .dwpsn  file "C:/ti/C2000Ware_MotorControl_SDK_5_04_00_00/libraries/utilities/math_blocks/include/v4.
    1801 00000263 0694          MOVL      ACC,*+XAR4[AR0]       ; [CPU_ALU] |80| 
    1802                      .dwpsn  file "../sources/dual_axis_servo_drive_cpu.c",line 621,column 13,is_stmt,isa 0
    1803 00000264 E5A0          CMPF32    R0H,#0                ; [CPU_FPU] |621| 
    1804 00000265 AD14          MOVST0    ZF, NF                ; [CPU_FPU] |621| 
    1805                      .dwpsn  file "C:/ti/C2000Ware_MotorControl_SDK_5_04_00_00/libraries/utilities/math_blocks/include/v4.
    1806 00000266 1E9C          MOVL      *+XAR4[AR1],ACC       ; [CPU_ALU] |80| 
    1807                      .dwpsn  file "../sources/dual_axis_servo_drive_cpu.c",line 621,column 13,is_stmt,isa 0
    1808 00000267 6204          B         ||$C$L22||,GT         ; [CPU_ALU] |621| 
    1809                      ; branchcc occurs ; [] |621| 
    1810 00000268 E805          MOVIZ     R0H,#49024            ; [CPU_FPU] |621| 
         00000269 FC00 
    1811 0000026a 6F03          B         ||$C$L23||,UNC        ; [CPU_ALU] |621| 
    1812                      ; branch occurs ; [] |621| 
    1813 0000026b       ||$C$L22||:    
    1814 0000026b E801          MOVIZ     R0H,#16256            ; [CPU_FPU] |621| 
         0000026c FC00 
    1815 0000026d       ||$C$L23||:    
    1816 0000026d 761F!         MOVW      DP,#||motorVars||+48  ; [CPU_ARAU] 
         0000026e 0000 
    1817 0000026f E2AF!         MOV32     R1H,@||motorVars||+48 ; [CPU_FPU] |621| 
         00000270 0130 
    1818 00000271 E700          MPYF32    R0H,R0H,R1H           ; [CPU_FPU] |621| 
         00000272 0040 
    1819 00000273 6F46          B         ||$C$L26||,UNC        ; [CPU_ALU] 
    1820                      ; branch occurs ; [] 
    1821 00000274       ||$C$L24||:    
    1822 00000274 761F!         MOVW      DP,#||motorVars||+32  ; [CPU_ARAU] 
         00000275 0000 
    1823                      .dwpsn  file "../sources/dual_axis_servo_drive_cpu.c",line 610,column 13,is_stmt,isa 0
    1824 00000276 C420!         MOVL      XAR6,@||motorVars||+32 ; [CPU_ALU] |610| 
    1825 00000277 761F!         MOVW      DP,#||motorVars||+44  ; [CPU_ARAU] 
         00000278 0000 
    1826                      .dwpsn  file "../sources/dual_axis_servo_drive_cpu.c",line 611,column 13,is_stmt,isa 0
    1827 00000279 062C!         MOVL      ACC,@||motorVars||+44 ; [CPU_ALU] |611| 
    1828 0000027a 761F!         MOVW      DP,#||motorVars||+36  ; [CPU_ARAU] 
         0000027b 0000 
    1829                      .dwpsn  file "../sources/dual_axis_servo_drive_cpu.c",line 610,column 13,is_stmt,isa 0
    1830 0000027c C224!         MOVL      @||motorVars||+36,XAR6 ; [CPU_ALU] |610| 
TMS320C2000 Assembler PC v22.6.2 Mon Jan 26 16:23:05 2026

Copyright (c) 1996-2018 Texas Instruments Incorporated
dual_axis_servo_drive_cpu.asm                                        PAGE   41

    1831 0000027d 761F!         MOVW      DP,#||motorVars||+102 ; [CPU_ARAU] 
         0000027e 0001 
    1832                      .dwpsn  file "../sources/dual_axis_servo_drive_cpu.c",line 611,column 13,is_stmt,isa 0
    1833 0000027f 1E26!         MOVL      @||motorVars||+102,ACC ; [CPU_ALU] |611| 
    1834 00000280 6F3D          B         ||$C$L27||,UNC        ; [CPU_ALU] 
    1835                      ; branch occurs ; [] 
    1836 00000281       ||$C$L25||:    
    1837                      .dwpsn  file "../sources/dual_axis_servo_drive_cpu.c",line 654,column 9,is_stmt,isa 0
    1838 00000281 E590          ZERO      R0H                   ; [CPU_FPU] |654| 
    1839 00000282 761F!         MOVW      DP,#||motorVars||+36  ; [CPU_ARAU] 
         00000283 0000 
    1840 00000284 E203!         MOV32     @||motorVars||+36,R0H ; [CPU_FPU] |654| 
         00000285 0024 
    1841                      .dwpsn  file "..\sources\fcl_foc_cpu_dm.h",line 320,column 5,is_stmt,isa 0
    1842 00000286 E597          ZERO      R7H                   ; [CPU_FPU] |320| 
    1843 00000287 761F!         MOVW      DP,#||motorVars||+286 ; [CPU_ARAU] 
         00000288 0004 
    1844                      .dwpsn  file "..\sources\fcl_foc_cpu_dm.h",line 321,column 5,is_stmt,isa 0
    1845 00000289 E596          ZERO      R6H                   ; [CPU_FPU] |321| 
    1846                      .dwpsn  file "..\sources\fcl_foc_cpu_dm.h",line 323,column 5,is_stmt,isa 0
    1847 0000028a E595          ZERO      R5H                   ; [CPU_FPU] |323| 
    1848                      .dwpsn  file "..\sources\fcl_foc_cpu_dm.h",line 325,column 5,is_stmt,isa 0
    1849 0000028b E594          ZERO      R4H                   ; [CPU_FPU] |325| 
    1850                      .dwpsn  file "..\sources\fcl_foc_cpu_dm.h",line 326,column 5,is_stmt,isa 0
    1851 0000028c E593          ZERO      R3H                   ; [CPU_FPU] |326| 
    1852                      .dwpsn  file "..\sources\fcl_foc_cpu_dm.h",line 316,column 5,is_stmt,isa 0
    1853 0000028d E203!         MOV32     @||motorVars||+286,R0H ; [CPU_FPU] |316| 
         0000028e 001E 
    1854                      .dwpsn  file "..\sources\fcl_foc_cpu_dm.h",line 327,column 5,is_stmt,isa 0
    1855 0000028f E592          ZERO      R2H                   ; [CPU_FPU] |327| 
    1856                      .dwpsn  file "..\sources\fcl_foc_cpu_dm.h",line 328,column 5,is_stmt,isa 0
    1857 00000290 E591          ZERO      R1H                   ; [CPU_FPU] |328| 
    1858 00000291 761F!         MOVW      DP,#||motorVars||+292 ; [CPU_ARAU] 
         00000292 0004 
    1859                      .dwpsn  file "..\sources\fcl_foc_cpu_dm.h",line 318,column 5,is_stmt,isa 0
    1860 00000293 E203!         MOV32     @||motorVars||+292,R0H ; [CPU_FPU] |318| 
         00000294 0024 
    1861 00000295 761F!         MOVW      DP,#||motorVars||+294 ; [CPU_ARAU] 
         00000296 0004 
    1862                      .dwpsn  file "..\sources\fcl_foc_cpu_dm.h",line 319,column 5,is_stmt,isa 0
    1863 00000297 E203!         MOV32     @||motorVars||+294,R0H ; [CPU_FPU] |319| 
         00000298 0026 
    1864 00000299 761F!         MOVW      DP,#||motorVars||+290 ; [CPU_ARAU] 
         0000029a 0004 
    1865                      .dwpsn  file "..\sources\fcl_foc_cpu_dm.h",line 320,column 5,is_stmt,isa 0
    1866 0000029b E203!         MOV32     @||motorVars||+290,R7H ; [CPU_FPU] |320| 
         0000029c 0722 
    1867 0000029d 761F!         MOVW      DP,#||motorVars||+316 ; [CPU_ARAU] 
         0000029e 0004 
    1868                      .dwpsn  file "..\sources\fcl_foc_cpu_dm.h",line 321,column 5,is_stmt,isa 0
    1869 0000029f E203!         MOV32     @||motorVars||+316,R6H ; [CPU_FPU] |321| 
         000002a0 063C 
    1870 000002a1 761F!         MOVW      DP,#||motorVars||+318 ; [CPU_ARAU] 
         000002a2 0004 
    1871                      .dwpsn  file "..\sources\fcl_foc_cpu_dm.h",line 323,column 5,is_stmt,isa 0
TMS320C2000 Assembler PC v22.6.2 Mon Jan 26 16:23:05 2026

Copyright (c) 1996-2018 Texas Instruments Incorporated
dual_axis_servo_drive_cpu.asm                                        PAGE   42

    1872 000002a3 E203!         MOV32     @||motorVars||+318,R5H ; [CPU_FPU] |323| 
         000002a4 053E 
    1873 000002a5 761F!         MOVW      DP,#||motorVars||+324 ; [CPU_ARAU] 
         000002a6 0005 
    1874                      .dwpsn  file "..\sources\fcl_foc_cpu_dm.h",line 325,column 5,is_stmt,isa 0
    1875 000002a7 E203!         MOV32     @||motorVars||+324,R4H ; [CPU_FPU] |325| 
         000002a8 0404 
    1876 000002a9 761F!         MOVW      DP,#||motorVars||+326 ; [CPU_ARAU] 
         000002aa 0005 
    1877                      .dwpsn  file "..\sources\fcl_foc_cpu_dm.h",line 326,column 5,is_stmt,isa 0
    1878 000002ab E203!         MOV32     @||motorVars||+326,R3H ; [CPU_FPU] |326| 
         000002ac 0306 
    1879 000002ad 761F!         MOVW      DP,#||motorVars||+322 ; [CPU_ARAU] 
         000002ae 0005 
    1880                      .dwpsn  file "..\sources\fcl_foc_cpu_dm.h",line 327,column 5,is_stmt,isa 0
    1881 000002af E203!         MOV32     @||motorVars||+322,R2H ; [CPU_FPU] |327| 
         000002b0 0202 
    1882 000002b1 761F!         MOVW      DP,#||motorVars||+348 ; [CPU_ARAU] 
         000002b2 0005 
    1883                      .dwpsn  file "..\sources\fcl_foc_cpu_dm.h",line 328,column 5,is_stmt,isa 0
    1884 000002b3 E203!         MOV32     @||motorVars||+348,R1H ; [CPU_FPU] |328| 
         000002b4 011C 
    1885 000002b5 761F!         MOVW      DP,#||motorVars||+78  ; [CPU_ARAU] 
         000002b6 0001 
    1886                      .dwpsn  file "..\sources\fcl_foc_cpu_dm.h",line 330,column 5,is_stmt,isa 0
    1887 000002b7 E203!         MOV32     @||motorVars||+78,R0H ; [CPU_FPU] |330| 
         000002b8 000E 
    1888 000002b9       ||$C$L26||:    
    1889 000002b9 761F!         MOVW      DP,#||motorVars||+102 ; [CPU_ARAU] 
         000002ba 0001 
    1890                      .dwpsn  file "../sources/dual_axis_servo_drive_cpu.c",line 655,column 9,is_stmt,isa 0
    1891 000002bb E203!         MOV32     @||motorVars||+102,R0H ; [CPU_FPU] |655| 
         000002bc 0026 
    1892 000002bd       ||$C$L27||:    
    1893                      .dwpsn  file "C:/ti/C2000Ware_MotorControl_SDK_5_04_00_00/libraries/utilities/math_blocks/include/v4.
    1894 000002bd D066          MOVB      XAR0,#102             ; [CPU_ALU] |73| 
    1895 000002be 8F40!         MOVL      XAR5,#||motorVars||   ; [CPU_ARAU] |73| 
         000002bf 0000 
    1896                      .dwpsn  file "C:/ti/C2000Ware_MotorControl_SDK_5_04_00_00/libraries/utilities/math_blocks/include/v4.
    1897 000002c0 E801          MOVIZ     R0H,#14207            ; [CPU_FPU] |76| 
         000002c1 BBF8 
    1898                      .dwpsn  file "C:/ti/C2000Ware_MotorControl_SDK_5_04_00_00/libraries/utilities/math_blocks/include/v4.
    1899 000002c2 E2AF          MOV32     R2H,*+XAR5[AR0]       ; [CPU_FPU] |73| 
         000002c3 0295 
    1900 000002c4 761F!         MOVW      DP,#||motorVars||+116 ; [CPU_ARAU] 
         000002c5 0001 
    1901 000002c6 D070          MOVB      XAR0,#112             ; [CPU_ALU] |73| 
    1902                      .dwpsn  file "C:/ti/C2000Ware_MotorControl_SDK_5_04_00_00/libraries/utilities/math_blocks/include/v4.
    1903 000002c7 E80E          MOVXI     R0H,#55872            ; [CPU_FPU] |76| 
         000002c8 D200 
    1904                      .dwpsn  file "C:/ti/C2000Ware_MotorControl_SDK_5_04_00_00/libraries/utilities/math_blocks/include/v4.
    1905 000002c9 E2AF          MOV32     R1H,*+XAR5[AR0]       ; [CPU_FPU] |73| 
         000002ca 0195 
    1906 000002cb E720          SUBF32    R1H,R2H,R1H           ; [CPU_FPU] |73| 
         000002cc 0051 
TMS320C2000 Assembler PC v22.6.2 Mon Jan 26 16:23:05 2026

Copyright (c) 1996-2018 Texas Instruments Incorporated
dual_axis_servo_drive_cpu.asm                                        PAGE   43

    1907 000002cd D074          MOVB      XAR0,#116             ; [CPU_ALU] |73| 
    1908 000002ce E203          MOV32     *+XAR5[AR0],R1H       ; [CPU_FPU] |73| 
         000002cf 0195 
    1909                      .dwpsn  file "C:/ti/C2000Ware_MotorControl_SDK_5_04_00_00/libraries/utilities/math_blocks/include/v4.
    1910 000002d0 E2AF!         MOV32     R1H,@||motorVars||+116 ; [CPU_FPU] |76| 
         000002d1 0134 
    1911 000002d2 E695          ABSF32    R1H,R1H               ; [CPU_FPU] |76| 
         000002d3 0009 
    1912 000002d4 E694          CMPF32    R1H,R0H               ; [CPU_FPU] |76| 
         000002d5 0001 
    1913 000002d6 AD14          MOVST0    ZF, NF                ; [CPU_FPU] |76| 
    1914 000002d7 6435          B         ||$C$L30||,LT         ; [CPU_ALU] |76| 
    1915                      ; branchcc occurs ; [] |76| 
    1916                      .dwpsn  file "C:/ti/C2000Ware_MotorControl_SDK_5_04_00_00/libraries/utilities/math_blocks/include/v4.
    1917 000002d8 8AA5          MOVL      XAR4,XAR5             ; [CPU_ALU] |83| 
    1918 000002d9 0201          MOVB      ACC,#1                ; [CPU_ALU] |83| 
    1919                      .dwpsn  file "C:/ti/C2000Ware_MotorControl_SDK_5_04_00_00/libraries/utilities/math_blocks/include/v4.
    1920 000002da D068          MOVB      XAR0,#104             ; [CPU_ALU] |85| 
    1921 000002db 761F!         MOVW      DP,#||motorVars||+110 ; [CPU_ARAU] 
         000002dc 0001 
    1922                      .dwpsn  file "C:/ti/C2000Ware_MotorControl_SDK_5_04_00_00/libraries/utilities/math_blocks/include/v4.
    1923 000002dd DC6E          ADDB      XAR4,#110             ; [CPU_ALU] |83| 
    1924 000002de 5601          ADDL      *+XAR4[0],ACC         ; [CPU_ALU] |83| 
         000002df 00C4 
    1925                      .dwpsn  file "C:/ti/C2000Ware_MotorControl_SDK_5_04_00_00/libraries/utilities/math_blocks/include/v4.
    1926 000002e0 0695          MOVL      ACC,*+XAR5[AR0]       ; [CPU_ALU] |85| 
    1927 000002e1 0F2E!         CMPL      ACC,@||motorVars||+110 ; [CPU_ALU] |85| 
    1928 000002e2 6636          B         ||$C$L31||,HI         ; [CPU_ALU] |85| 
    1929                      ; branchcc occurs ; [] |85| 
    1930 000002e3 761F!         MOVW      DP,#||motorVars||+112 ; [CPU_ARAU] 
         000002e4 0001 
    1931                      .dwpsn  file "C:/ti/C2000Ware_MotorControl_SDK_5_04_00_00/libraries/utilities/math_blocks/include/v4.
    1932 000002e5 E2AF!         MOV32     R0H,@||motorVars||+112 ; [CPU_FPU] |87| 
         000002e6 0030 
    1933 000002e7 761F!         MOVW      DP,#||motorVars||+102 ; [CPU_ARAU] 
         000002e8 0001 
    1934 000002e9 E2AF!         MOV32     R1H,@||motorVars||+102 ; [CPU_FPU] |87| 
         000002ea 0126 
    1935 000002eb E694          CMPF32    R1H,R0H               ; [CPU_FPU] |87| 
         000002ec 0001 
    1936 000002ed AD14          MOVST0    ZF, NF                ; [CPU_FPU] |87| 
    1937 000002ee 630C          B         ||$C$L28||,GEQ        ; [CPU_ALU] |87| 
    1938                      ; branchcc occurs ; [] |87| 
    1939 000002ef 761F!         MOVW      DP,#||motorVars||+112 ; [CPU_ARAU] 
         000002f0 0001 
    1940                      .dwpsn  file "C:/ti/C2000Ware_MotorControl_SDK_5_04_00_00/libraries/utilities/math_blocks/include/v4.
    1941 000002f1 E801          MOVIZ     R0H,#14207            ; [CPU_FPU] |93| 
         000002f2 BBF8 
    1942 000002f3 E2AF!         MOV32     R1H,@||motorVars||+112 ; [CPU_FPU] |93| 
         000002f4 0130 
    1943 000002f5 E80E          MOVXI     R0H,#55872            ; [CPU_FPU] |93| 
         000002f6 D200 
    1944 000002f7 E720          SUBF32    R0H,R1H,R0H           ; [CPU_FPU] |93| 
         000002f8 0008 
    1945 000002f9 6F0C          B         ||$C$L29||,UNC        ; [CPU_ALU] |93| 
TMS320C2000 Assembler PC v22.6.2 Mon Jan 26 16:23:05 2026

Copyright (c) 1996-2018 Texas Instruments Incorporated
dual_axis_servo_drive_cpu.asm                                        PAGE   44

    1946                      ; branch occurs ; [] |93| 
    1947 000002fa       ||$C$L28||:    
    1948 000002fa 761F!         MOVW      DP,#||motorVars||+112 ; [CPU_ARAU] 
         000002fb 0001 
    1949                      .dwpsn  file "C:/ti/C2000Ware_MotorControl_SDK_5_04_00_00/libraries/utilities/math_blocks/include/v4.
    1950 000002fc E801          MOVIZ     R0H,#14207            ; [CPU_FPU] |89| 
         000002fd BBF8 
    1951 000002fe E2AF!         MOV32     R1H,@||motorVars||+112 ; [CPU_FPU] |89| 
         000002ff 0130 
    1952 00000300 E80E          MOVXI     R0H,#55872            ; [CPU_FPU] |89| 
         00000301 D200 
    1953 00000302 E710          ADDF32    R0H,R0H,R1H           ; [CPU_FPU] |89| 
         00000303 0040 
    1954 00000304 7700          NOP       ; [CPU_ALU] 
    1955 00000305       ||$C$L29||:    
    1956 00000305 E203!         MOV32     @||motorVars||+112,R0H ; [CPU_FPU] |89| 
         00000306 0030 
    1957                      .dwpsn  file "C:/ti/C2000Ware_MotorControl_SDK_5_04_00_00/libraries/utilities/math_blocks/include/v4.
    1958 00000307 0200          MOVB      ACC,#0                ; [CPU_ALU] |96| 
    1959 00000308 761F!         MOVW      DP,#||motorVars||+110 ; [CPU_ARAU] 
         00000309 0001 
    1960 0000030a 1E2E!         MOVL      @||motorVars||+110,ACC ; [CPU_ALU] |96| 
    1961 0000030b 6F0D          B         ||$C$L31||,UNC        ; [CPU_ALU] |96| 
    1962                      ; branch occurs ; [] |96| 
    1963 0000030c       ||$C$L30||:    
    1964                      .dwpsn  file "C:/ti/C2000Ware_MotorControl_SDK_5_04_00_00/libraries/utilities/math_blocks/include/v4.
    1965 0000030c 8F00!         MOVL      XAR4,#||motorVars||   ; [CPU_ARAU] |101| 
         0000030d 0000 
    1966 0000030e D066          MOVB      XAR0,#102             ; [CPU_ALU] |101| 
    1967 0000030f D170          MOVB      XAR1,#112             ; [CPU_ALU] |101| 
    1968 00000310 0694          MOVL      ACC,*+XAR4[AR0]       ; [CPU_ALU] |101| 
    1969                      .dwpsn  file "C:/ti/C2000Ware_MotorControl_SDK_5_04_00_00/libraries/utilities/math_blocks/include/v4.
    1970 00000311 D072          MOVB      XAR0,#114             ; [CPU_ALU] |102| 
    1971                      .dwpsn  file "C:/ti/C2000Ware_MotorControl_SDK_5_04_00_00/libraries/utilities/math_blocks/include/v4.
    1972 00000312 1E9C          MOVL      *+XAR4[AR1],ACC       ; [CPU_ALU] |101| 
    1973                      .dwpsn  file "C:/ti/C2000Ware_MotorControl_SDK_5_04_00_00/libraries/utilities/math_blocks/include/v4.
    1974 00000313 28A9          MOV       AL,#65535             ; [CPU_ALU] |102| 
         00000314 FFFF 
    1975 00000315 28A8          MOV       AH,#32767             ; [CPU_ALU] |102| 
         00000316 7FFF 
    1976 00000317 1E94          MOVL      *+XAR4[AR0],ACC       ; [CPU_ALU] |102| 
    1977 00000318       ||$C$L31||:    
    1978                      .dwpsn  file "C:/ti/C2000Ware_MotorControl_SDK_5_04_00_00/libraries/utilities/math_blocks/include/v4.
    1979 00000318 D070          MOVB      XAR0,#112             ; [CPU_ALU] |106| 
    1980 00000319 761F!         MOVW      DP,#||motorVars||+408 ; [CPU_ARAU] 
         0000031a 0006 
    1981 0000031b E2AF          MOV32     R0H,*+XAR5[AR0]       ; [CPU_FPU] |106| 
         0000031c 0095 
    1982                      .dwpsn  file "..\sources\fcl_foc_cpu_dm.h",line 834,column 22,is_stmt,isa 0
    1983 0000031d 8A18!         MOVL      XAR4,@||motorVars||+408 ; [CPU_ALU] |834| 
    1984                      .dwpsn  file "C:/ti/C2000Ware_MotorControl_SDK_5_04_00_00/libraries/utilities/math_blocks/include/v4.
    1985 0000031e D06C          MOVB      XAR0,#108             ; [CPU_ALU] |106| 
    1986 0000031f 761F!         MOVW      DP,#||motorVars||+448 ; [CPU_ARAU] 
         00000320 0007 
    1987 00000321 E2AF          MOV32     R2H,*+XAR5[AR0]       ; [CPU_FPU] |106| 
TMS320C2000 Assembler PC v22.6.2 Mon Jan 26 16:23:05 2026

Copyright (c) 1996-2018 Texas Instruments Incorporated
dual_axis_servo_drive_cpu.asm                                        PAGE   45

         00000322 0295 
    1988                      .dwpsn  file "..\sources\fcl_foc_cpu_dm.h",line 836,column 5,is_stmt,isa 0
    1989 00000323 9200!         MOV       AL,@||motorVars||+448 ; [CPU_ALU] |836| 
    1990                      .dwpsn  file "C:/ti/C2000Ware_MotorControl_SDK_5_04_00_00/libraries/utilities/math_blocks/include/v4.
    1991 00000324 D06A          MOVB      XAR0,#106             ; [CPU_ALU] |106| 
    1992 00000325 761F!         MOVW      DP,#||motorVars||+112 ; [CPU_ARAU] 
         00000326 0001 
    1993 00000327 E2AF          MOV32     R1H,*+XAR5[AR0]       ; [CPU_FPU] |106| 
         00000328 0195 
    1994 00000329 E697          MINF32    R0H,R2H               ; [CPU_FPU] |106| 
         0000032a 0010 
    1995 0000032b E696          MAXF32    R0H,R1H               ; [CPU_FPU] |106| 
         0000032c 0008 
    1996 0000032d E203!         MOV32     @||motorVars||+112,R0H ; [CPU_FPU] |106| 
         0000032e 0030 
    1997                      .dwpsn  file "..\sources\fcl_foc_cpu_dm.h",line 836,column 5,is_stmt,isa 0
    1998 0000032f 6117          B         ||$C$L33||,EQ         ; [CPU_ALU] |836| 
    1999                      ; branchcc occurs ; [] |836| 
    2000                      .dwpsn  file "C:/ti/C2000Ware_MotorControl_SDK_5_04_00_00/c2000ware/driverlib/f28002x/driverlib/eqep.
    2001 00000330 D019          MOVB      XAR0,#25              ; [CPU_ALU] |730| 
    2002 00000331 9294          MOV       AL,*+XAR4[AR0]        ; [CPU_ALU] |730| 
    2003                      .dwpsn  file "..\sources\fcl_foc_cpu_dm.h",line 839,column 9,is_stmt,isa 0
    2004 00000332 4AA9          TBIT      AL,#10                ; [CPU_ALU] |839| 
    2005 00000333 6C04          B         ||$C$L32||,NTC        ; [CPU_ALU] |839| 
    2006                      ; branchcc occurs ; [] |839| 
    2007                      .dwpsn  file "C:/ti/C2000Ware_MotorControl_SDK_5_04_00_00/c2000ware/driverlib/f28002x/driverlib/eqep.
    2008 00000334 D01A          MOVB      XAR0,#26              ; [CPU_ALU] |773| 
    2009 00000335 2894          MOV       *+XAR4[AR0],#1024     ; [CPU_ALU] |773| 
         00000336 0400 
    2010 00000337       ||$C$L32||:    
    2011                      .dwpsn  file "C:/ti/C2000Ware_MotorControl_SDK_5_04_00_00/c2000ware/driverlib/f28002x/driverlib/eqep.
    2012 00000337 D019          MOVB      XAR0,#25              ; [CPU_ALU] |730| 
    2013 00000338 9294          MOV       AL,*+XAR4[AR0]        ; [CPU_ALU] |730| 
    2014                      .dwpsn  file "..\sources\fcl_foc_cpu_dm.h",line 847,column 9,is_stmt,isa 0
    2015 00000339 4BA9          TBIT      AL,#11                ; [CPU_ALU] |847| 
    2016 0000033a 6C0C          B         ||$C$L33||,NTC        ; [CPU_ALU] |847| 
    2017                      ; branchcc occurs ; [] |847| 
    2018                      .dwpsn  file "C:/ti/C2000Ware_MotorControl_SDK_5_04_00_00/c2000ware/driverlib/f28002x/driverlib/eqep.
    2019 0000033b D11A          MOVB      XAR1,#26              ; [CPU_ALU] |773| 
    2020                      .dwpsn  file "C:/ti/C2000Ware_MotorControl_SDK_5_04_00_00/c2000ware/driverlib/f28002x/driverlib/eqep.
    2021 0000033c D01C          MOVB      XAR0,#28              ; [CPU_ALU] |878| 
    2022                      .dwpsn  file "C:/ti/C2000Ware_MotorControl_SDK_5_04_00_00/c2000ware/driverlib/f28002x/driverlib/eqep.
    2023 0000033d 289C          MOV       *+XAR4[AR1],#2048     ; [CPU_ALU] |773| 
         0000033e 0800 
    2024                      .dwpsn  file "C:/ti/C2000Ware_MotorControl_SDK_5_04_00_00/c2000ware/driverlib/f28002x/driverlib/eqep.
    2025 0000033f CC94          AND       AL,*+XAR4[AR0],#0x00ff ; [CPU_ALU] |878| 
         00000340 00FF 
    2026                      .dwpsn  file "..\sources\fcl_foc_cpu_dm.h",line 855,column 13,is_stmt,isa 0
    2027 00000341 900C          ANDB      AL,#12                ; [CPU_ALU] |855| 
    2028                      .dwpsn  file "C:/ti/C2000Ware_MotorControl_SDK_5_04_00_00/c2000ware/driverlib/f28002x/driverlib/eqep.
    2029 00000342 56B0          MOVB      XAR0,#28,NEQ          ; [CPU_ALU] |916| 
         00000343 1CA0 
    2030 00000344 56B0          MOVB      *+XAR4[AR0],#12,NEQ   ; [CPU_ALU] |916| 
         00000345 0C94 
    2031 00000346       ||$C$L33||:    
TMS320C2000 Assembler PC v22.6.2 Mon Jan 26 16:23:05 2026

Copyright (c) 1996-2018 Texas Instruments Incorporated
dual_axis_servo_drive_cpu.asm                                        PAGE   46

    2032                      .dwpsn  file "../sources/dual_axis_servo_drive_cpu.c",line 673,column 5,is_stmt,isa 0
    2033 00000346 8F00!         MOVL      XAR4,#||motorVars||   ; [CPU_ARAU] |673| 
         00000347 0000 
    2034 00000348 D050          MOVB      XAR0,#80              ; [CPU_ALU] |673| 
    2035 00000349 D1AE          MOVB      XAR1,#174             ; [CPU_ALU] |673| 
    2036 0000034a 0694          MOVL      ACC,*+XAR4[AR0]       ; [CPU_ALU] |673| 
    2037 0000034b 761F!         MOVW      DP,#||motorVars||+192 ; [CPU_ARAU] 
         0000034c 0003 
    2038                      .dwpsn  file "C:/ti/C2000Ware_MotorControl_SDK_5_04_00_00/libraries/utilities/math_blocks/include/v4.
    2039 0000034d D0B2          MOVB      XAR0,#178             ; [CPU_ALU] |76| 
    2040 0000034e E2AF          MOV32     R0H,*+XAR4[AR0]       ; [CPU_FPU] |76| 
         0000034f 0094 
    2041                      .dwpsn  file "../sources/dual_axis_servo_drive_cpu.c",line 673,column 5,is_stmt,isa 0
    2042 00000350 1E9C          MOVL      *+XAR4[AR1],ACC       ; [CPU_ALU] |673| 
    2043                      .dwpsn  file "C:/ti/C2000Ware_MotorControl_SDK_5_04_00_00/libraries/utilities/math_blocks/include/v4.
    2044 00000351 D0AE          MOVB      XAR0,#174             ; [CPU_ALU] |76| 
    2045 00000352 E2AF          MOV32     R1H,*+XAR4[AR0]       ; [CPU_FPU] |76| 
         00000353 0194 
    2046 00000354 E720          SUBF32    R0H,R1H,R0H           ; [CPU_FPU] |76| 
         00000355 0008 
    2047 00000356 D0C0          MOVB      XAR0,#192             ; [CPU_ALU] |76| 
    2048 00000357 E203          MOV32     *+XAR4[AR0],R0H       ; [CPU_FPU] |76| 
         00000358 0094 
    2049                      .dwpsn  file "C:/ti/C2000Ware_MotorControl_SDK_5_04_00_00/libraries/utilities/math_blocks/include/v4.
    2050 00000359 E2AF!         MOV32     R0H,@||motorVars||+192 ; [CPU_FPU] |78| 
         0000035a 0000 
    2051 0000035b E815          CMPF32    R0H,#48896            ; [CPU_FPU] |78| 
         0000035c F800 
    2052 0000035d AD14          MOVST0    ZF, NF                ; [CPU_FPU] |78| 
    2053 0000035e 6408          B         ||$C$L34||,LT         ; [CPU_ALU] |78| 
    2054                      ; branchcc occurs ; [] |78| 
    2055                      .dwpsn  file "C:/ti/C2000Ware_MotorControl_SDK_5_04_00_00/libraries/utilities/math_blocks/include/v4.
    2056 0000035f E811          CMPF32    R0H,#16128            ; [CPU_FPU] |82| 
         00000360 F800 
    2057 00000361 AD14          MOVST0    ZF, NF                ; [CPU_FPU] |82| 
    2058 00000362 650A          B         ||$C$L36||,LEQ        ; [CPU_ALU] |82| 
    2059                      ; branchcc occurs ; [] |82| 
    2060                      .dwpsn  file "C:/ti/C2000Ware_MotorControl_SDK_5_04_00_00/libraries/utilities/math_blocks/include/v4.
    2061 00000363 E8AF          ADDF32    R0H,R0H,#49024        ; [CPU_FPU] |84| 
         00000364 E000 
    2062 00000365 6F05          B         ||$C$L35||,UNC        ; [CPU_ALU] |84| 
    2063                      ; branch occurs ; [] |84| 
    2064 00000366       ||$C$L34||:    
    2065                      .dwpsn  file "C:/ti/C2000Ware_MotorControl_SDK_5_04_00_00/libraries/utilities/math_blocks/include/v4.
    2066 00000366 E88F          ADDF32    R0H,R0H,#16256        ; [CPU_FPU] |80| 
         00000367 E000 
    2067 00000368 7700          NOP       ; [CPU_ALU] 
    2068 00000369 7700          NOP       ; [CPU_ALU] 
    2069 0000036a       ||$C$L35||:    
    2070 0000036a E203!         MOV32     @||motorVars||+192,R0H ; [CPU_FPU] |80| 
         0000036b 0000 
    2071 0000036c       ||$C$L36||:    
    2072                      .dwpsn  file "C:/ti/C2000Ware_MotorControl_SDK_5_04_00_00/libraries/utilities/math_blocks/include/v4.
    2073 0000036c D0AE          MOVB      XAR0,#174             ; [CPU_ALU] |104| 
    2074 0000036d 0694          MOVL      ACC,*+XAR4[AR0]       ; [CPU_ALU] |104| 
TMS320C2000 Assembler PC v22.6.2 Mon Jan 26 16:23:05 2026

Copyright (c) 1996-2018 Texas Instruments Incorporated
dual_axis_servo_drive_cpu.asm                                        PAGE   47

    2075                      .dwpsn  file "C:/ti/C2000Ware_MotorControl_SDK_5_04_00_00/libraries/utilities/math_blocks/include/v4.
    2076 0000036e D0C0          MOVB      XAR0,#192             ; [CPU_ALU] |87| 
    2077 0000036f E2AF          MOV32     R0H,*+XAR4[AR0]       ; [CPU_FPU] |87| 
         00000370 0094 
    2078                      .dwpsn  file "C:/ti/C2000Ware_MotorControl_SDK_5_04_00_00/libraries/utilities/math_blocks/include/v4.
    2079 00000371 D1B2          MOVB      XAR1,#178             ; [CPU_ALU] |104| 
    2080                      .dwpsn  file "C:/ti/C2000Ware_MotorControl_SDK_5_04_00_00/libraries/utilities/math_blocks/include/v4.
    2081 00000372 D0B8          MOVB      XAR0,#184             ; [CPU_ALU] |87| 
    2082 00000373 E2AF          MOV32     R2H,*+XAR4[AR0]       ; [CPU_FPU] |87| 
         00000374 0294 
    2083 00000375 D0B4          MOVB      XAR0,#180             ; [CPU_ALU] |87| 
    2084 00000376 E2AF          MOV32     R1H,*+XAR4[AR0]       ; [CPU_FPU] |87| 
         00000377 0194 
    2085 00000378 D0BA          MOVB      XAR0,#186             ; [CPU_ALU] |87| 
    2086              
    2087                      MOV32     R0H,*+XAR4[AR0]       ; [CPU_FPU] |87| 
    2088 00000379 E300  ||      MPYF32    R2H,R2H,R0H           ; [CPU_FPU] |87| 
         0000037a 9094 
    2089              
    2090 0000037b D0BC          MOVB      XAR0,#188             ; [CPU_ALU] |87| 
    2091              
    2092                      MOV32     R1H,*+XAR4[AR0]       ; [CPU_FPU] |87| 
    2093 0000037c E300  ||      MPYF32    R0H,R1H,R0H           ; [CPU_FPU] |87| 
         0000037d 4194 
    2094              
    2095 0000037e E700          MPYF32    R1H,R2H,R1H           ; [CPU_FPU] |87| 
         0000037f 0051 
    2096                      .dwpsn  file "C:/ti/C2000Ware_MotorControl_SDK_5_04_00_00/libraries/utilities/math_blocks/include/v4.
    2097 00000380 1E9C          MOVL      *+XAR4[AR1],ACC       ; [CPU_ALU] |104| 
    2098                      .dwpsn  file "C:/ti/C2000Ware_MotorControl_SDK_5_04_00_00/libraries/utilities/math_blocks/include/v4.
    2099 00000381 E710          ADDF32    R0H,R0H,R1H           ; [CPU_FPU] |87| 
         00000382 0040 
    2100                      .dwpsn  file "C:/ti/C2000Ware_MotorControl_SDK_5_04_00_00/libraries/utilities/math_blocks/include/v4.
    2101 00000383 D0B6          MOVB      XAR0,#182             ; [CPU_ALU] |107| 
    2102                      .dwpsn  file "C:/ti/C2000Ware_MotorControl_SDK_5_04_00_00/libraries/utilities/math_blocks/include/v4.
    2103 00000384 E203!         MOV32     @||motorVars||+192,R0H ; [CPU_FPU] |87| 
         00000385 0000 
    2104 00000386 761F!         MOVW      DP,#||motorVars||+180 ; [CPU_ARAU] 
         00000387 0002 
    2105                      .dwpsn  file "C:/ti/C2000Ware_MotorControl_SDK_5_04_00_00/libraries/utilities/math_blocks/include/v4.
    2106 00000388 E825          MAXF32    R0H,#49024            ; [CPU_FPU] |94| 
         00000389 FC00 
    2107 0000038a E831          MINF32    R0H,#16256            ; [CPU_FPU] |94| 
         0000038b FC00 
    2108 0000038c E203!         MOV32     @||motorVars||+180,R0H ; [CPU_FPU] |94| 
         0000038d 0034 
    2109                      .dwpsn  file "C:/ti/C2000Ware_MotorControl_SDK_5_04_00_00/libraries/utilities/math_blocks/include/v4.
    2110 0000038e E284          UI32TOF32 R0H,*+XAR4[AR0]       ; [CPU_FPU] |107| 
         0000038f 0094 
    2111 00000390 E2AF!         MOV32     R1H,@||motorVars||+180 ; [CPU_FPU] |107| 
         00000391 0134 
    2112 00000392 E700          MPYF32    R0H,R1H,R0H           ; [CPU_FPU] |107| 
         00000393 0008 
    2113 00000394 D0BE          MOVB      XAR0,#190             ; [CPU_ALU] |107| 
    2114 00000395 E688          F32TOI32  R0H,R0H               ; [CPU_FPU] |107| 
TMS320C2000 Assembler PC v22.6.2 Mon Jan 26 16:23:05 2026

Copyright (c) 1996-2018 Texas Instruments Incorporated
dual_axis_servo_drive_cpu.asm                                        PAGE   48

         00000396 0000 
    2115                      .dwpsn  file "../sources/dual_axis_servo_drive_cpu.c",line 674,column 5,is_stmt,isa 0
    2116 00000397 0634!         MOVL      ACC,@||motorVars||+180 ; [CPU_ALU] |674| 
    2117                      .dwpsn  file "C:/ti/C2000Ware_MotorControl_SDK_5_04_00_00/libraries/utilities/math_blocks/include/v4.
    2118 00000398 E203          MOV32     *+XAR4[AR0],R0H       ; [CPU_FPU] |107| 
         00000399 0094 
    2119                      .dwpsn  file "../sources/dual_axis_servo_drive_cpu.c",line 674,column 5,is_stmt,isa 0
    2120 0000039a D04C          MOVB      XAR0,#76              ; [CPU_ALU] |674| 
    2121 0000039b 1E94          MOVL      *+XAR4[AR0],ACC       ; [CPU_ALU] |674| 
    2122                      .dwpsn  file "../sources/dual_axis_servo_drive_cpu.c",line 710,column 5,is_stmt,isa 0
    2123 0000039c A8A9          MOVL      ACC,XAR4              ; [CPU_ALU] |710| 
    2124 0000039d FF10          ADD       ACC,#435 << 0         ; [CPU_ALU] |710| 
         0000039e 01B3 
    2125 0000039f 83A9          MOVL      XAR5,ACC              ; [CPU_ALU] |710| 
    2126                      .dwpsn  file "../sources/dual_axis_servo_drive_cpu.c",line 712,column 5,is_stmt,isa 0
    2127 000003a0 8D00          MOVL      XAR0,#434             ; [CPU_ALU] |712| 
         000003a1 01B2 
    2128 000003a2 9294          MOV       AL,*+XAR4[AR0]        ; [CPU_ALU] |712| 
    2129 000003a3 8D00          MOVL      XAR0,#435             ; [CPU_ALU] |712| 
         000003a4 01B3 
    2130                      .dwpsn  file "../sources/dual_axis_servo_drive_cpu.c",line 710,column 5,is_stmt,isa 0
    2131 000003a5 0AC5          INC       *+XAR5[0]             ; [CPU_ALU] |710| 
    2132                      .dwpsn  file "../sources/dual_axis_servo_drive_cpu.c",line 712,column 5,is_stmt,isa 0
    2133 000003a6 5494          CMP       AL,*+XAR4[AR0]        ; [CPU_ALU] |712| 
    2134 000003a7 666A          B         ||$C$L39||,HI         ; [CPU_ALU] |712| 
    2135                      ; branchcc occurs ; [] |712| 
    2136                      .dwpsn  file "../sources/dual_axis_servo_drive_cpu.c",line 722,column 9,is_stmt,isa 0
    2137 000003a8 D04C          MOVB      XAR0,#76              ; [CPU_ALU] |722| 
    2138 000003a9 D1E0          MOVB      XAR1,#224             ; [CPU_ALU] |722| 
    2139 000003aa 0694          MOVL      ACC,*+XAR4[AR0]       ; [CPU_ALU] |722| 
    2140 000003ab 761F!         MOVW      DP,#||motorVars||+224 ; [CPU_ARAU] 
         000003ac 0003 
    2141                      .dwpsn  file "C:/ti/C2000Ware_MotorControl_SDK_5_04_00_00/libraries/utilities/math_blocks/include/v4.
    2142 000003ad D0E0          MOVB      XAR0,#224             ; [CPU_ALU] |148| 
    2143                      .dwpsn  file "../sources/dual_axis_servo_drive_cpu.c",line 722,column 9,is_stmt,isa 0
    2144 000003ae 1E9C          MOVL      *+XAR4[AR1],ACC       ; [CPU_ALU] |722| 
    2145                      .dwpsn  file "C:/ti/C2000Ware_MotorControl_SDK_5_04_00_00/libraries/utilities/math_blocks/include/v4.
    2146 000003af E2AF          MOV32     R0H,*+XAR4[AR0]       ; [CPU_FPU] |148| 
         000003b0 0094 
    2147                      .dwpsn  file "C:/ti/C2000Ware_MotorControl_SDK_5_04_00_00/libraries/utilities/math_blocks/include/v4.
    2148 000003b1 E2AF!         MOV32     R3H,@||motorVars||+224 ; [CPU_FPU] |151| 
         000003b2 0320 
    2149                      .dwpsn  file "../sources/dual_axis_servo_drive_cpu.c",line 719,column 9,is_stmt,isa 0
    2150 000003b3 D070          MOVB      XAR0,#112             ; [CPU_ALU] |719| 
    2151 000003b4 0694          MOVL      ACC,*+XAR4[AR0]       ; [CPU_ALU] |719| 
    2152 000003b5 761F!         MOVW      DP,#||motorVars||+222 ; [CPU_ARAU] 
         000003b6 0003 
    2153 000003b7 D0DE          MOVB      XAR0,#222             ; [CPU_ALU] |719| 
    2154 000003b8 1E94          MOVL      *+XAR4[AR0],ACC       ; [CPU_ALU] |719| 
    2155                      .dwpsn  file "C:/ti/C2000Ware_MotorControl_SDK_5_04_00_00/libraries/utilities/math_blocks/include/v4.
    2156 000003b9 D0DE          MOVB      XAR0,#222             ; [CPU_ALU] |148| 
    2157 000003ba E2AF          MOV32     R2H,*+XAR4[AR0]       ; [CPU_FPU] |148| 
         000003bb 0294 
    2158 000003bc D0E8          MOVB      XAR0,#232             ; [CPU_ALU] |148| 
    2159 000003bd E2AF          MOV32     R1H,*+XAR4[AR0]       ; [CPU_FPU] |148| 
TMS320C2000 Assembler PC v22.6.2 Mon Jan 26 16:23:05 2026

Copyright (c) 1996-2018 Texas Instruments Incorporated
dual_axis_servo_drive_cpu.asm                                        PAGE   49

         000003be 0194 
    2160                      .dwpsn  file "C:/ti/C2000Ware_MotorControl_SDK_5_04_00_00/libraries/utilities/math_blocks/include/v4.
    2161 000003bf D1E2          MOVB      XAR1,#226             ; [CPU_ALU] |158| 
    2162                      .dwpsn  file "C:/ti/C2000Ware_MotorControl_SDK_5_04_00_00/libraries/utilities/math_blocks/include/v4.
    2163 000003c0 E700          MPYF32    R1H,R2H,R1H           ; [CPU_FPU] |148| 
         000003c1 0051 
    2164 000003c2 D0F6          MOVB      XAR0,#246             ; [CPU_ALU] |148| 
    2165              
    2166 000003c3 E320!         SUBF32    R0H,R1H,R0H           ; [CPU_FPU] |148| 
         000003c4 441E 
    2167              ||      MOV32     R4H,@||motorVars||+222 ; [CPU_FPU] |151| 
    2168              
    2169 000003c5 761F!         MOVW      DP,#||motorVars||+246 ; [CPU_ARAU] 
         000003c6 0003 
    2170 000003c7 E203          MOV32     *+XAR4[AR0],R0H       ; [CPU_FPU] |148| 
         000003c8 0094 
    2171                      .dwpsn  file "C:/ti/C2000Ware_MotorControl_SDK_5_04_00_00/libraries/utilities/math_blocks/include/v4.
    2172 000003c9 8D00          MOVL      XAR0,#260             ; [CPU_ALU] |151| 
         000003ca 0104 
    2173              
    2174                      MOV32     R2H,*+XAR4[AR0]       ; [CPU_FPU] |151| 
    2175 000003cb E327  ||      SUBF32    R3H,R4H,R3H           ; [CPU_FPU] |151| 
         000003cc 1A94 
    2176              
    2177 000003cd D0EC          MOVB      XAR0,#236             ; [CPU_ALU] |151| 
    2178              
    2179 000003ce E304          MPYF32    R2H,R3H,R2H           ; [CPU_FPU] |151| 
         000003cf D194 
    2180              ||      MOV32     R1H,*+XAR4[AR0]       ; [CPU_FPU] |151| 
    2181              
    2182                      .dwpsn  file "C:/ti/C2000Ware_MotorControl_SDK_5_04_00_00/libraries/utilities/math_blocks/include/v4.
    2183 000003d0 D0F2          MOVB      XAR0,#242             ; [CPU_ALU] |158| 
    2184                      .dwpsn  file "C:/ti/C2000Ware_MotorControl_SDK_5_04_00_00/libraries/utilities/math_blocks/include/v4.
    2185              
    2186 000003d1 E302          MPYF32    R1H,R2H,R1H           ; [CPU_FPU] |151| 
         000003d2 8894 
    2187              ||      MOV32     R0H,*+XAR4[AR0]       ; [CPU_FPU] |158| 
    2188              
    2189 000003d3 D0FE          MOVB      XAR0,#254             ; [CPU_ALU] |151| 
    2190 000003d4 E2AF          MOV32     R2H,*+XAR4[AR0]       ; [CPU_FPU] |151| 
         000003d5 0294 
    2191 000003d6 E710          ADDF32    R1H,R1H,R2H           ; [CPU_FPU] |151| 
         000003d7 0089 
    2192 000003d8 D0F8          MOVB      XAR0,#248             ; [CPU_ALU] |151| 
    2193 000003d9 E203          MOV32     *+XAR4[AR0],R1H       ; [CPU_FPU] |151| 
         000003da 0194 
    2194                      .dwpsn  file "C:/ti/C2000Ware_MotorControl_SDK_5_04_00_00/libraries/utilities/math_blocks/include/v4.
    2195 000003db D0EA          MOVB      XAR0,#234             ; [CPU_ALU] |155| 
    2196 000003dc E2AF!         MOV32     R1H,@||motorVars||+246 ; [CPU_FPU] |155| 
         000003dd 0136 
    2197 000003de 761F!         MOVW      DP,#||motorVars||+248 ; [CPU_ARAU] 
         000003df 0003 
    2198 000003e0 E2AF!         MOV32     R2H,@||motorVars||+248 ; [CPU_FPU] |155| 
         000003e1 0238 
    2199                      .dwpsn  file "C:/ti/C2000Ware_MotorControl_SDK_5_04_00_00/libraries/utilities/math_blocks/include/v4.
TMS320C2000 Assembler PC v22.6.2 Mon Jan 26 16:23:05 2026

Copyright (c) 1996-2018 Texas Instruments Incorporated
dual_axis_servo_drive_cpu.asm                                        PAGE   50

    2200 000003e2 0638!         MOVL      ACC,@||motorVars||+248 ; [CPU_ALU] |152| 
    2201                      .dwpsn  file "C:/ti/C2000Ware_MotorControl_SDK_5_04_00_00/libraries/utilities/math_blocks/include/v4.
    2202 000003e3 E710          ADDF32    R2H,R2H,R1H           ; [CPU_FPU] |155| 
         000003e4 0052 
    2203 000003e5 761F!         MOVW      DP,#||motorVars||+252 ; [CPU_ARAU] 
         000003e6 0003 
    2204 000003e7 E2AF          MOV32     R1H,*+XAR4[AR0]       ; [CPU_FPU] |155| 
         000003e8 0194 
    2205 000003e9 E700          MPYF32    R1H,R2H,R1H           ; [CPU_FPU] |155| 
         000003ea 0051 
    2206 000003eb D0FC          MOVB      XAR0,#252             ; [CPU_ALU] |155| 
    2207 000003ec E203          MOV32     *+XAR4[AR0],R1H       ; [CPU_FPU] |155| 
         000003ed 0194 
    2208                      .dwpsn  file "C:/ti/C2000Ware_MotorControl_SDK_5_04_00_00/libraries/utilities/math_blocks/include/v4.
    2209 000003ee D0F4          MOVB      XAR0,#244             ; [CPU_ALU] |158| 
    2210 000003ef E2AF!         MOV32     R1H,@||motorVars||+252 ; [CPU_FPU] |158| 
         000003f0 013C 
    2211 000003f1 E2AF          MOV32     R2H,*+XAR4[AR0]       ; [CPU_FPU] |158| 
         000003f2 0294 
    2212 000003f3 E697          MINF32    R1H,R0H               ; [CPU_FPU] |158| 
         000003f4 0001 
    2213                      .dwpsn  file "C:/ti/C2000Ware_MotorControl_SDK_5_04_00_00/libraries/utilities/math_blocks/include/v4.
    2214 000003f5 E2AF!         MOV32     R0H,@||motorVars||+252 ; [CPU_FPU] |167| 
         000003f6 003C 
    2215                      .dwpsn  file "C:/ti/C2000Ware_MotorControl_SDK_5_04_00_00/libraries/utilities/math_blocks/include/v4.
    2216 000003f7 E696          MAXF32    R1H,R2H               ; [CPU_FPU] |158| 
         000003f8 0011 
    2217 000003f9 761F!         MOVW      DP,#||motorVars||+226 ; [CPU_ARAU] 
         000003fa 0003 
    2218 000003fb E203          MOV32     *+XAR4[AR1],R1H       ; [CPU_FPU] |158| 
         000003fc 019C 
    2219                      .dwpsn  file "C:/ti/C2000Ware_MotorControl_SDK_5_04_00_00/libraries/utilities/math_blocks/include/v4.
    2220 000003fd E2AF!         MOV32     R1H,@||motorVars||+226 ; [CPU_FPU] |167| 
         000003fe 0122 
    2221 000003ff 761F!         MOVW      DP,#||motorVars||+254 ; [CPU_ARAU] 
         00000400 0003 
    2222                      .dwpsn  file "C:/ti/C2000Ware_MotorControl_SDK_5_04_00_00/libraries/utilities/math_blocks/include/v4.
    2223 00000401 1E3E!         MOVL      @||motorVars||+254,ACC ; [CPU_ALU] |152| 
    2224                      .dwpsn  file "C:/ti/C2000Ware_MotorControl_SDK_5_04_00_00/libraries/utilities/math_blocks/include/v4.
    2225 00000402 E694          CMPF32    R1H,R0H               ; [CPU_FPU] |167| 
         00000403 0001 
    2226 00000404 AD14          MOVST0    ZF, NF                ; [CPU_FPU] |167| 
    2227 00000405 6103          B         ||$C$L37||,EQ         ; [CPU_ALU] |167| 
    2228                      ; branchcc occurs ; [] |167| 
    2229 00000406 E590          ZERO      R0H                   ; [CPU_FPU] |167| 
    2230 00000407 6F03          B         ||$C$L38||,UNC        ; [CPU_ALU] |167| 
    2231                      ; branch occurs ; [] |167| 
    2232 00000408       ||$C$L37||:    
    2233 00000408 E801          MOVIZ     R0H,#16256            ; [CPU_FPU] |167| 
         00000409 FC00 
    2234 0000040a       ||$C$L38||:    
    2235 0000040a 761F!         MOVW      DP,#||motorVars||+260 ; [CPU_ARAU] 
         0000040b 0004 
    2236 0000040c E203!         MOV32     @||motorVars||+260,R0H ; [CPU_FPU] |167| 
         0000040d 0004 
TMS320C2000 Assembler PC v22.6.2 Mon Jan 26 16:23:05 2026

Copyright (c) 1996-2018 Texas Instruments Incorporated
dual_axis_servo_drive_cpu.asm                                        PAGE   51

    2237 0000040e 761F!         MOVW      DP,#||motorVars||+435 ; [CPU_ARAU] 
         0000040f 0006 
    2238                      .dwpsn  file "../sources/dual_axis_servo_drive_cpu.c",line 725,column 9,is_stmt,isa 0
    2239 00000410 2B33!         MOV       @||motorVars||+435,#0 ; [CPU_ALU] |725| 
    2240 00000411       ||$C$L39||:    
    2241 00000411 761F!         MOVW      DP,#||motorVars||+448 ; [CPU_ARAU] 
         00000412 0007 
    2242                      .dwpsn  file "../sources/dual_axis_servo_drive_cpu.c",line 728,column 5,is_stmt,isa 0
    2243 00000413 9200!         MOV       AL,@||motorVars||+448 ; [CPU_ALU] |728| 
    2244 00000414 5202          CMPB      AL,#2                 ; [CPU_ALU] |728| 
    2245 00000415 6005          B         ||$C$L40||,NEQ        ; [CPU_ALU] |728| 
    2246                      ; branchcc occurs ; [] |728| 
    2247 00000416 761F!         MOVW      DP,#||motorVars||+451 ; [CPU_ARAU] 
         00000417 0007 
    2248 00000418 9303!         MOV       AH,@||motorVars||+451 ; [CPU_ALU] |728| 
    2249 00000419 601F          B         ||$C$L41||,NEQ        ; [CPU_ALU] |728| 
    2250                      ; branchcc occurs ; [] |728| 
    2251 0000041a       ||$C$L40||:    
    2252                      .dwpsn  file "../sources/dual_axis_servo_drive_cpu.c",line 731,column 9,is_stmt,isa 0
    2253 0000041a E595          ZERO      R5H                   ; [CPU_FPU] |731| 
    2254 0000041b 761F!         MOVW      DP,#||motorVars||+256 ; [CPU_ARAU] 
         0000041c 0004 
    2255                      .dwpsn  file "../sources/dual_axis_servo_drive_cpu.c",line 732,column 9,is_stmt,isa 0
    2256 0000041d E594          ZERO      R4H                   ; [CPU_FPU] |732| 
    2257                      .dwpsn  file "../sources/dual_axis_servo_drive_cpu.c",line 733,column 9,is_stmt,isa 0
    2258 0000041e E593          ZERO      R3H                   ; [CPU_FPU] |733| 
    2259                      .dwpsn  file "../sources/dual_axis_servo_drive_cpu.c",line 734,column 9,is_stmt,isa 0
    2260 0000041f E592          ZERO      R2H                   ; [CPU_FPU] |734| 
    2261                      .dwpsn  file "../sources/dual_axis_servo_drive_cpu.c",line 731,column 9,is_stmt,isa 0
    2262 00000420 E203!         MOV32     @||motorVars||+256,R5H ; [CPU_FPU] |731| 
         00000421 0500 
    2263                      .dwpsn  file "../sources/dual_axis_servo_drive_cpu.c",line 735,column 9,is_stmt,isa 0
    2264 00000422 E591          ZERO      R1H                   ; [CPU_FPU] |735| 
    2265                      .dwpsn  file "../sources/dual_axis_servo_drive_cpu.c",line 736,column 9,is_stmt,isa 0
    2266 00000423 E590          ZERO      R0H                   ; [CPU_FPU] |736| 
    2267 00000424 761F!         MOVW      DP,#||motorVars||+258 ; [CPU_ARAU] 
         00000425 0004 
    2268                      .dwpsn  file "../sources/dual_axis_servo_drive_cpu.c",line 732,column 9,is_stmt,isa 0
    2269 00000426 E203!         MOV32     @||motorVars||+258,R4H ; [CPU_FPU] |732| 
         00000427 0402 
    2270 00000428 761F!         MOVW      DP,#||motorVars||+254 ; [CPU_ARAU] 
         00000429 0003 
    2271                      .dwpsn  file "../sources/dual_axis_servo_drive_cpu.c",line 733,column 9,is_stmt,isa 0
    2272 0000042a E203!         MOV32     @||motorVars||+254,R3H ; [CPU_FPU] |733| 
         0000042b 033E 
    2273 0000042c 761F!         MOVW      DP,#||motorVars||+250 ; [CPU_ARAU] 
         0000042d 0003 
    2274                      .dwpsn  file "../sources/dual_axis_servo_drive_cpu.c",line 734,column 9,is_stmt,isa 0
    2275 0000042e E203!         MOV32     @||motorVars||+250,R2H ; [CPU_FPU] |734| 
         0000042f 023A 
    2276 00000430 761F!         MOVW      DP,#||motorVars||+248 ; [CPU_ARAU] 
         00000431 0003 
    2277                      .dwpsn  file "../sources/dual_axis_servo_drive_cpu.c",line 735,column 9,is_stmt,isa 0
    2278 00000432 E203!         MOV32     @||motorVars||+248,R1H ; [CPU_FPU] |735| 
         00000433 0138 
TMS320C2000 Assembler PC v22.6.2 Mon Jan 26 16:23:05 2026

Copyright (c) 1996-2018 Texas Instruments Incorporated
dual_axis_servo_drive_cpu.asm                                        PAGE   52

    2279 00000434 761F!         MOVW      DP,#||motorVars||+246 ; [CPU_ARAU] 
         00000435 0003 
    2280                      .dwpsn  file "../sources/dual_axis_servo_drive_cpu.c",line 736,column 9,is_stmt,isa 0
    2281 00000436 E203!         MOV32     @||motorVars||+246,R0H ; [CPU_FPU] |736| 
         00000437 0036 
    2282 00000438       ||$C$L41||:    
    2283                      .dwpsn  file "../sources/dual_axis_servo_drive_cpu.c",line 759,column 5,is_stmt,isa 0
    2284 00000438 5200          CMPB      AL,#0                 ; [CPU_ALU] |759| 
    2285 00000439 610D          B         ||$C$L43||,EQ         ; [CPU_ALU] |759| 
    2286                      ; branchcc occurs ; [] |759| 
    2287 0000043a 5201          CMPB      AL,#1                 ; [CPU_ALU] |759| 
    2288 0000043b 6006          B         ||$C$L42||,NEQ        ; [CPU_ALU] |759| 
    2289                      ; branchcc occurs ; [] |759| 
    2290 0000043c 761F!         MOVW      DP,#||motorVars||+38  ; [CPU_ARAU] 
         0000043d 0000 
    2291 0000043e E2AF!         MOV32     R0H,@||motorVars||+38 ; [CPU_FPU] |759| 
         0000043f 0026 
    2292 00000440 6F07          B         ||$C$L44||,UNC        ; [CPU_ALU] |759| 
    2293                      ; branch occurs ; [] |759| 
    2294 00000441       ||$C$L42||:    
    2295 00000441 761F!         MOVW      DP,#||motorVars||+226 ; [CPU_ARAU] 
         00000442 0003 
    2296 00000443 E2AF!         MOV32     R0H,@||motorVars||+226 ; [CPU_FPU] |759| 
         00000444 0022 
    2297 00000445 6F02          B         ||$C$L44||,UNC        ; [CPU_ALU] |759| 
    2298                      ; branch occurs ; [] |759| 
    2299 00000446       ||$C$L43||:    
    2300 00000446 E590          ZERO      R0H                   ; [CPU_FPU] |759| 
    2301 00000447       ||$C$L44||:    
    2302 00000447 761F!         MOVW      DP,#||motorVars||+286 ; [CPU_ARAU] 
         00000448 0004 
    2303                      .dwpsn  file "..\sources\dual_axis_servo_drive_cpu.h",line 168,column 1,is_stmt,isa 0
    2304 00000449 E2AF!         MOV32     R3H,@||motorVars||+286 ; [CPU_FPU] |168| 
         0000044a 031E 
    2305                      .dwpsn  file "..\sources\dual_axis_servo_drive_cpu.h",line 175,column 9,is_stmt,isa 0
    2306 0000044b E801          MOVIZ     R2H,#14119            ; [CPU_FPU] |175| 
         0000044c B93A 
    2307 0000044d 761F!         MOVW      DP,#||motorVars||+36  ; [CPU_ARAU] 
         0000044e 0000 
    2308                      .dwpsn  file "..\sources\dual_axis_servo_drive_cpu.h",line 173,column 5,is_stmt,isa 0
    2309 0000044f E2AF!         MOV32     R1H,@||motorVars||+36 ; [CPU_FPU] |173| 
         00000450 0124 
    2310                      .dwpsn  file "..\sources\dual_axis_servo_drive_cpu.h",line 175,column 9,is_stmt,isa 0
    2311 00000451 E80E          MOVXI     R2H,#50604            ; [CPU_FPU] |175| 
         00000452 2D62 
    2312 00000453 761F!         MOVW      DP,#||motorVars||+318 ; [CPU_ARAU] 
         00000454 0004 
    2313                      .dwpsn  file "..\sources\dual_axis_servo_drive_cpu.h",line 173,column 5,is_stmt,isa 0
    2314 00000455 E720          SUBF32    R4H,R1H,R3H           ; [CPU_FPU] |173| 
         00000456 00CC 
    2315                      .dwpsn  file "../sources/dual_axis_servo_drive_cpu.c",line 759,column 5,is_stmt,isa 0
    2316 00000457 E203!         MOV32     @||motorVars||+318,R0H ; [CPU_FPU] |759| 
         00000458 003E 
    2317                      .dwpsn  file "..\sources\dual_axis_servo_drive_cpu.h",line 175,column 9,is_stmt,isa 0
    2318 00000459 E694          CMPF32    R4H,R2H               ; [CPU_FPU] |175| 
TMS320C2000 Assembler PC v22.6.2 Mon Jan 26 16:23:05 2026

Copyright (c) 1996-2018 Texas Instruments Incorporated
dual_axis_servo_drive_cpu.asm                                        PAGE   53

         0000045a 0014 
    2319 0000045b AD14          MOVST0    ZF, NF                ; [CPU_FPU] |175| 
    2320 0000045c 6508          B         ||$C$L45||,LEQ        ; [CPU_ALU] |175| 
    2321                      ; branchcc occurs ; [] |175| 
    2322 0000045d E801          MOVIZ     R0H,#14119            ; [CPU_FPU] |175| 
         0000045e B938 
    2323 0000045f E80E          MOVXI     R0H,#50604            ; [CPU_FPU] |175| 
         00000460 2D60 
    2324 00000461 E710          ADDF32    R1H,R0H,R3H           ; [CPU_FPU] |175| 
         00000462 00C1 
    2325 00000463 6F0F          B         ||$C$L46||,UNC        ; [CPU_ALU] |175| 
    2326                      ; branch occurs ; [] |175| 
    2327 00000464       ||$C$L45||:    
    2328 00000464 E805          MOVIZ     R0H,#46887            ; [CPU_FPU] |175| 
         00000465 B938 
    2329 00000466 E80E          MOVXI     R0H,#50604            ; [CPU_FPU] |175| 
         00000467 2D60 
    2330 00000468 E694          CMPF32    R4H,R0H               ; [CPU_FPU] |175| 
         00000469 0004 
    2331 0000046a AD14          MOVST0    ZF, NF                ; [CPU_FPU] |175| 
    2332 0000046b 6307          B         ||$C$L46||,GEQ        ; [CPU_ALU] |175| 
    2333                      ; branchcc occurs ; [] |175| 
    2334 0000046c E801          MOVIZ     R0H,#14119            ; [CPU_FPU] |175| 
         0000046d B938 
    2335 0000046e E80E          MOVXI     R0H,#50604            ; [CPU_FPU] |175| 
         0000046f 2D60 
    2336 00000470 E720          SUBF32    R1H,R3H,R0H           ; [CPU_FPU] |175| 
         00000471 0019 
    2337 00000472       ||$C$L46||:    
    2338 00000472 761F!         MOVW      DP,#||motorVars||+416 ; [CPU_ARAU] 
         00000473 0006 
    2339                      .dwpsn  file "C:/ti/C2000Ware_MotorControl_SDK_5_04_00_00/c2000ware/driverlib/f28002x/driverlib/epwm.
    2340 00000474 8A20!         MOVL      XAR4,@||motorVars||+416 ; [CPU_ALU] |2188| 
    2341 00000475 761F!         MOVW      DP,#||motorVars||+286 ; [CPU_ARAU] 
         00000476 0004 
    2342                      .dwpsn  file "../sources/dual_axis_servo_drive_cpu.c",line 766,column 5,is_stmt,isa 0
    2343 00000477 E203!         MOV32     @||motorVars||+286,R1H ; [CPU_FPU] |766| 
         00000478 011E 
    2344 00000479 761F!         MOVW      DP,#||motorVars||+416 ; [CPU_ARAU] 
         0000047a 0006 
    2345                      .dwpsn  file "C:/ti/C2000Ware_MotorControl_SDK_5_04_00_00/c2000ware/driverlib/f28002x/driverlib/epwm.
    2346 0000047b 93E4          MOV       AH,*+XAR4[4]          ; [CPU_ALU] |2188| 
    2347 0000047c 8A20!         MOVL      XAR4,@||motorVars||+416 ; [CPU_ALU] |2188| 
    2348 0000047d 761F!         MOVW      DP,#||motorVars||+430 ; [CPU_ARAU] 
         0000047e 0006 
    2349                      .dwpsn  file "..\sources\dual_axis_servo_drive_cpu.h",line 275,column 5,is_stmt,isa 0
    2350 0000047f 922E!         MOV       AL,@||motorVars||+430 ; [CPU_ALU] |275| 
    2351 00000480 761F!         MOVW      DP,#||motorVars||+433 ; [CPU_ARAU] 
         00000481 0006 
    2352                      .dwpsn  file "..\sources\dual_axis_servo_drive_cpu.h",line 237,column 5,is_stmt,isa 0
    2353 00000482 9731!         MOV       @||motorVars||+433,AH ; [CPU_ALU] |237| 
    2354                      .dwpsn  file "..\sources\dual_axis_servo_drive_cpu.h",line 275,column 5,is_stmt,isa 0
    2355 00000483 54E4          CMP       AL,*+XAR4[4]          ; [CPU_ALU] |275| 
    2356 00000484 6908          B         ||$C$L47||,LOS        ; [CPU_ALU] |275| 
    2357                      ; branchcc occurs ; [] |275| 
TMS320C2000 Assembler PC v22.6.2 Mon Jan 26 16:23:05 2026

Copyright (c) 1996-2018 Texas Instruments Incorporated
dual_axis_servo_drive_cpu.asm                                        PAGE   54

    2358                      .dwpsn  file "C:/ti/C2000Ware_MotorControl_SDK_5_04_00_00/c2000ware/driverlib/f28002x/driverlib/epwm.
    2359 00000485 D063          MOVB      XAR0,#99              ; [CPU_ALU] |2408| 
    2360 00000486 761F!         MOVW      DP,#||motorVars||+430 ; [CPU_ARAU] 
         00000487 0006 
    2361 00000488 9394          MOV       AH,*+XAR4[AR0]        ; [CPU_ALU] |2408| 
    2362                      .dwpsn  file "..\sources\dual_axis_servo_drive_cpu.h",line 277,column 9,is_stmt,isa 0
    2363 00000489 9FA9          SUB       AH,AL                 ; [CPU_ALU] |277| 
    2364 0000048a 972E!         MOV       @||motorVars||+430,AH ; [CPU_ALU] |277| 
    2365 0000048b 922E!         MOV       AL,@||motorVars||+430 ; [CPU_ALU] 
    2366 0000048c       ||$C$L47||:    
    2367 0000048c 761F!         MOVW      DP,#||motorVars||+429 ; [CPU_ARAU] 
         0000048d 0006 
    2368                      .dwpsn  file "..\sources\dual_axis_servo_drive_cpu.h",line 281,column 5,is_stmt,isa 0
    2369 0000048e 542D!         CMP       AL,@||motorVars||+429 ; [CPU_ALU] |281| 
    2370                      .dwpsn  file "..\sources\dual_axis_servo_drive_cpu.h",line 283,column 9,is_stmt,isa 0
    2371 0000048f 562A!         MOV       @||motorVars||+429,AL,HI ; [CPU_ALU] |283| 
         00000490 062D 
    2372 00000491 761F!         MOVW      DP,#||motorVars||+428 ; [CPU_ARAU] 
         00000492 0006 
    2373                      .dwpsn  file "..\sources\dual_axis_servo_drive_cpu.h",line 286,column 5,is_stmt,isa 0
    2374 00000493 922C!         MOV       AL,@||motorVars||+428 ; [CPU_ALU] |286| 
    2375 00000494 6107          B         ||$C$L48||,EQ         ; [CPU_ALU] |286| 
    2376                      ; branchcc occurs ; [] |286| 
    2377 00000495 761F!         MOVW      DP,#||motorVars||+429 ; [CPU_ARAU] 
         00000496 0006 
    2378                      .dwpsn  file "..\sources\dual_axis_servo_drive_cpu.h",line 288,column 9,is_stmt,isa 0
    2379 00000497 2B2D!         MOV       @||motorVars||+429,#0 ; [CPU_ALU] |288| 
    2380 00000498 761F!         MOVW      DP,#||motorVars||+428 ; [CPU_ARAU] 
         00000499 0006 
    2381                      .dwpsn  file "..\sources\dual_axis_servo_drive_cpu.h",line 289,column 9,is_stmt,isa 0
    2382 0000049a 2B2C!         MOV       @||motorVars||+428,#0 ; [CPU_ALU] |289| 
    2383 0000049b       ||$C$L48||:    
    2384 0000049b 761F!         MOVW      DP,#||motorVars||+429 ; [CPU_ARAU] 
         0000049c 0006 
    2385                      .dwpsn  file "..\sources\dual_axis_servo_drive_cpu.h",line 293,column 5,is_stmt,isa 0
    2386 0000049d E801          MOVIZ     R0H,#15395            ; [CPU_FPU] |293| 
         0000049e E118 
    2387 0000049f E2C4!         UI16TOF32 R1H,@||motorVars||+429 ; [CPU_FPU] |293| 
         000004a0 012D 
    2388 000004a1 761F!         MOVW      DP,#||motorVars||+433 ; [CPU_ARAU] 
         000004a2 0006 
    2389 000004a3 E80E          MOVXI     R0H,#55050            ; [CPU_FPU] |293| 
         000004a4 B850 
    2390                      .dwpsn  file "..\sources\dual_axis_servo_drive_cpu.h",line 247,column 5,is_stmt,isa 0
    2391 000004a5 9231!         MOV       AL,@||motorVars||+433 ; [CPU_ALU] |247| 
    2392                      .dwpsn  file "..\sources\dual_axis_servo_drive_cpu.h",line 293,column 5,is_stmt,isa 0
    2393 000004a6 E700          MPYF32    R0H,R0H,R1H           ; [CPU_FPU] |293| 
         000004a7 0040 
    2394 000004a8 761F!         MOVW      DP,#||motorVars||+386 ; [CPU_ARAU] 
         000004a9 0006 
    2395 000004aa E203!         MOV32     @||motorVars||+386,R0H ; [CPU_FPU] |293| 
         000004ab 0002 
    2396                      .dwpsn  file "..\sources\dual_axis_servo_drive_cpu.h",line 247,column 5,is_stmt,isa 0
    2397 000004ac 54E4          CMP       AL,*+XAR4[4]          ; [CPU_ALU] |247| 
    2398 000004ad 6908          B         ||$C$L49||,LOS        ; [CPU_ALU] |247| 
TMS320C2000 Assembler PC v22.6.2 Mon Jan 26 16:23:05 2026

Copyright (c) 1996-2018 Texas Instruments Incorporated
dual_axis_servo_drive_cpu.asm                                        PAGE   55

    2399                      ; branchcc occurs ; [] |247| 
    2400                      .dwpsn  file "C:/ti/C2000Ware_MotorControl_SDK_5_04_00_00/c2000ware/driverlib/f28002x/driverlib/epwm.
    2401 000004ae D063          MOVB      XAR0,#99              ; [CPU_ALU] |2408| 
    2402 000004af 761F!         MOVW      DP,#||motorVars||+433 ; [CPU_ARAU] 
         000004b0 0006 
    2403 000004b1 9394          MOV       AH,*+XAR4[AR0]        ; [CPU_ALU] |2408| 
    2404                      .dwpsn  file "..\sources\dual_axis_servo_drive_cpu.h",line 249,column 9,is_stmt,isa 0
    2405 000004b2 9FA9          SUB       AH,AL                 ; [CPU_ALU] |249| 
    2406 000004b3 9731!         MOV       @||motorVars||+433,AH ; [CPU_ALU] |249| 
    2407 000004b4 9231!         MOV       AL,@||motorVars||+433 ; [CPU_ALU] 
    2408 000004b5       ||$C$L49||:    
    2409 000004b5 761F!         MOVW      DP,#||motorVars||+432 ; [CPU_ARAU] 
         000004b6 0006 
    2410                      .dwpsn  file "..\sources\dual_axis_servo_drive_cpu.h",line 253,column 5,is_stmt,isa 0
    2411 000004b7 5430!         CMP       AL,@||motorVars||+432 ; [CPU_ALU] |253| 
    2412                      .dwpsn  file "..\sources\dual_axis_servo_drive_cpu.h",line 255,column 9,is_stmt,isa 0
    2413 000004b8 562A!         MOV       @||motorVars||+432,AL,HI ; [CPU_ALU] |255| 
         000004b9 0630 
    2414 000004ba 761F!         MOVW      DP,#||motorVars||+431 ; [CPU_ARAU] 
         000004bb 0006 
    2415                      .dwpsn  file "..\sources\dual_axis_servo_drive_cpu.h",line 258,column 5,is_stmt,isa 0
    2416 000004bc 922F!         MOV       AL,@||motorVars||+431 ; [CPU_ALU] |258| 
    2417 000004bd 6107          B         ||$C$L50||,EQ         ; [CPU_ALU] |258| 
    2418                      ; branchcc occurs ; [] |258| 
    2419 000004be 761F!         MOVW      DP,#||motorVars||+432 ; [CPU_ARAU] 
         000004bf 0006 
    2420                      .dwpsn  file "..\sources\dual_axis_servo_drive_cpu.h",line 260,column 9,is_stmt,isa 0
    2421 000004c0 2B30!         MOV       @||motorVars||+432,#0 ; [CPU_ALU] |260| 
    2422 000004c1 761F!         MOVW      DP,#||motorVars||+431 ; [CPU_ARAU] 
         000004c2 0006 
    2423                      .dwpsn  file "..\sources\dual_axis_servo_drive_cpu.h",line 261,column 9,is_stmt,isa 0
    2424 000004c3 2B2F!         MOV       @||motorVars||+431,#0 ; [CPU_ALU] |261| 
    2425 000004c4       ||$C$L50||:    
    2426 000004c4 761F!         MOVW      DP,#||motorVars||+432 ; [CPU_ARAU] 
         000004c5 0006 
    2427                      .dwpsn  file "..\sources\dual_axis_servo_drive_cpu.h",line 265,column 5,is_stmt,isa 0
    2428 000004c6 E2C4!         UI16TOF32 R1H,@||motorVars||+432 ; [CPU_FPU] |265| 
         000004c7 0130 
    2429 000004c8 E801          MOVIZ     R0H,#15395            ; [CPU_FPU] |265| 
         000004c9 E118 
    2430 000004ca 761F!         MOVW      DP,#||motorVars||+72  ; [CPU_ARAU] 
         000004cb 0001 
    2431                      .dwpsn  file "../sources/dual_axis_servo_drive_cpu.c",line 1118,column 5,is_stmt,isa 0
    2432 000004cc C408!         MOVL      XAR6,@||motorVars||+72 ; [CPU_ALU] |1118| 
    2433 000004cd 761F!         MOVW      DP,#||motorVars||+180 ; [CPU_ARAU] 
         000004ce 0002 
    2434                      .dwpsn  file "..\sources\dual_axis_servo_drive_cpu.h",line 265,column 5,is_stmt,isa 0
    2435 000004cf E80E          MOVXI     R0H,#55050            ; [CPU_FPU] |265| 
         000004d0 B850 
    2436                      .dwpsn  file "../sources/dual_axis_servo_drive_cpu.c",line 1122,column 5,is_stmt,isa 0
    2437 000004d1 8F00!         MOVL      XAR4,#||dlog_2ch1||   ; [CPU_ARAU] |1122| 
         000004d2 0000 
    2438                      .dwpsn  file "../sources/dual_axis_servo_drive_cpu.c",line 1119,column 5,is_stmt,isa 0
    2439 000004d3 0634!         MOVL      ACC,@||motorVars||+180 ; [CPU_ALU] |1119| 
    2440 000004d4 761F!         MOVW      DP,#||dlogCh1||       ; [CPU_ARAU] 
TMS320C2000 Assembler PC v22.6.2 Mon Jan 26 16:23:05 2026

Copyright (c) 1996-2018 Texas Instruments Incorporated
dual_axis_servo_drive_cpu.asm                                        PAGE   56

         000004d5 0000 
    2441                      .dwpsn  file "..\sources\dual_axis_servo_drive_cpu.h",line 265,column 5,is_stmt,isa 0
    2442 000004d6 E700          MPYF32    R0H,R0H,R1H           ; [CPU_FPU] |265| 
         000004d7 0040 
    2443                      .dwpsn  file "../sources/dual_axis_servo_drive_cpu.c",line 1118,column 5,is_stmt,isa 0
    2444 000004d8 C200!         MOVL      @||dlogCh1||,XAR6     ; [CPU_ALU] |1118| 
    2445 000004d9 761F!         MOVW      DP,#||dlogCh2||       ; [CPU_ARAU] 
         000004da 0000 
    2446                      .dwpsn  file "../sources/dual_axis_servo_drive_cpu.c",line 1119,column 5,is_stmt,isa 0
    2447 000004db 1E00!         MOVL      @||dlogCh2||,ACC      ; [CPU_ALU] |1119| 
    2448 000004dc 761F!         MOVW      DP,#||motorVars||+388 ; [CPU_ARAU] 
         000004dd 0006 
    2449                      .dwpsn  file "..\sources\dual_axis_servo_drive_cpu.h",line 265,column 5,is_stmt,isa 0
    2450 000004de E203!         MOV32     @||motorVars||+388,R0H ; [CPU_FPU] |265| 
         000004df 0004 
    2451                      .dwpsn  file "../sources/dual_axis_servo_drive_cpu.c",line 1122,column 5,is_stmt,isa 0
    2452              $C$DW$64        .dwtag  DW_TAG_TI_branch
    2453                      .dwattr $C$DW$64, DW_AT_low_pc(0x00)
    2454                      .dwattr $C$DW$64, DW_AT_name("DLOG_2CH_F_FUNC")
    2455                      .dwattr $C$DW$64, DW_AT_TI_call
    2456              
    2457 000004e0 7640!         LCR       #||DLOG_2CH_F_FUNC||  ; [CPU_ALU] |1122| 
         000004e1 0000 
    2458                      ; call occurs [#||DLOG_2CH_F_FUNC||] ; [] |1122| 
    2459 000004e2 761F!         MOVW      DP,#||halMtrHandle||  ; [CPU_ARAU] 
         000004e3 0000 
    2460                      .dwpsn  file "C:/ti/C2000Ware_MotorControl_SDK_5_04_00_00/c2000ware/driverlib/f28002x/driverlib/epwm.
    2461 000004e4 8A00!         MOVL      XAR4,@||halMtrHandle|| ; [CPU_ALU] |5070| 
    2462 000004e5 02AA          MOVB      ACC,#170              ; [CPU_ALU] |5070| 
    2463                      .dwpsn  file "C:/ti/C2000Ware_MotorControl_SDK_5_04_00_00/c2000ware/driverlib/f28002x/driverlib/adc.h
    2464 000004e6 BE01          MOVB      XAR6,#1               ; [CPU_ALU] |816| 
    2465                      .dwpsn  file "C:/ti/C2000Ware_MotorControl_SDK_5_04_00_00/c2000ware/driverlib/f28002x/driverlib/epwm.
    2466 000004e7 07C4          ADDL      ACC,*+XAR4[0]         ; [CPU_ALU] |5070| 
    2467 000004e8 8AA9          MOVL      XAR4,ACC              ; [CPU_ALU] |5070| 
    2468 000004e9 761F!         MOVW      DP,#||motorVars||+390 ; [CPU_ARAU] 
         000004ea 0006 
    2469                      .dwpsn  file "C:\ti\C2000Ware_MotorControl_SDK_5_04_00_00\c2000ware\driverlib\f28002x\driverlib\inter
    2470 000004eb 76C0          MOVL      XAR7,#1028            ; [CPU_ALU] |377| 
         000004ec 0404 
    2471                      .dwpsn  file "../sources/dual_axis_servo_drive_cpu.c",line 1188,column 5,is_stmt,isa 0
    2472 000004ed 0201          MOVB      ACC,#1                ; [CPU_ALU] |1188| 
    2473                      .dwpsn  file "C:/ti/C2000Ware_MotorControl_SDK_5_04_00_00/c2000ware/driverlib/f28002x/driverlib/epwm.
    2474 000004ee 1AC4          OR        *+XAR4[0],#0x0001     ; [CPU_ALU] |5070| 
         000004ef 0001 
    2475                      .dwpsn  file "C:/ti/C2000Ware_MotorControl_SDK_5_04_00_00/c2000ware/driverlib/f28002x/driverlib/adc.h
    2476 000004f0 F4A6          MOV       *(0:0x7404),AR6       ; [CPU_ALU] |816| 
         000004f1 7404 
    2477                      .dwpsn  file "../sources/dual_axis_servo_drive_cpu.c",line 1188,column 5,is_stmt,isa 0
    2478 000004f2 5601!         ADDL      @||motorVars||+390,ACC ; [CPU_ALU] |1188| 
         000004f3 0006 
    2479                      .dwpsn  file "C:\ti\C2000Ware_MotorControl_SDK_5_04_00_00\c2000ware\driverlib\f28002x\driverlib\inter
    2480 000004f4 F4A7          MOV       *(0:0x0ce1),AR7       ; [CPU_FPU] |377| 
         000004f5 0CE1 
    2481 000004f6 FE82          SUBB      SP,#2                 ; [CPU_ARAU] 
    2482                      .dwcfi  cfa_offset, -16
TMS320C2000 Assembler PC v22.6.2 Mon Jan 26 16:23:05 2026

Copyright (c) 1996-2018 Texas Instruments Incorporated
dual_axis_servo_drive_cpu.asm                                        PAGE   57

    2483 000004f7 E562          RESTORE   ; [CPU_FPU] 
    2484 000004f8 FFF1          POP       RB                    ; [CPU_FPU] 
    2485                      .dwcfi  cfa_offset, -14
    2486                      .dwcfi  restore_reg, 74
    2487 000004f9 C5BE          MOVL      XAR7,*--SP            ; [CPU_ALU] 
    2488                      .dwcfi  cfa_offset, -12
    2489                      .dwcfi  restore_reg, 18
    2490 000004fa C4BE          MOVL      XAR6,*--SP            ; [CPU_ALU] 
    2491                      .dwcfi  cfa_offset, -10
    2492                      .dwcfi  restore_reg, 16
    2493 000004fb 83BE          MOVL      XAR5,*--SP            ; [CPU_ALU] 
    2494                      .dwcfi  cfa_offset, -8
    2495                      .dwcfi  restore_reg, 14
    2496 000004fc 8ABE          MOVL      XAR4,*--SP            ; [CPU_ALU] 
    2497                      .dwcfi  cfa_offset, -6
    2498                      .dwcfi  restore_reg, 12
    2499 000004fd 87BE          MOVL      XT,*--SP              ; [CPU_ALU] 
    2500                      .dwcfi  cfa_offset, -4
    2501                      .dwcfi  restore_reg, 22
    2502                      .dwcfi  restore_reg, 21
    2503 000004fe 0003          POP       AR1H:AR0H             ; [CPU_ALU] 
    2504                      .dwcfi  cfa_offset, -2
    2505                      .dwcfi  restore_reg, 5
    2506                      .dwcfi  restore_reg, 7
    2507 000004ff 7617          NASP      ; [CPU_ALU] 
    2508              $C$DW$65        .dwtag  DW_TAG_TI_branch
    2509                      .dwattr $C$DW$65, DW_AT_low_pc(0x00)
    2510                      .dwattr $C$DW$65, DW_AT_TI_return
    2511              
    2512 00000500 7602          IRET      ; [CPU_ALU] 
    2513                      ; return occurs ; [] 
    2514                      .dwattr $C$DW$50, DW_AT_TI_end_file("../sources/dual_axis_servo_drive_cpu.c")
    2515                      .dwattr $C$DW$50, DW_AT_TI_end_line(0x4a6)
    2516                      .dwattr $C$DW$50, DW_AT_TI_end_column(0x01)
    2517                      .dwendentry
    2518                      .dwendtag $C$DW$50
    2519              
    2520 00000000               .sect   ".text:__signbitl"
    2521                      .clink
    2522                      .global ||__signbitl||
    2523              
    2524              $C$DW$66        .dwtag  DW_TAG_subprogram
    2525                      .dwattr $C$DW$66, DW_AT_name("__signbitl")
    2526                      .dwattr $C$DW$66, DW_AT_low_pc(||__signbitl||)
    2527                      .dwattr $C$DW$66, DW_AT_high_pc(0x00)
    2528                      .dwattr $C$DW$66, DW_AT_linkage_name("__signbitl")
    2529                      .dwattr $C$DW$66, DW_AT_external
    2530                      .dwattr $C$DW$66, DW_AT_type(*$C$DW$T$10)
    2531                      .dwattr $C$DW$66, DW_AT_decl_file("C:/ti/ccs2031/ccs/tools/compiler/ti-cgt-c2000_22.6.2.LTS/include/_
    2532                      .dwattr $C$DW$66, DW_AT_decl_line(0x16f)
    2533                      .dwattr $C$DW$66, DW_AT_decl_column(0x18)
    2534                      .dwattr $C$DW$66, DW_AT_TI_max_frame_size(-6)
    2535                      .dwpsn  file "C:/ti/ccs2031/ccs/tools/compiler/ti-cgt-c2000_22.6.2.LTS/include/_defs.h",line 368,colu
    2536              
    2537                      .dwfde $C$DW$CIE, ||__signbitl||
TMS320C2000 Assembler PC v22.6.2 Mon Jan 26 16:23:05 2026

Copyright (c) 1996-2018 Texas Instruments Incorporated
dual_axis_servo_drive_cpu.asm                                        PAGE   58

    2538              $C$DW$67        .dwtag  DW_TAG_formal_parameter
    2539                      .dwattr $C$DW$67, DW_AT_name("e")
    2540                      .dwattr $C$DW$67, DW_AT_type(*$C$DW$T$211)
    2541                      .dwattr $C$DW$67, DW_AT_location[DW_OP_reg12]
    2542              
    2543              
    2544              ;***************************************************************
    2545              ;* FNAME: __signbitl                    FR SIZE:   4           *
    2546              ;*                                                             *
    2547              ;* FUNCTION ENVIRONMENT                                        *
    2548              ;*                                                             *
    2549              ;* FUNCTION PROPERTIES                                         *
    2550              ;*                            4 Parameter,  0 Auto,  0 SOE     *
    2551              ;***************************************************************
    2552              
    2553              ||__signbitl||:
    2554              ;* AR4   assigned to e
    2555              $C$DW$68        .dwtag  DW_TAG_variable
    2556                      .dwattr $C$DW$68, DW_AT_name("e")
    2557                      .dwattr $C$DW$68, DW_AT_type(*$C$DW$T$212)
    2558                      .dwattr $C$DW$68, DW_AT_location[DW_OP_reg12]
    2559              
    2560                      .dwcfi  cfa_offset, -2
    2561                      .dwcfi  save_reg_to_mem, 26, 0
    2562 00000000 FE04          ADDB      SP,#4                 ; [CPU_ARAU] 
    2563                      .dwcfi  cfa_offset, -6
    2564                      .dwpsn  file "C:/ti/ccs2031/ccs/tools/compiler/ti-cgt-c2000_22.6.2.LTS/include/_defs.h",line 368,colu
    2565 00000001 0200          MOVB      ACC,#0                ; [CPU_ALU] |368| 
    2566 00000002 1E44          MOVL      *-SP[4],ACC           ; [CPU_ALU] |368| 
    2567 00000003 2B42          MOV       *-SP[2],#0            ; [CPU_ALU] |368| 
    2568 00000004 2B41          MOV       *-SP[1],#0            ; [CPU_ALU] |368| 
    2569 00000005 A3C4          MOVL      P,*+XAR4[0]           ; [CPU_ALU] |368| 
    2570 00000006 06D4          MOVL      ACC,*+XAR4[2]         ; [CPU_ALU] |368| 
    2571 00000007 18AB          AND       PL,#0                 ; [CPU_ALU] |368| 
         00000008 0000 
    2572 00000009 18AA          AND       PH,#0                 ; [CPU_ALU] |368| 
         0000000a 0000 
    2573 0000000b 9000          ANDB      AL,#0                 ; [CPU_ALU] |368| 
    2574 0000000c 18A8          AND       AH,#32768             ; [CPU_ALU] |368| 
         0000000d 8000 
    2575              $C$DW$69        .dwtag  DW_TAG_TI_branch
    2576                      .dwattr $C$DW$69, DW_AT_low_pc(0x00)
    2577                      .dwattr $C$DW$69, DW_AT_name("__c28xabi_cmpull")
    2578                      .dwattr $C$DW$69, DW_AT_TI_call
    2579              
    2580 0000000e 7640!         LCR       #||__c28xabi_cmpull|| ; [CPU_ALU] |368| 
         0000000f 0000 
    2581                      ; call occurs [#||__c28xabi_cmpull||] ; [] |368| 
    2582 00000010 9B00          MOVB      AH,#0                 ; [CPU_ALU] |368| 
    2583 00000011 5200          CMPB      AL,#0                 ; [CPU_ALU] |368| 
    2584 00000012 56B0          MOVB      AH,#1,NEQ             ; [CPU_ALU] |368| 
         00000013 01A8 
    2585 00000014 92A8          MOV       AL,AH                 ; [CPU_ALU] |368| 
    2586 00000015 FE84          SUBB      SP,#4                 ; [CPU_ARAU] 
    2587                      .dwcfi  cfa_offset, -2
TMS320C2000 Assembler PC v22.6.2 Mon Jan 26 16:23:05 2026

Copyright (c) 1996-2018 Texas Instruments Incorporated
dual_axis_servo_drive_cpu.asm                                        PAGE   59

    2588              $C$DW$70        .dwtag  DW_TAG_TI_branch
    2589                      .dwattr $C$DW$70, DW_AT_low_pc(0x00)
    2590                      .dwattr $C$DW$70, DW_AT_TI_return
    2591              
    2592 00000016 0006          LRETR     ; [CPU_ALU] 
    2593                      ; return occurs ; [] 
    2594                      .dwattr $C$DW$66, DW_AT_TI_end_file("C:/ti/ccs2031/ccs/tools/compiler/ti-cgt-c2000_22.6.2.LTS/include
    2595                      .dwattr $C$DW$66, DW_AT_TI_end_line(0x170)
    2596                      .dwattr $C$DW$66, DW_AT_TI_end_column(0x2b)
    2597                      .dwendentry
    2598                      .dwendtag $C$DW$66
    2599              
    2600 00000000               .sect   ".text:__signbitf"
    2601                      .clink
    2602                      .global ||__signbitf||
    2603              
    2604              $C$DW$71        .dwtag  DW_TAG_subprogram
    2605                      .dwattr $C$DW$71, DW_AT_name("__signbitf")
    2606                      .dwattr $C$DW$71, DW_AT_low_pc(||__signbitf||)
    2607                      .dwattr $C$DW$71, DW_AT_high_pc(0x00)
    2608                      .dwattr $C$DW$71, DW_AT_linkage_name("__signbitf")
    2609                      .dwattr $C$DW$71, DW_AT_external
    2610                      .dwattr $C$DW$71, DW_AT_type(*$C$DW$T$10)
    2611                      .dwattr $C$DW$71, DW_AT_decl_file("C:/ti/ccs2031/ccs/tools/compiler/ti-cgt-c2000_22.6.2.LTS/include/_
    2612                      .dwattr $C$DW$71, DW_AT_decl_line(0x16d)
    2613                      .dwattr $C$DW$71, DW_AT_decl_column(0x18)
    2614                      .dwattr $C$DW$71, DW_AT_TI_max_frame_size(-2)
    2615                      .dwpsn  file "C:/ti/ccs2031/ccs/tools/compiler/ti-cgt-c2000_22.6.2.LTS/include/_defs.h",line 366,colu
    2616              
    2617                      .dwfde $C$DW$CIE, ||__signbitf||
    2618              $C$DW$72        .dwtag  DW_TAG_formal_parameter
    2619                      .dwattr $C$DW$72, DW_AT_name("f")
    2620                      .dwattr $C$DW$72, DW_AT_type(*$C$DW$T$16)
    2621                      .dwattr $C$DW$72, DW_AT_location[DW_OP_regx 0x2b]
    2622              
    2623              
    2624              ;***************************************************************
    2625              ;* FNAME: __signbitf                    FR SIZE:   0           *
    2626              ;*                                                             *
    2627              ;* FUNCTION ENVIRONMENT                                        *
    2628              ;*                                                             *
    2629              ;* FUNCTION PROPERTIES                                         *
    2630              ;*                            0 Parameter,  0 Auto,  0 SOE     *
    2631              ;***************************************************************
    2632              
    2633              ||__signbitf||:
    2634              ;* R0    assigned to f
    2635              $C$DW$73        .dwtag  DW_TAG_variable
    2636                      .dwattr $C$DW$73, DW_AT_name("f")
    2637                      .dwattr $C$DW$73, DW_AT_type(*$C$DW$T$203)
    2638                      .dwattr $C$DW$73, DW_AT_location[DW_OP_regx 0x2b]
    2639              
    2640                      .dwcfi  cfa_offset, -2
    2641                      .dwcfi  save_reg_to_mem, 26, 0
    2642                      .dwpsn  file "C:/ti/ccs2031/ccs/tools/compiler/ti-cgt-c2000_22.6.2.LTS/include/_defs.h",line 366,colu
TMS320C2000 Assembler PC v22.6.2 Mon Jan 26 16:23:05 2026

Copyright (c) 1996-2018 Texas Instruments Incorporated
dual_axis_servo_drive_cpu.asm                                        PAGE   60

    2643 00000000 BFA9          MOV32     ACC,R0H               ; [CPU_FPU] |366| 
         00000001 0F12 
    2644 00000002 BE00          MOVB      XAR6,#0               ; [CPU_ALU] |366| 
    2645 00000003 9000          ANDB      AL,#0                 ; [CPU_ALU] |366| 
    2646 00000004 18A8          AND       AH,#32768             ; [CPU_ALU] |366| 
         00000005 8000 
    2647 00000006 FF58          TEST      ACC                   ; [CPU_ALU] |366| 
    2648 00000007 56B0          MOVB      XAR6,#1,NEQ           ; [CPU_ALU] |366| 
         00000008 01A6 
    2649 00000009 92A6          MOV       AL,AR6                ; [CPU_ALU] |366| 
    2650              $C$DW$74        .dwtag  DW_TAG_TI_branch
    2651                      .dwattr $C$DW$74, DW_AT_low_pc(0x00)
    2652                      .dwattr $C$DW$74, DW_AT_TI_return
    2653              
    2654 0000000a 0006          LRETR     ; [CPU_ALU] 
    2655                      ; return occurs ; [] 
    2656                      .dwattr $C$DW$71, DW_AT_TI_end_file("C:/ti/ccs2031/ccs/tools/compiler/ti-cgt-c2000_22.6.2.LTS/include
    2657                      .dwattr $C$DW$71, DW_AT_TI_end_line(0x16e)
    2658                      .dwattr $C$DW$71, DW_AT_TI_end_column(0x29)
    2659                      .dwendentry
    2660                      .dwendtag $C$DW$71
    2661              
    2662 00000000               .sect   ".text:__signbit"
    2663                      .clink
    2664                      .global ||__signbit||
    2665              
    2666              $C$DW$75        .dwtag  DW_TAG_subprogram
    2667                      .dwattr $C$DW$75, DW_AT_name("__signbit")
    2668                      .dwattr $C$DW$75, DW_AT_low_pc(||__signbit||)
    2669                      .dwattr $C$DW$75, DW_AT_high_pc(0x00)
    2670                      .dwattr $C$DW$75, DW_AT_linkage_name("__signbit")
    2671                      .dwattr $C$DW$75, DW_AT_external
    2672                      .dwattr $C$DW$75, DW_AT_type(*$C$DW$T$10)
    2673                      .dwattr $C$DW$75, DW_AT_decl_file("C:/ti/ccs2031/ccs/tools/compiler/ti-cgt-c2000_22.6.2.LTS/include/_
    2674                      .dwattr $C$DW$75, DW_AT_decl_line(0x16b)
    2675                      .dwattr $C$DW$75, DW_AT_decl_column(0x18)
    2676                      .dwattr $C$DW$75, DW_AT_TI_max_frame_size(-6)
    2677                      .dwpsn  file "C:/ti/ccs2031/ccs/tools/compiler/ti-cgt-c2000_22.6.2.LTS/include/_defs.h",line 364,colu
    2678              
    2679                      .dwfde $C$DW$CIE, ||__signbit||
    2680              $C$DW$76        .dwtag  DW_TAG_formal_parameter
    2681                      .dwattr $C$DW$76, DW_AT_name("d")
    2682                      .dwattr $C$DW$76, DW_AT_type(*$C$DW$T$208)
    2683                      .dwattr $C$DW$76, DW_AT_location[DW_OP_reg12]
    2684              
    2685              
    2686              ;***************************************************************
    2687              ;* FNAME: __signbit                     FR SIZE:   4           *
    2688              ;*                                                             *
    2689              ;* FUNCTION ENVIRONMENT                                        *
    2690              ;*                                                             *
    2691              ;* FUNCTION PROPERTIES                                         *
    2692              ;*                            4 Parameter,  0 Auto,  0 SOE     *
    2693              ;***************************************************************
    2694              
TMS320C2000 Assembler PC v22.6.2 Mon Jan 26 16:23:05 2026

Copyright (c) 1996-2018 Texas Instruments Incorporated
dual_axis_servo_drive_cpu.asm                                        PAGE   61

    2695              ||__signbit||:
    2696              ;* AR4   assigned to d
    2697              $C$DW$77        .dwtag  DW_TAG_variable
    2698                      .dwattr $C$DW$77, DW_AT_name("d")
    2699                      .dwattr $C$DW$77, DW_AT_type(*$C$DW$T$209)
    2700                      .dwattr $C$DW$77, DW_AT_location[DW_OP_reg12]
    2701              
    2702                      .dwcfi  cfa_offset, -2
    2703                      .dwcfi  save_reg_to_mem, 26, 0
    2704 00000000 FE04          ADDB      SP,#4                 ; [CPU_ARAU] 
    2705                      .dwcfi  cfa_offset, -6
    2706                      .dwpsn  file "C:/ti/ccs2031/ccs/tools/compiler/ti-cgt-c2000_22.6.2.LTS/include/_defs.h",line 364,colu
    2707 00000001 0200          MOVB      ACC,#0                ; [CPU_ALU] |364| 
    2708 00000002 1E44          MOVL      *-SP[4],ACC           ; [CPU_ALU] |364| 
    2709 00000003 2B42          MOV       *-SP[2],#0            ; [CPU_ALU] |364| 
    2710 00000004 2B41          MOV       *-SP[1],#0            ; [CPU_ALU] |364| 
    2711 00000005 A3C4          MOVL      P,*+XAR4[0]           ; [CPU_ALU] |364| 
    2712 00000006 06D4          MOVL      ACC,*+XAR4[2]         ; [CPU_ALU] |364| 
    2713 00000007 18AB          AND       PL,#0                 ; [CPU_ALU] |364| 
         00000008 0000 
    2714 00000009 18AA          AND       PH,#0                 ; [CPU_ALU] |364| 
         0000000a 0000 
    2715 0000000b 9000          ANDB      AL,#0                 ; [CPU_ALU] |364| 
    2716 0000000c 18A8          AND       AH,#32768             ; [CPU_ALU] |364| 
         0000000d 8000 
    2717              $C$DW$78        .dwtag  DW_TAG_TI_branch
    2718                      .dwattr $C$DW$78, DW_AT_low_pc(0x00)
    2719                      .dwattr $C$DW$78, DW_AT_name("__c28xabi_cmpull")
    2720                      .dwattr $C$DW$78, DW_AT_TI_call
    2721              
    2722 0000000e 7640!         LCR       #||__c28xabi_cmpull|| ; [CPU_ALU] |364| 
         0000000f 0000 
    2723                      ; call occurs [#||__c28xabi_cmpull||] ; [] |364| 
    2724 00000010 9B00          MOVB      AH,#0                 ; [CPU_ALU] |364| 
    2725 00000011 5200          CMPB      AL,#0                 ; [CPU_ALU] |364| 
    2726 00000012 56B0          MOVB      AH,#1,NEQ             ; [CPU_ALU] |364| 
         00000013 01A8 
    2727 00000014 92A8          MOV       AL,AH                 ; [CPU_ALU] |364| 
    2728 00000015 FE84          SUBB      SP,#4                 ; [CPU_ARAU] 
    2729                      .dwcfi  cfa_offset, -2
    2730              $C$DW$79        .dwtag  DW_TAG_TI_branch
    2731                      .dwattr $C$DW$79, DW_AT_low_pc(0x00)
    2732                      .dwattr $C$DW$79, DW_AT_TI_return
    2733              
    2734 00000016 0006          LRETR     ; [CPU_ALU] 
    2735                      ; return occurs ; [] 
    2736                      .dwattr $C$DW$75, DW_AT_TI_end_file("C:/ti/ccs2031/ccs/tools/compiler/ti-cgt-c2000_22.6.2.LTS/include
    2737                      .dwattr $C$DW$75, DW_AT_TI_end_line(0x16c)
    2738                      .dwattr $C$DW$75, DW_AT_TI_end_column(0x2a)
    2739                      .dwendentry
    2740                      .dwendtag $C$DW$75
    2741              
    2742 00000000               .sect   ".text:__relaxed_sqrtf"
    2743                      .clink
    2744                      .global ||__relaxed_sqrtf||
TMS320C2000 Assembler PC v22.6.2 Mon Jan 26 16:23:05 2026

Copyright (c) 1996-2018 Texas Instruments Incorporated
dual_axis_servo_drive_cpu.asm                                        PAGE   62

    2745              
    2746              $C$DW$80        .dwtag  DW_TAG_subprogram
    2747                      .dwattr $C$DW$80, DW_AT_name("__relaxed_sqrtf")
    2748                      .dwattr $C$DW$80, DW_AT_low_pc(||__relaxed_sqrtf||)
    2749                      .dwattr $C$DW$80, DW_AT_high_pc(0x00)
    2750                      .dwattr $C$DW$80, DW_AT_linkage_name("__relaxed_sqrtf")
    2751                      .dwattr $C$DW$80, DW_AT_external
    2752                      .dwattr $C$DW$80, DW_AT_type(*$C$DW$T$16)
    2753                      .dwattr $C$DW$80, DW_AT_decl_file("C:/ti/ccs2031/ccs/tools/compiler/ti-cgt-c2000_22.6.2.LTS/include/m
    2754                      .dwattr $C$DW$80, DW_AT_decl_line(0x103)
    2755                      .dwattr $C$DW$80, DW_AT_decl_column(0x10)
    2756                      .dwattr $C$DW$80, DW_AT_TI_max_frame_size(-2)
    2757                      .dwpsn  file "C:/ti/ccs2031/ccs/tools/compiler/ti-cgt-c2000_22.6.2.LTS/include/math.h",line 260,colum
    2758              
    2759                      .dwfde $C$DW$CIE, ||__relaxed_sqrtf||
    2760              $C$DW$81        .dwtag  DW_TAG_formal_parameter
    2761                      .dwattr $C$DW$81, DW_AT_name("x")
    2762                      .dwattr $C$DW$81, DW_AT_type(*$C$DW$T$16)
    2763                      .dwattr $C$DW$81, DW_AT_location[DW_OP_regx 0x2b]
    2764              
    2765              
    2766              ;***************************************************************
    2767              ;* FNAME: __relaxed_sqrtf               FR SIZE:   0           *
    2768              ;*                                                             *
    2769              ;* FUNCTION ENVIRONMENT                                        *
    2770              ;*                                                             *
    2771              ;* FUNCTION PROPERTIES                                         *
    2772              ;*                            0 Parameter,  0 Auto,  0 SOE     *
    2773              ;***************************************************************
    2774              
    2775              ||__relaxed_sqrtf||:
    2776              ;* R0    assigned to x
    2777              $C$DW$82        .dwtag  DW_TAG_variable
    2778                      .dwattr $C$DW$82, DW_AT_name("x")
    2779                      .dwattr $C$DW$82, DW_AT_type(*$C$DW$T$203)
    2780                      .dwattr $C$DW$82, DW_AT_location[DW_OP_regx 0x2b]
    2781              
    2782                      .dwcfi  cfa_offset, -2
    2783                      .dwcfi  save_reg_to_mem, 26, 0
    2784                      .dwpsn  file "C:/ti/ccs2031/ccs/tools/compiler/ti-cgt-c2000_22.6.2.LTS/include/math.h",line 261,colum
    2785 00000000 E277          SQRTF32   R0H,R0H               ; [CPU_FPU] |261| 
         00000001 0000 
    2786 00000002 7700          NOP       ; [CPU_ALU] 
    2787 00000003 7700          NOP       ; [CPU_ALU] 
    2788 00000004 7700          NOP       ; [CPU_ALU] 
    2789              $C$DW$83        .dwtag  DW_TAG_TI_branch
    2790                      .dwattr $C$DW$83, DW_AT_low_pc(0x00)
    2791                      .dwattr $C$DW$83, DW_AT_TI_return
    2792              
    2793 00000005 0006          LRETR     ; [CPU_ALU] 
    2794                      ; return occurs ; [] 
    2795                      .dwattr $C$DW$80, DW_AT_TI_end_file("C:/ti/ccs2031/ccs/tools/compiler/ti-cgt-c2000_22.6.2.LTS/include
    2796                      .dwattr $C$DW$80, DW_AT_TI_end_line(0x106)
    2797                      .dwattr $C$DW$80, DW_AT_TI_end_column(0x01)
    2798                      .dwendentry
TMS320C2000 Assembler PC v22.6.2 Mon Jan 26 16:23:05 2026

Copyright (c) 1996-2018 Texas Instruments Incorporated
dual_axis_servo_drive_cpu.asm                                        PAGE   63

    2799                      .dwendtag $C$DW$80
    2800              
    2801 00000000               .sect   ".text:__relaxed_sinf"
    2802                      .clink
    2803                      .global ||__relaxed_sinf||
    2804              
    2805              $C$DW$84        .dwtag  DW_TAG_subprogram
    2806                      .dwattr $C$DW$84, DW_AT_name("__relaxed_sinf")
    2807                      .dwattr $C$DW$84, DW_AT_low_pc(||__relaxed_sinf||)
    2808                      .dwattr $C$DW$84, DW_AT_high_pc(0x00)
    2809                      .dwattr $C$DW$84, DW_AT_linkage_name("__relaxed_sinf")
    2810                      .dwattr $C$DW$84, DW_AT_external
    2811                      .dwattr $C$DW$84, DW_AT_type(*$C$DW$T$16)
    2812                      .dwattr $C$DW$84, DW_AT_decl_file("C:/ti/ccs2031/ccs/tools/compiler/ti-cgt-c2000_22.6.2.LTS/include/m
    2813                      .dwattr $C$DW$84, DW_AT_decl_line(0x108)
    2814                      .dwattr $C$DW$84, DW_AT_decl_column(0x10)
    2815                      .dwattr $C$DW$84, DW_AT_TI_max_frame_size(-2)
    2816                      .dwpsn  file "C:/ti/ccs2031/ccs/tools/compiler/ti-cgt-c2000_22.6.2.LTS/include/math.h",line 265,colum
    2817              
    2818                      .dwfde $C$DW$CIE, ||__relaxed_sinf||
    2819              $C$DW$85        .dwtag  DW_TAG_formal_parameter
    2820                      .dwattr $C$DW$85, DW_AT_name("x")
    2821                      .dwattr $C$DW$85, DW_AT_type(*$C$DW$T$16)
    2822                      .dwattr $C$DW$85, DW_AT_location[DW_OP_regx 0x2b]
    2823              
    2824              
    2825              ;***************************************************************
    2826              ;* FNAME: __relaxed_sinf                FR SIZE:   0           *
    2827              ;*                                                             *
    2828              ;* FUNCTION ENVIRONMENT                                        *
    2829              ;*                                                             *
    2830              ;* FUNCTION PROPERTIES                                         *
    2831              ;*                            0 Parameter,  0 Auto,  0 SOE     *
    2832              ;***************************************************************
    2833              
    2834              ||__relaxed_sinf||:
    2835              ;* R0    assigned to x
    2836              $C$DW$86        .dwtag  DW_TAG_variable
    2837                      .dwattr $C$DW$86, DW_AT_name("x")
    2838                      .dwattr $C$DW$86, DW_AT_type(*$C$DW$T$203)
    2839                      .dwattr $C$DW$86, DW_AT_location[DW_OP_regx 0x2b]
    2840              
    2841                      .dwcfi  cfa_offset, -2
    2842                      .dwcfi  save_reg_to_mem, 26, 0
    2843                      .dwpsn  file "C:/ti/ccs2031/ccs/tools/compiler/ti-cgt-c2000_22.6.2.LTS/include/math.h",line 266,colum
    2844 00000000 E271          DIV2PIF32 R0H,R0H               ; [CPU_FPU] |266| 
         00000001 0000 
    2845 00000002 7700          NOP       ; [CPU_ALU] 
    2846 00000003 E278          SINPUF32  R0H,R0H               ; [CPU_FPU] |266| 
         00000004 0000 
    2847 00000005 7700          NOP       ; [CPU_ALU] 
    2848 00000006 7700          NOP       ; [CPU_ALU] 
    2849              $C$DW$87        .dwtag  DW_TAG_TI_branch
    2850                      .dwattr $C$DW$87, DW_AT_low_pc(0x00)
    2851                      .dwattr $C$DW$87, DW_AT_TI_return
TMS320C2000 Assembler PC v22.6.2 Mon Jan 26 16:23:05 2026

Copyright (c) 1996-2018 Texas Instruments Incorporated
dual_axis_servo_drive_cpu.asm                                        PAGE   64

    2852              
    2853 00000007 0006          LRETR     ; [CPU_ALU] 
    2854                      ; return occurs ; [] 
    2855                      .dwattr $C$DW$84, DW_AT_TI_end_file("C:/ti/ccs2031/ccs/tools/compiler/ti-cgt-c2000_22.6.2.LTS/include
    2856                      .dwattr $C$DW$84, DW_AT_TI_end_line(0x10b)
    2857                      .dwattr $C$DW$84, DW_AT_TI_end_column(0x01)
    2858                      .dwendentry
    2859                      .dwendtag $C$DW$84
    2860              
    2861 00000000               .sect   ".text:__relaxed_powf"
    2862                      .clink
    2863                      .global ||__relaxed_powf||
    2864              
    2865              $C$DW$88        .dwtag  DW_TAG_subprogram
    2866                      .dwattr $C$DW$88, DW_AT_name("__relaxed_powf")
    2867                      .dwattr $C$DW$88, DW_AT_low_pc(||__relaxed_powf||)
    2868                      .dwattr $C$DW$88, DW_AT_high_pc(0x00)
    2869                      .dwattr $C$DW$88, DW_AT_linkage_name("__relaxed_powf")
    2870                      .dwattr $C$DW$88, DW_AT_external
    2871                      .dwattr $C$DW$88, DW_AT_type(*$C$DW$T$16)
    2872                      .dwattr $C$DW$88, DW_AT_decl_file("C:/ti/ccs2031/ccs/tools/compiler/ti-cgt-c2000_22.6.2.LTS/include/m
    2873                      .dwattr $C$DW$88, DW_AT_decl_line(0x13b)
    2874                      .dwattr $C$DW$88, DW_AT_decl_column(0x10)
    2875                      .dwattr $C$DW$88, DW_AT_TI_max_frame_size(-4)
    2876                      .dwpsn  file "C:/ti/ccs2031/ccs/tools/compiler/ti-cgt-c2000_22.6.2.LTS/include/math.h",line 316,colum
    2877              
    2878                      .dwfde $C$DW$CIE, ||__relaxed_powf||
    2879              $C$DW$89        .dwtag  DW_TAG_formal_parameter
    2880                      .dwattr $C$DW$89, DW_AT_name("x")
    2881                      .dwattr $C$DW$89, DW_AT_type(*$C$DW$T$16)
    2882                      .dwattr $C$DW$89, DW_AT_location[DW_OP_regx 0x2b]
    2883              
    2884              $C$DW$90        .dwtag  DW_TAG_formal_parameter
    2885                      .dwattr $C$DW$90, DW_AT_name("y")
    2886                      .dwattr $C$DW$90, DW_AT_type(*$C$DW$T$16)
    2887                      .dwattr $C$DW$90, DW_AT_location[DW_OP_regx 0x2f]
    2888              
    2889              
    2890              ;***************************************************************
    2891              ;* FNAME: __relaxed_powf                FR SIZE:   2           *
    2892              ;*                                                             *
    2893              ;* FUNCTION ENVIRONMENT                                        *
    2894              ;*                                                             *
    2895              ;* FUNCTION PROPERTIES                                         *
    2896              ;*                            2 Parameter,  0 Auto,  0 SOE     *
    2897              ;***************************************************************
    2898              
    2899              ||__relaxed_powf||:
    2900              ;* R1    assigned to $O$C2
    2901              ;* R0    assigned to $O$K4
    2902              ;* R0    assigned to $O$R1
    2903              ;* R0    assigned to x
    2904              $C$DW$91        .dwtag  DW_TAG_variable
    2905                      .dwattr $C$DW$91, DW_AT_name("x")
    2906                      .dwattr $C$DW$91, DW_AT_type(*$C$DW$T$203)
TMS320C2000 Assembler PC v22.6.2 Mon Jan 26 16:23:05 2026

Copyright (c) 1996-2018 Texas Instruments Incorporated
dual_axis_servo_drive_cpu.asm                                        PAGE   65

    2907                      .dwattr $C$DW$91, DW_AT_location[DW_OP_regx 0x2b]
    2908              
    2909              ;* R1    assigned to y
    2910              $C$DW$92        .dwtag  DW_TAG_variable
    2911                      .dwattr $C$DW$92, DW_AT_name("y")
    2912                      .dwattr $C$DW$92, DW_AT_type(*$C$DW$T$203)
    2913                      .dwattr $C$DW$92, DW_AT_location[DW_OP_regx 0x2f]
    2914              
    2915              ;* R0    assigned to iexp2f
    2916              $C$DW$93        .dwtag  DW_TAG_variable
    2917                      .dwattr $C$DW$93, DW_AT_name("iexp2f")
    2918                      .dwattr $C$DW$93, DW_AT_type(*$C$DW$T$16)
    2919                      .dwattr $C$DW$93, DW_AT_location[DW_OP_regx 0x2b]
    2920              
    2921                      .dwcfi  cfa_offset, -2
    2922                      .dwcfi  save_reg_to_mem, 26, 0
    2923 00000000 FE02          ADDB      SP,#2                 ; [CPU_ARAU] 
    2924                      .dwcfi  cfa_offset, -4
    2925                      .dwpsn  file "C:/ti/ccs2031/ccs/tools/compiler/ti-cgt-c2000_22.6.2.LTS/include/math.h",line 298,colum
    2926 00000001 E272          LOG2F32   R0H,R0H               ; [CPU_FPU] |298| 
         00000002 0000 
    2927 00000003 7700          NOP       ; [CPU_ALU] 
    2928 00000004 7700          NOP       ; [CPU_ALU] 
    2929 00000005 7700          NOP       ; [CPU_ALU] 
    2930 00000006 E700          MPYF32    R1H,R1H,R0H           ; [CPU_FPU] |298| 
         00000007 0009 
    2931 00000008 7700          NOP       ; [CPU_ALU] 
    2932                      .dwpsn  file "C:/ti/ccs2031/ccs/tools/compiler/ti-cgt-c2000_22.6.2.LTS/include/math.h",line 299,colum
    2933 00000009 E5A1          CMPF32    R1H,#0                ; [CPU_FPU] |299| 
    2934 0000000a AD14          MOVST0    ZF, NF                ; [CPU_FPU] |299| 
    2935                      .dwpsn  file "C:/ti/ccs2031/ccs/tools/compiler/ti-cgt-c2000_22.6.2.LTS/include/math.h",line 298,colum
    2936 0000000b E273          IEXP2F32  R0H,R1H               ; [CPU_FPU] |298| 
         0000000c 0008 
    2937                      .dwpsn  file "C:/ti/ccs2031/ccs/tools/compiler/ti-cgt-c2000_22.6.2.LTS/include/math.h",line 299,colum
    2938 0000000d 6507          B         ||$C$L51||,LEQ        ; [CPU_ALU] |299| 
    2939                      ; branchcc occurs ; [] |299| 
    2940 0000000e E801          MOVIZ     R1H,#16256            ; [CPU_FPU] |299| 
         0000000f FC01 
    2941 00000010 E274          DIVF32    R0H,R1H,R0H           ; [CPU_FPU] |299| 
         00000011 0008 
    2942 00000012 7700          NOP       ; [CPU_ALU] 
    2943 00000013 7700          NOP       ; [CPU_ALU] 
    2944 00000014       ||$C$L51||:    
    2945 00000014 FE82          SUBB      SP,#2                 ; [CPU_ARAU] 
    2946                      .dwcfi  cfa_offset, -2
    2947              $C$DW$94        .dwtag  DW_TAG_TI_branch
    2948                      .dwattr $C$DW$94, DW_AT_low_pc(0x00)
    2949                      .dwattr $C$DW$94, DW_AT_TI_return
    2950              
    2951 00000015 0006          LRETR     ; [CPU_ALU] 
    2952                      ; return occurs ; [] 
    2953                      .dwattr $C$DW$88, DW_AT_TI_end_file("C:/ti/ccs2031/ccs/tools/compiler/ti-cgt-c2000_22.6.2.LTS/include
    2954                      .dwattr $C$DW$88, DW_AT_TI_end_line(0x141)
    2955                      .dwattr $C$DW$88, DW_AT_TI_end_column(0x01)
    2956                      .dwendentry
TMS320C2000 Assembler PC v22.6.2 Mon Jan 26 16:23:05 2026

Copyright (c) 1996-2018 Texas Instruments Incorporated
dual_axis_servo_drive_cpu.asm                                        PAGE   66

    2957                      .dwendtag $C$DW$88
    2958              
    2959 00000000               .sect   ".text:__relaxed_logf"
    2960                      .clink
    2961                      .global ||__relaxed_logf||
    2962              
    2963              $C$DW$95        .dwtag  DW_TAG_subprogram
    2964                      .dwattr $C$DW$95, DW_AT_name("__relaxed_logf")
    2965                      .dwattr $C$DW$95, DW_AT_low_pc(||__relaxed_logf||)
    2966                      .dwattr $C$DW$95, DW_AT_high_pc(0x00)
    2967                      .dwattr $C$DW$95, DW_AT_linkage_name("__relaxed_logf")
    2968                      .dwattr $C$DW$95, DW_AT_external
    2969                      .dwattr $C$DW$95, DW_AT_type(*$C$DW$T$16)
    2970                      .dwattr $C$DW$95, DW_AT_decl_file("C:/ti/ccs2031/ccs/tools/compiler/ti-cgt-c2000_22.6.2.LTS/include/m
    2971                      .dwattr $C$DW$95, DW_AT_decl_line(0x135)
    2972                      .dwattr $C$DW$95, DW_AT_decl_column(0x10)
    2973                      .dwattr $C$DW$95, DW_AT_TI_max_frame_size(-2)
    2974                      .dwpsn  file "C:/ti/ccs2031/ccs/tools/compiler/ti-cgt-c2000_22.6.2.LTS/include/math.h",line 310,colum
    2975              
    2976                      .dwfde $C$DW$CIE, ||__relaxed_logf||
    2977              $C$DW$96        .dwtag  DW_TAG_formal_parameter
    2978                      .dwattr $C$DW$96, DW_AT_name("x")
    2979                      .dwattr $C$DW$96, DW_AT_type(*$C$DW$T$16)
    2980                      .dwattr $C$DW$96, DW_AT_location[DW_OP_regx 0x2b]
    2981              
    2982              
    2983              ;***************************************************************
    2984              ;* FNAME: __relaxed_logf                FR SIZE:   0           *
    2985              ;*                                                             *
    2986              ;* FUNCTION ENVIRONMENT                                        *
    2987              ;*                                                             *
    2988              ;* FUNCTION PROPERTIES                                         *
    2989              ;*                            0 Parameter,  0 Auto,  0 SOE     *
    2990              ;***************************************************************
    2991              
    2992              ||__relaxed_logf||:
    2993              ;* R0    assigned to x
    2994              $C$DW$97        .dwtag  DW_TAG_variable
    2995                      .dwattr $C$DW$97, DW_AT_name("x")
    2996                      .dwattr $C$DW$97, DW_AT_type(*$C$DW$T$203)
    2997                      .dwattr $C$DW$97, DW_AT_location[DW_OP_regx 0x2b]
    2998              
    2999                      .dwcfi  cfa_offset, -2
    3000                      .dwcfi  save_reg_to_mem, 26, 0
    3001                      .dwpsn  file "C:/ti/ccs2031/ccs/tools/compiler/ti-cgt-c2000_22.6.2.LTS/include/math.h",line 312,colum
    3002 00000000 E272          LOG2F32   R1H,R0H               ; [CPU_FPU] |312| 
         00000001 0001 
    3003 00000002 7700          NOP       ; [CPU_ALU] 
    3004 00000003 E801          MOVIZ     R0H,#16177            ; [CPU_FPU] |312| 
         00000004 F988 
    3005 00000005 E80B          MOVXI     R0H,#29205            ; [CPU_FPU] |312| 
         00000006 90A8 
    3006 00000007 E700          MPYF32    R0H,R0H,R1H           ; [CPU_FPU] |312| 
         00000008 0040 
    3007              $C$DW$98        .dwtag  DW_TAG_TI_branch
TMS320C2000 Assembler PC v22.6.2 Mon Jan 26 16:23:05 2026

Copyright (c) 1996-2018 Texas Instruments Incorporated
dual_axis_servo_drive_cpu.asm                                        PAGE   67

    3008                      .dwattr $C$DW$98, DW_AT_low_pc(0x00)
    3009                      .dwattr $C$DW$98, DW_AT_TI_return
    3010              
    3011 00000009 0006          LRETR     ; [CPU_ALU] 
    3012                      ; return occurs ; [] 
    3013                      .dwattr $C$DW$95, DW_AT_TI_end_file("C:/ti/ccs2031/ccs/tools/compiler/ti-cgt-c2000_22.6.2.LTS/include
    3014                      .dwattr $C$DW$95, DW_AT_TI_end_line(0x139)
    3015                      .dwattr $C$DW$95, DW_AT_TI_end_column(0x01)
    3016                      .dwendentry
    3017                      .dwendtag $C$DW$95
    3018              
    3019 00000000               .sect   ".text:__relaxed_log2f"
    3020                      .clink
    3021                      .global ||__relaxed_log2f||
    3022              
    3023              $C$DW$99        .dwtag  DW_TAG_subprogram
    3024                      .dwattr $C$DW$99, DW_AT_name("__relaxed_log2f")
    3025                      .dwattr $C$DW$99, DW_AT_low_pc(||__relaxed_log2f||)
    3026                      .dwattr $C$DW$99, DW_AT_high_pc(0x00)
    3027                      .dwattr $C$DW$99, DW_AT_linkage_name("__relaxed_log2f")
    3028                      .dwattr $C$DW$99, DW_AT_external
    3029                      .dwattr $C$DW$99, DW_AT_type(*$C$DW$T$16)
    3030                      .dwattr $C$DW$99, DW_AT_decl_file("C:/ti/ccs2031/ccs/tools/compiler/ti-cgt-c2000_22.6.2.LTS/include/m
    3031                      .dwattr $C$DW$99, DW_AT_decl_line(0x123)
    3032                      .dwattr $C$DW$99, DW_AT_decl_column(0x10)
    3033                      .dwattr $C$DW$99, DW_AT_TI_max_frame_size(-2)
    3034                      .dwpsn  file "C:/ti/ccs2031/ccs/tools/compiler/ti-cgt-c2000_22.6.2.LTS/include/math.h",line 292,colum
    3035              
    3036                      .dwfde $C$DW$CIE, ||__relaxed_log2f||
    3037              $C$DW$100       .dwtag  DW_TAG_formal_parameter
    3038                      .dwattr $C$DW$100, DW_AT_name("x")
    3039                      .dwattr $C$DW$100, DW_AT_type(*$C$DW$T$16)
    3040                      .dwattr $C$DW$100, DW_AT_location[DW_OP_regx 0x2b]
    3041              
    3042              
    3043              ;***************************************************************
    3044              ;* FNAME: __relaxed_log2f               FR SIZE:   0           *
    3045              ;*                                                             *
    3046              ;* FUNCTION ENVIRONMENT                                        *
    3047              ;*                                                             *
    3048              ;* FUNCTION PROPERTIES                                         *
    3049              ;*                            0 Parameter,  0 Auto,  0 SOE     *
    3050              ;***************************************************************
    3051              
    3052              ||__relaxed_log2f||:
    3053              ;* R0    assigned to x
    3054              $C$DW$101       .dwtag  DW_TAG_variable
    3055                      .dwattr $C$DW$101, DW_AT_name("x")
    3056                      .dwattr $C$DW$101, DW_AT_type(*$C$DW$T$203)
    3057                      .dwattr $C$DW$101, DW_AT_location[DW_OP_regx 0x2b]
    3058              
    3059                      .dwcfi  cfa_offset, -2
    3060                      .dwcfi  save_reg_to_mem, 26, 0
    3061                      .dwpsn  file "C:/ti/ccs2031/ccs/tools/compiler/ti-cgt-c2000_22.6.2.LTS/include/math.h",line 293,colum
    3062 00000000 E272          LOG2F32   R0H,R0H               ; [CPU_FPU] |293| 
TMS320C2000 Assembler PC v22.6.2 Mon Jan 26 16:23:05 2026

Copyright (c) 1996-2018 Texas Instruments Incorporated
dual_axis_servo_drive_cpu.asm                                        PAGE   68

         00000001 0000 
    3063 00000002 7700          NOP       ; [CPU_ALU] 
    3064 00000003 7700          NOP       ; [CPU_ALU] 
    3065              $C$DW$102       .dwtag  DW_TAG_TI_branch
    3066                      .dwattr $C$DW$102, DW_AT_low_pc(0x00)
    3067                      .dwattr $C$DW$102, DW_AT_TI_return
    3068              
    3069 00000004 0006          LRETR     ; [CPU_ALU] 
    3070                      ; return occurs ; [] 
    3071                      .dwattr $C$DW$99, DW_AT_TI_end_file("C:/ti/ccs2031/ccs/tools/compiler/ti-cgt-c2000_22.6.2.LTS/include
    3072                      .dwattr $C$DW$99, DW_AT_TI_end_line(0x126)
    3073                      .dwattr $C$DW$99, DW_AT_TI_end_column(0x01)
    3074                      .dwendentry
    3075                      .dwendtag $C$DW$99
    3076              
    3077 00000000               .sect   ".text:__relaxed_fmodf"
    3078                      .clink
    3079                      .global ||__relaxed_fmodf||
    3080              
    3081              $C$DW$103       .dwtag  DW_TAG_subprogram
    3082                      .dwattr $C$DW$103, DW_AT_name("__relaxed_fmodf")
    3083                      .dwattr $C$DW$103, DW_AT_low_pc(||__relaxed_fmodf||)
    3084                      .dwattr $C$DW$103, DW_AT_high_pc(0x00)
    3085                      .dwattr $C$DW$103, DW_AT_linkage_name("__relaxed_fmodf")
    3086                      .dwattr $C$DW$103, DW_AT_external
    3087                      .dwattr $C$DW$103, DW_AT_type(*$C$DW$T$16)
    3088                      .dwattr $C$DW$103, DW_AT_decl_file("C:/ti/ccs2031/ccs/tools/compiler/ti-cgt-c2000_22.6.2.LTS/include/
    3089                      .dwattr $C$DW$103, DW_AT_decl_line(0x11c)
    3090                      .dwattr $C$DW$103, DW_AT_decl_column(0x10)
    3091                      .dwattr $C$DW$103, DW_AT_TI_max_frame_size(-2)
    3092                      .dwpsn  file "C:/ti/ccs2031/ccs/tools/compiler/ti-cgt-c2000_22.6.2.LTS/include/math.h",line 285,colum
    3093              
    3094                      .dwfde $C$DW$CIE, ||__relaxed_fmodf||
    3095              $C$DW$104       .dwtag  DW_TAG_formal_parameter
    3096                      .dwattr $C$DW$104, DW_AT_name("y")
    3097                      .dwattr $C$DW$104, DW_AT_type(*$C$DW$T$16)
    3098                      .dwattr $C$DW$104, DW_AT_location[DW_OP_regx 0x2b]
    3099              
    3100              $C$DW$105       .dwtag  DW_TAG_formal_parameter
    3101                      .dwattr $C$DW$105, DW_AT_name("x")
    3102                      .dwattr $C$DW$105, DW_AT_type(*$C$DW$T$16)
    3103                      .dwattr $C$DW$105, DW_AT_location[DW_OP_regx 0x2f]
    3104              
    3105              
    3106              ;***************************************************************
    3107              ;* FNAME: __relaxed_fmodf               FR SIZE:   0           *
    3108              ;*                                                             *
    3109              ;* FUNCTION ENVIRONMENT                                        *
    3110              ;*                                                             *
    3111              ;* FUNCTION PROPERTIES                                         *
    3112              ;*                            0 Parameter,  0 Auto,  0 SOE     *
    3113              ;***************************************************************
    3114              
    3115              ||__relaxed_fmodf||:
    3116              ;* R0    assigned to y
TMS320C2000 Assembler PC v22.6.2 Mon Jan 26 16:23:05 2026

Copyright (c) 1996-2018 Texas Instruments Incorporated
dual_axis_servo_drive_cpu.asm                                        PAGE   69

    3117              $C$DW$106       .dwtag  DW_TAG_variable
    3118                      .dwattr $C$DW$106, DW_AT_name("y")
    3119                      .dwattr $C$DW$106, DW_AT_type(*$C$DW$T$203)
    3120                      .dwattr $C$DW$106, DW_AT_location[DW_OP_regx 0x2b]
    3121              
    3122              ;* R1    assigned to x
    3123              $C$DW$107       .dwtag  DW_TAG_variable
    3124                      .dwattr $C$DW$107, DW_AT_name("x")
    3125                      .dwattr $C$DW$107, DW_AT_type(*$C$DW$T$203)
    3126                      .dwattr $C$DW$107, DW_AT_location[DW_OP_regx 0x2f]
    3127              
    3128                      .dwcfi  cfa_offset, -2
    3129                      .dwcfi  save_reg_to_mem, 26, 0
    3130                      .dwpsn  file "C:/ti/ccs2031/ccs/tools/compiler/ti-cgt-c2000_22.6.2.LTS/include/math.h",line 286,colum
    3131 00000000 E274          DIVF32    R2H,R0H,R1H           ; [CPU_FPU] |286| 
         00000001 0042 
    3132 00000002 7700          NOP       ; [CPU_ALU] 
    3133 00000003 7700          NOP       ; [CPU_ALU] 
    3134 00000004 7700          NOP       ; [CPU_ALU] 
    3135 00000005 7700          NOP       ; [CPU_ALU] 
    3136 00000006 E688          F32TOI32  R2H,R2H               ; [CPU_FPU] |286| 
         00000007 0012 
    3137 00000008 7700          NOP       ; [CPU_ALU] 
    3138 00000009 E689          I32TOF32  R2H,R2H               ; [CPU_FPU] |286| 
         0000000a 0012 
    3139 0000000b 7700          NOP       ; [CPU_ALU] 
    3140 0000000c E700          MPYF32    R1H,R1H,R2H           ; [CPU_FPU] |286| 
         0000000d 0089 
    3141 0000000e 7700          NOP       ; [CPU_ALU] 
    3142 0000000f E720          SUBF32    R0H,R0H,R1H           ; [CPU_FPU] |286| 
         00000010 0040 
    3143              $C$DW$108       .dwtag  DW_TAG_TI_branch
    3144                      .dwattr $C$DW$108, DW_AT_low_pc(0x00)
    3145                      .dwattr $C$DW$108, DW_AT_TI_return
    3146              
    3147 00000011 0006          LRETR     ; [CPU_ALU] 
    3148                      ; return occurs ; [] 
    3149                      .dwattr $C$DW$103, DW_AT_TI_end_file("C:/ti/ccs2031/ccs/tools/compiler/ti-cgt-c2000_22.6.2.LTS/includ
    3150                      .dwattr $C$DW$103, DW_AT_TI_end_line(0x11f)
    3151                      .dwattr $C$DW$103, DW_AT_TI_end_column(0x01)
    3152                      .dwendentry
    3153                      .dwendtag $C$DW$103
    3154              
    3155 00000000               .sect   ".text:__relaxed_fminf"
    3156                      .clink
    3157                      .global ||__relaxed_fminf||
    3158              
    3159              $C$DW$109       .dwtag  DW_TAG_subprogram
    3160                      .dwattr $C$DW$109, DW_AT_name("__relaxed_fminf")
    3161                      .dwattr $C$DW$109, DW_AT_low_pc(||__relaxed_fminf||)
    3162                      .dwattr $C$DW$109, DW_AT_high_pc(0x00)
    3163                      .dwattr $C$DW$109, DW_AT_linkage_name("__relaxed_fminf")
    3164                      .dwattr $C$DW$109, DW_AT_external
    3165                      .dwattr $C$DW$109, DW_AT_type(*$C$DW$T$16)
    3166                      .dwattr $C$DW$109, DW_AT_decl_file("C:/ti/ccs2031/ccs/tools/compiler/ti-cgt-c2000_22.6.2.LTS/include/
TMS320C2000 Assembler PC v22.6.2 Mon Jan 26 16:23:05 2026

Copyright (c) 1996-2018 Texas Instruments Incorporated
dual_axis_servo_drive_cpu.asm                                        PAGE   70

    3167                      .dwattr $C$DW$109, DW_AT_decl_line(0xee)
    3168                      .dwattr $C$DW$109, DW_AT_decl_column(0x10)
    3169                      .dwattr $C$DW$109, DW_AT_TI_max_frame_size(-2)
    3170                      .dwpsn  file "C:/ti/ccs2031/ccs/tools/compiler/ti-cgt-c2000_22.6.2.LTS/include/math.h",line 239,colum
    3171              
    3172                      .dwfde $C$DW$CIE, ||__relaxed_fminf||
    3173              $C$DW$110       .dwtag  DW_TAG_formal_parameter
    3174                      .dwattr $C$DW$110, DW_AT_name("x")
    3175                      .dwattr $C$DW$110, DW_AT_type(*$C$DW$T$16)
    3176                      .dwattr $C$DW$110, DW_AT_location[DW_OP_regx 0x2b]
    3177              
    3178              $C$DW$111       .dwtag  DW_TAG_formal_parameter
    3179                      .dwattr $C$DW$111, DW_AT_name("y")
    3180                      .dwattr $C$DW$111, DW_AT_type(*$C$DW$T$16)
    3181                      .dwattr $C$DW$111, DW_AT_location[DW_OP_regx 0x2f]
    3182              
    3183              
    3184              ;***************************************************************
    3185              ;* FNAME: __relaxed_fminf               FR SIZE:   0           *
    3186              ;*                                                             *
    3187              ;* FUNCTION ENVIRONMENT                                        *
    3188              ;*                                                             *
    3189              ;* FUNCTION PROPERTIES                                         *
    3190              ;*                            0 Parameter,  0 Auto,  0 SOE     *
    3191              ;***************************************************************
    3192              
    3193              ||__relaxed_fminf||:
    3194              ;* R1    assigned to y
    3195              $C$DW$112       .dwtag  DW_TAG_variable
    3196                      .dwattr $C$DW$112, DW_AT_name("y")
    3197                      .dwattr $C$DW$112, DW_AT_type(*$C$DW$T$203)
    3198                      .dwattr $C$DW$112, DW_AT_location[DW_OP_regx 0x2f]
    3199              
    3200                      .dwcfi  cfa_offset, -2
    3201                      .dwcfi  save_reg_to_mem, 26, 0
    3202                      .dwpsn  file "C:/ti/ccs2031/ccs/tools/compiler/ti-cgt-c2000_22.6.2.LTS/include/math.h",line 240,colum
    3203 00000000 E697          MINF32    R0H,R1H               ; [CPU_FPU] |240| 
         00000001 0008 
    3204              $C$DW$113       .dwtag  DW_TAG_TI_branch
    3205                      .dwattr $C$DW$113, DW_AT_low_pc(0x00)
    3206                      .dwattr $C$DW$113, DW_AT_TI_return
    3207              
    3208 00000002 0006          LRETR     ; [CPU_ALU] 
    3209                      ; return occurs ; [] 
    3210                      .dwattr $C$DW$109, DW_AT_TI_end_file("C:/ti/ccs2031/ccs/tools/compiler/ti-cgt-c2000_22.6.2.LTS/includ
    3211                      .dwattr $C$DW$109, DW_AT_TI_end_line(0xf1)
    3212                      .dwattr $C$DW$109, DW_AT_TI_end_column(0x01)
    3213                      .dwendentry
    3214                      .dwendtag $C$DW$109
    3215              
    3216 00000000               .sect   ".text:__relaxed_fmaxf"
    3217                      .clink
    3218                      .global ||__relaxed_fmaxf||
    3219              
    3220              $C$DW$114       .dwtag  DW_TAG_subprogram
TMS320C2000 Assembler PC v22.6.2 Mon Jan 26 16:23:05 2026

Copyright (c) 1996-2018 Texas Instruments Incorporated
dual_axis_servo_drive_cpu.asm                                        PAGE   71

    3221                      .dwattr $C$DW$114, DW_AT_name("__relaxed_fmaxf")
    3222                      .dwattr $C$DW$114, DW_AT_low_pc(||__relaxed_fmaxf||)
    3223                      .dwattr $C$DW$114, DW_AT_high_pc(0x00)
    3224                      .dwattr $C$DW$114, DW_AT_linkage_name("__relaxed_fmaxf")
    3225                      .dwattr $C$DW$114, DW_AT_external
    3226                      .dwattr $C$DW$114, DW_AT_type(*$C$DW$T$16)
    3227                      .dwattr $C$DW$114, DW_AT_decl_file("C:/ti/ccs2031/ccs/tools/compiler/ti-cgt-c2000_22.6.2.LTS/include/
    3228                      .dwattr $C$DW$114, DW_AT_decl_line(0xe8)
    3229                      .dwattr $C$DW$114, DW_AT_decl_column(0x10)
    3230                      .dwattr $C$DW$114, DW_AT_TI_max_frame_size(-2)
    3231                      .dwpsn  file "C:/ti/ccs2031/ccs/tools/compiler/ti-cgt-c2000_22.6.2.LTS/include/math.h",line 233,colum
    3232              
    3233                      .dwfde $C$DW$CIE, ||__relaxed_fmaxf||
    3234              $C$DW$115       .dwtag  DW_TAG_formal_parameter
    3235                      .dwattr $C$DW$115, DW_AT_name("x")
    3236                      .dwattr $C$DW$115, DW_AT_type(*$C$DW$T$16)
    3237                      .dwattr $C$DW$115, DW_AT_location[DW_OP_regx 0x2b]
    3238              
    3239              $C$DW$116       .dwtag  DW_TAG_formal_parameter
    3240                      .dwattr $C$DW$116, DW_AT_name("y")
    3241                      .dwattr $C$DW$116, DW_AT_type(*$C$DW$T$16)
    3242                      .dwattr $C$DW$116, DW_AT_location[DW_OP_regx 0x2f]
    3243              
    3244              
    3245              ;***************************************************************
    3246              ;* FNAME: __relaxed_fmaxf               FR SIZE:   0           *
    3247              ;*                                                             *
    3248              ;* FUNCTION ENVIRONMENT                                        *
    3249              ;*                                                             *
    3250              ;* FUNCTION PROPERTIES                                         *
    3251              ;*                            0 Parameter,  0 Auto,  0 SOE     *
    3252              ;***************************************************************
    3253              
    3254              ||__relaxed_fmaxf||:
    3255              ;* R1    assigned to y
    3256              $C$DW$117       .dwtag  DW_TAG_variable
    3257                      .dwattr $C$DW$117, DW_AT_name("y")
    3258                      .dwattr $C$DW$117, DW_AT_type(*$C$DW$T$203)
    3259                      .dwattr $C$DW$117, DW_AT_location[DW_OP_regx 0x2f]
    3260              
    3261                      .dwcfi  cfa_offset, -2
    3262                      .dwcfi  save_reg_to_mem, 26, 0
    3263                      .dwpsn  file "C:/ti/ccs2031/ccs/tools/compiler/ti-cgt-c2000_22.6.2.LTS/include/math.h",line 234,colum
    3264 00000000 E696          MAXF32    R0H,R1H               ; [CPU_FPU] |234| 
         00000001 0008 
    3265              $C$DW$118       .dwtag  DW_TAG_TI_branch
    3266                      .dwattr $C$DW$118, DW_AT_low_pc(0x00)
    3267                      .dwattr $C$DW$118, DW_AT_TI_return
    3268              
    3269 00000002 0006          LRETR     ; [CPU_ALU] 
    3270                      ; return occurs ; [] 
    3271                      .dwattr $C$DW$114, DW_AT_TI_end_file("C:/ti/ccs2031/ccs/tools/compiler/ti-cgt-c2000_22.6.2.LTS/includ
    3272                      .dwattr $C$DW$114, DW_AT_TI_end_line(0xeb)
    3273                      .dwattr $C$DW$114, DW_AT_TI_end_column(0x01)
    3274                      .dwendentry
TMS320C2000 Assembler PC v22.6.2 Mon Jan 26 16:23:05 2026

Copyright (c) 1996-2018 Texas Instruments Incorporated
dual_axis_servo_drive_cpu.asm                                        PAGE   72

    3275                      .dwendtag $C$DW$114
    3276              
    3277 00000000               .sect   ".text:__relaxed_expf"
    3278                      .clink
    3279                      .global ||__relaxed_expf||
    3280              
    3281              $C$DW$119       .dwtag  DW_TAG_subprogram
    3282                      .dwattr $C$DW$119, DW_AT_name("__relaxed_expf")
    3283                      .dwattr $C$DW$119, DW_AT_low_pc(||__relaxed_expf||)
    3284                      .dwattr $C$DW$119, DW_AT_high_pc(0x00)
    3285                      .dwattr $C$DW$119, DW_AT_linkage_name("__relaxed_expf")
    3286                      .dwattr $C$DW$119, DW_AT_external
    3287                      .dwattr $C$DW$119, DW_AT_type(*$C$DW$T$16)
    3288                      .dwattr $C$DW$119, DW_AT_decl_file("C:/ti/ccs2031/ccs/tools/compiler/ti-cgt-c2000_22.6.2.LTS/include/
    3289                      .dwattr $C$DW$119, DW_AT_decl_line(0x12f)
    3290                      .dwattr $C$DW$119, DW_AT_decl_column(0x10)
    3291                      .dwattr $C$DW$119, DW_AT_TI_max_frame_size(-4)
    3292                      .dwpsn  file "C:/ti/ccs2031/ccs/tools/compiler/ti-cgt-c2000_22.6.2.LTS/include/math.h",line 304,colum
    3293              
    3294                      .dwfde $C$DW$CIE, ||__relaxed_expf||
    3295              $C$DW$120       .dwtag  DW_TAG_formal_parameter
    3296                      .dwattr $C$DW$120, DW_AT_name("x")
    3297                      .dwattr $C$DW$120, DW_AT_type(*$C$DW$T$16)
    3298                      .dwattr $C$DW$120, DW_AT_location[DW_OP_regx 0x2b]
    3299              
    3300              
    3301              ;***************************************************************
    3302              ;* FNAME: __relaxed_expf                FR SIZE:   2           *
    3303              ;*                                                             *
    3304              ;* FUNCTION ENVIRONMENT                                        *
    3305              ;*                                                             *
    3306              ;* FUNCTION PROPERTIES                                         *
    3307              ;*                            2 Parameter,  0 Auto,  0 SOE     *
    3308              ;***************************************************************
    3309              
    3310              ||__relaxed_expf||:
    3311              ;* R1    assigned to $O$C2
    3312              ;* R0    assigned to $O$K3
    3313              ;* R0    assigned to $O$R1
    3314              ;* R0    assigned to x
    3315              $C$DW$121       .dwtag  DW_TAG_variable
    3316                      .dwattr $C$DW$121, DW_AT_name("x")
    3317                      .dwattr $C$DW$121, DW_AT_type(*$C$DW$T$203)
    3318                      .dwattr $C$DW$121, DW_AT_location[DW_OP_regx 0x2b]
    3319              
    3320              ;* R0    assigned to iexp2f
    3321              $C$DW$122       .dwtag  DW_TAG_variable
    3322                      .dwattr $C$DW$122, DW_AT_name("iexp2f")
    3323                      .dwattr $C$DW$122, DW_AT_type(*$C$DW$T$16)
    3324                      .dwattr $C$DW$122, DW_AT_location[DW_OP_regx 0x2b]
    3325              
    3326                      .dwcfi  cfa_offset, -2
    3327                      .dwcfi  save_reg_to_mem, 26, 0
    3328 00000000 FE02          ADDB      SP,#2                 ; [CPU_ARAU] 
    3329                      .dwcfi  cfa_offset, -4
TMS320C2000 Assembler PC v22.6.2 Mon Jan 26 16:23:05 2026

Copyright (c) 1996-2018 Texas Instruments Incorporated
dual_axis_servo_drive_cpu.asm                                        PAGE   73

    3330                      .dwpsn  file "C:/ti/ccs2031/ccs/tools/compiler/ti-cgt-c2000_22.6.2.LTS/include/math.h",line 298,colum
    3331 00000001 E801          MOVIZ     R1H,#16312            ; [CPU_FPU] |298| 
         00000002 FDC1 
    3332 00000003 E80D          MOVXI     R1H,#43537            ; [CPU_FPU] |298| 
         00000004 5089 
    3333 00000005 E700          MPYF32    R1H,R1H,R0H           ; [CPU_FPU] |298| 
         00000006 0009 
    3334 00000007 7700          NOP       ; [CPU_ALU] 
    3335                      .dwpsn  file "C:/ti/ccs2031/ccs/tools/compiler/ti-cgt-c2000_22.6.2.LTS/include/math.h",line 299,colum
    3336 00000008 E5A1          CMPF32    R1H,#0                ; [CPU_FPU] |299| 
    3337 00000009 AD14          MOVST0    ZF, NF                ; [CPU_FPU] |299| 
    3338                      .dwpsn  file "C:/ti/ccs2031/ccs/tools/compiler/ti-cgt-c2000_22.6.2.LTS/include/math.h",line 298,colum
    3339 0000000a E273          IEXP2F32  R0H,R1H               ; [CPU_FPU] |298| 
         0000000b 0008 
    3340                      .dwpsn  file "C:/ti/ccs2031/ccs/tools/compiler/ti-cgt-c2000_22.6.2.LTS/include/math.h",line 299,colum
    3341 0000000c 6507          B         ||$C$L52||,LEQ        ; [CPU_ALU] |299| 
    3342                      ; branchcc occurs ; [] |299| 
    3343 0000000d E801          MOVIZ     R1H,#16256            ; [CPU_FPU] |299| 
         0000000e FC01 
    3344 0000000f E274          DIVF32    R0H,R1H,R0H           ; [CPU_FPU] |299| 
         00000010 0008 
    3345 00000011 7700          NOP       ; [CPU_ALU] 
    3346 00000012 7700          NOP       ; [CPU_ALU] 
    3347 00000013       ||$C$L52||:    
    3348 00000013 FE82          SUBB      SP,#2                 ; [CPU_ARAU] 
    3349                      .dwcfi  cfa_offset, -2
    3350              $C$DW$123       .dwtag  DW_TAG_TI_branch
    3351                      .dwattr $C$DW$123, DW_AT_low_pc(0x00)
    3352                      .dwattr $C$DW$123, DW_AT_TI_return
    3353              
    3354 00000014 0006          LRETR     ; [CPU_ALU] 
    3355                      ; return occurs ; [] 
    3356                      .dwattr $C$DW$119, DW_AT_TI_end_file("C:/ti/ccs2031/ccs/tools/compiler/ti-cgt-c2000_22.6.2.LTS/includ
    3357                      .dwattr $C$DW$119, DW_AT_TI_end_line(0x133)
    3358                      .dwattr $C$DW$119, DW_AT_TI_end_column(0x01)
    3359                      .dwendentry
    3360                      .dwendtag $C$DW$119
    3361              
    3362 00000000               .sect   ".text:__relaxed_cosf"
    3363                      .clink
    3364                      .global ||__relaxed_cosf||
    3365              
    3366              $C$DW$124       .dwtag  DW_TAG_subprogram
    3367                      .dwattr $C$DW$124, DW_AT_name("__relaxed_cosf")
    3368                      .dwattr $C$DW$124, DW_AT_low_pc(||__relaxed_cosf||)
    3369                      .dwattr $C$DW$124, DW_AT_high_pc(0x00)
    3370                      .dwattr $C$DW$124, DW_AT_linkage_name("__relaxed_cosf")
    3371                      .dwattr $C$DW$124, DW_AT_external
    3372                      .dwattr $C$DW$124, DW_AT_type(*$C$DW$T$16)
    3373                      .dwattr $C$DW$124, DW_AT_decl_file("C:/ti/ccs2031/ccs/tools/compiler/ti-cgt-c2000_22.6.2.LTS/include/
    3374                      .dwattr $C$DW$124, DW_AT_decl_line(0x10d)
    3375                      .dwattr $C$DW$124, DW_AT_decl_column(0x10)
    3376                      .dwattr $C$DW$124, DW_AT_TI_max_frame_size(-2)
    3377                      .dwpsn  file "C:/ti/ccs2031/ccs/tools/compiler/ti-cgt-c2000_22.6.2.LTS/include/math.h",line 270,colum
    3378              
TMS320C2000 Assembler PC v22.6.2 Mon Jan 26 16:23:05 2026

Copyright (c) 1996-2018 Texas Instruments Incorporated
dual_axis_servo_drive_cpu.asm                                        PAGE   74

    3379                      .dwfde $C$DW$CIE, ||__relaxed_cosf||
    3380              $C$DW$125       .dwtag  DW_TAG_formal_parameter
    3381                      .dwattr $C$DW$125, DW_AT_name("x")
    3382                      .dwattr $C$DW$125, DW_AT_type(*$C$DW$T$16)
    3383                      .dwattr $C$DW$125, DW_AT_location[DW_OP_regx 0x2b]
    3384              
    3385              
    3386              ;***************************************************************
    3387              ;* FNAME: __relaxed_cosf                FR SIZE:   0           *
    3388              ;*                                                             *
    3389              ;* FUNCTION ENVIRONMENT                                        *
    3390              ;*                                                             *
    3391              ;* FUNCTION PROPERTIES                                         *
    3392              ;*                            0 Parameter,  0 Auto,  0 SOE     *
    3393              ;***************************************************************
    3394              
    3395              ||__relaxed_cosf||:
    3396              ;* R0    assigned to x
    3397              $C$DW$126       .dwtag  DW_TAG_variable
    3398                      .dwattr $C$DW$126, DW_AT_name("x")
    3399                      .dwattr $C$DW$126, DW_AT_type(*$C$DW$T$203)
    3400                      .dwattr $C$DW$126, DW_AT_location[DW_OP_regx 0x2b]
    3401              
    3402                      .dwcfi  cfa_offset, -2
    3403                      .dwcfi  save_reg_to_mem, 26, 0
    3404                      .dwpsn  file "C:/ti/ccs2031/ccs/tools/compiler/ti-cgt-c2000_22.6.2.LTS/include/math.h",line 271,colum
    3405 00000000 E271          DIV2PIF32 R0H,R0H               ; [CPU_FPU] |271| 
         00000001 0000 
    3406 00000002 7700          NOP       ; [CPU_ALU] 
    3407 00000003 E279          COSPUF32  R0H,R0H               ; [CPU_FPU] |271| 
         00000004 0000 
    3408 00000005 7700          NOP       ; [CPU_ALU] 
    3409 00000006 7700          NOP       ; [CPU_ALU] 
    3410              $C$DW$127       .dwtag  DW_TAG_TI_branch
    3411                      .dwattr $C$DW$127, DW_AT_low_pc(0x00)
    3412                      .dwattr $C$DW$127, DW_AT_TI_return
    3413              
    3414 00000007 0006          LRETR     ; [CPU_ALU] 
    3415                      ; return occurs ; [] 
    3416                      .dwattr $C$DW$124, DW_AT_TI_end_file("C:/ti/ccs2031/ccs/tools/compiler/ti-cgt-c2000_22.6.2.LTS/includ
    3417                      .dwattr $C$DW$124, DW_AT_TI_end_line(0x110)
    3418                      .dwattr $C$DW$124, DW_AT_TI_end_column(0x01)
    3419                      .dwendentry
    3420                      .dwendtag $C$DW$124
    3421              
    3422 00000000               .sect   ".text:__relaxed_atanf"
    3423                      .clink
    3424                      .global ||__relaxed_atanf||
    3425              
    3426              $C$DW$128       .dwtag  DW_TAG_subprogram
    3427                      .dwattr $C$DW$128, DW_AT_name("__relaxed_atanf")
    3428                      .dwattr $C$DW$128, DW_AT_low_pc(||__relaxed_atanf||)
    3429                      .dwattr $C$DW$128, DW_AT_high_pc(0x00)
    3430                      .dwattr $C$DW$128, DW_AT_linkage_name("__relaxed_atanf")
    3431                      .dwattr $C$DW$128, DW_AT_external
TMS320C2000 Assembler PC v22.6.2 Mon Jan 26 16:23:05 2026

Copyright (c) 1996-2018 Texas Instruments Incorporated
dual_axis_servo_drive_cpu.asm                                        PAGE   75

    3432                      .dwattr $C$DW$128, DW_AT_type(*$C$DW$T$16)
    3433                      .dwattr $C$DW$128, DW_AT_decl_file("C:/ti/ccs2031/ccs/tools/compiler/ti-cgt-c2000_22.6.2.LTS/include/
    3434                      .dwattr $C$DW$128, DW_AT_decl_line(0x112)
    3435                      .dwattr $C$DW$128, DW_AT_decl_column(0x10)
    3436                      .dwattr $C$DW$128, DW_AT_TI_max_frame_size(-2)
    3437                      .dwpsn  file "C:/ti/ccs2031/ccs/tools/compiler/ti-cgt-c2000_22.6.2.LTS/include/math.h",line 275,colum
    3438              
    3439                      .dwfde $C$DW$CIE, ||__relaxed_atanf||
    3440              $C$DW$129       .dwtag  DW_TAG_formal_parameter
    3441                      .dwattr $C$DW$129, DW_AT_name("x")
    3442                      .dwattr $C$DW$129, DW_AT_type(*$C$DW$T$16)
    3443                      .dwattr $C$DW$129, DW_AT_location[DW_OP_regx 0x2b]
    3444              
    3445              
    3446              ;***************************************************************
    3447              ;* FNAME: __relaxed_atanf               FR SIZE:   0           *
    3448              ;*                                                             *
    3449              ;* FUNCTION ENVIRONMENT                                        *
    3450              ;*                                                             *
    3451              ;* FUNCTION PROPERTIES                                         *
    3452              ;*                            0 Parameter,  0 Auto,  0 SOE     *
    3453              ;***************************************************************
    3454              
    3455              ||__relaxed_atanf||:
    3456              ;* R0    assigned to x
    3457              $C$DW$130       .dwtag  DW_TAG_variable
    3458                      .dwattr $C$DW$130, DW_AT_name("x")
    3459                      .dwattr $C$DW$130, DW_AT_type(*$C$DW$T$203)
    3460                      .dwattr $C$DW$130, DW_AT_location[DW_OP_regx 0x2b]
    3461              
    3462                      .dwcfi  cfa_offset, -2
    3463                      .dwcfi  save_reg_to_mem, 26, 0
    3464                      .dwpsn  file "C:/ti/ccs2031/ccs/tools/compiler/ti-cgt-c2000_22.6.2.LTS/include/math.h",line 276,colum
    3465 00000000 E801          MOVIZ     R1H,#16256            ; [CPU_FPU] |276| 
         00000001 FC01 
    3466 00000002 E27C          QUADF32   R1H,R0H,R0H,R1H       ; [CPU_FPU] |276| 
         00000003 0201 
    3467 00000004 7700          NOP       ; [CPU_ALU] 
    3468 00000005 7700          NOP       ; [CPU_ALU] 
    3469 00000006 7700          NOP       ; [CPU_ALU] 
    3470 00000007 7700          NOP       ; [CPU_ALU] 
    3471 00000008 E27A          ATANPUF32 R0H,R0H               ; [CPU_FPU] |276| 
         00000009 0000 
    3472 0000000a 7700          NOP       ; [CPU_ALU] 
    3473 0000000b 7700          NOP       ; [CPU_ALU] 
    3474 0000000c 7700          NOP       ; [CPU_ALU] 
    3475 0000000d E710          ADDF32    R0H,R0H,R1H           ; [CPU_FPU] |276| 
         0000000e 0040 
    3476 0000000f 7700          NOP       ; [CPU_ALU] 
    3477 00000010 7700          NOP       ; [CPU_ALU] 
    3478 00000011 E270          MPY2PIF32 R0H,R0H               ; [CPU_FPU] |276| 
         00000012 0000 
    3479 00000013 7700          NOP       ; [CPU_ALU] 
    3480              $C$DW$131       .dwtag  DW_TAG_TI_branch
    3481                      .dwattr $C$DW$131, DW_AT_low_pc(0x00)
TMS320C2000 Assembler PC v22.6.2 Mon Jan 26 16:23:05 2026

Copyright (c) 1996-2018 Texas Instruments Incorporated
dual_axis_servo_drive_cpu.asm                                        PAGE   76

    3482                      .dwattr $C$DW$131, DW_AT_TI_return
    3483              
    3484 00000014 0006          LRETR     ; [CPU_ALU] 
    3485                      ; return occurs ; [] 
    3486                      .dwattr $C$DW$128, DW_AT_TI_end_file("C:/ti/ccs2031/ccs/tools/compiler/ti-cgt-c2000_22.6.2.LTS/includ
    3487                      .dwattr $C$DW$128, DW_AT_TI_end_line(0x115)
    3488                      .dwattr $C$DW$128, DW_AT_TI_end_column(0x01)
    3489                      .dwendentry
    3490                      .dwendtag $C$DW$128
    3491              
    3492 00000000               .sect   ".text:__relaxed_atan2f"
    3493                      .clink
    3494                      .global ||__relaxed_atan2f||
    3495              
    3496              $C$DW$132       .dwtag  DW_TAG_subprogram
    3497                      .dwattr $C$DW$132, DW_AT_name("__relaxed_atan2f")
    3498                      .dwattr $C$DW$132, DW_AT_low_pc(||__relaxed_atan2f||)
    3499                      .dwattr $C$DW$132, DW_AT_high_pc(0x00)
    3500                      .dwattr $C$DW$132, DW_AT_linkage_name("__relaxed_atan2f")
    3501                      .dwattr $C$DW$132, DW_AT_external
    3502                      .dwattr $C$DW$132, DW_AT_type(*$C$DW$T$16)
    3503                      .dwattr $C$DW$132, DW_AT_decl_file("C:/ti/ccs2031/ccs/tools/compiler/ti-cgt-c2000_22.6.2.LTS/include/
    3504                      .dwattr $C$DW$132, DW_AT_decl_line(0x117)
    3505                      .dwattr $C$DW$132, DW_AT_decl_column(0x10)
    3506                      .dwattr $C$DW$132, DW_AT_TI_max_frame_size(-2)
    3507                      .dwpsn  file "C:/ti/ccs2031/ccs/tools/compiler/ti-cgt-c2000_22.6.2.LTS/include/math.h",line 280,colum
    3508              
    3509                      .dwfde $C$DW$CIE, ||__relaxed_atan2f||
    3510              $C$DW$133       .dwtag  DW_TAG_formal_parameter
    3511                      .dwattr $C$DW$133, DW_AT_name("y")
    3512                      .dwattr $C$DW$133, DW_AT_type(*$C$DW$T$16)
    3513                      .dwattr $C$DW$133, DW_AT_location[DW_OP_regx 0x2b]
    3514              
    3515              $C$DW$134       .dwtag  DW_TAG_formal_parameter
    3516                      .dwattr $C$DW$134, DW_AT_name("x")
    3517                      .dwattr $C$DW$134, DW_AT_type(*$C$DW$T$16)
    3518                      .dwattr $C$DW$134, DW_AT_location[DW_OP_regx 0x2f]
    3519              
    3520              
    3521              ;***************************************************************
    3522              ;* FNAME: __relaxed_atan2f              FR SIZE:   0           *
    3523              ;*                                                             *
    3524              ;* FUNCTION ENVIRONMENT                                        *
    3525              ;*                                                             *
    3526              ;* FUNCTION PROPERTIES                                         *
    3527              ;*                            0 Parameter,  0 Auto,  0 SOE     *
    3528              ;***************************************************************
    3529              
    3530              ||__relaxed_atan2f||:
    3531              ;* R0    assigned to y
    3532              $C$DW$135       .dwtag  DW_TAG_variable
    3533                      .dwattr $C$DW$135, DW_AT_name("y")
    3534                      .dwattr $C$DW$135, DW_AT_type(*$C$DW$T$203)
    3535                      .dwattr $C$DW$135, DW_AT_location[DW_OP_regx 0x2b]
    3536              
TMS320C2000 Assembler PC v22.6.2 Mon Jan 26 16:23:05 2026

Copyright (c) 1996-2018 Texas Instruments Incorporated
dual_axis_servo_drive_cpu.asm                                        PAGE   77

    3537              ;* R1    assigned to x
    3538              $C$DW$136       .dwtag  DW_TAG_variable
    3539                      .dwattr $C$DW$136, DW_AT_name("x")
    3540                      .dwattr $C$DW$136, DW_AT_type(*$C$DW$T$203)
    3541                      .dwattr $C$DW$136, DW_AT_location[DW_OP_regx 0x2f]
    3542              
    3543                      .dwcfi  cfa_offset, -2
    3544                      .dwcfi  save_reg_to_mem, 26, 0
    3545                      .dwpsn  file "C:/ti/ccs2031/ccs/tools/compiler/ti-cgt-c2000_22.6.2.LTS/include/math.h",line 281,colum
    3546 00000000 E27C          QUADF32   R1H,R0H,R0H,R1H       ; [CPU_FPU] |281| 
         00000001 0201 
    3547 00000002 7700          NOP       ; [CPU_ALU] 
    3548 00000003 7700          NOP       ; [CPU_ALU] 
    3549 00000004 7700          NOP       ; [CPU_ALU] 
    3550 00000005 7700          NOP       ; [CPU_ALU] 
    3551 00000006 E27A          ATANPUF32 R0H,R0H               ; [CPU_FPU] |281| 
         00000007 0000 
    3552 00000008 7700          NOP       ; [CPU_ALU] 
    3553 00000009 7700          NOP       ; [CPU_ALU] 
    3554 0000000a 7700          NOP       ; [CPU_ALU] 
    3555 0000000b E710          ADDF32    R0H,R0H,R1H           ; [CPU_FPU] |281| 
         0000000c 0040 
    3556 0000000d 7700          NOP       ; [CPU_ALU] 
    3557 0000000e 7700          NOP       ; [CPU_ALU] 
    3558 0000000f E270          MPY2PIF32 R0H,R0H               ; [CPU_FPU] |281| 
         00000010 0000 
    3559 00000011 7700          NOP       ; [CPU_ALU] 
    3560              $C$DW$137       .dwtag  DW_TAG_TI_branch
    3561                      .dwattr $C$DW$137, DW_AT_low_pc(0x00)
    3562                      .dwattr $C$DW$137, DW_AT_TI_return
    3563              
    3564 00000012 0006          LRETR     ; [CPU_ALU] 
    3565                      ; return occurs ; [] 
    3566                      .dwattr $C$DW$132, DW_AT_TI_end_file("C:/ti/ccs2031/ccs/tools/compiler/ti-cgt-c2000_22.6.2.LTS/includ
    3567                      .dwattr $C$DW$132, DW_AT_TI_end_line(0x11a)
    3568                      .dwattr $C$DW$132, DW_AT_TI_end_column(0x01)
    3569                      .dwendentry
    3570                      .dwendtag $C$DW$132
    3571              
    3572 00000000               .sect   ".text:__isnormall"
    3573                      .clink
    3574                      .global ||__isnormall||
    3575              
    3576              $C$DW$138       .dwtag  DW_TAG_subprogram
    3577                      .dwattr $C$DW$138, DW_AT_name("__isnormall")
    3578                      .dwattr $C$DW$138, DW_AT_low_pc(||__isnormall||)
    3579                      .dwattr $C$DW$138, DW_AT_high_pc(0x00)
    3580                      .dwattr $C$DW$138, DW_AT_linkage_name("__isnormall")
    3581                      .dwattr $C$DW$138, DW_AT_external
    3582                      .dwattr $C$DW$138, DW_AT_type(*$C$DW$T$10)
    3583                      .dwattr $C$DW$138, DW_AT_decl_file("C:/ti/ccs2031/ccs/tools/compiler/ti-cgt-c2000_22.6.2.LTS/include/
    3584                      .dwattr $C$DW$138, DW_AT_decl_line(0x167)
    3585                      .dwattr $C$DW$138, DW_AT_decl_column(0x18)
    3586                      .dwattr $C$DW$138, DW_AT_TI_max_frame_size(-6)
    3587                      .dwpsn  file "C:/ti/ccs2031/ccs/tools/compiler/ti-cgt-c2000_22.6.2.LTS/include/_defs.h",line 360,colu
TMS320C2000 Assembler PC v22.6.2 Mon Jan 26 16:23:05 2026

Copyright (c) 1996-2018 Texas Instruments Incorporated
dual_axis_servo_drive_cpu.asm                                        PAGE   78

    3588              
    3589                      .dwfde $C$DW$CIE, ||__isnormall||
    3590              $C$DW$139       .dwtag  DW_TAG_formal_parameter
    3591                      .dwattr $C$DW$139, DW_AT_name("e")
    3592                      .dwattr $C$DW$139, DW_AT_type(*$C$DW$T$211)
    3593                      .dwattr $C$DW$139, DW_AT_location[DW_OP_reg12]
    3594              
    3595              
    3596              ;***************************************************************
    3597              ;* FNAME: __isnormall                   FR SIZE:   4           *
    3598              ;*                                                             *
    3599              ;* FUNCTION ENVIRONMENT                                        *
    3600              ;*                                                             *
    3601              ;* FUNCTION PROPERTIES                                         *
    3602              ;*                            4 Parameter,  0 Auto,  0 SOE     *
    3603              ;***************************************************************
    3604              
    3605              ||__isnormall||:
    3606              ;* AR5   assigned to $O$C2
    3607              ;* AR6   assigned to $O$S1
    3608              ;* AR4   assigned to e
    3609              $C$DW$140       .dwtag  DW_TAG_variable
    3610                      .dwattr $C$DW$140, DW_AT_name("e")
    3611                      .dwattr $C$DW$140, DW_AT_type(*$C$DW$T$212)
    3612                      .dwattr $C$DW$140, DW_AT_location[DW_OP_reg12]
    3613              
    3614                      .dwcfi  cfa_offset, -2
    3615                      .dwcfi  save_reg_to_mem, 26, 0
    3616 00000000 FE04          ADDB      SP,#4                 ; [CPU_ARAU] 
    3617                      .dwcfi  cfa_offset, -6
    3618                      .dwpsn  file "C:/ti/ccs2031/ccs/tools/compiler/ti-cgt-c2000_22.6.2.LTS/include/_defs.h",line 360,colu
    3619 00000001 83C4          MOVL      XAR5,*+XAR4[0]        ; [CPU_ALU] |360| 
    3620 00000002 8AD4          MOVL      XAR4,*+XAR4[2]        ; [CPU_ALU] |360| 
    3621 00000003 BE00          MOVB      XAR6,#0               ; [CPU_ALU] |360| 
    3622 00000004 28AC          MOV       T,#52                 ; [CPU_ALU] |360| 
         00000005 0034 
    3623 00000006 A0AB          MOVL      P,XAR5                ; [CPU_ALU] |360| 
    3624 00000007 A8A9          MOVL      ACC,XAR4              ; [CPU_ALU] |360| 
    3625 00000008 C244          MOVL      *-SP[4],XAR6          ; [CPU_ALU] |360| 
    3626 00000009 2B42          MOV       *-SP[2],#0            ; [CPU_ALU] |360| 
    3627 0000000a 565B          LSR64     ACC:P,T               ; [CPU_ALU] |360| 
    3628 0000000b 2B41          MOV       *-SP[1],#0            ; [CPU_FPU] |360| 
    3629 0000000c 9000          ANDB      AL,#0                 ; [CPU_ALU] |360| 
    3630 0000000d 9100          ANDB      AH,#0                 ; [CPU_ALU] |360| 
    3631 0000000e 18AB          AND       PL,#2047              ; [CPU_ALU] |360| 
         0000000f 07FF 
    3632 00000010 18AA          AND       PH,#0                 ; [CPU_ALU] |360| 
         00000011 0000 
    3633              $C$DW$141       .dwtag  DW_TAG_TI_branch
    3634                      .dwattr $C$DW$141, DW_AT_low_pc(0x00)
    3635                      .dwattr $C$DW$141, DW_AT_name("__c28xabi_cmpull")
    3636                      .dwattr $C$DW$141, DW_AT_TI_call
    3637              
    3638 00000012 7640!         LCR       #||__c28xabi_cmpull|| ; [CPU_ALU] |360| 
         00000013 0000 
TMS320C2000 Assembler PC v22.6.2 Mon Jan 26 16:23:05 2026

Copyright (c) 1996-2018 Texas Instruments Incorporated
dual_axis_servo_drive_cpu.asm                                        PAGE   79

    3639                      ; call occurs [#||__c28xabi_cmpull||] ; [] |360| 
    3640 00000014 BE00          MOVB      XAR6,#0               ; [CPU_ALU] |360| 
    3641 00000015 5200          CMPB      AL,#0                 ; [CPU_ALU] |360| 
    3642 00000016 610E          B         ||$C$L53||,EQ         ; [CPU_ALU] |360| 
    3643                      ; branchcc occurs ; [] |360| 
    3644 00000017 A0AB          MOVL      P,XAR5                ; [CPU_ALU] |360| 
    3645 00000018 A8A9          MOVL      ACC,XAR4              ; [CPU_ALU] |360| 
    3646 00000019 28AC          MOV       T,#48                 ; [CPU_ALU] |360| 
         0000001a 0030 
    3647 0000001b 565B          LSR64     ACC:P,T               ; [CPU_ALU] |360| 
    3648 0000001c 18AB          AND       PL,#0x7ff0            ; [CPU_ALU] |360| 
         0000001d 7FF0 
    3649 0000001e 80AB          MOVZ      AR7,PL                ; [CPU_ALU] |360| 
    3650 0000001f FF20          MOV       ACC,#32752            ; [CPU_ALU] |360| 
         00000020 7FF0 
    3651 00000021 0FA7          CMPL      ACC,XAR7              ; [CPU_ALU] |360| 
    3652 00000022 56B0          MOVB      XAR6,#1,NEQ           ; [CPU_ALU] |360| 
         00000023 01A6 
    3653 00000024       ||$C$L53||:    
    3654 00000024 FE84          SUBB      SP,#4                 ; [CPU_ARAU] 
    3655                      .dwcfi  cfa_offset, -2
    3656 00000025 92A6          MOV       AL,AR6                ; [CPU_ALU] |360| 
    3657              $C$DW$142       .dwtag  DW_TAG_TI_branch
    3658                      .dwattr $C$DW$142, DW_AT_low_pc(0x00)
    3659                      .dwattr $C$DW$142, DW_AT_TI_return
    3660              
    3661 00000026 0006          LRETR     ; [CPU_ALU] 
    3662                      ; return occurs ; [] 
    3663                      .dwattr $C$DW$138, DW_AT_TI_end_file("C:/ti/ccs2031/ccs/tools/compiler/ti-cgt-c2000_22.6.2.LTS/includ
    3664                      .dwattr $C$DW$138, DW_AT_TI_end_line(0x169)
    3665                      .dwattr $C$DW$138, DW_AT_TI_end_column(0x31)
    3666                      .dwendentry
    3667                      .dwendtag $C$DW$138
    3668              
    3669 00000000               .sect   ".text:__isnormalf"
    3670                      .clink
    3671                      .global ||__isnormalf||
    3672              
    3673              $C$DW$143       .dwtag  DW_TAG_subprogram
    3674                      .dwattr $C$DW$143, DW_AT_name("__isnormalf")
    3675                      .dwattr $C$DW$143, DW_AT_low_pc(||__isnormalf||)
    3676                      .dwattr $C$DW$143, DW_AT_high_pc(0x00)
    3677                      .dwattr $C$DW$143, DW_AT_linkage_name("__isnormalf")
    3678                      .dwattr $C$DW$143, DW_AT_external
    3679                      .dwattr $C$DW$143, DW_AT_type(*$C$DW$T$10)
    3680                      .dwattr $C$DW$143, DW_AT_decl_file("C:/ti/ccs2031/ccs/tools/compiler/ti-cgt-c2000_22.6.2.LTS/include/
    3681                      .dwattr $C$DW$143, DW_AT_decl_line(0x163)
    3682                      .dwattr $C$DW$143, DW_AT_decl_column(0x18)
    3683                      .dwattr $C$DW$143, DW_AT_TI_max_frame_size(-2)
    3684                      .dwpsn  file "C:/ti/ccs2031/ccs/tools/compiler/ti-cgt-c2000_22.6.2.LTS/include/_defs.h",line 356,colu
    3685              
    3686                      .dwfde $C$DW$CIE, ||__isnormalf||
    3687              $C$DW$144       .dwtag  DW_TAG_formal_parameter
    3688                      .dwattr $C$DW$144, DW_AT_name("f")
    3689                      .dwattr $C$DW$144, DW_AT_type(*$C$DW$T$16)
TMS320C2000 Assembler PC v22.6.2 Mon Jan 26 16:23:05 2026

Copyright (c) 1996-2018 Texas Instruments Incorporated
dual_axis_servo_drive_cpu.asm                                        PAGE   80

    3690                      .dwattr $C$DW$144, DW_AT_location[DW_OP_regx 0x2b]
    3691              
    3692              
    3693              ;***************************************************************
    3694              ;* FNAME: __isnormalf                   FR SIZE:   0           *
    3695              ;*                                                             *
    3696              ;* FUNCTION ENVIRONMENT                                        *
    3697              ;*                                                             *
    3698              ;* FUNCTION PROPERTIES                                         *
    3699              ;*                            0 Parameter,  0 Auto,  0 SOE     *
    3700              ;***************************************************************
    3701              
    3702              ||__isnormalf||:
    3703              ;* PL    assigned to $O$K3
    3704              ;* AR6   assigned to $O$S1
    3705              ;* R0    assigned to f
    3706              $C$DW$145       .dwtag  DW_TAG_variable
    3707                      .dwattr $C$DW$145, DW_AT_name("f")
    3708                      .dwattr $C$DW$145, DW_AT_type(*$C$DW$T$203)
    3709                      .dwattr $C$DW$145, DW_AT_location[DW_OP_regx 0x2b]
    3710              
    3711                      .dwcfi  cfa_offset, -2
    3712                      .dwcfi  save_reg_to_mem, 26, 0
    3713                      .dwpsn  file "C:/ti/ccs2031/ccs/tools/compiler/ti-cgt-c2000_22.6.2.LTS/include/_defs.h",line 356,colu
    3714 00000000 BFAB          MOV32     P,R0H                 ; [CPU_FPU] |356| 
         00000001 0F12 
    3715 00000002 28AC          MOV       T,#23                 ; [CPU_ALU] |356| 
         00000003 0017 
    3716 00000004 A9A9          MOVL      ACC,P                 ; [CPU_ALU] |356| 
    3717 00000005 BE00          MOVB      XAR6,#0               ; [CPU_ALU] |356| 
    3718 00000006 5622          LSRL      ACC,T                 ; [CPU_ALU] |356| 
    3719 00000007 90FF          ANDB      AL,#0xff              ; [CPU_ALU] |356| 
    3720 00000008 6109          B         ||$C$L54||,EQ         ; [CPU_ALU] |356| 
    3721                      ; branchcc occurs ; [] |356| 
    3722 00000009 CCAA          AND       AL,PH,#0x7f80         ; [CPU_ALU] |356| 
         0000000a 7F80 
    3723 0000000b 80A9          MOVZ      AR7,AL                ; [CPU_ALU] |356| 
    3724 0000000c FF20          MOV       ACC,#32640            ; [CPU_ALU] |356| 
         0000000d 7F80 
    3725 0000000e 0FA7          CMPL      ACC,XAR7              ; [CPU_ALU] |356| 
    3726 0000000f 56B0          MOVB      XAR6,#1,NEQ           ; [CPU_ALU] |356| 
         00000010 01A6 
    3727 00000011       ||$C$L54||:    
    3728 00000011 92A6          MOV       AL,AR6                ; [CPU_ALU] |356| 
    3729              $C$DW$146       .dwtag  DW_TAG_TI_branch
    3730                      .dwattr $C$DW$146, DW_AT_low_pc(0x00)
    3731                      .dwattr $C$DW$146, DW_AT_TI_return
    3732              
    3733 00000012 0006          LRETR     ; [CPU_ALU] 
    3734                      ; return occurs ; [] 
    3735                      .dwattr $C$DW$143, DW_AT_TI_end_file("C:/ti/ccs2031/ccs/tools/compiler/ti-cgt-c2000_22.6.2.LTS/includ
    3736                      .dwattr $C$DW$143, DW_AT_TI_end_line(0x165)
    3737                      .dwattr $C$DW$143, DW_AT_TI_end_column(0x2f)
    3738                      .dwendentry
    3739                      .dwendtag $C$DW$143
TMS320C2000 Assembler PC v22.6.2 Mon Jan 26 16:23:05 2026

Copyright (c) 1996-2018 Texas Instruments Incorporated
dual_axis_servo_drive_cpu.asm                                        PAGE   81

    3740              
    3741 00000000               .sect   ".text:__isnormal"
    3742                      .clink
    3743                      .global ||__isnormal||
    3744              
    3745              $C$DW$147       .dwtag  DW_TAG_subprogram
    3746                      .dwattr $C$DW$147, DW_AT_name("__isnormal")
    3747                      .dwattr $C$DW$147, DW_AT_low_pc(||__isnormal||)
    3748                      .dwattr $C$DW$147, DW_AT_high_pc(0x00)
    3749                      .dwattr $C$DW$147, DW_AT_linkage_name("__isnormal")
    3750                      .dwattr $C$DW$147, DW_AT_external
    3751                      .dwattr $C$DW$147, DW_AT_type(*$C$DW$T$10)
    3752                      .dwattr $C$DW$147, DW_AT_decl_file("C:/ti/ccs2031/ccs/tools/compiler/ti-cgt-c2000_22.6.2.LTS/include/
    3753                      .dwattr $C$DW$147, DW_AT_decl_line(0x15f)
    3754                      .dwattr $C$DW$147, DW_AT_decl_column(0x18)
    3755                      .dwattr $C$DW$147, DW_AT_TI_max_frame_size(-6)
    3756                      .dwpsn  file "C:/ti/ccs2031/ccs/tools/compiler/ti-cgt-c2000_22.6.2.LTS/include/_defs.h",line 352,colu
    3757              
    3758                      .dwfde $C$DW$CIE, ||__isnormal||
    3759              $C$DW$148       .dwtag  DW_TAG_formal_parameter
    3760                      .dwattr $C$DW$148, DW_AT_name("d")
    3761                      .dwattr $C$DW$148, DW_AT_type(*$C$DW$T$208)
    3762                      .dwattr $C$DW$148, DW_AT_location[DW_OP_reg12]
    3763              
    3764              
    3765              ;***************************************************************
    3766              ;* FNAME: __isnormal                    FR SIZE:   4           *
    3767              ;*                                                             *
    3768              ;* FUNCTION ENVIRONMENT                                        *
    3769              ;*                                                             *
    3770              ;* FUNCTION PROPERTIES                                         *
    3771              ;*                            4 Parameter,  0 Auto,  0 SOE     *
    3772              ;***************************************************************
    3773              
    3774              ||__isnormal||:
    3775              ;* AR5   assigned to $O$C2
    3776              ;* AR6   assigned to $O$S1
    3777              ;* AR4   assigned to d
    3778              $C$DW$149       .dwtag  DW_TAG_variable
    3779                      .dwattr $C$DW$149, DW_AT_name("d")
    3780                      .dwattr $C$DW$149, DW_AT_type(*$C$DW$T$209)
    3781                      .dwattr $C$DW$149, DW_AT_location[DW_OP_reg12]
    3782              
    3783                      .dwcfi  cfa_offset, -2
    3784                      .dwcfi  save_reg_to_mem, 26, 0
    3785 00000000 FE04          ADDB      SP,#4                 ; [CPU_ARAU] 
    3786                      .dwcfi  cfa_offset, -6
    3787                      .dwpsn  file "C:/ti/ccs2031/ccs/tools/compiler/ti-cgt-c2000_22.6.2.LTS/include/_defs.h",line 352,colu
    3788 00000001 83C4          MOVL      XAR5,*+XAR4[0]        ; [CPU_ALU] |352| 
    3789 00000002 8AD4          MOVL      XAR4,*+XAR4[2]        ; [CPU_ALU] |352| 
    3790 00000003 BE00          MOVB      XAR6,#0               ; [CPU_ALU] |352| 
    3791 00000004 28AC          MOV       T,#52                 ; [CPU_ALU] |352| 
         00000005 0034 
    3792 00000006 A0AB          MOVL      P,XAR5                ; [CPU_ALU] |352| 
    3793 00000007 A8A9          MOVL      ACC,XAR4              ; [CPU_ALU] |352| 
TMS320C2000 Assembler PC v22.6.2 Mon Jan 26 16:23:05 2026

Copyright (c) 1996-2018 Texas Instruments Incorporated
dual_axis_servo_drive_cpu.asm                                        PAGE   82

    3794 00000008 C244          MOVL      *-SP[4],XAR6          ; [CPU_ALU] |352| 
    3795 00000009 2B42          MOV       *-SP[2],#0            ; [CPU_ALU] |352| 
    3796 0000000a 565B          LSR64     ACC:P,T               ; [CPU_ALU] |352| 
    3797 0000000b 2B41          MOV       *-SP[1],#0            ; [CPU_FPU] |352| 
    3798 0000000c 9000          ANDB      AL,#0                 ; [CPU_ALU] |352| 
    3799 0000000d 9100          ANDB      AH,#0                 ; [CPU_ALU] |352| 
    3800 0000000e 18AB          AND       PL,#2047              ; [CPU_ALU] |352| 
         0000000f 07FF 
    3801 00000010 18AA          AND       PH,#0                 ; [CPU_ALU] |352| 
         00000011 0000 
    3802              $C$DW$150       .dwtag  DW_TAG_TI_branch
    3803                      .dwattr $C$DW$150, DW_AT_low_pc(0x00)
    3804                      .dwattr $C$DW$150, DW_AT_name("__c28xabi_cmpull")
    3805                      .dwattr $C$DW$150, DW_AT_TI_call
    3806              
    3807 00000012 7640!         LCR       #||__c28xabi_cmpull|| ; [CPU_ALU] |352| 
         00000013 0000 
    3808                      ; call occurs [#||__c28xabi_cmpull||] ; [] |352| 
    3809 00000014 BE00          MOVB      XAR6,#0               ; [CPU_ALU] |352| 
    3810 00000015 5200          CMPB      AL,#0                 ; [CPU_ALU] |352| 
    3811 00000016 610E          B         ||$C$L55||,EQ         ; [CPU_ALU] |352| 
    3812                      ; branchcc occurs ; [] |352| 
    3813 00000017 A0AB          MOVL      P,XAR5                ; [CPU_ALU] |352| 
    3814 00000018 A8A9          MOVL      ACC,XAR4              ; [CPU_ALU] |352| 
    3815 00000019 28AC          MOV       T,#48                 ; [CPU_ALU] |352| 
         0000001a 0030 
    3816 0000001b 565B          LSR64     ACC:P,T               ; [CPU_ALU] |352| 
    3817 0000001c 18AB          AND       PL,#0x7ff0            ; [CPU_ALU] |352| 
         0000001d 7FF0 
    3818 0000001e 80AB          MOVZ      AR7,PL                ; [CPU_ALU] |352| 
    3819 0000001f FF20          MOV       ACC,#32752            ; [CPU_ALU] |352| 
         00000020 7FF0 
    3820 00000021 0FA7          CMPL      ACC,XAR7              ; [CPU_ALU] |352| 
    3821 00000022 56B0          MOVB      XAR6,#1,NEQ           ; [CPU_ALU] |352| 
         00000023 01A6 
    3822 00000024       ||$C$L55||:    
    3823 00000024 FE84          SUBB      SP,#4                 ; [CPU_ARAU] 
    3824                      .dwcfi  cfa_offset, -2
    3825 00000025 92A6          MOV       AL,AR6                ; [CPU_ALU] |352| 
    3826              $C$DW$151       .dwtag  DW_TAG_TI_branch
    3827                      .dwattr $C$DW$151, DW_AT_low_pc(0x00)
    3828                      .dwattr $C$DW$151, DW_AT_TI_return
    3829              
    3830 00000026 0006          LRETR     ; [CPU_ALU] 
    3831                      ; return occurs ; [] 
    3832                      .dwattr $C$DW$147, DW_AT_TI_end_file("C:/ti/ccs2031/ccs/tools/compiler/ti-cgt-c2000_22.6.2.LTS/includ
    3833                      .dwattr $C$DW$147, DW_AT_TI_end_line(0x161)
    3834                      .dwattr $C$DW$147, DW_AT_TI_end_column(0x30)
    3835                      .dwendentry
    3836                      .dwendtag $C$DW$147
    3837              
    3838 00000000               .sect   ".text:__isnanl"
    3839                      .clink
    3840                      .global ||__isnanl||
    3841              
TMS320C2000 Assembler PC v22.6.2 Mon Jan 26 16:23:05 2026

Copyright (c) 1996-2018 Texas Instruments Incorporated
dual_axis_servo_drive_cpu.asm                                        PAGE   83

    3842              $C$DW$152       .dwtag  DW_TAG_subprogram
    3843                      .dwattr $C$DW$152, DW_AT_name("__isnanl")
    3844                      .dwattr $C$DW$152, DW_AT_low_pc(||__isnanl||)
    3845                      .dwattr $C$DW$152, DW_AT_high_pc(0x00)
    3846                      .dwattr $C$DW$152, DW_AT_linkage_name("__isnanl")
    3847                      .dwattr $C$DW$152, DW_AT_external
    3848                      .dwattr $C$DW$152, DW_AT_type(*$C$DW$T$10)
    3849                      .dwattr $C$DW$152, DW_AT_decl_file("C:/ti/ccs2031/ccs/tools/compiler/ti-cgt-c2000_22.6.2.LTS/include/
    3850                      .dwattr $C$DW$152, DW_AT_decl_line(0x15b)
    3851                      .dwattr $C$DW$152, DW_AT_decl_column(0x18)
    3852                      .dwattr $C$DW$152, DW_AT_TI_max_frame_size(-6)
    3853                      .dwpsn  file "C:/ti/ccs2031/ccs/tools/compiler/ti-cgt-c2000_22.6.2.LTS/include/_defs.h",line 348,colu
    3854              
    3855                      .dwfde $C$DW$CIE, ||__isnanl||
    3856              $C$DW$153       .dwtag  DW_TAG_formal_parameter
    3857                      .dwattr $C$DW$153, DW_AT_name("e")
    3858                      .dwattr $C$DW$153, DW_AT_type(*$C$DW$T$211)
    3859                      .dwattr $C$DW$153, DW_AT_location[DW_OP_reg12]
    3860              
    3861              
    3862              ;***************************************************************
    3863              ;* FNAME: __isnanl                      FR SIZE:   4           *
    3864              ;*                                                             *
    3865              ;* FUNCTION ENVIRONMENT                                        *
    3866              ;*                                                             *
    3867              ;* FUNCTION PROPERTIES                                         *
    3868              ;*                            4 Parameter,  0 Auto,  0 SOE     *
    3869              ;***************************************************************
    3870              
    3871              ||__isnanl||:
    3872              ;* AR7   assigned to $O$C2
    3873              ;* AR4   assigned to $O$S1
    3874              ;* AR4   assigned to e
    3875              $C$DW$154       .dwtag  DW_TAG_variable
    3876                      .dwattr $C$DW$154, DW_AT_name("e")
    3877                      .dwattr $C$DW$154, DW_AT_type(*$C$DW$T$212)
    3878                      .dwattr $C$DW$154, DW_AT_location[DW_OP_reg12]
    3879              
    3880                      .dwcfi  cfa_offset, -2
    3881                      .dwcfi  save_reg_to_mem, 26, 0
    3882 00000000 FE04          ADDB      SP,#4                 ; [CPU_ARAU] 
    3883                      .dwcfi  cfa_offset, -6
    3884                      .dwpsn  file "C:/ti/ccs2031/ccs/tools/compiler/ti-cgt-c2000_22.6.2.LTS/include/_defs.h",line 348,colu
    3885 00000001 C5C4          MOVL      XAR7,*+XAR4[0]        ; [CPU_ALU] |348| 
    3886 00000002 06D4          MOVL      ACC,*+XAR4[2]         ; [CPU_ALU] |348| 
    3887 00000003 28AC          MOV       T,#48                 ; [CPU_ALU] |348| 
         00000004 0030 
    3888 00000005 1EA6          MOVL      XAR6,ACC              ; [CPU_ALU] |348| 
    3889 00000006 A3A7          MOVL      P,XAR7                ; [CPU_ALU] |348| 
    3890 00000007 D400          MOVB      XAR4,#0               ; [CPU_ALU] |348| 
    3891 00000008 565B          LSR64     ACC:P,T               ; [CPU_ALU] |348| 
    3892 00000009 2BAA          MOV       PH,#0                 ; [CPU_ALU] |348| 
    3893 0000000a 18AB          AND       PL,#0x7ff0            ; [CPU_ALU] |348| 
         0000000b 7FF0 
    3894 0000000c FF20          MOV       ACC,#32752            ; [CPU_ALU] |348| 
TMS320C2000 Assembler PC v22.6.2 Mon Jan 26 16:23:05 2026

Copyright (c) 1996-2018 Texas Instruments Incorporated
dual_axis_servo_drive_cpu.asm                                        PAGE   84

         0000000d 7FF0 
    3895 0000000e 0FAB          CMPL      ACC,P                 ; [CPU_ALU] |348| 
    3896 0000000f 6013          B         ||$C$L56||,NEQ        ; [CPU_ALU] |348| 
    3897                      ; branchcc occurs ; [] |348| 
    3898 00000010 06A6          MOVL      ACC,XAR6              ; [CPU_ALU] |348| 
    3899 00000011 A3A7          MOVL      P,XAR7                ; [CPU_ALU] |348| 
    3900 00000012 BE00          MOVB      XAR6,#0               ; [CPU_ALU] |348| 
    3901 00000013 18A9          AND       AL,#65535             ; [CPU_ALU] |348| 
         00000014 FFFF 
    3902 00000015 910F          ANDB      AH,#15                ; [CPU_ALU] |348| 
    3903 00000016 18AB          AND       PL,#65535             ; [CPU_ALU] |348| 
         00000017 FFFF 
    3904 00000018 18AA          AND       PH,#65535             ; [CPU_ALU] |348| 
         00000019 FFFF 
    3905 0000001a C244          MOVL      *-SP[4],XAR6          ; [CPU_FPU] |348| 
    3906 0000001b 2B42          MOV       *-SP[2],#0            ; [CPU_FPU] |348| 
    3907 0000001c 2B41          MOV       *-SP[1],#0            ; [CPU_FPU] |348| 
    3908              $C$DW$155       .dwtag  DW_TAG_TI_branch
    3909                      .dwattr $C$DW$155, DW_AT_low_pc(0x00)
    3910                      .dwattr $C$DW$155, DW_AT_name("__c28xabi_cmpull")
    3911                      .dwattr $C$DW$155, DW_AT_TI_call
    3912              
    3913 0000001d 7640!         LCR       #||__c28xabi_cmpull|| ; [CPU_ALU] |348| 
         0000001e 0000 
    3914                      ; call occurs [#||__c28xabi_cmpull||] ; [] |348| 
    3915 0000001f 5200          CMPB      AL,#0                 ; [CPU_ALU] |348| 
    3916 00000020 56B0          MOVB      XAR4,#1,NEQ           ; [CPU_ALU] |348| 
         00000021 01A4 
    3917 00000022       ||$C$L56||:    
    3918 00000022 FE84          SUBB      SP,#4                 ; [CPU_ARAU] 
    3919                      .dwcfi  cfa_offset, -2
    3920 00000023 92A4          MOV       AL,AR4                ; [CPU_ALU] |348| 
    3921              $C$DW$156       .dwtag  DW_TAG_TI_branch
    3922                      .dwattr $C$DW$156, DW_AT_low_pc(0x00)
    3923                      .dwattr $C$DW$156, DW_AT_TI_return
    3924              
    3925 00000024 0006          LRETR     ; [CPU_ALU] 
    3926                      ; return occurs ; [] 
    3927                      .dwattr $C$DW$152, DW_AT_TI_end_file("C:/ti/ccs2031/ccs/tools/compiler/ti-cgt-c2000_22.6.2.LTS/includ
    3928                      .dwattr $C$DW$152, DW_AT_TI_end_line(0x15d)
    3929                      .dwattr $C$DW$152, DW_AT_TI_end_column(0x30)
    3930                      .dwendentry
    3931                      .dwendtag $C$DW$152
    3932              
    3933 00000000               .sect   ".text:__isnanf"
    3934                      .clink
    3935                      .global ||__isnanf||
    3936              
    3937              $C$DW$157       .dwtag  DW_TAG_subprogram
    3938                      .dwattr $C$DW$157, DW_AT_name("__isnanf")
    3939                      .dwattr $C$DW$157, DW_AT_low_pc(||__isnanf||)
    3940                      .dwattr $C$DW$157, DW_AT_high_pc(0x00)
    3941                      .dwattr $C$DW$157, DW_AT_linkage_name("__isnanf")
    3942                      .dwattr $C$DW$157, DW_AT_external
    3943                      .dwattr $C$DW$157, DW_AT_type(*$C$DW$T$10)
TMS320C2000 Assembler PC v22.6.2 Mon Jan 26 16:23:05 2026

Copyright (c) 1996-2018 Texas Instruments Incorporated
dual_axis_servo_drive_cpu.asm                                        PAGE   85

    3944                      .dwattr $C$DW$157, DW_AT_decl_file("C:/ti/ccs2031/ccs/tools/compiler/ti-cgt-c2000_22.6.2.LTS/include/
    3945                      .dwattr $C$DW$157, DW_AT_decl_line(0x158)
    3946                      .dwattr $C$DW$157, DW_AT_decl_column(0x18)
    3947                      .dwattr $C$DW$157, DW_AT_TI_max_frame_size(-2)
    3948                      .dwpsn  file "C:/ti/ccs2031/ccs/tools/compiler/ti-cgt-c2000_22.6.2.LTS/include/_defs.h",line 345,colu
    3949              
    3950                      .dwfde $C$DW$CIE, ||__isnanf||
    3951              $C$DW$158       .dwtag  DW_TAG_formal_parameter
    3952                      .dwattr $C$DW$158, DW_AT_name("f")
    3953                      .dwattr $C$DW$158, DW_AT_type(*$C$DW$T$16)
    3954                      .dwattr $C$DW$158, DW_AT_location[DW_OP_regx 0x2b]
    3955              
    3956              
    3957              ;***************************************************************
    3958              ;* FNAME: __isnanf                      FR SIZE:   0           *
    3959              ;*                                                             *
    3960              ;* FUNCTION ENVIRONMENT                                        *
    3961              ;*                                                             *
    3962              ;* FUNCTION PROPERTIES                                         *
    3963              ;*                            0 Parameter,  0 Auto,  0 SOE     *
    3964              ;***************************************************************
    3965              
    3966              ||__isnanf||:
    3967              ;* PL    assigned to $O$K3
    3968              ;* AR6   assigned to $O$S1
    3969              ;* R0    assigned to f
    3970              $C$DW$159       .dwtag  DW_TAG_variable
    3971                      .dwattr $C$DW$159, DW_AT_name("f")
    3972                      .dwattr $C$DW$159, DW_AT_type(*$C$DW$T$203)
    3973                      .dwattr $C$DW$159, DW_AT_location[DW_OP_regx 0x2b]
    3974              
    3975                      .dwcfi  cfa_offset, -2
    3976                      .dwcfi  save_reg_to_mem, 26, 0
    3977                      .dwpsn  file "C:/ti/ccs2031/ccs/tools/compiler/ti-cgt-c2000_22.6.2.LTS/include/_defs.h",line 345,colu
    3978 00000000 BFAB          MOV32     P,R0H                 ; [CPU_FPU] |345| 
         00000001 0F12 
    3979 00000002 CCAA          AND       AL,PH,#0x7f80         ; [CPU_ALU] |345| 
         00000003 7F80 
    3980 00000004 80A9          MOVZ      AR7,AL                ; [CPU_ALU] |345| 
    3981 00000005 BE00          MOVB      XAR6,#0               ; [CPU_ALU] |345| 
    3982 00000006 FF20          MOV       ACC,#32640            ; [CPU_ALU] |345| 
         00000007 7F80 
    3983 00000008 0FA7          CMPL      ACC,XAR7              ; [CPU_ALU] |345| 
    3984 00000009 6006          B         ||$C$L57||,NEQ        ; [CPU_ALU] |345| 
    3985                      ; branchcc occurs ; [] |345| 
    3986 0000000a A9A9          MOVL      ACC,P                 ; [CPU_ALU] |345| 
    3987 0000000b 917F          ANDB      AH,#127               ; [CPU_ALU] |345| 
    3988 0000000c FF58          TEST      ACC                   ; [CPU_ALU] |345| 
    3989 0000000d 56B0          MOVB      XAR6,#1,NEQ           ; [CPU_ALU] |345| 
         0000000e 01A6 
    3990 0000000f       ||$C$L57||:    
    3991 0000000f 92A6          MOV       AL,AR6                ; [CPU_ALU] |345| 
    3992              $C$DW$160       .dwtag  DW_TAG_TI_branch
    3993                      .dwattr $C$DW$160, DW_AT_low_pc(0x00)
    3994                      .dwattr $C$DW$160, DW_AT_TI_return
TMS320C2000 Assembler PC v22.6.2 Mon Jan 26 16:23:05 2026

Copyright (c) 1996-2018 Texas Instruments Incorporated
dual_axis_servo_drive_cpu.asm                                        PAGE   86

    3995              
    3996 00000010 0006          LRETR     ; [CPU_ALU] 
    3997                      ; return occurs ; [] 
    3998                      .dwattr $C$DW$157, DW_AT_TI_end_file("C:/ti/ccs2031/ccs/tools/compiler/ti-cgt-c2000_22.6.2.LTS/includ
    3999                      .dwattr $C$DW$157, DW_AT_TI_end_line(0x15a)
    4000                      .dwattr $C$DW$157, DW_AT_TI_end_column(0x2e)
    4001                      .dwendentry
    4002                      .dwendtag $C$DW$157
    4003              
    4004 00000000               .sect   ".text:__isnan"
    4005                      .clink
    4006                      .global ||__isnan||
    4007              
    4008              $C$DW$161       .dwtag  DW_TAG_subprogram
    4009                      .dwattr $C$DW$161, DW_AT_name("__isnan")
    4010                      .dwattr $C$DW$161, DW_AT_low_pc(||__isnan||)
    4011                      .dwattr $C$DW$161, DW_AT_high_pc(0x00)
    4012                      .dwattr $C$DW$161, DW_AT_linkage_name("__isnan")
    4013                      .dwattr $C$DW$161, DW_AT_external
    4014                      .dwattr $C$DW$161, DW_AT_type(*$C$DW$T$10)
    4015                      .dwattr $C$DW$161, DW_AT_decl_file("C:/ti/ccs2031/ccs/tools/compiler/ti-cgt-c2000_22.6.2.LTS/include/
    4016                      .dwattr $C$DW$161, DW_AT_decl_line(0x155)
    4017                      .dwattr $C$DW$161, DW_AT_decl_column(0x18)
    4018                      .dwattr $C$DW$161, DW_AT_TI_max_frame_size(-6)
    4019                      .dwpsn  file "C:/ti/ccs2031/ccs/tools/compiler/ti-cgt-c2000_22.6.2.LTS/include/_defs.h",line 342,colu
    4020              
    4021                      .dwfde $C$DW$CIE, ||__isnan||
    4022              $C$DW$162       .dwtag  DW_TAG_formal_parameter
    4023                      .dwattr $C$DW$162, DW_AT_name("d")
    4024                      .dwattr $C$DW$162, DW_AT_type(*$C$DW$T$208)
    4025                      .dwattr $C$DW$162, DW_AT_location[DW_OP_reg12]
    4026              
    4027              
    4028              ;***************************************************************
    4029              ;* FNAME: __isnan                       FR SIZE:   4           *
    4030              ;*                                                             *
    4031              ;* FUNCTION ENVIRONMENT                                        *
    4032              ;*                                                             *
    4033              ;* FUNCTION PROPERTIES                                         *
    4034              ;*                            4 Parameter,  0 Auto,  0 SOE     *
    4035              ;***************************************************************
    4036              
    4037              ||__isnan||:
    4038              ;* AR7   assigned to $O$C2
    4039              ;* AR4   assigned to $O$S1
    4040              ;* AR4   assigned to d
    4041              $C$DW$163       .dwtag  DW_TAG_variable
    4042                      .dwattr $C$DW$163, DW_AT_name("d")
    4043                      .dwattr $C$DW$163, DW_AT_type(*$C$DW$T$209)
    4044                      .dwattr $C$DW$163, DW_AT_location[DW_OP_reg12]
    4045              
    4046                      .dwcfi  cfa_offset, -2
    4047                      .dwcfi  save_reg_to_mem, 26, 0
    4048 00000000 FE04          ADDB      SP,#4                 ; [CPU_ARAU] 
    4049                      .dwcfi  cfa_offset, -6
TMS320C2000 Assembler PC v22.6.2 Mon Jan 26 16:23:05 2026

Copyright (c) 1996-2018 Texas Instruments Incorporated
dual_axis_servo_drive_cpu.asm                                        PAGE   87

    4050                      .dwpsn  file "C:/ti/ccs2031/ccs/tools/compiler/ti-cgt-c2000_22.6.2.LTS/include/_defs.h",line 342,colu
    4051 00000001 C5C4          MOVL      XAR7,*+XAR4[0]        ; [CPU_ALU] |342| 
    4052 00000002 06D4          MOVL      ACC,*+XAR4[2]         ; [CPU_ALU] |342| 
    4053 00000003 28AC          MOV       T,#48                 ; [CPU_ALU] |342| 
         00000004 0030 
    4054 00000005 1EA6          MOVL      XAR6,ACC              ; [CPU_ALU] |342| 
    4055 00000006 A3A7          MOVL      P,XAR7                ; [CPU_ALU] |342| 
    4056 00000007 D400          MOVB      XAR4,#0               ; [CPU_ALU] |342| 
    4057 00000008 565B          LSR64     ACC:P,T               ; [CPU_ALU] |342| 
    4058 00000009 2BAA          MOV       PH,#0                 ; [CPU_ALU] |342| 
    4059 0000000a 18AB          AND       PL,#0x7ff0            ; [CPU_ALU] |342| 
         0000000b 7FF0 
    4060 0000000c FF20          MOV       ACC,#32752            ; [CPU_ALU] |342| 
         0000000d 7FF0 
    4061 0000000e 0FAB          CMPL      ACC,P                 ; [CPU_ALU] |342| 
    4062 0000000f 6013          B         ||$C$L58||,NEQ        ; [CPU_ALU] |342| 
    4063                      ; branchcc occurs ; [] |342| 
    4064 00000010 06A6          MOVL      ACC,XAR6              ; [CPU_ALU] |342| 
    4065 00000011 A3A7          MOVL      P,XAR7                ; [CPU_ALU] |342| 
    4066 00000012 BE00          MOVB      XAR6,#0               ; [CPU_ALU] |342| 
    4067 00000013 18A9          AND       AL,#65535             ; [CPU_ALU] |342| 
         00000014 FFFF 
    4068 00000015 910F          ANDB      AH,#15                ; [CPU_ALU] |342| 
    4069 00000016 18AB          AND       PL,#65535             ; [CPU_ALU] |342| 
         00000017 FFFF 
    4070 00000018 18AA          AND       PH,#65535             ; [CPU_ALU] |342| 
         00000019 FFFF 
    4071 0000001a C244          MOVL      *-SP[4],XAR6          ; [CPU_FPU] |342| 
    4072 0000001b 2B42          MOV       *-SP[2],#0            ; [CPU_FPU] |342| 
    4073 0000001c 2B41          MOV       *-SP[1],#0            ; [CPU_FPU] |342| 
    4074              $C$DW$164       .dwtag  DW_TAG_TI_branch
    4075                      .dwattr $C$DW$164, DW_AT_low_pc(0x00)
    4076                      .dwattr $C$DW$164, DW_AT_name("__c28xabi_cmpull")
    4077                      .dwattr $C$DW$164, DW_AT_TI_call
    4078              
    4079 0000001d 7640!         LCR       #||__c28xabi_cmpull|| ; [CPU_ALU] |342| 
         0000001e 0000 
    4080                      ; call occurs [#||__c28xabi_cmpull||] ; [] |342| 
    4081 0000001f 5200          CMPB      AL,#0                 ; [CPU_ALU] |342| 
    4082 00000020 56B0          MOVB      XAR4,#1,NEQ           ; [CPU_ALU] |342| 
         00000021 01A4 
    4083 00000022       ||$C$L58||:    
    4084 00000022 FE84          SUBB      SP,#4                 ; [CPU_ARAU] 
    4085                      .dwcfi  cfa_offset, -2
    4086 00000023 92A4          MOV       AL,AR4                ; [CPU_ALU] |342| 
    4087              $C$DW$165       .dwtag  DW_TAG_TI_branch
    4088                      .dwattr $C$DW$165, DW_AT_low_pc(0x00)
    4089                      .dwattr $C$DW$165, DW_AT_TI_return
    4090              
    4091 00000024 0006          LRETR     ; [CPU_ALU] 
    4092                      ; return occurs ; [] 
    4093                      .dwattr $C$DW$161, DW_AT_TI_end_file("C:/ti/ccs2031/ccs/tools/compiler/ti-cgt-c2000_22.6.2.LTS/includ
    4094                      .dwattr $C$DW$161, DW_AT_TI_end_line(0x157)
    4095                      .dwattr $C$DW$161, DW_AT_TI_end_column(0x2f)
    4096                      .dwendentry
TMS320C2000 Assembler PC v22.6.2 Mon Jan 26 16:23:05 2026

Copyright (c) 1996-2018 Texas Instruments Incorporated
dual_axis_servo_drive_cpu.asm                                        PAGE   88

    4097                      .dwendtag $C$DW$161
    4098              
    4099 00000000               .sect   ".text:__isinfl"
    4100                      .clink
    4101                      .global ||__isinfl||
    4102              
    4103              $C$DW$166       .dwtag  DW_TAG_subprogram
    4104                      .dwattr $C$DW$166, DW_AT_name("__isinfl")
    4105                      .dwattr $C$DW$166, DW_AT_low_pc(||__isinfl||)
    4106                      .dwattr $C$DW$166, DW_AT_high_pc(0x00)
    4107                      .dwattr $C$DW$166, DW_AT_linkage_name("__isinfl")
    4108                      .dwattr $C$DW$166, DW_AT_external
    4109                      .dwattr $C$DW$166, DW_AT_type(*$C$DW$T$10)
    4110                      .dwattr $C$DW$166, DW_AT_decl_file("C:/ti/ccs2031/ccs/tools/compiler/ti-cgt-c2000_22.6.2.LTS/include/
    4111                      .dwattr $C$DW$166, DW_AT_decl_line(0x17a)
    4112                      .dwattr $C$DW$166, DW_AT_decl_column(0x18)
    4113                      .dwattr $C$DW$166, DW_AT_TI_max_frame_size(-6)
    4114                      .dwpsn  file "C:/ti/ccs2031/ccs/tools/compiler/ti-cgt-c2000_22.6.2.LTS/include/_defs.h",line 379,colu
    4115              
    4116                      .dwfde $C$DW$CIE, ||__isinfl||
    4117              $C$DW$167       .dwtag  DW_TAG_formal_parameter
    4118                      .dwattr $C$DW$167, DW_AT_name("e")
    4119                      .dwattr $C$DW$167, DW_AT_type(*$C$DW$T$211)
    4120                      .dwattr $C$DW$167, DW_AT_location[DW_OP_reg12]
    4121              
    4122              
    4123              ;***************************************************************
    4124              ;* FNAME: __isinfl                      FR SIZE:   4           *
    4125              ;*                                                             *
    4126              ;* FUNCTION ENVIRONMENT                                        *
    4127              ;*                                                             *
    4128              ;* FUNCTION PROPERTIES                                         *
    4129              ;*                            4 Parameter,  0 Auto,  0 SOE     *
    4130              ;***************************************************************
    4131              
    4132              ||__isinfl||:
    4133              ;* AR7   assigned to $O$C2
    4134              ;* AR4   assigned to $O$S1
    4135              ;* AR4   assigned to e
    4136              $C$DW$168       .dwtag  DW_TAG_variable
    4137                      .dwattr $C$DW$168, DW_AT_name("e")
    4138                      .dwattr $C$DW$168, DW_AT_type(*$C$DW$T$212)
    4139                      .dwattr $C$DW$168, DW_AT_location[DW_OP_reg12]
    4140              
    4141                      .dwcfi  cfa_offset, -2
    4142                      .dwcfi  save_reg_to_mem, 26, 0
    4143 00000000 FE04          ADDB      SP,#4                 ; [CPU_ARAU] 
    4144                      .dwcfi  cfa_offset, -6
    4145                      .dwpsn  file "C:/ti/ccs2031/ccs/tools/compiler/ti-cgt-c2000_22.6.2.LTS/include/_defs.h",line 379,colu
    4146 00000001 C5C4          MOVL      XAR7,*+XAR4[0]        ; [CPU_ALU] |379| 
    4147 00000002 06D4          MOVL      ACC,*+XAR4[2]         ; [CPU_ALU] |379| 
    4148 00000003 28AC          MOV       T,#48                 ; [CPU_ALU] |379| 
         00000004 0030 
    4149 00000005 1EA6          MOVL      XAR6,ACC              ; [CPU_ALU] |379| 
    4150 00000006 A3A7          MOVL      P,XAR7                ; [CPU_ALU] |379| 
TMS320C2000 Assembler PC v22.6.2 Mon Jan 26 16:23:05 2026

Copyright (c) 1996-2018 Texas Instruments Incorporated
dual_axis_servo_drive_cpu.asm                                        PAGE   89

    4151 00000007 D400          MOVB      XAR4,#0               ; [CPU_ALU] |379| 
    4152 00000008 565B          LSR64     ACC:P,T               ; [CPU_ALU] |379| 
    4153 00000009 2BAA          MOV       PH,#0                 ; [CPU_ALU] |379| 
    4154 0000000a 18AB          AND       PL,#0x7ff0            ; [CPU_ALU] |379| 
         0000000b 7FF0 
    4155 0000000c FF20          MOV       ACC,#32752            ; [CPU_ALU] |379| 
         0000000d 7FF0 
    4156 0000000e 0FAB          CMPL      ACC,P                 ; [CPU_ALU] |379| 
    4157 0000000f 6013          B         ||$C$L59||,NEQ        ; [CPU_ALU] |379| 
    4158                      ; branchcc occurs ; [] |379| 
    4159 00000010 06A6          MOVL      ACC,XAR6              ; [CPU_ALU] |379| 
    4160 00000011 A3A7          MOVL      P,XAR7                ; [CPU_ALU] |379| 
    4161 00000012 BE00          MOVB      XAR6,#0               ; [CPU_ALU] |379| 
    4162 00000013 18A9          AND       AL,#65535             ; [CPU_ALU] |379| 
         00000014 FFFF 
    4163 00000015 910F          ANDB      AH,#15                ; [CPU_ALU] |379| 
    4164 00000016 18AB          AND       PL,#65535             ; [CPU_ALU] |379| 
         00000017 FFFF 
    4165 00000018 18AA          AND       PH,#65535             ; [CPU_ALU] |379| 
         00000019 FFFF 
    4166 0000001a C244          MOVL      *-SP[4],XAR6          ; [CPU_FPU] |379| 
    4167 0000001b 2B42          MOV       *-SP[2],#0            ; [CPU_FPU] |379| 
    4168 0000001c 2B41          MOV       *-SP[1],#0            ; [CPU_FPU] |379| 
    4169              $C$DW$169       .dwtag  DW_TAG_TI_branch
    4170                      .dwattr $C$DW$169, DW_AT_low_pc(0x00)
    4171                      .dwattr $C$DW$169, DW_AT_name("__c28xabi_cmpull")
    4172                      .dwattr $C$DW$169, DW_AT_TI_call
    4173              
    4174 0000001d 7640!         LCR       #||__c28xabi_cmpull|| ; [CPU_ALU] |379| 
         0000001e 0000 
    4175                      ; call occurs [#||__c28xabi_cmpull||] ; [] |379| 
    4176 0000001f 5200          CMPB      AL,#0                 ; [CPU_ALU] |379| 
    4177 00000020 56B1          MOVB      XAR4,#1,EQ            ; [CPU_ALU] |379| 
         00000021 01A4 
    4178 00000022       ||$C$L59||:    
    4179 00000022 FE84          SUBB      SP,#4                 ; [CPU_ARAU] 
    4180                      .dwcfi  cfa_offset, -2
    4181 00000023 92A4          MOV       AL,AR4                ; [CPU_ALU] |379| 
    4182              $C$DW$170       .dwtag  DW_TAG_TI_branch
    4183                      .dwattr $C$DW$170, DW_AT_low_pc(0x00)
    4184                      .dwattr $C$DW$170, DW_AT_TI_return
    4185              
    4186 00000024 0006          LRETR     ; [CPU_ALU] 
    4187                      ; return occurs ; [] 
    4188                      .dwattr $C$DW$166, DW_AT_TI_end_file("C:/ti/ccs2031/ccs/tools/compiler/ti-cgt-c2000_22.6.2.LTS/includ
    4189                      .dwattr $C$DW$166, DW_AT_TI_end_line(0x17b)
    4190                      .dwattr $C$DW$166, DW_AT_TI_end_column(0x4c)
    4191                      .dwendentry
    4192                      .dwendtag $C$DW$166
    4193              
    4194 00000000               .sect   ".text:__isinff"
    4195                      .clink
    4196                      .global ||__isinff||
    4197              
    4198              $C$DW$171       .dwtag  DW_TAG_subprogram
TMS320C2000 Assembler PC v22.6.2 Mon Jan 26 16:23:05 2026

Copyright (c) 1996-2018 Texas Instruments Incorporated
dual_axis_servo_drive_cpu.asm                                        PAGE   90

    4199                      .dwattr $C$DW$171, DW_AT_name("__isinff")
    4200                      .dwattr $C$DW$171, DW_AT_low_pc(||__isinff||)
    4201                      .dwattr $C$DW$171, DW_AT_high_pc(0x00)
    4202                      .dwattr $C$DW$171, DW_AT_linkage_name("__isinff")
    4203                      .dwattr $C$DW$171, DW_AT_external
    4204                      .dwattr $C$DW$171, DW_AT_type(*$C$DW$T$10)
    4205                      .dwattr $C$DW$171, DW_AT_decl_file("C:/ti/ccs2031/ccs/tools/compiler/ti-cgt-c2000_22.6.2.LTS/include/
    4206                      .dwattr $C$DW$171, DW_AT_decl_line(0x176)
    4207                      .dwattr $C$DW$171, DW_AT_decl_column(0x18)
    4208                      .dwattr $C$DW$171, DW_AT_TI_max_frame_size(-2)
    4209                      .dwpsn  file "C:/ti/ccs2031/ccs/tools/compiler/ti-cgt-c2000_22.6.2.LTS/include/_defs.h",line 375,colu
    4210              
    4211                      .dwfde $C$DW$CIE, ||__isinff||
    4212              $C$DW$172       .dwtag  DW_TAG_formal_parameter
    4213                      .dwattr $C$DW$172, DW_AT_name("f")
    4214                      .dwattr $C$DW$172, DW_AT_type(*$C$DW$T$16)
    4215                      .dwattr $C$DW$172, DW_AT_location[DW_OP_regx 0x2b]
    4216              
    4217              
    4218              ;***************************************************************
    4219              ;* FNAME: __isinff                      FR SIZE:   0           *
    4220              ;*                                                             *
    4221              ;* FUNCTION ENVIRONMENT                                        *
    4222              ;*                                                             *
    4223              ;* FUNCTION PROPERTIES                                         *
    4224              ;*                            0 Parameter,  0 Auto,  0 SOE     *
    4225              ;***************************************************************
    4226              
    4227              ||__isinff||:
    4228              ;* PL    assigned to $O$K3
    4229              ;* AR6   assigned to $O$S1
    4230              ;* R0    assigned to f
    4231              $C$DW$173       .dwtag  DW_TAG_variable
    4232                      .dwattr $C$DW$173, DW_AT_name("f")
    4233                      .dwattr $C$DW$173, DW_AT_type(*$C$DW$T$203)
    4234                      .dwattr $C$DW$173, DW_AT_location[DW_OP_regx 0x2b]
    4235              
    4236                      .dwcfi  cfa_offset, -2
    4237                      .dwcfi  save_reg_to_mem, 26, 0
    4238                      .dwpsn  file "C:/ti/ccs2031/ccs/tools/compiler/ti-cgt-c2000_22.6.2.LTS/include/_defs.h",line 375,colu
    4239 00000000 BFAB          MOV32     P,R0H                 ; [CPU_FPU] |375| 
         00000001 0F12 
    4240 00000002 CCAA          AND       AL,PH,#0x7f80         ; [CPU_ALU] |375| 
         00000003 7F80 
    4241 00000004 80A9          MOVZ      AR7,AL                ; [CPU_ALU] |375| 
    4242 00000005 BE00          MOVB      XAR6,#0               ; [CPU_ALU] |375| 
    4243 00000006 FF20          MOV       ACC,#32640            ; [CPU_ALU] |375| 
         00000007 7F80 
    4244 00000008 0FA7          CMPL      ACC,XAR7              ; [CPU_ALU] |375| 
    4245 00000009 6006          B         ||$C$L60||,NEQ        ; [CPU_ALU] |375| 
    4246                      ; branchcc occurs ; [] |375| 
    4247 0000000a A9A9          MOVL      ACC,P                 ; [CPU_ALU] |375| 
    4248 0000000b 917F          ANDB      AH,#127               ; [CPU_ALU] |375| 
    4249 0000000c FF58          TEST      ACC                   ; [CPU_ALU] |375| 
    4250 0000000d 56B1          MOVB      XAR6,#1,EQ            ; [CPU_ALU] |375| 
TMS320C2000 Assembler PC v22.6.2 Mon Jan 26 16:23:05 2026

Copyright (c) 1996-2018 Texas Instruments Incorporated
dual_axis_servo_drive_cpu.asm                                        PAGE   91

         0000000e 01A6 
    4251 0000000f       ||$C$L60||:    
    4252 0000000f 92A6          MOV       AL,AR6                ; [CPU_ALU] |375| 
    4253              $C$DW$174       .dwtag  DW_TAG_TI_branch
    4254                      .dwattr $C$DW$174, DW_AT_low_pc(0x00)
    4255                      .dwattr $C$DW$174, DW_AT_TI_return
    4256              
    4257 00000010 0006          LRETR     ; [CPU_ALU] 
    4258                      ; return occurs ; [] 
    4259                      .dwattr $C$DW$171, DW_AT_TI_end_file("C:/ti/ccs2031/ccs/tools/compiler/ti-cgt-c2000_22.6.2.LTS/includ
    4260                      .dwattr $C$DW$171, DW_AT_TI_end_line(0x177)
    4261                      .dwattr $C$DW$171, DW_AT_TI_end_column(0x48)
    4262                      .dwendentry
    4263                      .dwendtag $C$DW$171
    4264              
    4265 00000000               .sect   ".text:__isinf"
    4266                      .clink
    4267                      .global ||__isinf||
    4268              
    4269              $C$DW$175       .dwtag  DW_TAG_subprogram
    4270                      .dwattr $C$DW$175, DW_AT_name("__isinf")
    4271                      .dwattr $C$DW$175, DW_AT_low_pc(||__isinf||)
    4272                      .dwattr $C$DW$175, DW_AT_high_pc(0x00)
    4273                      .dwattr $C$DW$175, DW_AT_linkage_name("__isinf")
    4274                      .dwattr $C$DW$175, DW_AT_external
    4275                      .dwattr $C$DW$175, DW_AT_type(*$C$DW$T$10)
    4276                      .dwattr $C$DW$175, DW_AT_decl_file("C:/ti/ccs2031/ccs/tools/compiler/ti-cgt-c2000_22.6.2.LTS/include/
    4277                      .dwattr $C$DW$175, DW_AT_decl_line(0x178)
    4278                      .dwattr $C$DW$175, DW_AT_decl_column(0x18)
    4279                      .dwattr $C$DW$175, DW_AT_TI_max_frame_size(-6)
    4280                      .dwpsn  file "C:/ti/ccs2031/ccs/tools/compiler/ti-cgt-c2000_22.6.2.LTS/include/_defs.h",line 377,colu
    4281              
    4282                      .dwfde $C$DW$CIE, ||__isinf||
    4283              $C$DW$176       .dwtag  DW_TAG_formal_parameter
    4284                      .dwattr $C$DW$176, DW_AT_name("d")
    4285                      .dwattr $C$DW$176, DW_AT_type(*$C$DW$T$208)
    4286                      .dwattr $C$DW$176, DW_AT_location[DW_OP_reg12]
    4287              
    4288              
    4289              ;***************************************************************
    4290              ;* FNAME: __isinf                       FR SIZE:   4           *
    4291              ;*                                                             *
    4292              ;* FUNCTION ENVIRONMENT                                        *
    4293              ;*                                                             *
    4294              ;* FUNCTION PROPERTIES                                         *
    4295              ;*                            4 Parameter,  0 Auto,  0 SOE     *
    4296              ;***************************************************************
    4297              
    4298              ||__isinf||:
    4299              ;* AR7   assigned to $O$C2
    4300              ;* AR4   assigned to $O$S1
    4301              ;* AR4   assigned to d
    4302              $C$DW$177       .dwtag  DW_TAG_variable
    4303                      .dwattr $C$DW$177, DW_AT_name("d")
    4304                      .dwattr $C$DW$177, DW_AT_type(*$C$DW$T$209)
TMS320C2000 Assembler PC v22.6.2 Mon Jan 26 16:23:05 2026

Copyright (c) 1996-2018 Texas Instruments Incorporated
dual_axis_servo_drive_cpu.asm                                        PAGE   92

    4305                      .dwattr $C$DW$177, DW_AT_location[DW_OP_reg12]
    4306              
    4307                      .dwcfi  cfa_offset, -2
    4308                      .dwcfi  save_reg_to_mem, 26, 0
    4309 00000000 FE04          ADDB      SP,#4                 ; [CPU_ARAU] 
    4310                      .dwcfi  cfa_offset, -6
    4311                      .dwpsn  file "C:/ti/ccs2031/ccs/tools/compiler/ti-cgt-c2000_22.6.2.LTS/include/_defs.h",line 377,colu
    4312 00000001 C5C4          MOVL      XAR7,*+XAR4[0]        ; [CPU_ALU] |377| 
    4313 00000002 06D4          MOVL      ACC,*+XAR4[2]         ; [CPU_ALU] |377| 
    4314 00000003 28AC          MOV       T,#48                 ; [CPU_ALU] |377| 
         00000004 0030 
    4315 00000005 1EA6          MOVL      XAR6,ACC              ; [CPU_ALU] |377| 
    4316 00000006 A3A7          MOVL      P,XAR7                ; [CPU_ALU] |377| 
    4317 00000007 D400          MOVB      XAR4,#0               ; [CPU_ALU] |377| 
    4318 00000008 565B          LSR64     ACC:P,T               ; [CPU_ALU] |377| 
    4319 00000009 2BAA          MOV       PH,#0                 ; [CPU_ALU] |377| 
    4320 0000000a 18AB          AND       PL,#0x7ff0            ; [CPU_ALU] |377| 
         0000000b 7FF0 
    4321 0000000c FF20          MOV       ACC,#32752            ; [CPU_ALU] |377| 
         0000000d 7FF0 
    4322 0000000e 0FAB          CMPL      ACC,P                 ; [CPU_ALU] |377| 
    4323 0000000f 6013          B         ||$C$L61||,NEQ        ; [CPU_ALU] |377| 
    4324                      ; branchcc occurs ; [] |377| 
    4325 00000010 06A6          MOVL      ACC,XAR6              ; [CPU_ALU] |377| 
    4326 00000011 A3A7          MOVL      P,XAR7                ; [CPU_ALU] |377| 
    4327 00000012 BE00          MOVB      XAR6,#0               ; [CPU_ALU] |377| 
    4328 00000013 18A9          AND       AL,#65535             ; [CPU_ALU] |377| 
         00000014 FFFF 
    4329 00000015 910F          ANDB      AH,#15                ; [CPU_ALU] |377| 
    4330 00000016 18AB          AND       PL,#65535             ; [CPU_ALU] |377| 
         00000017 FFFF 
    4331 00000018 18AA          AND       PH,#65535             ; [CPU_ALU] |377| 
         00000019 FFFF 
    4332 0000001a C244          MOVL      *-SP[4],XAR6          ; [CPU_FPU] |377| 
    4333 0000001b 2B42          MOV       *-SP[2],#0            ; [CPU_FPU] |377| 
    4334 0000001c 2B41          MOV       *-SP[1],#0            ; [CPU_FPU] |377| 
    4335              $C$DW$178       .dwtag  DW_TAG_TI_branch
    4336                      .dwattr $C$DW$178, DW_AT_low_pc(0x00)
    4337                      .dwattr $C$DW$178, DW_AT_name("__c28xabi_cmpull")
    4338                      .dwattr $C$DW$178, DW_AT_TI_call
    4339              
    4340 0000001d 7640!         LCR       #||__c28xabi_cmpull|| ; [CPU_ALU] |377| 
         0000001e 0000 
    4341                      ; call occurs [#||__c28xabi_cmpull||] ; [] |377| 
    4342 0000001f 5200          CMPB      AL,#0                 ; [CPU_ALU] |377| 
    4343 00000020 56B1          MOVB      XAR4,#1,EQ            ; [CPU_ALU] |377| 
         00000021 01A4 
    4344 00000022       ||$C$L61||:    
    4345 00000022 FE84          SUBB      SP,#4                 ; [CPU_ARAU] 
    4346                      .dwcfi  cfa_offset, -2
    4347 00000023 92A4          MOV       AL,AR4                ; [CPU_ALU] |377| 
    4348              $C$DW$179       .dwtag  DW_TAG_TI_branch
    4349                      .dwattr $C$DW$179, DW_AT_low_pc(0x00)
    4350                      .dwattr $C$DW$179, DW_AT_TI_return
    4351              
TMS320C2000 Assembler PC v22.6.2 Mon Jan 26 16:23:05 2026

Copyright (c) 1996-2018 Texas Instruments Incorporated
dual_axis_servo_drive_cpu.asm                                        PAGE   93

    4352 00000024 0006          LRETR     ; [CPU_ALU] 
    4353                      ; return occurs ; [] 
    4354                      .dwattr $C$DW$175, DW_AT_TI_end_file("C:/ti/ccs2031/ccs/tools/compiler/ti-cgt-c2000_22.6.2.LTS/includ
    4355                      .dwattr $C$DW$175, DW_AT_TI_end_line(0x179)
    4356                      .dwattr $C$DW$175, DW_AT_TI_end_column(0x4a)
    4357                      .dwendentry
    4358                      .dwendtag $C$DW$175
    4359              
    4360 00000000               .sect   ".text:__isfinitel"
    4361                      .clink
    4362                      .global ||__isfinitel||
    4363              
    4364              $C$DW$180       .dwtag  DW_TAG_subprogram
    4365                      .dwattr $C$DW$180, DW_AT_name("__isfinitel")
    4366                      .dwattr $C$DW$180, DW_AT_low_pc(||__isfinitel||)
    4367                      .dwattr $C$DW$180, DW_AT_high_pc(0x00)
    4368                      .dwattr $C$DW$180, DW_AT_linkage_name("__isfinitel")
    4369                      .dwattr $C$DW$180, DW_AT_external
    4370                      .dwattr $C$DW$180, DW_AT_type(*$C$DW$T$10)
    4371                      .dwattr $C$DW$180, DW_AT_decl_file("C:/ti/ccs2031/ccs/tools/compiler/ti-cgt-c2000_22.6.2.LTS/include/
    4372                      .dwattr $C$DW$180, DW_AT_decl_line(0x152)
    4373                      .dwattr $C$DW$180, DW_AT_decl_column(0x18)
    4374                      .dwattr $C$DW$180, DW_AT_TI_max_frame_size(-2)
    4375                      .dwpsn  file "C:/ti/ccs2031/ccs/tools/compiler/ti-cgt-c2000_22.6.2.LTS/include/_defs.h",line 339,colu
    4376              
    4377                      .dwfde $C$DW$CIE, ||__isfinitel||
    4378              $C$DW$181       .dwtag  DW_TAG_formal_parameter
    4379                      .dwattr $C$DW$181, DW_AT_name("e")
    4380                      .dwattr $C$DW$181, DW_AT_type(*$C$DW$T$211)
    4381                      .dwattr $C$DW$181, DW_AT_location[DW_OP_reg12]
    4382              
    4383              
    4384              ;***************************************************************
    4385              ;* FNAME: __isfinitel                   FR SIZE:   0           *
    4386              ;*                                                             *
    4387              ;* FUNCTION ENVIRONMENT                                        *
    4388              ;*                                                             *
    4389              ;* FUNCTION PROPERTIES                                         *
    4390              ;*                            0 Parameter,  0 Auto,  0 SOE     *
    4391              ;***************************************************************
    4392              
    4393              ||__isfinitel||:
    4394              ;* AR4   assigned to e
    4395              $C$DW$182       .dwtag  DW_TAG_variable
    4396                      .dwattr $C$DW$182, DW_AT_name("e")
    4397                      .dwattr $C$DW$182, DW_AT_type(*$C$DW$T$212)
    4398                      .dwattr $C$DW$182, DW_AT_location[DW_OP_reg12]
    4399              
    4400                      .dwcfi  cfa_offset, -2
    4401                      .dwcfi  save_reg_to_mem, 26, 0
    4402                      .dwpsn  file "C:/ti/ccs2031/ccs/tools/compiler/ti-cgt-c2000_22.6.2.LTS/include/_defs.h",line 339,colu
    4403 00000000 A3C4          MOVL      P,*+XAR4[0]           ; [CPU_ALU] |339| 
    4404 00000001 06D4          MOVL      ACC,*+XAR4[2]         ; [CPU_ALU] |339| 
    4405 00000002 28AC          MOV       T,#48                 ; [CPU_ALU] |339| 
         00000003 0030 
TMS320C2000 Assembler PC v22.6.2 Mon Jan 26 16:23:05 2026

Copyright (c) 1996-2018 Texas Instruments Incorporated
dual_axis_servo_drive_cpu.asm                                        PAGE   94

    4406 00000004 565B          LSR64     ACC:P,T               ; [CPU_ALU] |339| 
    4407 00000005 18AB          AND       PL,#0x7ff0            ; [CPU_ALU] |339| 
         00000006 7FF0 
    4408 00000007 80AB          MOVZ      AR7,PL                ; [CPU_ALU] |339| 
    4409 00000008 FF20          MOV       ACC,#32752            ; [CPU_ALU] |339| 
         00000009 7FF0 
    4410 0000000a BE00          MOVB      XAR6,#0               ; [CPU_ALU] |339| 
    4411 0000000b 0FA7          CMPL      ACC,XAR7              ; [CPU_ALU] |339| 
    4412 0000000c 56B0          MOVB      XAR6,#1,NEQ           ; [CPU_ALU] |339| 
         0000000d 01A6 
    4413 0000000e 92A6          MOV       AL,AR6                ; [CPU_ALU] |339| 
    4414              $C$DW$183       .dwtag  DW_TAG_TI_branch
    4415                      .dwattr $C$DW$183, DW_AT_low_pc(0x00)
    4416                      .dwattr $C$DW$183, DW_AT_TI_return
    4417              
    4418 0000000f 0006          LRETR     ; [CPU_ALU] 
    4419                      ; return occurs ; [] 
    4420                      .dwattr $C$DW$180, DW_AT_TI_end_file("C:/ti/ccs2031/ccs/tools/compiler/ti-cgt-c2000_22.6.2.LTS/includ
    4421                      .dwattr $C$DW$180, DW_AT_TI_end_line(0x153)
    4422                      .dwattr $C$DW$180, DW_AT_TI_end_column(0x2f)
    4423                      .dwendentry
    4424                      .dwendtag $C$DW$180
    4425              
    4426 00000000               .sect   ".text:__isfinitef"
    4427                      .clink
    4428                      .global ||__isfinitef||
    4429              
    4430              $C$DW$184       .dwtag  DW_TAG_subprogram
    4431                      .dwattr $C$DW$184, DW_AT_name("__isfinitef")
    4432                      .dwattr $C$DW$184, DW_AT_low_pc(||__isfinitef||)
    4433                      .dwattr $C$DW$184, DW_AT_high_pc(0x00)
    4434                      .dwattr $C$DW$184, DW_AT_linkage_name("__isfinitef")
    4435                      .dwattr $C$DW$184, DW_AT_external
    4436                      .dwattr $C$DW$184, DW_AT_type(*$C$DW$T$10)
    4437                      .dwattr $C$DW$184, DW_AT_decl_file("C:/ti/ccs2031/ccs/tools/compiler/ti-cgt-c2000_22.6.2.LTS/include/
    4438                      .dwattr $C$DW$184, DW_AT_decl_line(0x150)
    4439                      .dwattr $C$DW$184, DW_AT_decl_column(0x18)
    4440                      .dwattr $C$DW$184, DW_AT_TI_max_frame_size(-2)
    4441                      .dwpsn  file "C:/ti/ccs2031/ccs/tools/compiler/ti-cgt-c2000_22.6.2.LTS/include/_defs.h",line 337,colu
    4442              
    4443                      .dwfde $C$DW$CIE, ||__isfinitef||
    4444              $C$DW$185       .dwtag  DW_TAG_formal_parameter
    4445                      .dwattr $C$DW$185, DW_AT_name("f")
    4446                      .dwattr $C$DW$185, DW_AT_type(*$C$DW$T$16)
    4447                      .dwattr $C$DW$185, DW_AT_location[DW_OP_regx 0x2b]
    4448              
    4449              
    4450              ;***************************************************************
    4451              ;* FNAME: __isfinitef                   FR SIZE:   0           *
    4452              ;*                                                             *
    4453              ;* FUNCTION ENVIRONMENT                                        *
    4454              ;*                                                             *
    4455              ;* FUNCTION PROPERTIES                                         *
    4456              ;*                            0 Parameter,  0 Auto,  0 SOE     *
    4457              ;***************************************************************
TMS320C2000 Assembler PC v22.6.2 Mon Jan 26 16:23:05 2026

Copyright (c) 1996-2018 Texas Instruments Incorporated
dual_axis_servo_drive_cpu.asm                                        PAGE   95

    4458              
    4459              ||__isfinitef||:
    4460              ;* R0    assigned to f
    4461              $C$DW$186       .dwtag  DW_TAG_variable
    4462                      .dwattr $C$DW$186, DW_AT_name("f")
    4463                      .dwattr $C$DW$186, DW_AT_type(*$C$DW$T$203)
    4464                      .dwattr $C$DW$186, DW_AT_location[DW_OP_regx 0x2b]
    4465              
    4466                      .dwcfi  cfa_offset, -2
    4467                      .dwcfi  save_reg_to_mem, 26, 0
    4468                      .dwpsn  file "C:/ti/ccs2031/ccs/tools/compiler/ti-cgt-c2000_22.6.2.LTS/include/_defs.h",line 337,colu
    4469 00000000 BFAB          MOV32     P,R0H                 ; [CPU_FPU] |337| 
         00000001 0F12 
    4470 00000002 18AA          AND       PH,#0x7f80            ; [CPU_ALU] |337| 
         00000003 7F80 
    4471 00000004 80AA          MOVZ      AR7,PH                ; [CPU_ALU] |337| 
    4472 00000005 FF20          MOV       ACC,#32640            ; [CPU_ALU] |337| 
         00000006 7F80 
    4473 00000007 BE00          MOVB      XAR6,#0               ; [CPU_ALU] |337| 
    4474 00000008 0FA7          CMPL      ACC,XAR7              ; [CPU_ALU] |337| 
    4475 00000009 56B0          MOVB      XAR6,#1,NEQ           ; [CPU_ALU] |337| 
         0000000a 01A6 
    4476 0000000b 92A6          MOV       AL,AR6                ; [CPU_ALU] |337| 
    4477              $C$DW$187       .dwtag  DW_TAG_TI_branch
    4478                      .dwattr $C$DW$187, DW_AT_low_pc(0x00)
    4479                      .dwattr $C$DW$187, DW_AT_TI_return
    4480              
    4481 0000000c 0006          LRETR     ; [CPU_ALU] 
    4482                      ; return occurs ; [] 
    4483                      .dwattr $C$DW$184, DW_AT_TI_end_file("C:/ti/ccs2031/ccs/tools/compiler/ti-cgt-c2000_22.6.2.LTS/includ
    4484                      .dwattr $C$DW$184, DW_AT_TI_end_line(0x151)
    4485                      .dwattr $C$DW$184, DW_AT_TI_end_column(0x2d)
    4486                      .dwendentry
    4487                      .dwendtag $C$DW$184
    4488              
    4489 00000000               .sect   ".text:__isfinite"
    4490                      .clink
    4491                      .global ||__isfinite||
    4492              
    4493              $C$DW$188       .dwtag  DW_TAG_subprogram
    4494                      .dwattr $C$DW$188, DW_AT_name("__isfinite")
    4495                      .dwattr $C$DW$188, DW_AT_low_pc(||__isfinite||)
    4496                      .dwattr $C$DW$188, DW_AT_high_pc(0x00)
    4497                      .dwattr $C$DW$188, DW_AT_linkage_name("__isfinite")
    4498                      .dwattr $C$DW$188, DW_AT_external
    4499                      .dwattr $C$DW$188, DW_AT_type(*$C$DW$T$10)
    4500                      .dwattr $C$DW$188, DW_AT_decl_file("C:/ti/ccs2031/ccs/tools/compiler/ti-cgt-c2000_22.6.2.LTS/include/
    4501                      .dwattr $C$DW$188, DW_AT_decl_line(0x14e)
    4502                      .dwattr $C$DW$188, DW_AT_decl_column(0x18)
    4503                      .dwattr $C$DW$188, DW_AT_TI_max_frame_size(-2)
    4504                      .dwpsn  file "C:/ti/ccs2031/ccs/tools/compiler/ti-cgt-c2000_22.6.2.LTS/include/_defs.h",line 335,colu
    4505              
    4506                      .dwfde $C$DW$CIE, ||__isfinite||
    4507              $C$DW$189       .dwtag  DW_TAG_formal_parameter
    4508                      .dwattr $C$DW$189, DW_AT_name("d")
TMS320C2000 Assembler PC v22.6.2 Mon Jan 26 16:23:05 2026

Copyright (c) 1996-2018 Texas Instruments Incorporated
dual_axis_servo_drive_cpu.asm                                        PAGE   96

    4509                      .dwattr $C$DW$189, DW_AT_type(*$C$DW$T$208)
    4510                      .dwattr $C$DW$189, DW_AT_location[DW_OP_reg12]
    4511              
    4512              
    4513              ;***************************************************************
    4514              ;* FNAME: __isfinite                    FR SIZE:   0           *
    4515              ;*                                                             *
    4516              ;* FUNCTION ENVIRONMENT                                        *
    4517              ;*                                                             *
    4518              ;* FUNCTION PROPERTIES                                         *
    4519              ;*                            0 Parameter,  0 Auto,  0 SOE     *
    4520              ;***************************************************************
    4521              
    4522              ||__isfinite||:
    4523              ;* AR4   assigned to d
    4524              $C$DW$190       .dwtag  DW_TAG_variable
    4525                      .dwattr $C$DW$190, DW_AT_name("d")
    4526                      .dwattr $C$DW$190, DW_AT_type(*$C$DW$T$209)
    4527                      .dwattr $C$DW$190, DW_AT_location[DW_OP_reg12]
    4528              
    4529                      .dwcfi  cfa_offset, -2
    4530                      .dwcfi  save_reg_to_mem, 26, 0
    4531                      .dwpsn  file "C:/ti/ccs2031/ccs/tools/compiler/ti-cgt-c2000_22.6.2.LTS/include/_defs.h",line 335,colu
    4532 00000000 A3C4          MOVL      P,*+XAR4[0]           ; [CPU_ALU] |335| 
    4533 00000001 06D4          MOVL      ACC,*+XAR4[2]         ; [CPU_ALU] |335| 
    4534 00000002 28AC          MOV       T,#48                 ; [CPU_ALU] |335| 
         00000003 0030 
    4535 00000004 565B          LSR64     ACC:P,T               ; [CPU_ALU] |335| 
    4536 00000005 18AB          AND       PL,#0x7ff0            ; [CPU_ALU] |335| 
         00000006 7FF0 
    4537 00000007 80AB          MOVZ      AR7,PL                ; [CPU_ALU] |335| 
    4538 00000008 FF20          MOV       ACC,#32752            ; [CPU_ALU] |335| 
         00000009 7FF0 
    4539 0000000a BE00          MOVB      XAR6,#0               ; [CPU_ALU] |335| 
    4540 0000000b 0FA7          CMPL      ACC,XAR7              ; [CPU_ALU] |335| 
    4541 0000000c 56B0          MOVB      XAR6,#1,NEQ           ; [CPU_ALU] |335| 
         0000000d 01A6 
    4542 0000000e 92A6          MOV       AL,AR6                ; [CPU_ALU] |335| 
    4543              $C$DW$191       .dwtag  DW_TAG_TI_branch
    4544                      .dwattr $C$DW$191, DW_AT_low_pc(0x00)
    4545                      .dwattr $C$DW$191, DW_AT_TI_return
    4546              
    4547 0000000f 0006          LRETR     ; [CPU_ALU] 
    4548                      ; return occurs ; [] 
    4549                      .dwattr $C$DW$188, DW_AT_TI_end_file("C:/ti/ccs2031/ccs/tools/compiler/ti-cgt-c2000_22.6.2.LTS/includ
    4550                      .dwattr $C$DW$188, DW_AT_TI_end_line(0x14f)
    4551                      .dwattr $C$DW$188, DW_AT_TI_end_column(0x2e)
    4552                      .dwendentry
    4553                      .dwendtag $C$DW$188
    4554              
    4555 00000000               .sect   ".text:__fpclassifyl"
    4556                      .clink
    4557                      .global ||__fpclassifyl||
    4558              
    4559              $C$DW$192       .dwtag  DW_TAG_subprogram
TMS320C2000 Assembler PC v22.6.2 Mon Jan 26 16:23:05 2026

Copyright (c) 1996-2018 Texas Instruments Incorporated
dual_axis_servo_drive_cpu.asm                                        PAGE   97

    4560                      .dwattr $C$DW$192, DW_AT_name("__fpclassifyl")
    4561                      .dwattr $C$DW$192, DW_AT_low_pc(||__fpclassifyl||)
    4562                      .dwattr $C$DW$192, DW_AT_high_pc(0x00)
    4563                      .dwattr $C$DW$192, DW_AT_linkage_name("__fpclassifyl")
    4564                      .dwattr $C$DW$192, DW_AT_external
    4565                      .dwattr $C$DW$192, DW_AT_type(*$C$DW$T$10)
    4566                      .dwattr $C$DW$192, DW_AT_decl_file("C:/ti/ccs2031/ccs/tools/compiler/ti-cgt-c2000_22.6.2.LTS/include/
    4567                      .dwattr $C$DW$192, DW_AT_decl_line(0x1ae)
    4568                      .dwattr $C$DW$192, DW_AT_decl_column(0x18)
    4569                      .dwattr $C$DW$192, DW_AT_TI_max_frame_size(-10)
    4570                      .dwpsn  file "C:/ti/ccs2031/ccs/tools/compiler/ti-cgt-c2000_22.6.2.LTS/include/_defs.h",line 431,colu
    4571              
    4572                      .dwfde $C$DW$CIE, ||__fpclassifyl||
    4573              $C$DW$193       .dwtag  DW_TAG_formal_parameter
    4574                      .dwattr $C$DW$193, DW_AT_name("e")
    4575                      .dwattr $C$DW$193, DW_AT_type(*$C$DW$T$211)
    4576                      .dwattr $C$DW$193, DW_AT_location[DW_OP_reg12]
    4577              
    4578              
    4579              ;***************************************************************
    4580              ;* FNAME: __fpclassifyl                 FR SIZE:   8           *
    4581              ;*                                                             *
    4582              ;* FUNCTION ENVIRONMENT                                        *
    4583              ;*                                                             *
    4584              ;* FUNCTION PROPERTIES                                         *
    4585              ;*                            4 Parameter,  4 Auto,  0 SOE     *
    4586              ;***************************************************************
    4587              
    4588              ||__fpclassifyl||:
    4589              $C$DW$194       .dwtag  DW_TAG_variable
    4590                      .dwattr $C$DW$194, DW_AT_name("e")
    4591                      .dwattr $C$DW$194, DW_AT_type(*$C$DW$T$18)
    4592                      .dwattr $C$DW$194, DW_AT_location[DW_OP_breg20 -8]
    4593              
    4594              ;* AR5   assigned to $O$C1
    4595              ;* AR4   assigned to e
    4596              $C$DW$195       .dwtag  DW_TAG_variable
    4597                      .dwattr $C$DW$195, DW_AT_name("e")
    4598                      .dwattr $C$DW$195, DW_AT_type(*$C$DW$T$212)
    4599                      .dwattr $C$DW$195, DW_AT_location[DW_OP_reg12]
    4600              
    4601                      .dwcfi  cfa_offset, -2
    4602                      .dwcfi  save_reg_to_mem, 26, 0
    4603 00000000 FE08          ADDB      SP,#8                 ; [CPU_ARAU] 
    4604                      .dwcfi  cfa_offset, -10
    4605 00000001 C4D4          MOVL      XAR6,*+XAR4[2]        ; [CPU_ALU] |431| 
    4606 00000002 06C4          MOVL      ACC,*+XAR4[0]         ; [CPU_ALU] |431| 
    4607 00000003 1E48          MOVL      *-SP[8],ACC           ; [CPU_ALU] |431| 
    4608 00000004 C246          MOVL      *-SP[6],XAR6          ; [CPU_ALU] |431| 
    4609                      .dwpsn  file "C:/ti/ccs2031/ccs/tools/compiler/ti-cgt-c2000_22.6.2.LTS/include/_defs.h",line 432,colu
    4610 00000005 8348          MOVL      XAR5,*-SP[8]          ; [CPU_ALU] |432| 
    4611 00000006 8A46          MOVL      XAR4,*-SP[6]          ; [CPU_ALU] |432| 
    4612                      .dwpsn  file "C:/ti/ccs2031/ccs/tools/compiler/ti-cgt-c2000_22.6.2.LTS/include/_defs.h",line 436,colu
    4613 00000007 28AC          MOV       T,#48                 ; [CPU_ALU] |436| 
         00000008 0030 
TMS320C2000 Assembler PC v22.6.2 Mon Jan 26 16:23:05 2026

Copyright (c) 1996-2018 Texas Instruments Incorporated
dual_axis_servo_drive_cpu.asm                                        PAGE   98

    4614 00000009 A0AB          MOVL      P,XAR5                ; [CPU_ALU] |436| 
    4615 0000000a A8A9          MOVL      ACC,XAR4              ; [CPU_ALU] |436| 
    4616 0000000b 565B          LSR64     ACC:P,T               ; [CPU_ALU] |436| 
    4617 0000000c 18AB          AND       PL,#0x7ff0            ; [CPU_ALU] |436| 
         0000000d 7FF0 
    4618 0000000e 88AB          MOVZ      AR6,PL                ; [CPU_ALU] |436| 
    4619 0000000f FF20          MOV       ACC,#32752            ; [CPU_ALU] |436| 
         00000010 7FF0 
    4620 00000011 0FA6          CMPL      ACC,XAR6              ; [CPU_ALU] |436| 
    4621 00000012 6016          B         ||$C$L63||,NEQ        ; [CPU_ALU] |436| 
    4622                      ; branchcc occurs ; [] |436| 
    4623 00000013 0200          MOVB      ACC,#0                ; [CPU_ALU] |436| 
    4624 00000014 1E44          MOVL      *-SP[4],ACC           ; [CPU_ALU] |436| 
    4625 00000015 2B42          MOV       *-SP[2],#0            ; [CPU_ALU] |436| 
    4626 00000016 2B41          MOV       *-SP[1],#0            ; [CPU_ALU] |436| 
    4627 00000017 A348          MOVL      P,*-SP[8]             ; [CPU_ALU] |436| 
    4628 00000018 0646          MOVL      ACC,*-SP[6]           ; [CPU_ALU] |436| 
    4629 00000019 18AB          AND       PL,#65535             ; [CPU_ALU] |436| 
         0000001a FFFF 
    4630 0000001b 18AA          AND       PH,#65535             ; [CPU_ALU] |436| 
         0000001c FFFF 
    4631 0000001d 18A9          AND       AL,#65535             ; [CPU_ALU] |436| 
         0000001e FFFF 
    4632 0000001f 910F          ANDB      AH,#15                ; [CPU_ALU] |436| 
    4633              $C$DW$196       .dwtag  DW_TAG_TI_branch
    4634                      .dwattr $C$DW$196, DW_AT_low_pc(0x00)
    4635                      .dwattr $C$DW$196, DW_AT_name("__c28xabi_cmpull")
    4636                      .dwattr $C$DW$196, DW_AT_TI_call
    4637              
    4638 00000020 7640!         LCR       #||__c28xabi_cmpull|| ; [CPU_ALU] |436| 
         00000021 0000 
    4639                      ; call occurs [#||__c28xabi_cmpull||] ; [] |436| 
    4640 00000022 5200          CMPB      AL,#0                 ; [CPU_ALU] |436| 
    4641 00000023 6103          B         ||$C$L62||,EQ         ; [CPU_ALU] |436| 
    4642                      ; branchcc occurs ; [] |436| 
    4643 00000024 9A02          MOVB      AL,#2                 ; [CPU_ALU] |436| 
    4644 00000025 6F2D          B         ||$C$L66||,UNC        ; [CPU_ALU] |436| 
    4645                      ; branch occurs ; [] |436| 
    4646 00000026       ||$C$L62||:    
    4647 00000026 9A01          MOVB      AL,#1                 ; [CPU_ALU] |436| 
    4648 00000027 6F2B          B         ||$C$L66||,UNC        ; [CPU_ALU] |436| 
    4649                      ; branch occurs ; [] |436| 
    4650 00000028       ||$C$L63||:    
    4651 00000028 BE00          MOVB      XAR6,#0               ; [CPU_ALU] |436| 
    4652 00000029 A0AB          MOVL      P,XAR5                ; [CPU_ALU] |436| 
    4653 0000002a A8A9          MOVL      ACC,XAR4              ; [CPU_ALU] |436| 
    4654 0000002b 28AC          MOV       T,#52                 ; [CPU_ALU] |436| 
         0000002c 0034 
    4655 0000002d C244          MOVL      *-SP[4],XAR6          ; [CPU_ALU] |436| 
    4656 0000002e 2B42          MOV       *-SP[2],#0            ; [CPU_ALU] |436| 
    4657 0000002f 565B          LSR64     ACC:P,T               ; [CPU_ALU] |436| 
    4658 00000030 2B41          MOV       *-SP[1],#0            ; [CPU_FPU] |436| 
    4659 00000031 9000          ANDB      AL,#0                 ; [CPU_ALU] |436| 
    4660 00000032 9100          ANDB      AH,#0                 ; [CPU_ALU] |436| 
    4661 00000033 18AB          AND       PL,#2047              ; [CPU_ALU] |436| 
TMS320C2000 Assembler PC v22.6.2 Mon Jan 26 16:23:05 2026

Copyright (c) 1996-2018 Texas Instruments Incorporated
dual_axis_servo_drive_cpu.asm                                        PAGE   99

         00000034 07FF 
    4662 00000035 18AA          AND       PH,#0                 ; [CPU_ALU] |436| 
         00000036 0000 
    4663              $C$DW$197       .dwtag  DW_TAG_TI_branch
    4664                      .dwattr $C$DW$197, DW_AT_low_pc(0x00)
    4665                      .dwattr $C$DW$197, DW_AT_name("__c28xabi_cmpull")
    4666                      .dwattr $C$DW$197, DW_AT_TI_call
    4667              
    4668 00000037 7640!         LCR       #||__c28xabi_cmpull|| ; [CPU_ALU] |436| 
         00000038 0000 
    4669                      ; call occurs [#||__c28xabi_cmpull||] ; [] |436| 
    4670 00000039 5200          CMPB      AL,#0                 ; [CPU_ALU] |436| 
    4671 0000003a 6104          B         ||$C$L64||,EQ         ; [CPU_ALU] |436| 
    4672                      ; branchcc occurs ; [] |436| 
    4673 0000003b 28A9          MOV       AL,#-1                ; [CPU_ALU] |436| 
         0000003c FFFF 
    4674 0000003d 6F15          B         ||$C$L66||,UNC        ; [CPU_ALU] |436| 
    4675                      ; branch occurs ; [] |436| 
    4676 0000003e       ||$C$L64||:    
    4677 0000003e C244          MOVL      *-SP[4],XAR6          ; [CPU_ALU] |436| 
    4678 0000003f A8A9          MOVL      ACC,XAR4              ; [CPU_ALU] |436| 
    4679 00000040 A0AB          MOVL      P,XAR5                ; [CPU_ALU] |436| 
    4680 00000041 2B42          MOV       *-SP[2],#0            ; [CPU_ALU] |436| 
    4681 00000042 18A9          AND       AL,#65535             ; [CPU_ALU] |436| 
         00000043 FFFF 
    4682 00000044 910F          ANDB      AH,#15                ; [CPU_ALU] |436| 
    4683 00000045 18AB          AND       PL,#65535             ; [CPU_ALU] |436| 
         00000046 FFFF 
    4684 00000047 18AA          AND       PH,#65535             ; [CPU_ALU] |436| 
         00000048 FFFF 
    4685 00000049 2B41          MOV       *-SP[1],#0            ; [CPU_FPU] |436| 
    4686              $C$DW$198       .dwtag  DW_TAG_TI_branch
    4687                      .dwattr $C$DW$198, DW_AT_low_pc(0x00)
    4688                      .dwattr $C$DW$198, DW_AT_name("__c28xabi_cmpull")
    4689                      .dwattr $C$DW$198, DW_AT_TI_call
    4690              
    4691 0000004a 7640!         LCR       #||__c28xabi_cmpull|| ; [CPU_ALU] |436| 
         0000004b 0000 
    4692                      ; call occurs [#||__c28xabi_cmpull||] ; [] |436| 
    4693 0000004c 5200          CMPB      AL,#0                 ; [CPU_ALU] |436| 
    4694 0000004d 6104          B         ||$C$L65||,EQ         ; [CPU_ALU] |436| 
    4695                      ; branchcc occurs ; [] |436| 
    4696 0000004e 28A9          MOV       AL,#-2                ; [CPU_ALU] |436| 
         0000004f FFFE 
    4697 00000050 6F02          B         ||$C$L66||,UNC        ; [CPU_ALU] |436| 
    4698                      ; branch occurs ; [] |436| 
    4699 00000051       ||$C$L65||:    
    4700 00000051 9A00          MOVB      AL,#0                 ; [CPU_ALU] |436| 
    4701 00000052       ||$C$L66||:    
    4702 00000052 FE88          SUBB      SP,#8                 ; [CPU_ARAU] 
    4703                      .dwcfi  cfa_offset, -2
    4704              $C$DW$199       .dwtag  DW_TAG_TI_branch
    4705                      .dwattr $C$DW$199, DW_AT_low_pc(0x00)
    4706                      .dwattr $C$DW$199, DW_AT_TI_return
    4707              
TMS320C2000 Assembler PC v22.6.2 Mon Jan 26 16:23:05 2026

Copyright (c) 1996-2018 Texas Instruments Incorporated
dual_axis_servo_drive_cpu.asm                                        PAGE  100

    4708 00000053 0006          LRETR     ; [CPU_ALU] 
    4709                      ; return occurs ; [] 
    4710                      .dwattr $C$DW$192, DW_AT_TI_end_file("C:/ti/ccs2031/ccs/tools/compiler/ti-cgt-c2000_22.6.2.LTS/includ
    4711                      .dwattr $C$DW$192, DW_AT_TI_end_line(0x1bd)
    4712                      .dwattr $C$DW$192, DW_AT_TI_end_column(0x01)
    4713                      .dwendentry
    4714                      .dwendtag $C$DW$192
    4715              
    4716 00000000               .sect   ".text:__fpclassifyf"
    4717                      .clink
    4718                      .global ||__fpclassifyf||
    4719              
    4720              $C$DW$200       .dwtag  DW_TAG_subprogram
    4721                      .dwattr $C$DW$200, DW_AT_name("__fpclassifyf")
    4722                      .dwattr $C$DW$200, DW_AT_low_pc(||__fpclassifyf||)
    4723                      .dwattr $C$DW$200, DW_AT_high_pc(0x00)
    4724                      .dwattr $C$DW$200, DW_AT_linkage_name("__fpclassifyf")
    4725                      .dwattr $C$DW$200, DW_AT_external
    4726                      .dwattr $C$DW$200, DW_AT_type(*$C$DW$T$10)
    4727                      .dwattr $C$DW$200, DW_AT_decl_file("C:/ti/ccs2031/ccs/tools/compiler/ti-cgt-c2000_22.6.2.LTS/include/
    4728                      .dwattr $C$DW$200, DW_AT_decl_line(0x18c)
    4729                      .dwattr $C$DW$200, DW_AT_decl_column(0x18)
    4730                      .dwattr $C$DW$200, DW_AT_TI_max_frame_size(-2)
    4731                      .dwpsn  file "C:/ti/ccs2031/ccs/tools/compiler/ti-cgt-c2000_22.6.2.LTS/include/_defs.h",line 397,colu
    4732              
    4733                      .dwfde $C$DW$CIE, ||__fpclassifyf||
    4734              $C$DW$201       .dwtag  DW_TAG_formal_parameter
    4735                      .dwattr $C$DW$201, DW_AT_name("f")
    4736                      .dwattr $C$DW$201, DW_AT_type(*$C$DW$T$16)
    4737                      .dwattr $C$DW$201, DW_AT_location[DW_OP_regx 0x2b]
    4738              
    4739              
    4740              ;***************************************************************
    4741              ;* FNAME: __fpclassifyf                 FR SIZE:   0           *
    4742              ;*                                                             *
    4743              ;* FUNCTION ENVIRONMENT                                        *
    4744              ;*                                                             *
    4745              ;* FUNCTION PROPERTIES                                         *
    4746              ;*                            0 Parameter,  0 Auto,  0 SOE     *
    4747              ;***************************************************************
    4748              
    4749              ||__fpclassifyf||:
    4750              ;* PL    assigned to $O$K1
    4751              ;* R0    assigned to f
    4752              $C$DW$202       .dwtag  DW_TAG_variable
    4753                      .dwattr $C$DW$202, DW_AT_name("f")
    4754                      .dwattr $C$DW$202, DW_AT_type(*$C$DW$T$203)
    4755                      .dwattr $C$DW$202, DW_AT_location[DW_OP_regx 0x2b]
    4756              
    4757                      .dwcfi  cfa_offset, -2
    4758                      .dwcfi  save_reg_to_mem, 26, 0
    4759                      .dwpsn  file "C:/ti/ccs2031/ccs/tools/compiler/ti-cgt-c2000_22.6.2.LTS/include/_defs.h",line 398,colu
    4760 00000000 BFAB          MOV32     P,R0H                 ; [CPU_FPU] |398| 
         00000001 0F12 
    4761                      .dwpsn  file "C:/ti/ccs2031/ccs/tools/compiler/ti-cgt-c2000_22.6.2.LTS/include/_defs.h",line 402,colu
TMS320C2000 Assembler PC v22.6.2 Mon Jan 26 16:23:05 2026

Copyright (c) 1996-2018 Texas Instruments Incorporated
dual_axis_servo_drive_cpu.asm                                        PAGE  101

    4762 00000002 CCAA          AND       AL,PH,#0x7f80         ; [CPU_ALU] |402| 
         00000003 7F80 
    4763 00000004 88A9          MOVZ      AR6,AL                ; [CPU_ALU] |402| 
    4764 00000005 FF20          MOV       ACC,#32640            ; [CPU_ALU] |402| 
         00000006 7F80 
    4765 00000007 0FA6          CMPL      ACC,XAR6              ; [CPU_ALU] |402| 
    4766 00000008 6009          B         ||$C$L68||,NEQ        ; [CPU_ALU] |402| 
    4767                      ; branchcc occurs ; [] |402| 
    4768 00000009 A9A9          MOVL      ACC,P                 ; [CPU_ALU] |402| 
    4769 0000000a 917F          ANDB      AH,#127               ; [CPU_ALU] |402| 
    4770 0000000b FF58          TEST      ACC                   ; [CPU_ALU] |402| 
    4771 0000000c 6103          B         ||$C$L67||,EQ         ; [CPU_ALU] |402| 
    4772                      ; branchcc occurs ; [] |402| 
    4773                      .dwcfi  remember_state
    4774 0000000d 9A02          MOVB      AL,#2                 ; [CPU_ALU] |402| 
    4775              $C$DW$203       .dwtag  DW_TAG_TI_branch
    4776                      .dwattr $C$DW$203, DW_AT_low_pc(0x00)
    4777                      .dwattr $C$DW$203, DW_AT_TI_return
    4778              
    4779 0000000e 0006          LRETR     ; [CPU_ALU] 
    4780                      ; return occurs ; [] 
    4781                      .dwcfi  restore_state
    4782 0000000f       ||$C$L67||:    
    4783                      .dwcfi  remember_state
    4784 0000000f 9A01          MOVB      AL,#1                 ; [CPU_ALU] |402| 
    4785              $C$DW$204       .dwtag  DW_TAG_TI_branch
    4786                      .dwattr $C$DW$204, DW_AT_low_pc(0x00)
    4787                      .dwattr $C$DW$204, DW_AT_TI_return
    4788              
    4789 00000010 0006          LRETR     ; [CPU_ALU] 
    4790                      ; return occurs ; [] 
    4791                      .dwcfi  restore_state
    4792 00000011       ||$C$L68||:    
    4793 00000011 A9A9          MOVL      ACC,P                 ; [CPU_ALU] |402| 
    4794 00000012 28AC          MOV       T,#23                 ; [CPU_ALU] |402| 
         00000013 0017 
    4795 00000014 5622          LSRL      ACC,T                 ; [CPU_ALU] |402| 
    4796 00000015 90FF          ANDB      AL,#0xff              ; [CPU_ALU] |402| 
    4797 00000016 6104          B         ||$C$L69||,EQ         ; [CPU_ALU] |402| 
    4798                      ; branchcc occurs ; [] |402| 
    4799                      .dwcfi  remember_state
    4800 00000017 28A9          MOV       AL,#-1                ; [CPU_ALU] |402| 
         00000018 FFFF 
    4801              $C$DW$205       .dwtag  DW_TAG_TI_branch
    4802                      .dwattr $C$DW$205, DW_AT_low_pc(0x00)
    4803                      .dwattr $C$DW$205, DW_AT_TI_return
    4804              
    4805 00000019 0006          LRETR     ; [CPU_ALU] 
    4806                      ; return occurs ; [] 
    4807                      .dwcfi  restore_state
    4808 0000001a       ||$C$L69||:    
    4809 0000001a A9A9          MOVL      ACC,P                 ; [CPU_ALU] |402| 
    4810 0000001b 917F          ANDB      AH,#127               ; [CPU_ALU] |402| 
    4811 0000001c FF58          TEST      ACC                   ; [CPU_ALU] |402| 
    4812 0000001d 6104          B         ||$C$L70||,EQ         ; [CPU_ALU] |402| 
TMS320C2000 Assembler PC v22.6.2 Mon Jan 26 16:23:05 2026

Copyright (c) 1996-2018 Texas Instruments Incorporated
dual_axis_servo_drive_cpu.asm                                        PAGE  102

    4813                      ; branchcc occurs ; [] |402| 
    4814                      .dwcfi  remember_state
    4815 0000001e 28A9          MOV       AL,#-2                ; [CPU_ALU] |402| 
         0000001f FFFE 
    4816              $C$DW$206       .dwtag  DW_TAG_TI_branch
    4817                      .dwattr $C$DW$206, DW_AT_low_pc(0x00)
    4818                      .dwattr $C$DW$206, DW_AT_TI_return
    4819              
    4820 00000020 0006          LRETR     ; [CPU_ALU] 
    4821                      ; return occurs ; [] 
    4822                      .dwcfi  restore_state
    4823 00000021       ||$C$L70||:    
    4824 00000021 9A00          MOVB      AL,#0                 ; [CPU_ALU] |402| 
    4825              $C$DW$207       .dwtag  DW_TAG_TI_branch
    4826                      .dwattr $C$DW$207, DW_AT_low_pc(0x00)
    4827                      .dwattr $C$DW$207, DW_AT_TI_return
    4828              
    4829 00000022 0006          LRETR     ; [CPU_ALU] 
    4830                      ; return occurs ; [] 
    4831                      .dwattr $C$DW$200, DW_AT_TI_end_file("C:/ti/ccs2031/ccs/tools/compiler/ti-cgt-c2000_22.6.2.LTS/includ
    4832                      .dwattr $C$DW$200, DW_AT_TI_end_line(0x19b)
    4833                      .dwattr $C$DW$200, DW_AT_TI_end_column(0x01)
    4834                      .dwendentry
    4835                      .dwendtag $C$DW$200
    4836              
    4837 00000000               .sect   ".text:__fpclassify"
    4838                      .clink
    4839                      .global ||__fpclassify||
    4840              
    4841              $C$DW$208       .dwtag  DW_TAG_subprogram
    4842                      .dwattr $C$DW$208, DW_AT_name("__fpclassify")
    4843                      .dwattr $C$DW$208, DW_AT_low_pc(||__fpclassify||)
    4844                      .dwattr $C$DW$208, DW_AT_high_pc(0x00)
    4845                      .dwattr $C$DW$208, DW_AT_linkage_name("__fpclassify")
    4846                      .dwattr $C$DW$208, DW_AT_external
    4847                      .dwattr $C$DW$208, DW_AT_type(*$C$DW$T$10)
    4848                      .dwattr $C$DW$208, DW_AT_decl_file("C:/ti/ccs2031/ccs/tools/compiler/ti-cgt-c2000_22.6.2.LTS/include/
    4849                      .dwattr $C$DW$208, DW_AT_decl_line(0x19d)
    4850                      .dwattr $C$DW$208, DW_AT_decl_column(0x18)
    4851                      .dwattr $C$DW$208, DW_AT_TI_max_frame_size(-10)
    4852                      .dwpsn  file "C:/ti/ccs2031/ccs/tools/compiler/ti-cgt-c2000_22.6.2.LTS/include/_defs.h",line 414,colu
    4853              
    4854                      .dwfde $C$DW$CIE, ||__fpclassify||
    4855              $C$DW$209       .dwtag  DW_TAG_formal_parameter
    4856                      .dwattr $C$DW$209, DW_AT_name("d")
    4857                      .dwattr $C$DW$209, DW_AT_type(*$C$DW$T$208)
    4858                      .dwattr $C$DW$209, DW_AT_location[DW_OP_reg12]
    4859              
    4860              
    4861              ;***************************************************************
    4862              ;* FNAME: __fpclassify                  FR SIZE:   8           *
    4863              ;*                                                             *
    4864              ;* FUNCTION ENVIRONMENT                                        *
    4865              ;*                                                             *
    4866              ;* FUNCTION PROPERTIES                                         *
TMS320C2000 Assembler PC v22.6.2 Mon Jan 26 16:23:05 2026

Copyright (c) 1996-2018 Texas Instruments Incorporated
dual_axis_servo_drive_cpu.asm                                        PAGE  103

    4867              ;*                            4 Parameter,  4 Auto,  0 SOE     *
    4868              ;***************************************************************
    4869              
    4870              ||__fpclassify||:
    4871              $C$DW$210       .dwtag  DW_TAG_variable
    4872                      .dwattr $C$DW$210, DW_AT_name("d")
    4873                      .dwattr $C$DW$210, DW_AT_type(*$C$DW$T$17)
    4874                      .dwattr $C$DW$210, DW_AT_location[DW_OP_breg20 -8]
    4875              
    4876              ;* AR5   assigned to $O$C1
    4877              ;* AR4   assigned to d
    4878              $C$DW$211       .dwtag  DW_TAG_variable
    4879                      .dwattr $C$DW$211, DW_AT_name("d")
    4880                      .dwattr $C$DW$211, DW_AT_type(*$C$DW$T$209)
    4881                      .dwattr $C$DW$211, DW_AT_location[DW_OP_reg12]
    4882              
    4883                      .dwcfi  cfa_offset, -2
    4884                      .dwcfi  save_reg_to_mem, 26, 0
    4885 00000000 FE08          ADDB      SP,#8                 ; [CPU_ARAU] 
    4886                      .dwcfi  cfa_offset, -10
    4887 00000001 C4D4          MOVL      XAR6,*+XAR4[2]        ; [CPU_ALU] |414| 
    4888 00000002 06C4          MOVL      ACC,*+XAR4[0]         ; [CPU_ALU] |414| 
    4889 00000003 1E48          MOVL      *-SP[8],ACC           ; [CPU_ALU] |414| 
    4890 00000004 C246          MOVL      *-SP[6],XAR6          ; [CPU_ALU] |414| 
    4891                      .dwpsn  file "C:/ti/ccs2031/ccs/tools/compiler/ti-cgt-c2000_22.6.2.LTS/include/_defs.h",line 415,colu
    4892 00000005 8348          MOVL      XAR5,*-SP[8]          ; [CPU_ALU] |415| 
    4893 00000006 8A46          MOVL      XAR4,*-SP[6]          ; [CPU_ALU] |415| 
    4894                      .dwpsn  file "C:/ti/ccs2031/ccs/tools/compiler/ti-cgt-c2000_22.6.2.LTS/include/_defs.h",line 419,colu
    4895 00000007 28AC          MOV       T,#48                 ; [CPU_ALU] |419| 
         00000008 0030 
    4896 00000009 A0AB          MOVL      P,XAR5                ; [CPU_ALU] |419| 
    4897 0000000a A8A9          MOVL      ACC,XAR4              ; [CPU_ALU] |419| 
    4898 0000000b 565B          LSR64     ACC:P,T               ; [CPU_ALU] |419| 
    4899 0000000c 18AB          AND       PL,#0x7ff0            ; [CPU_ALU] |419| 
         0000000d 7FF0 
    4900 0000000e 88AB          MOVZ      AR6,PL                ; [CPU_ALU] |419| 
    4901 0000000f FF20          MOV       ACC,#32752            ; [CPU_ALU] |419| 
         00000010 7FF0 
    4902 00000011 0FA6          CMPL      ACC,XAR6              ; [CPU_ALU] |419| 
    4903 00000012 6016          B         ||$C$L72||,NEQ        ; [CPU_ALU] |419| 
    4904                      ; branchcc occurs ; [] |419| 
    4905 00000013 0200          MOVB      ACC,#0                ; [CPU_ALU] |419| 
    4906 00000014 1E44          MOVL      *-SP[4],ACC           ; [CPU_ALU] |419| 
    4907 00000015 2B42          MOV       *-SP[2],#0            ; [CPU_ALU] |419| 
    4908 00000016 2B41          MOV       *-SP[1],#0            ; [CPU_ALU] |419| 
    4909 00000017 A348          MOVL      P,*-SP[8]             ; [CPU_ALU] |419| 
    4910 00000018 0646          MOVL      ACC,*-SP[6]           ; [CPU_ALU] |419| 
    4911 00000019 18AB          AND       PL,#65535             ; [CPU_ALU] |419| 
         0000001a FFFF 
    4912 0000001b 18AA          AND       PH,#65535             ; [CPU_ALU] |419| 
         0000001c FFFF 
    4913 0000001d 18A9          AND       AL,#65535             ; [CPU_ALU] |419| 
         0000001e FFFF 
    4914 0000001f 910F          ANDB      AH,#15                ; [CPU_ALU] |419| 
    4915              $C$DW$212       .dwtag  DW_TAG_TI_branch
TMS320C2000 Assembler PC v22.6.2 Mon Jan 26 16:23:05 2026

Copyright (c) 1996-2018 Texas Instruments Incorporated
dual_axis_servo_drive_cpu.asm                                        PAGE  104

    4916                      .dwattr $C$DW$212, DW_AT_low_pc(0x00)
    4917                      .dwattr $C$DW$212, DW_AT_name("__c28xabi_cmpull")
    4918                      .dwattr $C$DW$212, DW_AT_TI_call
    4919              
    4920 00000020 7640!         LCR       #||__c28xabi_cmpull|| ; [CPU_ALU] |419| 
         00000021 0000 
    4921                      ; call occurs [#||__c28xabi_cmpull||] ; [] |419| 
    4922 00000022 5200          CMPB      AL,#0                 ; [CPU_ALU] |419| 
    4923 00000023 6103          B         ||$C$L71||,EQ         ; [CPU_ALU] |419| 
    4924                      ; branchcc occurs ; [] |419| 
    4925 00000024 9A02          MOVB      AL,#2                 ; [CPU_ALU] |419| 
    4926 00000025 6F2D          B         ||$C$L75||,UNC        ; [CPU_ALU] |419| 
    4927                      ; branch occurs ; [] |419| 
    4928 00000026       ||$C$L71||:    
    4929 00000026 9A01          MOVB      AL,#1                 ; [CPU_ALU] |419| 
    4930 00000027 6F2B          B         ||$C$L75||,UNC        ; [CPU_ALU] |419| 
    4931                      ; branch occurs ; [] |419| 
    4932 00000028       ||$C$L72||:    
    4933 00000028 BE00          MOVB      XAR6,#0               ; [CPU_ALU] |419| 
    4934 00000029 A0AB          MOVL      P,XAR5                ; [CPU_ALU] |419| 
    4935 0000002a A8A9          MOVL      ACC,XAR4              ; [CPU_ALU] |419| 
    4936 0000002b 28AC          MOV       T,#52                 ; [CPU_ALU] |419| 
         0000002c 0034 
    4937 0000002d C244          MOVL      *-SP[4],XAR6          ; [CPU_ALU] |419| 
    4938 0000002e 2B42          MOV       *-SP[2],#0            ; [CPU_ALU] |419| 
    4939 0000002f 565B          LSR64     ACC:P,T               ; [CPU_ALU] |419| 
    4940 00000030 2B41          MOV       *-SP[1],#0            ; [CPU_FPU] |419| 
    4941 00000031 9000          ANDB      AL,#0                 ; [CPU_ALU] |419| 
    4942 00000032 9100          ANDB      AH,#0                 ; [CPU_ALU] |419| 
    4943 00000033 18AB          AND       PL,#2047              ; [CPU_ALU] |419| 
         00000034 07FF 
    4944 00000035 18AA          AND       PH,#0                 ; [CPU_ALU] |419| 
         00000036 0000 
    4945              $C$DW$213       .dwtag  DW_TAG_TI_branch
    4946                      .dwattr $C$DW$213, DW_AT_low_pc(0x00)
    4947                      .dwattr $C$DW$213, DW_AT_name("__c28xabi_cmpull")
    4948                      .dwattr $C$DW$213, DW_AT_TI_call
    4949              
    4950 00000037 7640!         LCR       #||__c28xabi_cmpull|| ; [CPU_ALU] |419| 
         00000038 0000 
    4951                      ; call occurs [#||__c28xabi_cmpull||] ; [] |419| 
    4952 00000039 5200          CMPB      AL,#0                 ; [CPU_ALU] |419| 
    4953 0000003a 6104          B         ||$C$L73||,EQ         ; [CPU_ALU] |419| 
    4954                      ; branchcc occurs ; [] |419| 
    4955 0000003b 28A9          MOV       AL,#-1                ; [CPU_ALU] |419| 
         0000003c FFFF 
    4956 0000003d 6F15          B         ||$C$L75||,UNC        ; [CPU_ALU] |419| 
    4957                      ; branch occurs ; [] |419| 
    4958 0000003e       ||$C$L73||:    
    4959 0000003e C244          MOVL      *-SP[4],XAR6          ; [CPU_ALU] |419| 
    4960 0000003f A8A9          MOVL      ACC,XAR4              ; [CPU_ALU] |419| 
    4961 00000040 A0AB          MOVL      P,XAR5                ; [CPU_ALU] |419| 
    4962 00000041 2B42          MOV       *-SP[2],#0            ; [CPU_ALU] |419| 
    4963 00000042 18A9          AND       AL,#65535             ; [CPU_ALU] |419| 
         00000043 FFFF 
TMS320C2000 Assembler PC v22.6.2 Mon Jan 26 16:23:05 2026

Copyright (c) 1996-2018 Texas Instruments Incorporated
dual_axis_servo_drive_cpu.asm                                        PAGE  105

    4964 00000044 910F          ANDB      AH,#15                ; [CPU_ALU] |419| 
    4965 00000045 18AB          AND       PL,#65535             ; [CPU_ALU] |419| 
         00000046 FFFF 
    4966 00000047 18AA          AND       PH,#65535             ; [CPU_ALU] |419| 
         00000048 FFFF 
    4967 00000049 2B41          MOV       *-SP[1],#0            ; [CPU_FPU] |419| 
    4968              $C$DW$214       .dwtag  DW_TAG_TI_branch
    4969                      .dwattr $C$DW$214, DW_AT_low_pc(0x00)
    4970                      .dwattr $C$DW$214, DW_AT_name("__c28xabi_cmpull")
    4971                      .dwattr $C$DW$214, DW_AT_TI_call
    4972              
    4973 0000004a 7640!         LCR       #||__c28xabi_cmpull|| ; [CPU_ALU] |419| 
         0000004b 0000 
    4974                      ; call occurs [#||__c28xabi_cmpull||] ; [] |419| 
    4975 0000004c 5200          CMPB      AL,#0                 ; [CPU_ALU] |419| 
    4976 0000004d 6104          B         ||$C$L74||,EQ         ; [CPU_ALU] |419| 
    4977                      ; branchcc occurs ; [] |419| 
    4978 0000004e 28A9          MOV       AL,#-2                ; [CPU_ALU] |419| 
         0000004f FFFE 
    4979 00000050 6F02          B         ||$C$L75||,UNC        ; [CPU_ALU] |419| 
    4980                      ; branch occurs ; [] |419| 
    4981 00000051       ||$C$L74||:    
    4982 00000051 9A00          MOVB      AL,#0                 ; [CPU_ALU] |419| 
    4983 00000052       ||$C$L75||:    
    4984 00000052 FE88          SUBB      SP,#8                 ; [CPU_ARAU] 
    4985                      .dwcfi  cfa_offset, -2
    4986              $C$DW$215       .dwtag  DW_TAG_TI_branch
    4987                      .dwattr $C$DW$215, DW_AT_low_pc(0x00)
    4988                      .dwattr $C$DW$215, DW_AT_TI_return
    4989              
    4990 00000053 0006          LRETR     ; [CPU_ALU] 
    4991                      ; return occurs ; [] 
    4992                      .dwattr $C$DW$208, DW_AT_TI_end_file("C:/ti/ccs2031/ccs/tools/compiler/ti-cgt-c2000_22.6.2.LTS/includ
    4993                      .dwattr $C$DW$208, DW_AT_TI_end_line(0x1ac)
    4994                      .dwattr $C$DW$208, DW_AT_TI_end_column(0x01)
    4995                      .dwendentry
    4996                      .dwendtag $C$DW$208
    4997              
    4998 00000000               .sect   ".text:__fast_lldiv"
    4999                      .clink
    5000                      .global ||__fast_lldiv||
    5001              
    5002              $C$DW$216       .dwtag  DW_TAG_subprogram
    5003                      .dwattr $C$DW$216, DW_AT_name("__fast_lldiv")
    5004                      .dwattr $C$DW$216, DW_AT_low_pc(||__fast_lldiv||)
    5005                      .dwattr $C$DW$216, DW_AT_high_pc(0x00)
    5006                      .dwattr $C$DW$216, DW_AT_linkage_name("__fast_lldiv")
    5007                      .dwattr $C$DW$216, DW_AT_external
    5008                      .dwattr $C$DW$216, DW_AT_type(*$C$DW$T$134)
    5009                      .dwattr $C$DW$216, DW_AT_decl_file("C:/ti/ccs2031/ccs/tools/compiler/ti-cgt-c2000_22.6.2.LTS/include/
    5010                      .dwattr $C$DW$216, DW_AT_decl_line(0x1ab)
    5011                      .dwattr $C$DW$216, DW_AT_decl_column(0x12)
    5012                      .dwattr $C$DW$216, DW_AT_TI_max_frame_size(-14)
    5013                      .dwpsn  file "C:/ti/ccs2031/ccs/tools/compiler/ti-cgt-c2000_22.6.2.LTS/include/stdlib.h",line 428,col
    5014              
TMS320C2000 Assembler PC v22.6.2 Mon Jan 26 16:23:05 2026

Copyright (c) 1996-2018 Texas Instruments Incorporated
dual_axis_servo_drive_cpu.asm                                        PAGE  106

    5015                      .dwfde $C$DW$CIE, ||__fast_lldiv||
    5016              $C$DW$217       .dwtag  DW_TAG_formal_parameter
    5017                      .dwattr $C$DW$217, DW_AT_name("_numer")
    5018                      .dwattr $C$DW$217, DW_AT_type(*$C$DW$T$14)
    5019                      .dwattr $C$DW$217, DW_AT_location[DW_OP_reg2]
    5020              
    5021              $C$DW$218       .dwtag  DW_TAG_formal_parameter
    5022                      .dwattr $C$DW$218, DW_AT_name("_denom")
    5023                      .dwattr $C$DW$218, DW_AT_type(*$C$DW$T$14)
    5024                      .dwattr $C$DW$218, DW_AT_location[DW_OP_breg20 -18]
    5025              
    5026              
    5027              ;***************************************************************
    5028              ;* FNAME: __fast_lldiv                  FR SIZE:  12           *
    5029              ;*                                                             *
    5030              ;* FUNCTION ENVIRONMENT                                        *
    5031              ;*                                                             *
    5032              ;* FUNCTION PROPERTIES                                         *
    5033              ;*                            0 Parameter,  8 Auto,  4 SOE     *
    5034              ;***************************************************************
    5035              
    5036 00000000       ||__fast_lldiv||:
    5037                      .dwcfi  cfa_offset, -2
    5038                      .dwcfi  save_reg_to_mem, 26, 0
    5039 00000000 E203          MOV32     *SP++,R4H             ; [CPU_FPU] 
         00000001 04BD 
    5040                      .dwcfi  save_reg_to_mem, 59, 2
    5041                      .dwcfi  cfa_offset, -4
    5042 00000002 E203          MOV32     *SP++,R5H             ; [CPU_FPU] 
         00000003 05BD 
    5043                      .dwcfi  save_reg_to_mem, 63, 4
    5044                      .dwcfi  cfa_offset, -6
    5045 00000004 FE08          ADDB      SP,#8                 ; [CPU_ARAU] 
    5046                      .dwcfi  cfa_offset, -14
    5047 00000005 1EA7          MOVL      XAR7,ACC              ; [CPU_ALU] |428| 
    5048 00000006 5CAD          MOVZ      AR4,SP                ; [CPU_ALU] |428| 
    5049 00000007 06A6          MOVL      ACC,XAR6              ; [CPU_ALU] |428| 
    5050                      .dwpsn  file "C:/ti/ccs2031/ccs/tools/compiler/ti-cgt-c2000_22.6.2.LTS/include/stdlib.h",line 429,col
    5051 00000008 C4A7          MOVL      XAR6,XAR7             ; [CPU_ALU] |429| 
    5052                      .dwpsn  file "C:/ti/ccs2031/ccs/tools/compiler/ti-cgt-c2000_22.6.2.LTS/include/stdlib.h",line 428,col
    5053 00000009 DC92          SUBB      XAR4,#18              ; [CPU_ARAU] |428| 
    5054                      .dwpsn  file "C:/ti/ccs2031/ccs/tools/compiler/ti-cgt-c2000_22.6.2.LTS/include/stdlib.h",line 429,col
    5055 0000000a E2AF          MOV32     R3H,*+XAR4[2]         ; [CPU_FPU] |429| 
         0000000b 03D4 
    5056 0000000c BDA6          MOV32     R1H,XAR6              ; [CPU_FPU] |429| 
         0000000d 0F16 
    5057 0000000e BDAB          MOV32     R0H,P                 ; [CPU_FPU] |429| 
         0000000f 0F12 
    5058 00000010 E2AF          MOV32     R5H,*+XAR4[0]         ; [CPU_FPU] |429| 
         00000011 05C4 
    5059 00000012 5CAD          MOVZ      AR4,SP                ; [CPU_ALU] |429| 
    5060 00000013 DC88          SUBB      XAR4,#8               ; [CPU_ARAU] |429| 
    5061 00000014 80A4          MOVZ      AR7,AR4               ; [CPU_ALU] |429| 
    5062 00000015 E5B8          ABSI64DIV64 R2H:R4H,R1H:R0H,R3H:R5H ; [CPU_FPU] |429| 
    5063 00000016 E565          SUBC2UI64 R2H:R4H,R1H:R0H,R3H:R5H ; [CPU_FPU] |429| 
TMS320C2000 Assembler PC v22.6.2 Mon Jan 26 16:23:05 2026

Copyright (c) 1996-2018 Texas Instruments Incorporated
dual_axis_servo_drive_cpu.asm                                        PAGE  107

    5064 00000017 E565          SUBC2UI64 R2H:R4H,R1H:R0H,R3H:R5H ; [CPU_FPU] |429| 
    5065 00000018 E565          SUBC2UI64 R2H:R4H,R1H:R0H,R3H:R5H ; [CPU_FPU] |429| 
    5066 00000019 E565          SUBC2UI64 R2H:R4H,R1H:R0H,R3H:R5H ; [CPU_FPU] |429| 
    5067 0000001a E565          SUBC2UI64 R2H:R4H,R1H:R0H,R3H:R5H ; [CPU_FPU] |429| 
    5068 0000001b E565          SUBC2UI64 R2H:R4H,R1H:R0H,R3H:R5H ; [CPU_FPU] |429| 
    5069 0000001c E565          SUBC2UI64 R2H:R4H,R1H:R0H,R3H:R5H ; [CPU_FPU] |429| 
    5070 0000001d E565          SUBC2UI64 R2H:R4H,R1H:R0H,R3H:R5H ; [CPU_FPU] |429| 
    5071 0000001e E565          SUBC2UI64 R2H:R4H,R1H:R0H,R3H:R5H ; [CPU_FPU] |429| 
    5072 0000001f E565          SUBC2UI64 R2H:R4H,R1H:R0H,R3H:R5H ; [CPU_FPU] |429| 
    5073 00000020 E565          SUBC2UI64 R2H:R4H,R1H:R0H,R3H:R5H ; [CPU_FPU] |429| 
    5074 00000021 E565          SUBC2UI64 R2H:R4H,R1H:R0H,R3H:R5H ; [CPU_FPU] |429| 
    5075 00000022 E565          SUBC2UI64 R2H:R4H,R1H:R0H,R3H:R5H ; [CPU_FPU] |429| 
    5076 00000023 E565          SUBC2UI64 R2H:R4H,R1H:R0H,R3H:R5H ; [CPU_FPU] |429| 
    5077 00000024 E565          SUBC2UI64 R2H:R4H,R1H:R0H,R3H:R5H ; [CPU_FPU] |429| 
    5078 00000025 E565          SUBC2UI64 R2H:R4H,R1H:R0H,R3H:R5H ; [CPU_FPU] |429| 
    5079 00000026 E565          SUBC2UI64 R2H:R4H,R1H:R0H,R3H:R5H ; [CPU_FPU] |429| 
    5080 00000027 E565          SUBC2UI64 R2H:R4H,R1H:R0H,R3H:R5H ; [CPU_FPU] |429| 
    5081 00000028 E565          SUBC2UI64 R2H:R4H,R1H:R0H,R3H:R5H ; [CPU_FPU] |429| 
    5082 00000029 E565          SUBC2UI64 R2H:R4H,R1H:R0H,R3H:R5H ; [CPU_FPU] |429| 
    5083 0000002a E565          SUBC2UI64 R2H:R4H,R1H:R0H,R3H:R5H ; [CPU_FPU] |429| 
    5084 0000002b E565          SUBC2UI64 R2H:R4H,R1H:R0H,R3H:R5H ; [CPU_FPU] |429| 
    5085 0000002c E565          SUBC2UI64 R2H:R4H,R1H:R0H,R3H:R5H ; [CPU_FPU] |429| 
    5086 0000002d E565          SUBC2UI64 R2H:R4H,R1H:R0H,R3H:R5H ; [CPU_FPU] |429| 
    5087 0000002e E565          SUBC2UI64 R2H:R4H,R1H:R0H,R3H:R5H ; [CPU_FPU] |429| 
    5088 0000002f E565          SUBC2UI64 R2H:R4H,R1H:R0H,R3H:R5H ; [CPU_FPU] |429| 
    5089 00000030 E565          SUBC2UI64 R2H:R4H,R1H:R0H,R3H:R5H ; [CPU_FPU] |429| 
    5090 00000031 E565          SUBC2UI64 R2H:R4H,R1H:R0H,R3H:R5H ; [CPU_FPU] |429| 
    5091 00000032 E565          SUBC2UI64 R2H:R4H,R1H:R0H,R3H:R5H ; [CPU_FPU] |429| 
    5092 00000033 E565          SUBC2UI64 R2H:R4H,R1H:R0H,R3H:R5H ; [CPU_FPU] |429| 
    5093 00000034 E565          SUBC2UI64 R2H:R4H,R1H:R0H,R3H:R5H ; [CPU_FPU] |429| 
    5094 00000035 E565          SUBC2UI64 R2H:R4H,R1H:R0H,R3H:R5H ; [CPU_FPU] |429| 
    5095 00000036 E5BA          NEGI64DIV64 R1H:R0H,R2H:R4H     ; [CPU_FPU] |429| 
    5096 00000037 E203          MOV32     *-SP[6],R1H           ; [CPU_FPU] |429| 
         00000038 0146 
    5097 00000039 E203          MOV32     *-SP[8],R0H           ; [CPU_FPU] |429| 
         0000003a 0048 
    5098 0000003b E203          MOV32     *-SP[2],R2H           ; [CPU_FPU] |429| 
         0000003c 0242 
    5099 0000003d E203          MOV32     *-SP[4],R4H           ; [CPU_FPU] |429| 
         0000003e 0444 
    5100 0000003f 6104          B         ||$C$L76||,EQ         ; [CPU_ALU] |429| 
    5101                      ; branchcc occurs ; [] |429| 
    5102 00000040 8AA9          MOVL      XAR4,ACC              ; [CPU_ALU] |429| 
    5103 00000041 F607          RPT       #7
    5104 00000042 2484  ||     PREAD     *XAR4++,*XAR7         ; [CPU_ALU] |429| 
    5105 00000043       ||$C$L76||:    
    5106 00000043 FE88          SUBB      SP,#8                 ; [CPU_ARAU] 
    5107                      .dwcfi  cfa_offset, -6
    5108 00000044 E2AF          MOV32     R5H,*--SP             ; [CPU_FPU] 
         00000045 05BE 
    5109                      .dwcfi  cfa_offset, -4
    5110                      .dwcfi  restore_reg, 63
    5111 00000046 E2AF          MOV32     R4H,*--SP             ; [CPU_FPU] 
         00000047 04BE 
    5112                      .dwcfi  cfa_offset, -2
TMS320C2000 Assembler PC v22.6.2 Mon Jan 26 16:23:05 2026

Copyright (c) 1996-2018 Texas Instruments Incorporated
dual_axis_servo_drive_cpu.asm                                        PAGE  108

    5113                      .dwcfi  restore_reg, 59
    5114              $C$DW$219       .dwtag  DW_TAG_TI_branch
    5115                      .dwattr $C$DW$219, DW_AT_low_pc(0x00)
    5116                      .dwattr $C$DW$219, DW_AT_TI_return
    5117              
    5118 00000048 0006          LRETR     ; [CPU_ALU] 
    5119                      ; return occurs ; [] 
    5120                      .dwattr $C$DW$216, DW_AT_TI_end_file("C:/ti/ccs2031/ccs/tools/compiler/ti-cgt-c2000_22.6.2.LTS/includ
    5121                      .dwattr $C$DW$216, DW_AT_TI_end_line(0x1ae)
    5122                      .dwattr $C$DW$216, DW_AT_TI_end_column(0x01)
    5123                      .dwendentry
    5124                      .dwendtag $C$DW$216
    5125              
    5126 00000000               .sect   ".text:__fast_ldiv"
    5127                      .clink
    5128                      .global ||__fast_ldiv||
    5129              
    5130              $C$DW$220       .dwtag  DW_TAG_subprogram
    5131                      .dwattr $C$DW$220, DW_AT_name("__fast_ldiv")
    5132                      .dwattr $C$DW$220, DW_AT_low_pc(||__fast_ldiv||)
    5133                      .dwattr $C$DW$220, DW_AT_high_pc(0x00)
    5134                      .dwattr $C$DW$220, DW_AT_linkage_name("__fast_ldiv")
    5135                      .dwattr $C$DW$220, DW_AT_external
    5136                      .dwattr $C$DW$220, DW_AT_type(*$C$DW$T$131)
    5137                      .dwattr $C$DW$220, DW_AT_decl_file("C:/ti/ccs2031/ccs/tools/compiler/ti-cgt-c2000_22.6.2.LTS/include/
    5138                      .dwattr $C$DW$220, DW_AT_decl_line(0x1a4)
    5139                      .dwattr $C$DW$220, DW_AT_decl_column(0x11)
    5140                      .dwattr $C$DW$220, DW_AT_TI_max_frame_size(-6)
    5141                      .dwpsn  file "C:/ti/ccs2031/ccs/tools/compiler/ti-cgt-c2000_22.6.2.LTS/include/stdlib.h",line 421,col
    5142              
    5143                      .dwfde $C$DW$CIE, ||__fast_ldiv||
    5144              $C$DW$221       .dwtag  DW_TAG_formal_parameter
    5145                      .dwattr $C$DW$221, DW_AT_name("_numer")
    5146                      .dwattr $C$DW$221, DW_AT_type(*$C$DW$T$12)
    5147                      .dwattr $C$DW$221, DW_AT_location[DW_OP_reg0]
    5148              
    5149              $C$DW$222       .dwtag  DW_TAG_formal_parameter
    5150                      .dwattr $C$DW$222, DW_AT_name("_denom")
    5151                      .dwattr $C$DW$222, DW_AT_type(*$C$DW$T$12)
    5152                      .dwattr $C$DW$222, DW_AT_location[DW_OP_breg20 -8]
    5153              
    5154              
    5155              ;***************************************************************
    5156              ;* FNAME: __fast_ldiv                   FR SIZE:   4           *
    5157              ;*                                                             *
    5158              ;* FUNCTION ENVIRONMENT                                        *
    5159              ;*                                                             *
    5160              ;* FUNCTION PROPERTIES                                         *
    5161              ;*                            0 Parameter,  4 Auto,  0 SOE     *
    5162              ;***************************************************************
    5163              
    5164              ||__fast_ldiv||:
    5165              ;* AR7   assigned to _numer
    5166              $C$DW$223       .dwtag  DW_TAG_variable
    5167                      .dwattr $C$DW$223, DW_AT_name("_numer")
TMS320C2000 Assembler PC v22.6.2 Mon Jan 26 16:23:05 2026

Copyright (c) 1996-2018 Texas Instruments Incorporated
dual_axis_servo_drive_cpu.asm                                        PAGE  109

    5168                      .dwattr $C$DW$223, DW_AT_type(*$C$DW$T$191)
    5169                      .dwattr $C$DW$223, DW_AT_location[DW_OP_reg18]
    5170              
    5171                      .dwcfi  cfa_offset, -2
    5172                      .dwcfi  save_reg_to_mem, 26, 0
    5173 00000000 FE04          ADDB      SP,#4                 ; [CPU_ARAU] 
    5174                      .dwcfi  cfa_offset, -6
    5175 00000001 1EA7          MOVL      XAR7,ACC              ; [CPU_ALU] |421| 
    5176                      .dwpsn  file "C:/ti/ccs2031/ccs/tools/compiler/ti-cgt-c2000_22.6.2.LTS/include/stdlib.h",line 422,col
    5177 00000002 5CAD          MOVZ      AR4,SP                ; [CPU_ALU] |422| 
    5178 00000003 BDA7          MOV32     R1H,XAR7              ; [CPU_FPU] |422| 
         00000004 0F16 
    5179 00000005 E2AF          MOV32     R3H,*-SP[8]           ; [CPU_FPU] |422| 
         00000006 0348 
    5180 00000007 DC84          SUBB      XAR4,#4               ; [CPU_ARAU] |422| 
    5181                      .dwpsn  file "C:/ti/ccs2031/ccs/tools/compiler/ti-cgt-c2000_22.6.2.LTS/include/stdlib.h",line 421,col
    5182 00000008 06A6          MOVL      ACC,XAR6              ; [CPU_ALU] |421| 
    5183                      .dwpsn  file "C:/ti/ccs2031/ccs/tools/compiler/ti-cgt-c2000_22.6.2.LTS/include/stdlib.h",line 422,col
    5184 00000009 80A4          MOVZ      AR7,AR4               ; [CPU_ALU] |422| 
    5185 0000000a E568          ABSI32DIV32 R2H,R1H,R3H         ; [CPU_FPU] |422| 
    5186 0000000b E564          SUBC4UI32 R2H,R1H,R3H           ; [CPU_FPU] |422| 
    5187 0000000c E564          SUBC4UI32 R2H,R1H,R3H           ; [CPU_FPU] |422| 
    5188 0000000d E564          SUBC4UI32 R2H,R1H,R3H           ; [CPU_FPU] |422| 
    5189 0000000e E564          SUBC4UI32 R2H,R1H,R3H           ; [CPU_FPU] |422| 
    5190 0000000f E564          SUBC4UI32 R2H,R1H,R3H           ; [CPU_FPU] |422| 
    5191 00000010 E564          SUBC4UI32 R2H,R1H,R3H           ; [CPU_FPU] |422| 
    5192 00000011 E564          SUBC4UI32 R2H,R1H,R3H           ; [CPU_FPU] |422| 
    5193 00000012 E564          SUBC4UI32 R2H,R1H,R3H           ; [CPU_FPU] |422| 
    5194 00000013 E56A          NEGI32DIV32 R1H,R2H             ; [CPU_FPU] |422| 
    5195 00000014 E203          MOV32     *-SP[4],R1H           ; [CPU_FPU] |422| 
         00000015 0144 
    5196 00000016 E203          MOV32     *-SP[2],R2H           ; [CPU_FPU] |422| 
         00000017 0242 
    5197 00000018 6104          B         ||$C$L77||,EQ         ; [CPU_ALU] |422| 
    5198                      ; branchcc occurs ; [] |422| 
    5199 00000019 8AA9          MOVL      XAR4,ACC              ; [CPU_ALU] |422| 
    5200 0000001a F603          RPT       #3
    5201 0000001b 2484  ||     PREAD     *XAR4++,*XAR7         ; [CPU_ALU] |422| 
    5202 0000001c       ||$C$L77||:    
    5203 0000001c FE84          SUBB      SP,#4                 ; [CPU_ARAU] 
    5204                      .dwcfi  cfa_offset, -2
    5205              $C$DW$224       .dwtag  DW_TAG_TI_branch
    5206                      .dwattr $C$DW$224, DW_AT_low_pc(0x00)
    5207                      .dwattr $C$DW$224, DW_AT_TI_return
    5208              
    5209 0000001d 0006          LRETR     ; [CPU_ALU] 
    5210                      ; return occurs ; [] 
    5211                      .dwattr $C$DW$220, DW_AT_TI_end_file("C:/ti/ccs2031/ccs/tools/compiler/ti-cgt-c2000_22.6.2.LTS/includ
    5212                      .dwattr $C$DW$220, DW_AT_TI_end_line(0x1a7)
    5213                      .dwattr $C$DW$220, DW_AT_TI_end_column(0x01)
    5214                      .dwendentry
    5215                      .dwendtag $C$DW$220
    5216              
    5217              ;**************************************************************
    5218              ;* UNDEFINED EXTERNAL REFERENCES                              *
TMS320C2000 Assembler PC v22.6.2 Mon Jan 26 16:23:05 2026

Copyright (c) 1996-2018 Texas Instruments Incorporated
dual_axis_servo_drive_cpu.asm                                        PAGE  110

    5219              ;**************************************************************
    5220                      .global ||DLOG_2CH_F_FUNC||
    5221                      .global ||HAL_setupCMPSS_DACValue||
    5222                      .global ||dlogCh1||
    5223                      .global ||dlogCh2||
    5224                      .global ||dlog_2ch1||
    5225                      .global ||__c28xabi_cmpull||
    5226              ;**************************************************************
    5227              ;* SECTION GROUPS                                             *
    5228              ;**************************************************************
    5229                      .group    "__fast_ldiv", 1
    5230                      .gmember  ".text:__fast_ldiv"
    5231                      .endgroup
    5232                      .group    "__fast_lldiv", 1
    5233                      .gmember  ".text:__fast_lldiv"
    5234                      .endgroup
    5235                      .group    "__fpclassify", 1
    5236                      .gmember  ".text:__fpclassify"
    5237                      .endgroup
    5238                      .group    "__fpclassifyf", 1
    5239                      .gmember  ".text:__fpclassifyf"
    5240                      .endgroup
    5241                      .group    "__fpclassifyl", 1
    5242                      .gmember  ".text:__fpclassifyl"
    5243                      .endgroup
    5244                      .group    "__isfinite", 1
    5245                      .gmember  ".text:__isfinite"
    5246                      .endgroup
    5247                      .group    "__isfinitef", 1
    5248                      .gmember  ".text:__isfinitef"
    5249                      .endgroup
    5250                      .group    "__isfinitel", 1
    5251                      .gmember  ".text:__isfinitel"
    5252                      .endgroup
    5253                      .group    "__isinf", 1
    5254                      .gmember  ".text:__isinf"
    5255                      .endgroup
    5256                      .group    "__isinff", 1
    5257                      .gmember  ".text:__isinff"
    5258                      .endgroup
    5259                      .group    "__isinfl", 1
    5260                      .gmember  ".text:__isinfl"
    5261                      .endgroup
    5262                      .group    "__isnan", 1
    5263                      .gmember  ".text:__isnan"
    5264                      .endgroup
    5265                      .group    "__isnanf", 1
    5266                      .gmember  ".text:__isnanf"
    5267                      .endgroup
    5268                      .group    "__isnanl", 1
    5269                      .gmember  ".text:__isnanl"
    5270                      .endgroup
    5271                      .group    "__isnormal", 1
    5272                      .gmember  ".text:__isnormal"
    5273                      .endgroup
TMS320C2000 Assembler PC v22.6.2 Mon Jan 26 16:23:05 2026

Copyright (c) 1996-2018 Texas Instruments Incorporated
dual_axis_servo_drive_cpu.asm                                        PAGE  111

    5274                      .group    "__isnormalf", 1
    5275                      .gmember  ".text:__isnormalf"
    5276                      .endgroup
    5277                      .group    "__isnormall", 1
    5278                      .gmember  ".text:__isnormall"
    5279                      .endgroup
    5280                      .group    "__relaxed_atan2f", 1
    5281                      .gmember  ".text:__relaxed_atan2f"
    5282                      .endgroup
    5283                      .group    "__relaxed_atanf", 1
    5284                      .gmember  ".text:__relaxed_atanf"
    5285                      .endgroup
    5286                      .group    "__relaxed_cosf", 1
    5287                      .gmember  ".text:__relaxed_cosf"
    5288                      .endgroup
    5289                      .group    "__relaxed_expf", 1
    5290                      .gmember  ".text:__relaxed_expf"
    5291                      .endgroup
    5292                      .group    "__relaxed_fmaxf", 1
    5293                      .gmember  ".text:__relaxed_fmaxf"
    5294                      .endgroup
    5295                      .group    "__relaxed_fminf", 1
    5296                      .gmember  ".text:__relaxed_fminf"
    5297                      .endgroup
    5298                      .group    "__relaxed_fmodf", 1
    5299                      .gmember  ".text:__relaxed_fmodf"
    5300                      .endgroup
    5301                      .group    "__relaxed_log2f", 1
    5302                      .gmember  ".text:__relaxed_log2f"
    5303                      .endgroup
    5304                      .group    "__relaxed_logf", 1
    5305                      .gmember  ".text:__relaxed_logf"
    5306                      .endgroup
    5307                      .group    "__relaxed_powf", 1
    5308                      .gmember  ".text:__relaxed_powf"
    5309                      .endgroup
    5310                      .group    "__relaxed_sinf", 1
    5311                      .gmember  ".text:__relaxed_sinf"
    5312                      .endgroup
    5313                      .group    "__relaxed_sqrtf", 1
    5314                      .gmember  ".text:__relaxed_sqrtf"
    5315                      .endgroup
    5316                      .group    "__signbit", 1
    5317                      .gmember  ".text:__signbit"
    5318                      .endgroup
    5319                      .group    "__signbitf", 1
    5320                      .gmember  ".text:__signbitf"
    5321                      .endgroup
    5322                      .group    "__signbitl", 1
    5323                      .gmember  ".text:__signbitl"
    5324                      .endgroup
    5325              
    5326              
    5327              ;***************************************************************
    5328              ;* BUILD ATTRIBUTES                                            *
TMS320C2000 Assembler PC v22.6.2 Mon Jan 26 16:23:05 2026

Copyright (c) 1996-2018 Texas Instruments Incorporated
dual_axis_servo_drive_cpu.asm                                        PAGE  112

    5329              ;***************************************************************
    5330                      .battr "c28xabi", Tag_File, 1, Tag_float_args(1)
    5331                      .battr "c28xabi", Tag_File, 1, Tag_double_args(1)
    5332                      .dwattr $C$DW$CU, DW_AT_language(DW_LANG_C)
    5333              
    5334              ;***************************************************************
    5335              ;* DWARF CIE ENTRIES                                           *
    5336              ;***************************************************************
    5337              
    5338              $C$DW$CIE       .dwcie 26
    5339                      .dwcfi  cfa_register, 20
    5340                      .dwcfi  cfa_offset, 0
    5341                      .dwcfi  same_value, 28
    5342                      .dwcfi  same_value, 6
    5343                      .dwcfi  same_value, 7
    5344                      .dwcfi  same_value, 8
    5345                      .dwcfi  same_value, 9
    5346                      .dwcfi  same_value, 10
    5347                      .dwcfi  same_value, 11
    5348                      .dwcfi  same_value, 59
    5349                      .dwcfi  same_value, 63
    5350                      .dwcfi  same_value, 67
    5351                      .dwcfi  same_value, 71
    5352                      .dwendentry
    5353                      .dwendtag $C$DW$CU
    5354              
    5355              
    5356              ;***************************************************************
    5357              ;* TYPE INFORMATION                                            *
    5358              ;***************************************************************
    5359              
    5360              $C$DW$TU$88     .dwtag  DW_TAG_type_unit
    5361                      .dwmtype  $C$DW$T$88
    5362              
    5363              $C$DW$T$88      .dwtag  DW_TAG_enumeration_type
    5364                      .dwattr $C$DW$T$88, DW_AT_byte_size(0x01)
    5365              $C$DW$225       .dwtag  DW_TAG_enumerator
    5366                      .dwattr $C$DW$225, DW_AT_name("MTR_1")
    5367                      .dwattr $C$DW$225, DW_AT_const_value(0x00)
    5368                      .dwattr $C$DW$225, DW_AT_decl_file("..\sources\dual_axis_servo_drive_hal.h")
    5369                      .dwattr $C$DW$225, DW_AT_decl_line(0x87)
    5370                      .dwattr $C$DW$225, DW_AT_decl_column(0x05)
    5371              
    5372              $C$DW$226       .dwtag  DW_TAG_enumerator
    5373                      .dwattr $C$DW$226, DW_AT_name("MTR_2")
    5374                      .dwattr $C$DW$226, DW_AT_const_value(0x01)
    5375                      .dwattr $C$DW$226, DW_AT_decl_file("..\sources\dual_axis_servo_drive_hal.h")
    5376                      .dwattr $C$DW$226, DW_AT_decl_line(0x88)
    5377                      .dwattr $C$DW$226, DW_AT_decl_column(0x05)
    5378              
    5379                      .dwattr $C$DW$T$88, DW_AT_decl_file("..\sources\dual_axis_servo_drive_hal.h")
    5380                      .dwattr $C$DW$T$88, DW_AT_decl_line(0x86)
    5381                      .dwattr $C$DW$T$88, DW_AT_decl_column(0x01)
    5382                      .dwendtag $C$DW$T$88
    5383              
TMS320C2000 Assembler PC v22.6.2 Mon Jan 26 16:23:05 2026

Copyright (c) 1996-2018 Texas Instruments Incorporated
dual_axis_servo_drive_cpu.asm                                        PAGE  113

    5384                      .dwendtag $C$DW$TU$88
    5385              
    5386              
    5387              $C$DW$TU$89     .dwtag  DW_TAG_type_unit
    5388                      .dwmtype  $C$DW$T$89
    5389              $C$DW$T$89      .dwtag  DW_TAG_typedef
    5390                      .dwattr $C$DW$T$89, DW_AT_name("MotorNum_e")
    5391                      .dwattr $C$DW$T$89, DW_AT_type(*$C$DW$T$88)
    5392                      .dwattr $C$DW$T$89, DW_AT_decl_file("..\sources\dual_axis_servo_drive_hal.h")
    5393                      .dwattr $C$DW$T$89, DW_AT_decl_line(0x89)
    5394                      .dwattr $C$DW$T$89, DW_AT_decl_column(0x03)
    5395              
    5396                      .dwendtag $C$DW$TU$89
    5397              
    5398              
    5399              $C$DW$TU$112    .dwtag  DW_TAG_type_unit
    5400                      .dwmtype  $C$DW$T$112
    5401              
    5402              $C$DW$T$112     .dwtag  DW_TAG_enumeration_type
    5403                      .dwattr $C$DW$T$112, DW_AT_byte_size(0x01)
    5404              $C$DW$227       .dwtag  DW_TAG_enumerator
    5405                      .dwattr $C$DW$227, DW_AT_name("ADC_PPB_NUMBER1")
    5406                      .dwattr $C$DW$227, DW_AT_const_value(0x00)
    5407                      .dwattr $C$DW$227, DW_AT_decl_file("C:/ti/C2000Ware_MotorControl_SDK_5_04_00_00/c2000ware/driverlib/f
    5408                      .dwattr $C$DW$227, DW_AT_decl_line(0xf7)
    5409                      .dwattr $C$DW$227, DW_AT_decl_column(0x05)
    5410              
    5411              $C$DW$228       .dwtag  DW_TAG_enumerator
    5412                      .dwattr $C$DW$228, DW_AT_name("ADC_PPB_NUMBER2")
    5413                      .dwattr $C$DW$228, DW_AT_const_value(0x01)
    5414                      .dwattr $C$DW$228, DW_AT_decl_file("C:/ti/C2000Ware_MotorControl_SDK_5_04_00_00/c2000ware/driverlib/f
    5415                      .dwattr $C$DW$228, DW_AT_decl_line(0xf8)
    5416                      .dwattr $C$DW$228, DW_AT_decl_column(0x05)
    5417              
    5418              $C$DW$229       .dwtag  DW_TAG_enumerator
    5419                      .dwattr $C$DW$229, DW_AT_name("ADC_PPB_NUMBER3")
    5420                      .dwattr $C$DW$229, DW_AT_const_value(0x02)
    5421                      .dwattr $C$DW$229, DW_AT_decl_file("C:/ti/C2000Ware_MotorControl_SDK_5_04_00_00/c2000ware/driverlib/f
    5422                      .dwattr $C$DW$229, DW_AT_decl_line(0xf9)
    5423                      .dwattr $C$DW$229, DW_AT_decl_column(0x05)
    5424              
    5425              $C$DW$230       .dwtag  DW_TAG_enumerator
    5426                      .dwattr $C$DW$230, DW_AT_name("ADC_PPB_NUMBER4")
    5427                      .dwattr $C$DW$230, DW_AT_const_value(0x03)
    5428                      .dwattr $C$DW$230, DW_AT_decl_file("C:/ti/C2000Ware_MotorControl_SDK_5_04_00_00/c2000ware/driverlib/f
    5429                      .dwattr $C$DW$230, DW_AT_decl_line(0xfa)
    5430                      .dwattr $C$DW$230, DW_AT_decl_column(0x05)
    5431              
    5432                      .dwattr $C$DW$T$112, DW_AT_decl_file("C:/ti/C2000Ware_MotorControl_SDK_5_04_00_00/c2000ware/driverlib
    5433                      .dwattr $C$DW$T$112, DW_AT_decl_line(0xf6)
    5434                      .dwattr $C$DW$T$112, DW_AT_decl_column(0x01)
    5435                      .dwendtag $C$DW$T$112
    5436              
    5437                      .dwendtag $C$DW$TU$112
    5438              
TMS320C2000 Assembler PC v22.6.2 Mon Jan 26 16:23:05 2026

Copyright (c) 1996-2018 Texas Instruments Incorporated
dual_axis_servo_drive_cpu.asm                                        PAGE  114

    5439              
    5440              $C$DW$TU$113    .dwtag  DW_TAG_type_unit
    5441                      .dwmtype  $C$DW$T$113
    5442              $C$DW$T$113     .dwtag  DW_TAG_typedef
    5443                      .dwattr $C$DW$T$113, DW_AT_name("ADC_PPBNumber")
    5444                      .dwattr $C$DW$T$113, DW_AT_type(*$C$DW$T$112)
    5445                      .dwattr $C$DW$T$113, DW_AT_decl_file("C:/ti/C2000Ware_MotorControl_SDK_5_04_00_00/c2000ware/driverlib
    5446                      .dwattr $C$DW$T$113, DW_AT_decl_line(0xfb)
    5447                      .dwattr $C$DW$T$113, DW_AT_decl_column(0x03)
    5448              
    5449                      .dwendtag $C$DW$TU$113
    5450              
    5451              
    5452              $C$DW$TU$114    .dwtag  DW_TAG_type_unit
    5453                      .dwmtype  $C$DW$T$114
    5454              
    5455              $C$DW$T$114     .dwtag  DW_TAG_enumeration_type
    5456                      .dwattr $C$DW$T$114, DW_AT_byte_size(0x01)
    5457              $C$DW$231       .dwtag  DW_TAG_enumerator
    5458                      .dwattr $C$DW$231, DW_AT_name("ADC_INT_NUMBER1")
    5459                      .dwattr $C$DW$231, DW_AT_const_value(0x00)
    5460                      .dwattr $C$DW$231, DW_AT_decl_file("C:/ti/C2000Ware_MotorControl_SDK_5_04_00_00/c2000ware/driverlib/f
    5461                      .dwattr $C$DW$231, DW_AT_decl_line(0xe9)
    5462                      .dwattr $C$DW$231, DW_AT_decl_column(0x05)
    5463              
    5464              $C$DW$232       .dwtag  DW_TAG_enumerator
    5465                      .dwattr $C$DW$232, DW_AT_name("ADC_INT_NUMBER2")
    5466                      .dwattr $C$DW$232, DW_AT_const_value(0x01)
    5467                      .dwattr $C$DW$232, DW_AT_decl_file("C:/ti/C2000Ware_MotorControl_SDK_5_04_00_00/c2000ware/driverlib/f
    5468                      .dwattr $C$DW$232, DW_AT_decl_line(0xea)
    5469                      .dwattr $C$DW$232, DW_AT_decl_column(0x05)
    5470              
    5471              $C$DW$233       .dwtag  DW_TAG_enumerator
    5472                      .dwattr $C$DW$233, DW_AT_name("ADC_INT_NUMBER3")
    5473                      .dwattr $C$DW$233, DW_AT_const_value(0x02)
    5474                      .dwattr $C$DW$233, DW_AT_decl_file("C:/ti/C2000Ware_MotorControl_SDK_5_04_00_00/c2000ware/driverlib/f
    5475                      .dwattr $C$DW$233, DW_AT_decl_line(0xeb)
    5476                      .dwattr $C$DW$233, DW_AT_decl_column(0x05)
    5477              
    5478              $C$DW$234       .dwtag  DW_TAG_enumerator
    5479                      .dwattr $C$DW$234, DW_AT_name("ADC_INT_NUMBER4")
    5480                      .dwattr $C$DW$234, DW_AT_const_value(0x03)
    5481                      .dwattr $C$DW$234, DW_AT_decl_file("C:/ti/C2000Ware_MotorControl_SDK_5_04_00_00/c2000ware/driverlib/f
    5482                      .dwattr $C$DW$234, DW_AT_decl_line(0xec)
    5483                      .dwattr $C$DW$234, DW_AT_decl_column(0x05)
    5484              
    5485                      .dwattr $C$DW$T$114, DW_AT_decl_file("C:/ti/C2000Ware_MotorControl_SDK_5_04_00_00/c2000ware/driverlib
    5486                      .dwattr $C$DW$T$114, DW_AT_decl_line(0xe8)
    5487                      .dwattr $C$DW$T$114, DW_AT_decl_column(0x01)
    5488                      .dwendtag $C$DW$T$114
    5489              
    5490                      .dwendtag $C$DW$TU$114
    5491              
    5492              
    5493              $C$DW$TU$115    .dwtag  DW_TAG_type_unit
TMS320C2000 Assembler PC v22.6.2 Mon Jan 26 16:23:05 2026

Copyright (c) 1996-2018 Texas Instruments Incorporated
dual_axis_servo_drive_cpu.asm                                        PAGE  115

    5494                      .dwmtype  $C$DW$T$115
    5495              $C$DW$T$115     .dwtag  DW_TAG_typedef
    5496                      .dwattr $C$DW$T$115, DW_AT_name("ADC_IntNumber")
    5497                      .dwattr $C$DW$T$115, DW_AT_type(*$C$DW$T$114)
    5498                      .dwattr $C$DW$T$115, DW_AT_decl_file("C:/ti/C2000Ware_MotorControl_SDK_5_04_00_00/c2000ware/driverlib
    5499                      .dwattr $C$DW$T$115, DW_AT_decl_line(0xed)
    5500                      .dwattr $C$DW$T$115, DW_AT_decl_column(0x03)
    5501              
    5502                      .dwendtag $C$DW$TU$115
    5503              
    5504              
    5505              $C$DW$TU$116    .dwtag  DW_TAG_type_unit
    5506                      .dwmtype  $C$DW$T$116
    5507              
    5508              $C$DW$T$116     .dwtag  DW_TAG_enumeration_type
    5509                      .dwattr $C$DW$T$116, DW_AT_byte_size(0x01)
    5510              $C$DW$235       .dwtag  DW_TAG_enumerator
    5511                      .dwattr $C$DW$235, DW_AT_name("ENC_ALIGNMENT")
    5512                      .dwattr $C$DW$235, DW_AT_const_value(0x00)
    5513                      .dwattr $C$DW$235, DW_AT_decl_file("C:/ti/C2000Ware_MotorControl_SDK_5_04_00_00/libraries/position_se
    5514                      .dwattr $C$DW$235, DW_AT_decl_line(0x40)
    5515                      .dwattr $C$DW$235, DW_AT_decl_column(0x05)
    5516              
    5517              $C$DW$236       .dwtag  DW_TAG_enumerator
    5518                      .dwattr $C$DW$236, DW_AT_name("ENC_WAIT_FOR_INDEX")
    5519                      .dwattr $C$DW$236, DW_AT_const_value(0x01)
    5520                      .dwattr $C$DW$236, DW_AT_decl_file("C:/ti/C2000Ware_MotorControl_SDK_5_04_00_00/libraries/position_se
    5521                      .dwattr $C$DW$236, DW_AT_decl_line(0x41)
    5522                      .dwattr $C$DW$236, DW_AT_decl_column(0x05)
    5523              
    5524              $C$DW$237       .dwtag  DW_TAG_enumerator
    5525                      .dwattr $C$DW$237, DW_AT_name("ENC_CALIBRATION_DONE")
    5526                      .dwattr $C$DW$237, DW_AT_const_value(0x02)
    5527                      .dwattr $C$DW$237, DW_AT_decl_file("C:/ti/C2000Ware_MotorControl_SDK_5_04_00_00/libraries/position_se
    5528                      .dwattr $C$DW$237, DW_AT_decl_line(0x42)
    5529                      .dwattr $C$DW$237, DW_AT_decl_column(0x05)
    5530              
    5531                      .dwattr $C$DW$T$116, DW_AT_decl_file("C:/ti/C2000Ware_MotorControl_SDK_5_04_00_00/libraries/position_
    5532                      .dwattr $C$DW$T$116, DW_AT_decl_line(0x3f)
    5533                      .dwattr $C$DW$T$116, DW_AT_decl_column(0x01)
    5534                      .dwendtag $C$DW$T$116
    5535              
    5536                      .dwendtag $C$DW$TU$116
    5537              
    5538              
    5539              $C$DW$TU$117    .dwtag  DW_TAG_type_unit
    5540                      .dwmtype  $C$DW$T$117
    5541              $C$DW$T$117     .dwtag  DW_TAG_typedef
    5542                      .dwattr $C$DW$T$117, DW_AT_name("ENC_Status_e")
    5543                      .dwattr $C$DW$T$117, DW_AT_type(*$C$DW$T$116)
    5544                      .dwattr $C$DW$T$117, DW_AT_decl_file("C:/ti/C2000Ware_MotorControl_SDK_5_04_00_00/libraries/position_
    5545                      .dwattr $C$DW$T$117, DW_AT_decl_line(0x43)
    5546                      .dwattr $C$DW$T$117, DW_AT_decl_column(0x03)
    5547              
    5548                      .dwendtag $C$DW$TU$117
TMS320C2000 Assembler PC v22.6.2 Mon Jan 26 16:23:05 2026

Copyright (c) 1996-2018 Texas Instruments Incorporated
dual_axis_servo_drive_cpu.asm                                        PAGE  116

    5549              
    5550              
    5551              $C$DW$TU$118    .dwtag  DW_TAG_type_unit
    5552                      .dwmtype  $C$DW$T$118
    5553              
    5554              $C$DW$T$118     .dwtag  DW_TAG_enumeration_type
    5555                      .dwattr $C$DW$T$118, DW_AT_byte_size(0x01)
    5556              $C$DW$238       .dwtag  DW_TAG_enumerator
    5557                      .dwattr $C$DW$238, DW_AT_name("PWW_CMP_CTR_ZERO")
    5558                      .dwattr $C$DW$238, DW_AT_const_value(0x00)
    5559                      .dwattr $C$DW$238, DW_AT_decl_file("C:/ti/C2000Ware_MotorControl_SDK_5_04_00_00/solutions/common/sens
    5560                      .dwattr $C$DW$238, DW_AT_decl_line(0x34)
    5561                      .dwattr $C$DW$238, DW_AT_decl_column(0x05)
    5562              
    5563              $C$DW$239       .dwtag  DW_TAG_enumerator
    5564                      .dwattr $C$DW$239, DW_AT_name("PWW_CMP_CTR_PRD")
    5565                      .dwattr $C$DW$239, DW_AT_const_value(0x01)
    5566                      .dwattr $C$DW$239, DW_AT_decl_file("C:/ti/C2000Ware_MotorControl_SDK_5_04_00_00/solutions/common/sens
    5567                      .dwattr $C$DW$239, DW_AT_decl_line(0x35)
    5568                      .dwattr $C$DW$239, DW_AT_decl_column(0x05)
    5569              
    5570              $C$DW$240       .dwtag  DW_TAG_enumerator
    5571                      .dwattr $C$DW$240, DW_AT_name("PWW_CMP_CTR_BOTH")
    5572                      .dwattr $C$DW$240, DW_AT_const_value(0x02)
    5573                      .dwattr $C$DW$240, DW_AT_decl_file("C:/ti/C2000Ware_MotorControl_SDK_5_04_00_00/solutions/common/sens
    5574                      .dwattr $C$DW$240, DW_AT_decl_line(0x36)
    5575                      .dwattr $C$DW$240, DW_AT_decl_column(0x05)
    5576              
    5577              $C$DW$241       .dwtag  DW_TAG_enumerator
    5578                      .dwattr $C$DW$241, DW_AT_name("PWW_CMP_IMMEDIATE")
    5579                      .dwattr $C$DW$241, DW_AT_const_value(0x03)
    5580                      .dwattr $C$DW$241, DW_AT_decl_file("C:/ti/C2000Ware_MotorControl_SDK_5_04_00_00/solutions/common/sens
    5581                      .dwattr $C$DW$241, DW_AT_decl_line(0x37)
    5582                      .dwattr $C$DW$241, DW_AT_decl_column(0x05)
    5583              
    5584                      .dwattr $C$DW$T$118, DW_AT_decl_file("C:/ti/C2000Ware_MotorControl_SDK_5_04_00_00/solutions/common/se
    5585                      .dwattr $C$DW$T$118, DW_AT_decl_line(0x33)
    5586                      .dwattr $C$DW$T$118, DW_AT_decl_column(0x01)
    5587                      .dwendtag $C$DW$T$118
    5588              
    5589                      .dwendtag $C$DW$TU$118
    5590              
    5591              
    5592              $C$DW$TU$119    .dwtag  DW_TAG_type_unit
    5593                      .dwmtype  $C$DW$T$119
    5594              $C$DW$T$119     .dwtag  DW_TAG_typedef
    5595                      .dwattr $C$DW$T$119, DW_AT_name("PWMUpdateMode_e")
    5596                      .dwattr $C$DW$T$119, DW_AT_type(*$C$DW$T$118)
    5597                      .dwattr $C$DW$T$119, DW_AT_decl_file("C:/ti/C2000Ware_MotorControl_SDK_5_04_00_00/solutions/common/se
    5598                      .dwattr $C$DW$T$119, DW_AT_decl_line(0x38)
    5599                      .dwattr $C$DW$T$119, DW_AT_decl_column(0x03)
    5600              
    5601                      .dwendtag $C$DW$TU$119
    5602              
    5603              
TMS320C2000 Assembler PC v22.6.2 Mon Jan 26 16:23:05 2026

Copyright (c) 1996-2018 Texas Instruments Incorporated
dual_axis_servo_drive_cpu.asm                                        PAGE  117

    5604              $C$DW$TU$120    .dwtag  DW_TAG_type_unit
    5605                      .dwmtype  $C$DW$T$120
    5606              
    5607              $C$DW$T$120     .dwtag  DW_TAG_enumeration_type
    5608                      .dwattr $C$DW$T$120, DW_AT_byte_size(0x01)
    5609              $C$DW$242       .dwtag  DW_TAG_enumerator
    5610                      .dwattr $C$DW$242, DW_AT_name("MOTOR_STOP")
    5611                      .dwattr $C$DW$242, DW_AT_const_value(0x00)
    5612                      .dwattr $C$DW$242, DW_AT_decl_file("C:/ti/C2000Ware_MotorControl_SDK_5_04_00_00/solutions/common/sens
    5613                      .dwattr $C$DW$242, DW_AT_decl_line(0x4a)
    5614                      .dwattr $C$DW$242, DW_AT_decl_column(0x05)
    5615              
    5616              $C$DW$243       .dwtag  DW_TAG_enumerator
    5617                      .dwattr $C$DW$243, DW_AT_name("MOTOR_RUN")
    5618                      .dwattr $C$DW$243, DW_AT_const_value(0x01)
    5619                      .dwattr $C$DW$243, DW_AT_decl_file("C:/ti/C2000Ware_MotorControl_SDK_5_04_00_00/solutions/common/sens
    5620                      .dwattr $C$DW$243, DW_AT_decl_line(0x4b)
    5621                      .dwattr $C$DW$243, DW_AT_decl_column(0x05)
    5622              
    5623                      .dwattr $C$DW$T$120, DW_AT_decl_file("C:/ti/C2000Ware_MotorControl_SDK_5_04_00_00/solutions/common/se
    5624                      .dwattr $C$DW$T$120, DW_AT_decl_line(0x49)
    5625                      .dwattr $C$DW$T$120, DW_AT_decl_column(0x01)
    5626                      .dwendtag $C$DW$T$120
    5627              
    5628                      .dwendtag $C$DW$TU$120
    5629              
    5630              
    5631              $C$DW$TU$121    .dwtag  DW_TAG_type_unit
    5632                      .dwmtype  $C$DW$T$121
    5633              $C$DW$T$121     .dwtag  DW_TAG_typedef
    5634                      .dwattr $C$DW$T$121, DW_AT_name("MotorRunStop_e")
    5635                      .dwattr $C$DW$T$121, DW_AT_type(*$C$DW$T$120)
    5636                      .dwattr $C$DW$T$121, DW_AT_decl_file("C:/ti/C2000Ware_MotorControl_SDK_5_04_00_00/solutions/common/se
    5637                      .dwattr $C$DW$T$121, DW_AT_decl_line(0x4c)
    5638                      .dwattr $C$DW$T$121, DW_AT_decl_column(0x03)
    5639              
    5640                      .dwendtag $C$DW$TU$121
    5641              
    5642              
    5643              $C$DW$TU$122    .dwtag  DW_TAG_type_unit
    5644                      .dwmtype  $C$DW$T$122
    5645              
    5646              $C$DW$T$122     .dwtag  DW_TAG_enumeration_type
    5647                      .dwattr $C$DW$T$122, DW_AT_byte_size(0x01)
    5648              $C$DW$244       .dwtag  DW_TAG_enumerator
    5649                      .dwattr $C$DW$244, DW_AT_name("CTRL_STOP")
    5650                      .dwattr $C$DW$244, DW_AT_const_value(0x00)
    5651                      .dwattr $C$DW$244, DW_AT_decl_file("C:/ti/C2000Ware_MotorControl_SDK_5_04_00_00/solutions/common/sens
    5652                      .dwattr $C$DW$244, DW_AT_decl_line(0x64)
    5653                      .dwattr $C$DW$244, DW_AT_decl_column(0x05)
    5654              
    5655              $C$DW$245       .dwtag  DW_TAG_enumerator
    5656                      .dwattr $C$DW$245, DW_AT_name("CTRL_RUN")
    5657                      .dwattr $C$DW$245, DW_AT_const_value(0x01)
    5658                      .dwattr $C$DW$245, DW_AT_decl_file("C:/ti/C2000Ware_MotorControl_SDK_5_04_00_00/solutions/common/sens
TMS320C2000 Assembler PC v22.6.2 Mon Jan 26 16:23:05 2026

Copyright (c) 1996-2018 Texas Instruments Incorporated
dual_axis_servo_drive_cpu.asm                                        PAGE  118

    5659                      .dwattr $C$DW$245, DW_AT_decl_line(0x65)
    5660                      .dwattr $C$DW$245, DW_AT_decl_column(0x05)
    5661              
    5662              $C$DW$246       .dwtag  DW_TAG_enumerator
    5663                      .dwattr $C$DW$246, DW_AT_name("CTRL_BRAKE")
    5664                      .dwattr $C$DW$246, DW_AT_const_value(0x02)
    5665                      .dwattr $C$DW$246, DW_AT_decl_file("C:/ti/C2000Ware_MotorControl_SDK_5_04_00_00/solutions/common/sens
    5666                      .dwattr $C$DW$246, DW_AT_decl_line(0x66)
    5667                      .dwattr $C$DW$246, DW_AT_decl_column(0x05)
    5668              
    5669              $C$DW$247       .dwtag  DW_TAG_enumerator
    5670                      .dwattr $C$DW$247, DW_AT_name("CTRL_RESET")
    5671                      .dwattr $C$DW$247, DW_AT_const_value(0x03)
    5672                      .dwattr $C$DW$247, DW_AT_decl_file("C:/ti/C2000Ware_MotorControl_SDK_5_04_00_00/solutions/common/sens
    5673                      .dwattr $C$DW$247, DW_AT_decl_line(0x67)
    5674                      .dwattr $C$DW$247, DW_AT_decl_column(0x05)
    5675              
    5676              $C$DW$248       .dwtag  DW_TAG_enumerator
    5677                      .dwattr $C$DW$248, DW_AT_name("CTRL_FAULT")
    5678                      .dwattr $C$DW$248, DW_AT_const_value(0x04)
    5679                      .dwattr $C$DW$248, DW_AT_decl_file("C:/ti/C2000Ware_MotorControl_SDK_5_04_00_00/solutions/common/sens
    5680                      .dwattr $C$DW$248, DW_AT_decl_line(0x68)
    5681                      .dwattr $C$DW$248, DW_AT_decl_column(0x05)
    5682              
    5683                      .dwattr $C$DW$T$122, DW_AT_decl_file("C:/ti/C2000Ware_MotorControl_SDK_5_04_00_00/solutions/common/se
    5684                      .dwattr $C$DW$T$122, DW_AT_decl_line(0x63)
    5685                      .dwattr $C$DW$T$122, DW_AT_decl_column(0x01)
    5686                      .dwendtag $C$DW$T$122
    5687              
    5688                      .dwendtag $C$DW$TU$122
    5689              
    5690              
    5691              $C$DW$TU$123    .dwtag  DW_TAG_type_unit
    5692                      .dwmtype  $C$DW$T$123
    5693              $C$DW$T$123     .dwtag  DW_TAG_typedef
    5694                      .dwattr $C$DW$T$123, DW_AT_name("CtrlState_e")
    5695                      .dwattr $C$DW$T$123, DW_AT_type(*$C$DW$T$122)
    5696                      .dwattr $C$DW$T$123, DW_AT_decl_file("C:/ti/C2000Ware_MotorControl_SDK_5_04_00_00/solutions/common/se
    5697                      .dwattr $C$DW$T$123, DW_AT_decl_line(0x69)
    5698                      .dwattr $C$DW$T$123, DW_AT_decl_column(0x03)
    5699              
    5700                      .dwendtag $C$DW$TU$123
    5701              
    5702              
    5703              $C$DW$TU$20     .dwtag  DW_TAG_type_unit
    5704                      .dwmtype  $C$DW$T$20
    5705              
    5706              $C$DW$T$20      .dwtag  DW_TAG_structure_type
    5707                      .dwattr $C$DW$T$20, DW_AT_byte_size(0x0c)
    5708              $C$DW$249       .dwtag  DW_TAG_member
    5709                      .dwattr $C$DW$249, DW_AT_type(*$C$DW$T$19)
    5710                      .dwattr $C$DW$249, DW_AT_name("Freq")
    5711                      .dwattr $C$DW$249, DW_AT_accessibility(DW_ACCESS_public)
    5712                      .dwattr $C$DW$249, DW_AT_decl_file("C:/ti/C2000Ware_MotorControl_SDK_5_04_00_00/libraries/utilities/m
    5713                      .dwattr $C$DW$249, DW_AT_decl_line(0x29)
TMS320C2000 Assembler PC v22.6.2 Mon Jan 26 16:23:05 2026

Copyright (c) 1996-2018 Texas Instruments Incorporated
dual_axis_servo_drive_cpu.asm                                        PAGE  119

    5714                      .dwattr $C$DW$249, DW_AT_decl_column(0x1d)
    5715              
    5716              $C$DW$250       .dwtag  DW_TAG_member
    5717                      .dwattr $C$DW$250, DW_AT_type(*$C$DW$T$19)
    5718                      .dwattr $C$DW$250, DW_AT_name("StepAngleMax")
    5719                      .dwattr $C$DW$250, DW_AT_data_member_location[DW_OP_plus_uconst 0x2]
    5720                      .dwattr $C$DW$250, DW_AT_accessibility(DW_ACCESS_public)
    5721                      .dwattr $C$DW$250, DW_AT_decl_file("C:/ti/C2000Ware_MotorControl_SDK_5_04_00_00/libraries/utilities/m
    5722                      .dwattr $C$DW$250, DW_AT_decl_line(0x2a)
    5723                      .dwattr $C$DW$250, DW_AT_decl_column(0x11)
    5724              
    5725              $C$DW$251       .dwtag  DW_TAG_member
    5726                      .dwattr $C$DW$251, DW_AT_type(*$C$DW$T$19)
    5727                      .dwattr $C$DW$251, DW_AT_name("Angle")
    5728                      .dwattr $C$DW$251, DW_AT_data_member_location[DW_OP_plus_uconst 0x4]
    5729                      .dwattr $C$DW$251, DW_AT_accessibility(DW_ACCESS_public)
    5730                      .dwattr $C$DW$251, DW_AT_decl_file("C:/ti/C2000Ware_MotorControl_SDK_5_04_00_00/libraries/utilities/m
    5731                      .dwattr $C$DW$251, DW_AT_decl_line(0x2b)
    5732                      .dwattr $C$DW$251, DW_AT_decl_column(0x11)
    5733              
    5734              $C$DW$252       .dwtag  DW_TAG_member
    5735                      .dwattr $C$DW$252, DW_AT_type(*$C$DW$T$19)
    5736                      .dwattr $C$DW$252, DW_AT_name("Gain")
    5737                      .dwattr $C$DW$252, DW_AT_data_member_location[DW_OP_plus_uconst 0x6]
    5738                      .dwattr $C$DW$252, DW_AT_accessibility(DW_ACCESS_public)
    5739                      .dwattr $C$DW$252, DW_AT_decl_file("C:/ti/C2000Ware_MotorControl_SDK_5_04_00_00/libraries/utilities/m
    5740                      .dwattr $C$DW$252, DW_AT_decl_line(0x2c)
    5741                      .dwattr $C$DW$252, DW_AT_decl_column(0x11)
    5742              
    5743              $C$DW$253       .dwtag  DW_TAG_member
    5744                      .dwattr $C$DW$253, DW_AT_type(*$C$DW$T$19)
    5745                      .dwattr $C$DW$253, DW_AT_name("Out")
    5746                      .dwattr $C$DW$253, DW_AT_data_member_location[DW_OP_plus_uconst 0x8]
    5747                      .dwattr $C$DW$253, DW_AT_accessibility(DW_ACCESS_public)
    5748                      .dwattr $C$DW$253, DW_AT_decl_file("C:/ti/C2000Ware_MotorControl_SDK_5_04_00_00/libraries/utilities/m
    5749                      .dwattr $C$DW$253, DW_AT_decl_line(0x2d)
    5750                      .dwattr $C$DW$253, DW_AT_decl_column(0x11)
    5751              
    5752              $C$DW$254       .dwtag  DW_TAG_member
    5753                      .dwattr $C$DW$254, DW_AT_type(*$C$DW$T$19)
    5754                      .dwattr $C$DW$254, DW_AT_name("Offset")
    5755                      .dwattr $C$DW$254, DW_AT_data_member_location[DW_OP_plus_uconst 0xa]
    5756                      .dwattr $C$DW$254, DW_AT_accessibility(DW_ACCESS_public)
    5757                      .dwattr $C$DW$254, DW_AT_decl_file("C:/ti/C2000Ware_MotorControl_SDK_5_04_00_00/libraries/utilities/m
    5758                      .dwattr $C$DW$254, DW_AT_decl_line(0x2e)
    5759                      .dwattr $C$DW$254, DW_AT_decl_column(0x11)
    5760              
    5761                      .dwattr $C$DW$T$20, DW_AT_decl_file("C:/ti/C2000Ware_MotorControl_SDK_5_04_00_00/libraries/utilities/
    5762                      .dwattr $C$DW$T$20, DW_AT_decl_line(0x29)
    5763                      .dwattr $C$DW$T$20, DW_AT_decl_column(0x10)
    5764                      .dwendtag $C$DW$T$20
    5765              
    5766                      .dwendtag $C$DW$TU$20
    5767              
    5768              
TMS320C2000 Assembler PC v22.6.2 Mon Jan 26 16:23:05 2026

Copyright (c) 1996-2018 Texas Instruments Incorporated
dual_axis_servo_drive_cpu.asm                                        PAGE  120

    5769              $C$DW$TU$94     .dwtag  DW_TAG_type_unit
    5770                      .dwmtype  $C$DW$T$94
    5771              $C$DW$T$94      .dwtag  DW_TAG_typedef
    5772                      .dwattr $C$DW$T$94, DW_AT_name("RAMPGEN")
    5773                      .dwattr $C$DW$T$94, DW_AT_type(*$C$DW$T$20)
    5774                      .dwattr $C$DW$T$94, DW_AT_decl_file("C:/ti/C2000Ware_MotorControl_SDK_5_04_00_00/libraries/utilities/
    5775                      .dwattr $C$DW$T$94, DW_AT_decl_line(0x2f)
    5776                      .dwattr $C$DW$T$94, DW_AT_decl_column(0x0d)
    5777              
    5778                      .dwendtag $C$DW$TU$94
    5779              
    5780              
    5781              $C$DW$TU$23     .dwtag  DW_TAG_type_unit
    5782                      .dwmtype  $C$DW$T$23
    5783              
    5784              $C$DW$T$23      .dwtag  DW_TAG_structure_type
    5785                      .dwattr $C$DW$T$23, DW_AT_byte_size(0x10)
    5786              $C$DW$255       .dwtag  DW_TAG_member
    5787                      .dwattr $C$DW$255, DW_AT_type(*$C$DW$T$19)
    5788                      .dwattr $C$DW$255, DW_AT_name("TargetValue")
    5789                      .dwattr $C$DW$255, DW_AT_accessibility(DW_ACCESS_public)
    5790                      .dwattr $C$DW$255, DW_AT_decl_file("C:/ti/C2000Ware_MotorControl_SDK_5_04_00_00/libraries/utilities/m
    5791                      .dwattr $C$DW$255, DW_AT_decl_line(0x2b)
    5792                      .dwattr $C$DW$255, DW_AT_decl_column(0x0f)
    5793              
    5794              $C$DW$256       .dwtag  DW_TAG_member
    5795                      .dwattr $C$DW$256, DW_AT_type(*$C$DW$T$22)
    5796                      .dwattr $C$DW$256, DW_AT_name("RampDelayMax")
    5797                      .dwattr $C$DW$256, DW_AT_data_member_location[DW_OP_plus_uconst 0x2]
    5798                      .dwattr $C$DW$256, DW_AT_accessibility(DW_ACCESS_public)
    5799                      .dwattr $C$DW$256, DW_AT_decl_file("C:/ti/C2000Ware_MotorControl_SDK_5_04_00_00/libraries/utilities/m
    5800                      .dwattr $C$DW$256, DW_AT_decl_line(0x2c)
    5801                      .dwattr $C$DW$256, DW_AT_decl_column(0x0f)
    5802              
    5803              $C$DW$257       .dwtag  DW_TAG_member
    5804                      .dwattr $C$DW$257, DW_AT_type(*$C$DW$T$19)
    5805                      .dwattr $C$DW$257, DW_AT_name("RampLowLimit")
    5806                      .dwattr $C$DW$257, DW_AT_data_member_location[DW_OP_plus_uconst 0x4]
    5807                      .dwattr $C$DW$257, DW_AT_accessibility(DW_ACCESS_public)
    5808                      .dwattr $C$DW$257, DW_AT_decl_file("C:/ti/C2000Ware_MotorControl_SDK_5_04_00_00/libraries/utilities/m
    5809                      .dwattr $C$DW$257, DW_AT_decl_line(0x2d)
    5810                      .dwattr $C$DW$257, DW_AT_decl_column(0x0f)
    5811              
    5812              $C$DW$258       .dwtag  DW_TAG_member
    5813                      .dwattr $C$DW$258, DW_AT_type(*$C$DW$T$19)
    5814                      .dwattr $C$DW$258, DW_AT_name("RampHighLimit")
    5815                      .dwattr $C$DW$258, DW_AT_data_member_location[DW_OP_plus_uconst 0x6]
    5816                      .dwattr $C$DW$258, DW_AT_accessibility(DW_ACCESS_public)
    5817                      .dwattr $C$DW$258, DW_AT_decl_file("C:/ti/C2000Ware_MotorControl_SDK_5_04_00_00/libraries/utilities/m
    5818                      .dwattr $C$DW$258, DW_AT_decl_line(0x2e)
    5819                      .dwattr $C$DW$258, DW_AT_decl_column(0x0f)
    5820              
    5821              $C$DW$259       .dwtag  DW_TAG_member
    5822                      .dwattr $C$DW$259, DW_AT_type(*$C$DW$T$22)
    5823                      .dwattr $C$DW$259, DW_AT_name("RampDelayCount")
TMS320C2000 Assembler PC v22.6.2 Mon Jan 26 16:23:05 2026

Copyright (c) 1996-2018 Texas Instruments Incorporated
dual_axis_servo_drive_cpu.asm                                        PAGE  121

    5824                      .dwattr $C$DW$259, DW_AT_data_member_location[DW_OP_plus_uconst 0x8]
    5825                      .dwattr $C$DW$259, DW_AT_accessibility(DW_ACCESS_public)
    5826                      .dwattr $C$DW$259, DW_AT_decl_file("C:/ti/C2000Ware_MotorControl_SDK_5_04_00_00/libraries/utilities/m
    5827                      .dwattr $C$DW$259, DW_AT_decl_line(0x2f)
    5828                      .dwattr $C$DW$259, DW_AT_decl_column(0x0c)
    5829              
    5830              $C$DW$260       .dwtag  DW_TAG_member
    5831                      .dwattr $C$DW$260, DW_AT_type(*$C$DW$T$19)
    5832                      .dwattr $C$DW$260, DW_AT_name("SetpointValue")
    5833                      .dwattr $C$DW$260, DW_AT_data_member_location[DW_OP_plus_uconst 0xa]
    5834                      .dwattr $C$DW$260, DW_AT_accessibility(DW_ACCESS_public)
    5835                      .dwattr $C$DW$260, DW_AT_decl_file("C:/ti/C2000Ware_MotorControl_SDK_5_04_00_00/libraries/utilities/m
    5836                      .dwattr $C$DW$260, DW_AT_decl_line(0x30)
    5837                      .dwattr $C$DW$260, DW_AT_decl_column(0x0c)
    5838              
    5839              $C$DW$261       .dwtag  DW_TAG_member
    5840                      .dwattr $C$DW$261, DW_AT_type(*$C$DW$T$22)
    5841                      .dwattr $C$DW$261, DW_AT_name("EqualFlag")
    5842                      .dwattr $C$DW$261, DW_AT_data_member_location[DW_OP_plus_uconst 0xc]
    5843                      .dwattr $C$DW$261, DW_AT_accessibility(DW_ACCESS_public)
    5844                      .dwattr $C$DW$261, DW_AT_decl_file("C:/ti/C2000Ware_MotorControl_SDK_5_04_00_00/libraries/utilities/m
    5845                      .dwattr $C$DW$261, DW_AT_decl_line(0x31)
    5846                      .dwattr $C$DW$261, DW_AT_decl_column(0x0c)
    5847              
    5848              $C$DW$262       .dwtag  DW_TAG_member
    5849                      .dwattr $C$DW$262, DW_AT_type(*$C$DW$T$19)
    5850                      .dwattr $C$DW$262, DW_AT_name("Tmp")
    5851                      .dwattr $C$DW$262, DW_AT_data_member_location[DW_OP_plus_uconst 0xe]
    5852                      .dwattr $C$DW$262, DW_AT_accessibility(DW_ACCESS_public)
    5853                      .dwattr $C$DW$262, DW_AT_decl_file("C:/ti/C2000Ware_MotorControl_SDK_5_04_00_00/libraries/utilities/m
    5854                      .dwattr $C$DW$262, DW_AT_decl_line(0x32)
    5855                      .dwattr $C$DW$262, DW_AT_decl_column(0x0c)
    5856              
    5857                      .dwattr $C$DW$T$23, DW_AT_decl_file("C:/ti/C2000Ware_MotorControl_SDK_5_04_00_00/libraries/utilities/
    5858                      .dwattr $C$DW$T$23, DW_AT_decl_line(0x2a)
    5859                      .dwattr $C$DW$T$23, DW_AT_decl_column(0x10)
    5860                      .dwendtag $C$DW$T$23
    5861              
    5862                      .dwendtag $C$DW$TU$23
    5863              
    5864              
    5865              $C$DW$TU$95     .dwtag  DW_TAG_type_unit
    5866                      .dwmtype  $C$DW$T$95
    5867              $C$DW$T$95      .dwtag  DW_TAG_typedef
    5868                      .dwattr $C$DW$T$95, DW_AT_name("RMPCNTL")
    5869                      .dwattr $C$DW$T$95, DW_AT_type(*$C$DW$T$23)
    5870                      .dwattr $C$DW$T$95, DW_AT_decl_file("C:/ti/C2000Ware_MotorControl_SDK_5_04_00_00/libraries/utilities/
    5871                      .dwattr $C$DW$T$95, DW_AT_decl_line(0x33)
    5872                      .dwattr $C$DW$T$95, DW_AT_decl_column(0x03)
    5873              
    5874                      .dwendtag $C$DW$TU$95
    5875              
    5876              
    5877              $C$DW$TU$26     .dwtag  DW_TAG_type_unit
    5878                      .dwmtype  $C$DW$T$26
TMS320C2000 Assembler PC v22.6.2 Mon Jan 26 16:23:05 2026

Copyright (c) 1996-2018 Texas Instruments Incorporated
dual_axis_servo_drive_cpu.asm                                        PAGE  122

    5879              
    5880              $C$DW$T$26      .dwtag  DW_TAG_structure_type
    5881                      .dwattr $C$DW$T$26, DW_AT_byte_size(0x14)
    5882              $C$DW$263       .dwtag  DW_TAG_member
    5883                      .dwattr $C$DW$263, DW_AT_type(*$C$DW$T$19)
    5884                      .dwattr $C$DW$263, DW_AT_name("ElecTheta")
    5885                      .dwattr $C$DW$263, DW_AT_accessibility(DW_ACCESS_public)
    5886                      .dwattr $C$DW$263, DW_AT_decl_file("C:/ti/C2000Ware_MotorControl_SDK_5_04_00_00/libraries/utilities/m
    5887                      .dwattr $C$DW$263, DW_AT_decl_line(0x2b)
    5888                      .dwattr $C$DW$263, DW_AT_decl_column(0x12)
    5889              
    5890              $C$DW$264       .dwtag  DW_TAG_member
    5891                      .dwattr $C$DW$264, DW_AT_type(*$C$DW$T$22)
    5892                      .dwattr $C$DW$264, DW_AT_name("DirectionQep")
    5893                      .dwattr $C$DW$264, DW_AT_data_member_location[DW_OP_plus_uconst 0x2]
    5894                      .dwattr $C$DW$264, DW_AT_accessibility(DW_ACCESS_public)
    5895                      .dwattr $C$DW$264, DW_AT_decl_file("C:/ti/C2000Ware_MotorControl_SDK_5_04_00_00/libraries/utilities/m
    5896                      .dwattr $C$DW$264, DW_AT_decl_line(0x2c)
    5897                      .dwattr $C$DW$264, DW_AT_decl_column(0x11)
    5898              
    5899              $C$DW$265       .dwtag  DW_TAG_member
    5900                      .dwattr $C$DW$265, DW_AT_type(*$C$DW$T$19)
    5901                      .dwattr $C$DW$265, DW_AT_name("OldElecTheta")
    5902                      .dwattr $C$DW$265, DW_AT_data_member_location[DW_OP_plus_uconst 0x4]
    5903                      .dwattr $C$DW$265, DW_AT_accessibility(DW_ACCESS_public)
    5904                      .dwattr $C$DW$265, DW_AT_decl_file("C:/ti/C2000Ware_MotorControl_SDK_5_04_00_00/libraries/utilities/m
    5905                      .dwattr $C$DW$265, DW_AT_decl_line(0x2d)
    5906                      .dwattr $C$DW$265, DW_AT_decl_column(0x12)
    5907              
    5908              $C$DW$266       .dwtag  DW_TAG_member
    5909                      .dwattr $C$DW$266, DW_AT_type(*$C$DW$T$19)
    5910                      .dwattr $C$DW$266, DW_AT_name("Speed")
    5911                      .dwattr $C$DW$266, DW_AT_data_member_location[DW_OP_plus_uconst 0x6]
    5912                      .dwattr $C$DW$266, DW_AT_accessibility(DW_ACCESS_public)
    5913                      .dwattr $C$DW$266, DW_AT_decl_file("C:/ti/C2000Ware_MotorControl_SDK_5_04_00_00/libraries/utilities/m
    5914                      .dwattr $C$DW$266, DW_AT_decl_line(0x2e)
    5915                      .dwattr $C$DW$266, DW_AT_decl_column(0x12)
    5916              
    5917              $C$DW$267       .dwtag  DW_TAG_member
    5918                      .dwattr $C$DW$267, DW_AT_type(*$C$DW$T$22)
    5919                      .dwattr $C$DW$267, DW_AT_name("BaseRpm")
    5920                      .dwattr $C$DW$267, DW_AT_data_member_location[DW_OP_plus_uconst 0x8]
    5921                      .dwattr $C$DW$267, DW_AT_accessibility(DW_ACCESS_public)
    5922                      .dwattr $C$DW$267, DW_AT_decl_file("C:/ti/C2000Ware_MotorControl_SDK_5_04_00_00/libraries/utilities/m
    5923                      .dwattr $C$DW$267, DW_AT_decl_line(0x2f)
    5924                      .dwattr $C$DW$267, DW_AT_decl_column(0x11)
    5925              
    5926              $C$DW$268       .dwtag  DW_TAG_member
    5927                      .dwattr $C$DW$268, DW_AT_type(*$C$DW$T$19)
    5928                      .dwattr $C$DW$268, DW_AT_name("K1")
    5929                      .dwattr $C$DW$268, DW_AT_data_member_location[DW_OP_plus_uconst 0xa]
    5930                      .dwattr $C$DW$268, DW_AT_accessibility(DW_ACCESS_public)
    5931                      .dwattr $C$DW$268, DW_AT_decl_file("C:/ti/C2000Ware_MotorControl_SDK_5_04_00_00/libraries/utilities/m
    5932                      .dwattr $C$DW$268, DW_AT_decl_line(0x30)
    5933                      .dwattr $C$DW$268, DW_AT_decl_column(0x12)
TMS320C2000 Assembler PC v22.6.2 Mon Jan 26 16:23:05 2026

Copyright (c) 1996-2018 Texas Instruments Incorporated
dual_axis_servo_drive_cpu.asm                                        PAGE  123

    5934              
    5935              $C$DW$269       .dwtag  DW_TAG_member
    5936                      .dwattr $C$DW$269, DW_AT_type(*$C$DW$T$19)
    5937                      .dwattr $C$DW$269, DW_AT_name("K2")
    5938                      .dwattr $C$DW$269, DW_AT_data_member_location[DW_OP_plus_uconst 0xc]
    5939                      .dwattr $C$DW$269, DW_AT_accessibility(DW_ACCESS_public)
    5940                      .dwattr $C$DW$269, DW_AT_decl_file("C:/ti/C2000Ware_MotorControl_SDK_5_04_00_00/libraries/utilities/m
    5941                      .dwattr $C$DW$269, DW_AT_decl_line(0x31)
    5942                      .dwattr $C$DW$269, DW_AT_decl_column(0x12)
    5943              
    5944              $C$DW$270       .dwtag  DW_TAG_member
    5945                      .dwattr $C$DW$270, DW_AT_type(*$C$DW$T$19)
    5946                      .dwattr $C$DW$270, DW_AT_name("K3")
    5947                      .dwattr $C$DW$270, DW_AT_data_member_location[DW_OP_plus_uconst 0xe]
    5948                      .dwattr $C$DW$270, DW_AT_accessibility(DW_ACCESS_public)
    5949                      .dwattr $C$DW$270, DW_AT_decl_file("C:/ti/C2000Ware_MotorControl_SDK_5_04_00_00/libraries/utilities/m
    5950                      .dwattr $C$DW$270, DW_AT_decl_line(0x32)
    5951                      .dwattr $C$DW$270, DW_AT_decl_column(0x12)
    5952              
    5953              $C$DW$271       .dwtag  DW_TAG_member
    5954                      .dwattr $C$DW$271, DW_AT_type(*$C$DW$T$25)
    5955                      .dwattr $C$DW$271, DW_AT_name("SpeedRpm")
    5956                      .dwattr $C$DW$271, DW_AT_data_member_location[DW_OP_plus_uconst 0x10]
    5957                      .dwattr $C$DW$271, DW_AT_accessibility(DW_ACCESS_public)
    5958                      .dwattr $C$DW$271, DW_AT_decl_file("C:/ti/C2000Ware_MotorControl_SDK_5_04_00_00/libraries/utilities/m
    5959                      .dwattr $C$DW$271, DW_AT_decl_line(0x33)
    5960                      .dwattr $C$DW$271, DW_AT_decl_column(0x10)
    5961              
    5962              $C$DW$272       .dwtag  DW_TAG_member
    5963                      .dwattr $C$DW$272, DW_AT_type(*$C$DW$T$19)
    5964                      .dwattr $C$DW$272, DW_AT_name("Tmp")
    5965                      .dwattr $C$DW$272, DW_AT_data_member_location[DW_OP_plus_uconst 0x12]
    5966                      .dwattr $C$DW$272, DW_AT_accessibility(DW_ACCESS_public)
    5967                      .dwattr $C$DW$272, DW_AT_decl_file("C:/ti/C2000Ware_MotorControl_SDK_5_04_00_00/libraries/utilities/m
    5968                      .dwattr $C$DW$272, DW_AT_decl_line(0x34)
    5969                      .dwattr $C$DW$272, DW_AT_decl_column(0x12)
    5970              
    5971                      .dwattr $C$DW$T$26, DW_AT_decl_file("C:/ti/C2000Ware_MotorControl_SDK_5_04_00_00/libraries/utilities/
    5972                      .dwattr $C$DW$T$26, DW_AT_decl_line(0x2a)
    5973                      .dwattr $C$DW$T$26, DW_AT_decl_column(0x10)
    5974                      .dwendtag $C$DW$T$26
    5975              
    5976                      .dwendtag $C$DW$TU$26
    5977              
    5978              
    5979              $C$DW$TU$100    .dwtag  DW_TAG_type_unit
    5980                      .dwmtype  $C$DW$T$100
    5981              $C$DW$T$100     .dwtag  DW_TAG_typedef
    5982                      .dwattr $C$DW$T$100, DW_AT_name("SPEED_MEAS_QEP")
    5983                      .dwattr $C$DW$T$100, DW_AT_type(*$C$DW$T$26)
    5984                      .dwattr $C$DW$T$100, DW_AT_decl_file("C:/ti/C2000Ware_MotorControl_SDK_5_04_00_00/libraries/utilities
    5985                      .dwattr $C$DW$T$100, DW_AT_decl_line(0x35)
    5986                      .dwattr $C$DW$T$100, DW_AT_decl_column(0x0a)
    5987              
    5988                      .dwendtag $C$DW$TU$100
TMS320C2000 Assembler PC v22.6.2 Mon Jan 26 16:23:05 2026

Copyright (c) 1996-2018 Texas Instruments Incorporated
dual_axis_servo_drive_cpu.asm                                        PAGE  124

    5989              
    5990              
    5991              $C$DW$TU$27     .dwtag  DW_TAG_type_unit
    5992                      .dwmtype  $C$DW$T$27
    5993              
    5994              $C$DW$T$27      .dwtag  DW_TAG_structure_type
    5995                      .dwattr $C$DW$T$27, DW_AT_byte_size(0x0a)
    5996              $C$DW$273       .dwtag  DW_TAG_member
    5997                      .dwattr $C$DW$273, DW_AT_type(*$C$DW$T$19)
    5998                      .dwattr $C$DW$273, DW_AT_name("Ref")
    5999                      .dwattr $C$DW$273, DW_AT_accessibility(DW_ACCESS_public)
    6000                      .dwattr $C$DW$273, DW_AT_decl_file("C:/ti/C2000Ware_MotorControl_SDK_5_04_00_00/libraries/utilities/m
    6001                      .dwattr $C$DW$273, DW_AT_decl_line(0x2a)
    6002                      .dwattr $C$DW$273, DW_AT_decl_column(0x1e)
    6003              
    6004              $C$DW$274       .dwtag  DW_TAG_member
    6005                      .dwattr $C$DW$274, DW_AT_type(*$C$DW$T$19)
    6006                      .dwattr $C$DW$274, DW_AT_name("Fbk")
    6007                      .dwattr $C$DW$274, DW_AT_data_member_location[DW_OP_plus_uconst 0x2]
    6008                      .dwattr $C$DW$274, DW_AT_accessibility(DW_ACCESS_public)
    6009                      .dwattr $C$DW$274, DW_AT_decl_file("C:/ti/C2000Ware_MotorControl_SDK_5_04_00_00/libraries/utilities/m
    6010                      .dwattr $C$DW$274, DW_AT_decl_line(0x2b)
    6011                      .dwattr $C$DW$274, DW_AT_decl_column(0x12)
    6012              
    6013              $C$DW$275       .dwtag  DW_TAG_member
    6014                      .dwattr $C$DW$275, DW_AT_type(*$C$DW$T$19)
    6015                      .dwattr $C$DW$275, DW_AT_name("Out")
    6016                      .dwattr $C$DW$275, DW_AT_data_member_location[DW_OP_plus_uconst 0x4]
    6017                      .dwattr $C$DW$275, DW_AT_accessibility(DW_ACCESS_public)
    6018                      .dwattr $C$DW$275, DW_AT_decl_file("C:/ti/C2000Ware_MotorControl_SDK_5_04_00_00/libraries/utilities/m
    6019                      .dwattr $C$DW$275, DW_AT_decl_line(0x2c)
    6020                      .dwattr $C$DW$275, DW_AT_decl_column(0x12)
    6021              
    6022              $C$DW$276       .dwtag  DW_TAG_member
    6023                      .dwattr $C$DW$276, DW_AT_type(*$C$DW$T$19)
    6024                      .dwattr $C$DW$276, DW_AT_name("c1")
    6025                      .dwattr $C$DW$276, DW_AT_data_member_location[DW_OP_plus_uconst 0x6]
    6026                      .dwattr $C$DW$276, DW_AT_accessibility(DW_ACCESS_public)
    6027                      .dwattr $C$DW$276, DW_AT_decl_file("C:/ti/C2000Ware_MotorControl_SDK_5_04_00_00/libraries/utilities/m
    6028                      .dwattr $C$DW$276, DW_AT_decl_line(0x2d)
    6029                      .dwattr $C$DW$276, DW_AT_decl_column(0x12)
    6030              
    6031              $C$DW$277       .dwtag  DW_TAG_member
    6032                      .dwattr $C$DW$277, DW_AT_type(*$C$DW$T$19)
    6033                      .dwattr $C$DW$277, DW_AT_name("c2")
    6034                      .dwattr $C$DW$277, DW_AT_data_member_location[DW_OP_plus_uconst 0x8]
    6035                      .dwattr $C$DW$277, DW_AT_accessibility(DW_ACCESS_public)
    6036                      .dwattr $C$DW$277, DW_AT_decl_file("C:/ti/C2000Ware_MotorControl_SDK_5_04_00_00/libraries/utilities/m
    6037                      .dwattr $C$DW$277, DW_AT_decl_line(0x2e)
    6038                      .dwattr $C$DW$277, DW_AT_decl_column(0x12)
    6039              
    6040                      .dwattr $C$DW$T$27, DW_AT_decl_file("C:/ti/C2000Ware_MotorControl_SDK_5_04_00_00/libraries/utilities/
    6041                      .dwattr $C$DW$T$27, DW_AT_decl_line(0x2a)
    6042                      .dwattr $C$DW$T$27, DW_AT_decl_column(0x10)
    6043                      .dwendtag $C$DW$T$27
TMS320C2000 Assembler PC v22.6.2 Mon Jan 26 16:23:05 2026

Copyright (c) 1996-2018 Texas Instruments Incorporated
dual_axis_servo_drive_cpu.asm                                        PAGE  125

    6044              
    6045                      .dwendtag $C$DW$TU$27
    6046              
    6047              
    6048              $C$DW$TU$30     .dwtag  DW_TAG_type_unit
    6049                      .dwmtype  $C$DW$T$30
    6050              $C$DW$T$30      .dwtag  DW_TAG_typedef
    6051                      .dwattr $C$DW$T$30, DW_AT_name("PID_TERMINALS")
    6052                      .dwattr $C$DW$T$30, DW_AT_type(*$C$DW$T$27)
    6053                      .dwattr $C$DW$T$30, DW_AT_decl_file("C:/ti/C2000Ware_MotorControl_SDK_5_04_00_00/libraries/utilities/
    6054                      .dwattr $C$DW$T$30, DW_AT_decl_line(0x2f)
    6055                      .dwattr $C$DW$T$30, DW_AT_decl_column(0x07)
    6056              
    6057                      .dwendtag $C$DW$TU$30
    6058              
    6059              
    6060              $C$DW$TU$28     .dwtag  DW_TAG_type_unit
    6061                      .dwmtype  $C$DW$T$28
    6062              
    6063              $C$DW$T$28      .dwtag  DW_TAG_structure_type
    6064                      .dwattr $C$DW$T$28, DW_AT_byte_size(0x0e)
    6065              $C$DW$278       .dwtag  DW_TAG_member
    6066                      .dwattr $C$DW$278, DW_AT_type(*$C$DW$T$19)
    6067                      .dwattr $C$DW$278, DW_AT_name("Kr")
    6068                      .dwattr $C$DW$278, DW_AT_accessibility(DW_ACCESS_public)
    6069                      .dwattr $C$DW$278, DW_AT_decl_file("C:/ti/C2000Ware_MotorControl_SDK_5_04_00_00/libraries/utilities/m
    6070                      .dwattr $C$DW$278, DW_AT_decl_line(0x32)
    6071                      .dwattr $C$DW$278, DW_AT_decl_column(0x1e)
    6072              
    6073              $C$DW$279       .dwtag  DW_TAG_member
    6074                      .dwattr $C$DW$279, DW_AT_type(*$C$DW$T$19)
    6075                      .dwattr $C$DW$279, DW_AT_name("Kp")
    6076                      .dwattr $C$DW$279, DW_AT_data_member_location[DW_OP_plus_uconst 0x2]
    6077                      .dwattr $C$DW$279, DW_AT_accessibility(DW_ACCESS_public)
    6078                      .dwattr $C$DW$279, DW_AT_decl_file("C:/ti/C2000Ware_MotorControl_SDK_5_04_00_00/libraries/utilities/m
    6079                      .dwattr $C$DW$279, DW_AT_decl_line(0x33)
    6080                      .dwattr $C$DW$279, DW_AT_decl_column(0x12)
    6081              
    6082              $C$DW$280       .dwtag  DW_TAG_member
    6083                      .dwattr $C$DW$280, DW_AT_type(*$C$DW$T$19)
    6084                      .dwattr $C$DW$280, DW_AT_name("Ki")
    6085                      .dwattr $C$DW$280, DW_AT_data_member_location[DW_OP_plus_uconst 0x4]
    6086                      .dwattr $C$DW$280, DW_AT_accessibility(DW_ACCESS_public)
    6087                      .dwattr $C$DW$280, DW_AT_decl_file("C:/ti/C2000Ware_MotorControl_SDK_5_04_00_00/libraries/utilities/m
    6088                      .dwattr $C$DW$280, DW_AT_decl_line(0x34)
    6089                      .dwattr $C$DW$280, DW_AT_decl_column(0x12)
    6090              
    6091              $C$DW$281       .dwtag  DW_TAG_member
    6092                      .dwattr $C$DW$281, DW_AT_type(*$C$DW$T$19)
    6093                      .dwattr $C$DW$281, DW_AT_name("Kd")
    6094                      .dwattr $C$DW$281, DW_AT_data_member_location[DW_OP_plus_uconst 0x6]
    6095                      .dwattr $C$DW$281, DW_AT_accessibility(DW_ACCESS_public)
    6096                      .dwattr $C$DW$281, DW_AT_decl_file("C:/ti/C2000Ware_MotorControl_SDK_5_04_00_00/libraries/utilities/m
    6097                      .dwattr $C$DW$281, DW_AT_decl_line(0x35)
    6098                      .dwattr $C$DW$281, DW_AT_decl_column(0x12)
TMS320C2000 Assembler PC v22.6.2 Mon Jan 26 16:23:05 2026

Copyright (c) 1996-2018 Texas Instruments Incorporated
dual_axis_servo_drive_cpu.asm                                        PAGE  126

    6099              
    6100              $C$DW$282       .dwtag  DW_TAG_member
    6101                      .dwattr $C$DW$282, DW_AT_type(*$C$DW$T$19)
    6102                      .dwattr $C$DW$282, DW_AT_name("Km")
    6103                      .dwattr $C$DW$282, DW_AT_data_member_location[DW_OP_plus_uconst 0x8]
    6104                      .dwattr $C$DW$282, DW_AT_accessibility(DW_ACCESS_public)
    6105                      .dwattr $C$DW$282, DW_AT_decl_file("C:/ti/C2000Ware_MotorControl_SDK_5_04_00_00/libraries/utilities/m
    6106                      .dwattr $C$DW$282, DW_AT_decl_line(0x36)
    6107                      .dwattr $C$DW$282, DW_AT_decl_column(0x12)
    6108              
    6109              $C$DW$283       .dwtag  DW_TAG_member
    6110                      .dwattr $C$DW$283, DW_AT_type(*$C$DW$T$19)
    6111                      .dwattr $C$DW$283, DW_AT_name("Umax")
    6112                      .dwattr $C$DW$283, DW_AT_data_member_location[DW_OP_plus_uconst 0xa]
    6113                      .dwattr $C$DW$283, DW_AT_accessibility(DW_ACCESS_public)
    6114                      .dwattr $C$DW$283, DW_AT_decl_file("C:/ti/C2000Ware_MotorControl_SDK_5_04_00_00/libraries/utilities/m
    6115                      .dwattr $C$DW$283, DW_AT_decl_line(0x37)
    6116                      .dwattr $C$DW$283, DW_AT_decl_column(0x12)
    6117              
    6118              $C$DW$284       .dwtag  DW_TAG_member
    6119                      .dwattr $C$DW$284, DW_AT_type(*$C$DW$T$19)
    6120                      .dwattr $C$DW$284, DW_AT_name("Umin")
    6121                      .dwattr $C$DW$284, DW_AT_data_member_location[DW_OP_plus_uconst 0xc]
    6122                      .dwattr $C$DW$284, DW_AT_accessibility(DW_ACCESS_public)
    6123                      .dwattr $C$DW$284, DW_AT_decl_file("C:/ti/C2000Ware_MotorControl_SDK_5_04_00_00/libraries/utilities/m
    6124                      .dwattr $C$DW$284, DW_AT_decl_line(0x38)
    6125                      .dwattr $C$DW$284, DW_AT_decl_column(0x12)
    6126              
    6127                      .dwattr $C$DW$T$28, DW_AT_decl_file("C:/ti/C2000Ware_MotorControl_SDK_5_04_00_00/libraries/utilities/
    6128                      .dwattr $C$DW$T$28, DW_AT_decl_line(0x32)
    6129                      .dwattr $C$DW$T$28, DW_AT_decl_column(0x10)
    6130                      .dwendtag $C$DW$T$28
    6131              
    6132                      .dwendtag $C$DW$TU$28
    6133              
    6134              
    6135              $C$DW$TU$31     .dwtag  DW_TAG_type_unit
    6136                      .dwmtype  $C$DW$T$31
    6137              $C$DW$T$31      .dwtag  DW_TAG_typedef
    6138                      .dwattr $C$DW$T$31, DW_AT_name("PID_PARAMETERS")
    6139                      .dwattr $C$DW$T$31, DW_AT_type(*$C$DW$T$28)
    6140                      .dwattr $C$DW$T$31, DW_AT_decl_file("C:/ti/C2000Ware_MotorControl_SDK_5_04_00_00/libraries/utilities/
    6141                      .dwattr $C$DW$T$31, DW_AT_decl_line(0x39)
    6142                      .dwattr $C$DW$T$31, DW_AT_decl_column(0x07)
    6143              
    6144                      .dwendtag $C$DW$TU$31
    6145              
    6146              
    6147              $C$DW$TU$29     .dwtag  DW_TAG_type_unit
    6148                      .dwmtype  $C$DW$T$29
    6149              
    6150              $C$DW$T$29      .dwtag  DW_TAG_structure_type
    6151                      .dwattr $C$DW$T$29, DW_AT_byte_size(0x10)
    6152              $C$DW$285       .dwtag  DW_TAG_member
    6153                      .dwattr $C$DW$285, DW_AT_type(*$C$DW$T$19)
TMS320C2000 Assembler PC v22.6.2 Mon Jan 26 16:23:05 2026

Copyright (c) 1996-2018 Texas Instruments Incorporated
dual_axis_servo_drive_cpu.asm                                        PAGE  127

    6154                      .dwattr $C$DW$285, DW_AT_name("up")
    6155                      .dwattr $C$DW$285, DW_AT_accessibility(DW_ACCESS_public)
    6156                      .dwattr $C$DW$285, DW_AT_decl_file("C:/ti/C2000Ware_MotorControl_SDK_5_04_00_00/libraries/utilities/m
    6157                      .dwattr $C$DW$285, DW_AT_decl_line(0x3b)
    6158                      .dwattr $C$DW$285, DW_AT_decl_column(0x1e)
    6159              
    6160              $C$DW$286       .dwtag  DW_TAG_member
    6161                      .dwattr $C$DW$286, DW_AT_type(*$C$DW$T$19)
    6162                      .dwattr $C$DW$286, DW_AT_name("ui")
    6163                      .dwattr $C$DW$286, DW_AT_data_member_location[DW_OP_plus_uconst 0x2]
    6164                      .dwattr $C$DW$286, DW_AT_accessibility(DW_ACCESS_public)
    6165                      .dwattr $C$DW$286, DW_AT_decl_file("C:/ti/C2000Ware_MotorControl_SDK_5_04_00_00/libraries/utilities/m
    6166                      .dwattr $C$DW$286, DW_AT_decl_line(0x3c)
    6167                      .dwattr $C$DW$286, DW_AT_decl_column(0x12)
    6168              
    6169              $C$DW$287       .dwtag  DW_TAG_member
    6170                      .dwattr $C$DW$287, DW_AT_type(*$C$DW$T$19)
    6171                      .dwattr $C$DW$287, DW_AT_name("ud")
    6172                      .dwattr $C$DW$287, DW_AT_data_member_location[DW_OP_plus_uconst 0x4]
    6173                      .dwattr $C$DW$287, DW_AT_accessibility(DW_ACCESS_public)
    6174                      .dwattr $C$DW$287, DW_AT_decl_file("C:/ti/C2000Ware_MotorControl_SDK_5_04_00_00/libraries/utilities/m
    6175                      .dwattr $C$DW$287, DW_AT_decl_line(0x3d)
    6176                      .dwattr $C$DW$287, DW_AT_decl_column(0x12)
    6177              
    6178              $C$DW$288       .dwtag  DW_TAG_member
    6179                      .dwattr $C$DW$288, DW_AT_type(*$C$DW$T$19)
    6180                      .dwattr $C$DW$288, DW_AT_name("v1")
    6181                      .dwattr $C$DW$288, DW_AT_data_member_location[DW_OP_plus_uconst 0x6]
    6182                      .dwattr $C$DW$288, DW_AT_accessibility(DW_ACCESS_public)
    6183                      .dwattr $C$DW$288, DW_AT_decl_file("C:/ti/C2000Ware_MotorControl_SDK_5_04_00_00/libraries/utilities/m
    6184                      .dwattr $C$DW$288, DW_AT_decl_line(0x3e)
    6185                      .dwattr $C$DW$288, DW_AT_decl_column(0x12)
    6186              
    6187              $C$DW$289       .dwtag  DW_TAG_member
    6188                      .dwattr $C$DW$289, DW_AT_type(*$C$DW$T$19)
    6189                      .dwattr $C$DW$289, DW_AT_name("i1")
    6190                      .dwattr $C$DW$289, DW_AT_data_member_location[DW_OP_plus_uconst 0x8]
    6191                      .dwattr $C$DW$289, DW_AT_accessibility(DW_ACCESS_public)
    6192                      .dwattr $C$DW$289, DW_AT_decl_file("C:/ti/C2000Ware_MotorControl_SDK_5_04_00_00/libraries/utilities/m
    6193                      .dwattr $C$DW$289, DW_AT_decl_line(0x3f)
    6194                      .dwattr $C$DW$289, DW_AT_decl_column(0x12)
    6195              
    6196              $C$DW$290       .dwtag  DW_TAG_member
    6197                      .dwattr $C$DW$290, DW_AT_type(*$C$DW$T$19)
    6198                      .dwattr $C$DW$290, DW_AT_name("d1")
    6199                      .dwattr $C$DW$290, DW_AT_data_member_location[DW_OP_plus_uconst 0xa]
    6200                      .dwattr $C$DW$290, DW_AT_accessibility(DW_ACCESS_public)
    6201                      .dwattr $C$DW$290, DW_AT_decl_file("C:/ti/C2000Ware_MotorControl_SDK_5_04_00_00/libraries/utilities/m
    6202                      .dwattr $C$DW$290, DW_AT_decl_line(0x40)
    6203                      .dwattr $C$DW$290, DW_AT_decl_column(0x12)
    6204              
    6205              $C$DW$291       .dwtag  DW_TAG_member
    6206                      .dwattr $C$DW$291, DW_AT_type(*$C$DW$T$19)
    6207                      .dwattr $C$DW$291, DW_AT_name("d2")
    6208                      .dwattr $C$DW$291, DW_AT_data_member_location[DW_OP_plus_uconst 0xc]
TMS320C2000 Assembler PC v22.6.2 Mon Jan 26 16:23:05 2026

Copyright (c) 1996-2018 Texas Instruments Incorporated
dual_axis_servo_drive_cpu.asm                                        PAGE  128

    6209                      .dwattr $C$DW$291, DW_AT_accessibility(DW_ACCESS_public)
    6210                      .dwattr $C$DW$291, DW_AT_decl_file("C:/ti/C2000Ware_MotorControl_SDK_5_04_00_00/libraries/utilities/m
    6211                      .dwattr $C$DW$291, DW_AT_decl_line(0x41)
    6212                      .dwattr $C$DW$291, DW_AT_decl_column(0x12)
    6213              
    6214              $C$DW$292       .dwtag  DW_TAG_member
    6215                      .dwattr $C$DW$292, DW_AT_type(*$C$DW$T$19)
    6216                      .dwattr $C$DW$292, DW_AT_name("w1")
    6217                      .dwattr $C$DW$292, DW_AT_data_member_location[DW_OP_plus_uconst 0xe]
    6218                      .dwattr $C$DW$292, DW_AT_accessibility(DW_ACCESS_public)
    6219                      .dwattr $C$DW$292, DW_AT_decl_file("C:/ti/C2000Ware_MotorControl_SDK_5_04_00_00/libraries/utilities/m
    6220                      .dwattr $C$DW$292, DW_AT_decl_line(0x42)
    6221                      .dwattr $C$DW$292, DW_AT_decl_column(0x12)
    6222              
    6223                      .dwattr $C$DW$T$29, DW_AT_decl_file("C:/ti/C2000Ware_MotorControl_SDK_5_04_00_00/libraries/utilities/
    6224                      .dwattr $C$DW$T$29, DW_AT_decl_line(0x3b)
    6225                      .dwattr $C$DW$T$29, DW_AT_decl_column(0x10)
    6226                      .dwendtag $C$DW$T$29
    6227              
    6228                      .dwendtag $C$DW$TU$29
    6229              
    6230              
    6231              $C$DW$TU$32     .dwtag  DW_TAG_type_unit
    6232                      .dwmtype  $C$DW$T$32
    6233              $C$DW$T$32      .dwtag  DW_TAG_typedef
    6234                      .dwattr $C$DW$T$32, DW_AT_name("PID_DATA")
    6235                      .dwattr $C$DW$T$32, DW_AT_type(*$C$DW$T$29)
    6236                      .dwattr $C$DW$T$32, DW_AT_decl_file("C:/ti/C2000Ware_MotorControl_SDK_5_04_00_00/libraries/utilities/
    6237                      .dwattr $C$DW$T$32, DW_AT_decl_line(0x43)
    6238                      .dwattr $C$DW$T$32, DW_AT_decl_column(0x07)
    6239              
    6240                      .dwendtag $C$DW$TU$32
    6241              
    6242              
    6243              $C$DW$TU$33     .dwtag  DW_TAG_type_unit
    6244                      .dwmtype  $C$DW$T$33
    6245              
    6246              $C$DW$T$33      .dwtag  DW_TAG_structure_type
    6247                      .dwattr $C$DW$T$33, DW_AT_byte_size(0x28)
    6248              $C$DW$293       .dwtag  DW_TAG_member
    6249                      .dwattr $C$DW$293, DW_AT_type(*$C$DW$T$30)
    6250                      .dwattr $C$DW$293, DW_AT_name("term")
    6251                      .dwattr $C$DW$293, DW_AT_accessibility(DW_ACCESS_public)
    6252                      .dwattr $C$DW$293, DW_AT_decl_file("C:/ti/C2000Ware_MotorControl_SDK_5_04_00_00/libraries/utilities/m
    6253                      .dwattr $C$DW$293, DW_AT_decl_line(0x46)
    6254                      .dwattr $C$DW$293, DW_AT_decl_column(0x21)
    6255              
    6256              $C$DW$294       .dwtag  DW_TAG_member
    6257                      .dwattr $C$DW$294, DW_AT_type(*$C$DW$T$31)
    6258                      .dwattr $C$DW$294, DW_AT_name("param")
    6259                      .dwattr $C$DW$294, DW_AT_data_member_location[DW_OP_plus_uconst 0xa]
    6260                      .dwattr $C$DW$294, DW_AT_accessibility(DW_ACCESS_public)
    6261                      .dwattr $C$DW$294, DW_AT_decl_file("C:/ti/C2000Ware_MotorControl_SDK_5_04_00_00/libraries/utilities/m
    6262                      .dwattr $C$DW$294, DW_AT_decl_line(0x47)
    6263                      .dwattr $C$DW$294, DW_AT_decl_column(0x16)
TMS320C2000 Assembler PC v22.6.2 Mon Jan 26 16:23:05 2026

Copyright (c) 1996-2018 Texas Instruments Incorporated
dual_axis_servo_drive_cpu.asm                                        PAGE  129

    6264              
    6265              $C$DW$295       .dwtag  DW_TAG_member
    6266                      .dwattr $C$DW$295, DW_AT_type(*$C$DW$T$32)
    6267                      .dwattr $C$DW$295, DW_AT_name("data")
    6268                      .dwattr $C$DW$295, DW_AT_data_member_location[DW_OP_plus_uconst 0x18]
    6269                      .dwattr $C$DW$295, DW_AT_accessibility(DW_ACCESS_public)
    6270                      .dwattr $C$DW$295, DW_AT_decl_file("C:/ti/C2000Ware_MotorControl_SDK_5_04_00_00/libraries/utilities/m
    6271                      .dwattr $C$DW$295, DW_AT_decl_line(0x48)
    6272                      .dwattr $C$DW$295, DW_AT_decl_column(0x11)
    6273              
    6274                      .dwattr $C$DW$T$33, DW_AT_decl_file("C:/ti/C2000Ware_MotorControl_SDK_5_04_00_00/libraries/utilities/
    6275                      .dwattr $C$DW$T$33, DW_AT_decl_line(0x46)
    6276                      .dwattr $C$DW$T$33, DW_AT_decl_column(0x10)
    6277                      .dwendtag $C$DW$T$33
    6278              
    6279                      .dwendtag $C$DW$TU$33
    6280              
    6281              
    6282              $C$DW$TU$102    .dwtag  DW_TAG_type_unit
    6283                      .dwmtype  $C$DW$T$102
    6284              $C$DW$T$102     .dwtag  DW_TAG_typedef
    6285                      .dwattr $C$DW$T$102, DW_AT_name("PID_CONTROLLER")
    6286                      .dwattr $C$DW$T$102, DW_AT_type(*$C$DW$T$33)
    6287                      .dwattr $C$DW$T$102, DW_AT_decl_file("C:/ti/C2000Ware_MotorControl_SDK_5_04_00_00/libraries/utilities
    6288                      .dwattr $C$DW$T$102, DW_AT_decl_line(0x49)
    6289                      .dwattr $C$DW$T$102, DW_AT_decl_column(0x07)
    6290              
    6291                      .dwendtag $C$DW$TU$102
    6292              
    6293              
    6294              $C$DW$TU$34     .dwtag  DW_TAG_type_unit
    6295                      .dwmtype  $C$DW$T$34
    6296              
    6297              $C$DW$T$34      .dwtag  DW_TAG_structure_type
    6298                      .dwattr $C$DW$T$34, DW_AT_byte_size(0x04)
    6299              $C$DW$296       .dwtag  DW_TAG_member
    6300                      .dwattr $C$DW$296, DW_AT_type(*$C$DW$T$12)
    6301                      .dwattr $C$DW$296, DW_AT_name("quot")
    6302                      .dwattr $C$DW$296, DW_AT_accessibility(DW_ACCESS_public)
    6303                      .dwattr $C$DW$296, DW_AT_decl_file("C:/ti/ccs2031/ccs/tools/compiler/ti-cgt-c2000_22.6.2.LTS/include/
    6304                      .dwattr $C$DW$296, DW_AT_decl_line(0x59)
    6305                      .dwattr $C$DW$296, DW_AT_decl_column(0x17)
    6306              
    6307              $C$DW$297       .dwtag  DW_TAG_member
    6308                      .dwattr $C$DW$297, DW_AT_type(*$C$DW$T$12)
    6309                      .dwattr $C$DW$297, DW_AT_name("rem")
    6310                      .dwattr $C$DW$297, DW_AT_data_member_location[DW_OP_plus_uconst 0x2]
    6311                      .dwattr $C$DW$297, DW_AT_accessibility(DW_ACCESS_public)
    6312                      .dwattr $C$DW$297, DW_AT_decl_file("C:/ti/ccs2031/ccs/tools/compiler/ti-cgt-c2000_22.6.2.LTS/include/
    6313                      .dwattr $C$DW$297, DW_AT_decl_line(0x59)
    6314                      .dwattr $C$DW$297, DW_AT_decl_column(0x1d)
    6315              
    6316                      .dwattr $C$DW$T$34, DW_AT_decl_file("C:/ti/ccs2031/ccs/tools/compiler/ti-cgt-c2000_22.6.2.LTS/include
    6317                      .dwattr $C$DW$T$34, DW_AT_decl_line(0x59)
    6318                      .dwattr $C$DW$T$34, DW_AT_decl_column(0x10)
TMS320C2000 Assembler PC v22.6.2 Mon Jan 26 16:23:05 2026

Copyright (c) 1996-2018 Texas Instruments Incorporated
dual_axis_servo_drive_cpu.asm                                        PAGE  130

    6319                      .dwendtag $C$DW$T$34
    6320              
    6321                      .dwendtag $C$DW$TU$34
    6322              
    6323              
    6324              $C$DW$TU$131    .dwtag  DW_TAG_type_unit
    6325                      .dwmtype  $C$DW$T$131
    6326              $C$DW$T$131     .dwtag  DW_TAG_typedef
    6327                      .dwattr $C$DW$T$131, DW_AT_name("ldiv_t")
    6328                      .dwattr $C$DW$T$131, DW_AT_type(*$C$DW$T$34)
    6329                      .dwattr $C$DW$T$131, DW_AT_decl_file("C:/ti/ccs2031/ccs/tools/compiler/ti-cgt-c2000_22.6.2.LTS/includ
    6330                      .dwattr $C$DW$T$131, DW_AT_decl_line(0x59)
    6331                      .dwattr $C$DW$T$131, DW_AT_decl_column(0x24)
    6332              
    6333                      .dwendtag $C$DW$TU$131
    6334              
    6335              
    6336              $C$DW$TU$35     .dwtag  DW_TAG_type_unit
    6337                      .dwmtype  $C$DW$T$35
    6338              
    6339              $C$DW$T$35      .dwtag  DW_TAG_structure_type
    6340                      .dwattr $C$DW$T$35, DW_AT_byte_size(0x08)
    6341              $C$DW$298       .dwtag  DW_TAG_member
    6342                      .dwattr $C$DW$298, DW_AT_type(*$C$DW$T$14)
    6343                      .dwattr $C$DW$298, DW_AT_name("quot")
    6344                      .dwattr $C$DW$298, DW_AT_accessibility(DW_ACCESS_public)
    6345                      .dwattr $C$DW$298, DW_AT_decl_file("C:/ti/ccs2031/ccs/tools/compiler/ti-cgt-c2000_22.6.2.LTS/include/
    6346                      .dwattr $C$DW$298, DW_AT_decl_line(0x63)
    6347                      .dwattr $C$DW$298, DW_AT_decl_column(0x1c)
    6348              
    6349              $C$DW$299       .dwtag  DW_TAG_member
    6350                      .dwattr $C$DW$299, DW_AT_type(*$C$DW$T$14)
    6351                      .dwattr $C$DW$299, DW_AT_name("rem")
    6352                      .dwattr $C$DW$299, DW_AT_data_member_location[DW_OP_plus_uconst 0x4]
    6353                      .dwattr $C$DW$299, DW_AT_accessibility(DW_ACCESS_public)
    6354                      .dwattr $C$DW$299, DW_AT_decl_file("C:/ti/ccs2031/ccs/tools/compiler/ti-cgt-c2000_22.6.2.LTS/include/
    6355                      .dwattr $C$DW$299, DW_AT_decl_line(0x63)
    6356                      .dwattr $C$DW$299, DW_AT_decl_column(0x22)
    6357              
    6358                      .dwattr $C$DW$T$35, DW_AT_decl_file("C:/ti/ccs2031/ccs/tools/compiler/ti-cgt-c2000_22.6.2.LTS/include
    6359                      .dwattr $C$DW$T$35, DW_AT_decl_line(0x63)
    6360                      .dwattr $C$DW$T$35, DW_AT_decl_column(0x10)
    6361                      .dwendtag $C$DW$T$35
    6362              
    6363                      .dwendtag $C$DW$TU$35
    6364              
    6365              
    6366              $C$DW$TU$134    .dwtag  DW_TAG_type_unit
    6367                      .dwmtype  $C$DW$T$134
    6368              $C$DW$T$134     .dwtag  DW_TAG_typedef
    6369                      .dwattr $C$DW$T$134, DW_AT_name("lldiv_t")
    6370                      .dwattr $C$DW$T$134, DW_AT_type(*$C$DW$T$35)
    6371                      .dwattr $C$DW$T$134, DW_AT_decl_file("C:/ti/ccs2031/ccs/tools/compiler/ti-cgt-c2000_22.6.2.LTS/includ
    6372                      .dwattr $C$DW$T$134, DW_AT_decl_line(0x63)
    6373                      .dwattr $C$DW$T$134, DW_AT_decl_column(0x29)
TMS320C2000 Assembler PC v22.6.2 Mon Jan 26 16:23:05 2026

Copyright (c) 1996-2018 Texas Instruments Incorporated
dual_axis_servo_drive_cpu.asm                                        PAGE  131

    6374              
    6375                      .dwendtag $C$DW$TU$134
    6376              
    6377              
    6378              $C$DW$TU$36     .dwtag  DW_TAG_type_unit
    6379                      .dwmtype  $C$DW$T$36
    6380              
    6381              $C$DW$T$36      .dwtag  DW_TAG_structure_type
    6382                      .dwattr $C$DW$T$36, DW_AT_byte_size(0x0a)
    6383              $C$DW$300       .dwtag  DW_TAG_member
    6384                      .dwattr $C$DW$300, DW_AT_type(*$C$DW$T$19)
    6385                      .dwattr $C$DW$300, DW_AT_name("As")
    6386                      .dwattr $C$DW$300, DW_AT_accessibility(DW_ACCESS_public)
    6387                      .dwattr $C$DW$300, DW_AT_decl_file("C:/ti/C2000Ware_MotorControl_SDK_5_04_00_00/libraries/utilities/m
    6388                      .dwattr $C$DW$300, DW_AT_decl_line(0x2a)
    6389                      .dwattr $C$DW$300, DW_AT_decl_column(0x1e)
    6390              
    6391              $C$DW$301       .dwtag  DW_TAG_member
    6392                      .dwattr $C$DW$301, DW_AT_type(*$C$DW$T$19)
    6393                      .dwattr $C$DW$301, DW_AT_name("Bs")
    6394                      .dwattr $C$DW$301, DW_AT_data_member_location[DW_OP_plus_uconst 0x2]
    6395                      .dwattr $C$DW$301, DW_AT_accessibility(DW_ACCESS_public)
    6396                      .dwattr $C$DW$301, DW_AT_decl_file("C:/ti/C2000Ware_MotorControl_SDK_5_04_00_00/libraries/utilities/m
    6397                      .dwattr $C$DW$301, DW_AT_decl_line(0x2b)
    6398                      .dwattr $C$DW$301, DW_AT_decl_column(0x12)
    6399              
    6400              $C$DW$302       .dwtag  DW_TAG_member
    6401                      .dwattr $C$DW$302, DW_AT_type(*$C$DW$T$19)
    6402                      .dwattr $C$DW$302, DW_AT_name("Cs")
    6403                      .dwattr $C$DW$302, DW_AT_data_member_location[DW_OP_plus_uconst 0x4]
    6404                      .dwattr $C$DW$302, DW_AT_accessibility(DW_ACCESS_public)
    6405                      .dwattr $C$DW$302, DW_AT_decl_file("C:/ti/C2000Ware_MotorControl_SDK_5_04_00_00/libraries/utilities/m
    6406                      .dwattr $C$DW$302, DW_AT_decl_line(0x2c)
    6407                      .dwattr $C$DW$302, DW_AT_decl_column(0x12)
    6408              
    6409              $C$DW$303       .dwtag  DW_TAG_member
    6410                      .dwattr $C$DW$303, DW_AT_type(*$C$DW$T$19)
    6411                      .dwattr $C$DW$303, DW_AT_name("Alpha")
    6412                      .dwattr $C$DW$303, DW_AT_data_member_location[DW_OP_plus_uconst 0x6]
    6413                      .dwattr $C$DW$303, DW_AT_accessibility(DW_ACCESS_public)
    6414                      .dwattr $C$DW$303, DW_AT_decl_file("C:/ti/C2000Ware_MotorControl_SDK_5_04_00_00/libraries/utilities/m
    6415                      .dwattr $C$DW$303, DW_AT_decl_line(0x2d)
    6416                      .dwattr $C$DW$303, DW_AT_decl_column(0x12)
    6417              
    6418              $C$DW$304       .dwtag  DW_TAG_member
    6419                      .dwattr $C$DW$304, DW_AT_type(*$C$DW$T$19)
    6420                      .dwattr $C$DW$304, DW_AT_name("Beta")
    6421                      .dwattr $C$DW$304, DW_AT_data_member_location[DW_OP_plus_uconst 0x8]
    6422                      .dwattr $C$DW$304, DW_AT_accessibility(DW_ACCESS_public)
    6423                      .dwattr $C$DW$304, DW_AT_decl_file("C:/ti/C2000Ware_MotorControl_SDK_5_04_00_00/libraries/utilities/m
    6424                      .dwattr $C$DW$304, DW_AT_decl_line(0x2e)
    6425                      .dwattr $C$DW$304, DW_AT_decl_column(0x12)
    6426              
    6427                      .dwattr $C$DW$T$36, DW_AT_decl_file("C:/ti/C2000Ware_MotorControl_SDK_5_04_00_00/libraries/utilities/
    6428                      .dwattr $C$DW$T$36, DW_AT_decl_line(0x2a)
TMS320C2000 Assembler PC v22.6.2 Mon Jan 26 16:23:05 2026

Copyright (c) 1996-2018 Texas Instruments Incorporated
dual_axis_servo_drive_cpu.asm                                        PAGE  132

    6429                      .dwattr $C$DW$T$36, DW_AT_decl_column(0x10)
    6430                      .dwendtag $C$DW$T$36
    6431              
    6432                      .dwendtag $C$DW$TU$36
    6433              
    6434              
    6435              $C$DW$TU$96     .dwtag  DW_TAG_type_unit
    6436                      .dwmtype  $C$DW$T$96
    6437              $C$DW$T$96      .dwtag  DW_TAG_typedef
    6438                      .dwattr $C$DW$T$96, DW_AT_name("CLARKE")
    6439                      .dwattr $C$DW$T$96, DW_AT_type(*$C$DW$T$36)
    6440                      .dwattr $C$DW$T$96, DW_AT_decl_file("C:/ti/C2000Ware_MotorControl_SDK_5_04_00_00/libraries/utilities/
    6441                      .dwattr $C$DW$T$96, DW_AT_decl_line(0x2f)
    6442                      .dwattr $C$DW$T$96, DW_AT_decl_column(0x09)
    6443              
    6444                      .dwendtag $C$DW$TU$96
    6445              
    6446              
    6447              $C$DW$TU$37     .dwtag  DW_TAG_type_unit
    6448                      .dwmtype  $C$DW$T$37
    6449              
    6450              $C$DW$T$37      .dwtag  DW_TAG_structure_type
    6451                      .dwattr $C$DW$T$37, DW_AT_byte_size(0x0e)
    6452              $C$DW$305       .dwtag  DW_TAG_member
    6453                      .dwattr $C$DW$305, DW_AT_type(*$C$DW$T$19)
    6454                      .dwattr $C$DW$305, DW_AT_name("Alpha")
    6455                      .dwattr $C$DW$305, DW_AT_accessibility(DW_ACCESS_public)
    6456                      .dwattr $C$DW$305, DW_AT_decl_file("C:/ti/C2000Ware_MotorControl_SDK_5_04_00_00/libraries/utilities/m
    6457                      .dwattr $C$DW$305, DW_AT_decl_line(0x29)
    6458                      .dwattr $C$DW$305, DW_AT_decl_column(0x1e)
    6459              
    6460              $C$DW$306       .dwtag  DW_TAG_member
    6461                      .dwattr $C$DW$306, DW_AT_type(*$C$DW$T$19)
    6462                      .dwattr $C$DW$306, DW_AT_name("Beta")
    6463                      .dwattr $C$DW$306, DW_AT_data_member_location[DW_OP_plus_uconst 0x2]
    6464                      .dwattr $C$DW$306, DW_AT_accessibility(DW_ACCESS_public)
    6465                      .dwattr $C$DW$306, DW_AT_decl_file("C:/ti/C2000Ware_MotorControl_SDK_5_04_00_00/libraries/utilities/m
    6466                      .dwattr $C$DW$306, DW_AT_decl_line(0x2a)
    6467                      .dwattr $C$DW$306, DW_AT_decl_column(0x12)
    6468              
    6469              $C$DW$307       .dwtag  DW_TAG_member
    6470                      .dwattr $C$DW$307, DW_AT_type(*$C$DW$T$19)
    6471                      .dwattr $C$DW$307, DW_AT_name("Angle")
    6472                      .dwattr $C$DW$307, DW_AT_data_member_location[DW_OP_plus_uconst 0x4]
    6473                      .dwattr $C$DW$307, DW_AT_accessibility(DW_ACCESS_public)
    6474                      .dwattr $C$DW$307, DW_AT_decl_file("C:/ti/C2000Ware_MotorControl_SDK_5_04_00_00/libraries/utilities/m
    6475                      .dwattr $C$DW$307, DW_AT_decl_line(0x2b)
    6476                      .dwattr $C$DW$307, DW_AT_decl_column(0x12)
    6477              
    6478              $C$DW$308       .dwtag  DW_TAG_member
    6479                      .dwattr $C$DW$308, DW_AT_type(*$C$DW$T$19)
    6480                      .dwattr $C$DW$308, DW_AT_name("Ds")
    6481                      .dwattr $C$DW$308, DW_AT_data_member_location[DW_OP_plus_uconst 0x6]
    6482                      .dwattr $C$DW$308, DW_AT_accessibility(DW_ACCESS_public)
    6483                      .dwattr $C$DW$308, DW_AT_decl_file("C:/ti/C2000Ware_MotorControl_SDK_5_04_00_00/libraries/utilities/m
TMS320C2000 Assembler PC v22.6.2 Mon Jan 26 16:23:05 2026

Copyright (c) 1996-2018 Texas Instruments Incorporated
dual_axis_servo_drive_cpu.asm                                        PAGE  133

    6484                      .dwattr $C$DW$308, DW_AT_decl_line(0x2c)
    6485                      .dwattr $C$DW$308, DW_AT_decl_column(0x12)
    6486              
    6487              $C$DW$309       .dwtag  DW_TAG_member
    6488                      .dwattr $C$DW$309, DW_AT_type(*$C$DW$T$19)
    6489                      .dwattr $C$DW$309, DW_AT_name("Qs")
    6490                      .dwattr $C$DW$309, DW_AT_data_member_location[DW_OP_plus_uconst 0x8]
    6491                      .dwattr $C$DW$309, DW_AT_accessibility(DW_ACCESS_public)
    6492                      .dwattr $C$DW$309, DW_AT_decl_file("C:/ti/C2000Ware_MotorControl_SDK_5_04_00_00/libraries/utilities/m
    6493                      .dwattr $C$DW$309, DW_AT_decl_line(0x2d)
    6494                      .dwattr $C$DW$309, DW_AT_decl_column(0x12)
    6495              
    6496              $C$DW$310       .dwtag  DW_TAG_member
    6497                      .dwattr $C$DW$310, DW_AT_type(*$C$DW$T$19)
    6498                      .dwattr $C$DW$310, DW_AT_name("Sine")
    6499                      .dwattr $C$DW$310, DW_AT_data_member_location[DW_OP_plus_uconst 0xa]
    6500                      .dwattr $C$DW$310, DW_AT_accessibility(DW_ACCESS_public)
    6501                      .dwattr $C$DW$310, DW_AT_decl_file("C:/ti/C2000Ware_MotorControl_SDK_5_04_00_00/libraries/utilities/m
    6502                      .dwattr $C$DW$310, DW_AT_decl_line(0x2e)
    6503                      .dwattr $C$DW$310, DW_AT_decl_column(0x12)
    6504              
    6505              $C$DW$311       .dwtag  DW_TAG_member
    6506                      .dwattr $C$DW$311, DW_AT_type(*$C$DW$T$19)
    6507                      .dwattr $C$DW$311, DW_AT_name("Cosine")
    6508                      .dwattr $C$DW$311, DW_AT_data_member_location[DW_OP_plus_uconst 0xc]
    6509                      .dwattr $C$DW$311, DW_AT_accessibility(DW_ACCESS_public)
    6510                      .dwattr $C$DW$311, DW_AT_decl_file("C:/ti/C2000Ware_MotorControl_SDK_5_04_00_00/libraries/utilities/m
    6511                      .dwattr $C$DW$311, DW_AT_decl_line(0x2f)
    6512                      .dwattr $C$DW$311, DW_AT_decl_column(0x12)
    6513              
    6514                      .dwattr $C$DW$T$37, DW_AT_decl_file("C:/ti/C2000Ware_MotorControl_SDK_5_04_00_00/libraries/utilities/
    6515                      .dwattr $C$DW$T$37, DW_AT_decl_line(0x29)
    6516                      .dwattr $C$DW$T$37, DW_AT_decl_column(0x10)
    6517                      .dwendtag $C$DW$T$37
    6518              
    6519                      .dwendtag $C$DW$TU$37
    6520              
    6521              
    6522              $C$DW$TU$97     .dwtag  DW_TAG_type_unit
    6523                      .dwmtype  $C$DW$T$97
    6524              $C$DW$T$97      .dwtag  DW_TAG_typedef
    6525                      .dwattr $C$DW$T$97, DW_AT_name("PARK")
    6526                      .dwattr $C$DW$T$97, DW_AT_type(*$C$DW$T$37)
    6527                      .dwattr $C$DW$T$97, DW_AT_decl_file("C:/ti/C2000Ware_MotorControl_SDK_5_04_00_00/libraries/utilities/
    6528                      .dwattr $C$DW$T$97, DW_AT_decl_line(0x30)
    6529                      .dwattr $C$DW$T$97, DW_AT_decl_column(0x09)
    6530              
    6531                      .dwendtag $C$DW$TU$97
    6532              
    6533              
    6534              $C$DW$TU$38     .dwtag  DW_TAG_type_unit
    6535                      .dwmtype  $C$DW$T$38
    6536              
    6537              $C$DW$T$38      .dwtag  DW_TAG_structure_type
    6538                      .dwattr $C$DW$T$38, DW_AT_byte_size(0x0e)
TMS320C2000 Assembler PC v22.6.2 Mon Jan 26 16:23:05 2026

Copyright (c) 1996-2018 Texas Instruments Incorporated
dual_axis_servo_drive_cpu.asm                                        PAGE  134

    6539              $C$DW$312       .dwtag  DW_TAG_member
    6540                      .dwattr $C$DW$312, DW_AT_type(*$C$DW$T$19)
    6541                      .dwattr $C$DW$312, DW_AT_name("Alpha")
    6542                      .dwattr $C$DW$312, DW_AT_accessibility(DW_ACCESS_public)
    6543                      .dwattr $C$DW$312, DW_AT_decl_file("C:/ti/C2000Ware_MotorControl_SDK_5_04_00_00/libraries/utilities/m
    6544                      .dwattr $C$DW$312, DW_AT_decl_line(0x29)
    6545                      .dwattr $C$DW$312, DW_AT_decl_column(0x1e)
    6546              
    6547              $C$DW$313       .dwtag  DW_TAG_member
    6548                      .dwattr $C$DW$313, DW_AT_type(*$C$DW$T$19)
    6549                      .dwattr $C$DW$313, DW_AT_name("Beta")
    6550                      .dwattr $C$DW$313, DW_AT_data_member_location[DW_OP_plus_uconst 0x2]
    6551                      .dwattr $C$DW$313, DW_AT_accessibility(DW_ACCESS_public)
    6552                      .dwattr $C$DW$313, DW_AT_decl_file("C:/ti/C2000Ware_MotorControl_SDK_5_04_00_00/libraries/utilities/m
    6553                      .dwattr $C$DW$313, DW_AT_decl_line(0x2a)
    6554                      .dwattr $C$DW$313, DW_AT_decl_column(0x12)
    6555              
    6556              $C$DW$314       .dwtag  DW_TAG_member
    6557                      .dwattr $C$DW$314, DW_AT_type(*$C$DW$T$19)
    6558                      .dwattr $C$DW$314, DW_AT_name("Angle")
    6559                      .dwattr $C$DW$314, DW_AT_data_member_location[DW_OP_plus_uconst 0x4]
    6560                      .dwattr $C$DW$314, DW_AT_accessibility(DW_ACCESS_public)
    6561                      .dwattr $C$DW$314, DW_AT_decl_file("C:/ti/C2000Ware_MotorControl_SDK_5_04_00_00/libraries/utilities/m
    6562                      .dwattr $C$DW$314, DW_AT_decl_line(0x2b)
    6563                      .dwattr $C$DW$314, DW_AT_decl_column(0x12)
    6564              
    6565              $C$DW$315       .dwtag  DW_TAG_member
    6566                      .dwattr $C$DW$315, DW_AT_type(*$C$DW$T$19)
    6567                      .dwattr $C$DW$315, DW_AT_name("Ds")
    6568                      .dwattr $C$DW$315, DW_AT_data_member_location[DW_OP_plus_uconst 0x6]
    6569                      .dwattr $C$DW$315, DW_AT_accessibility(DW_ACCESS_public)
    6570                      .dwattr $C$DW$315, DW_AT_decl_file("C:/ti/C2000Ware_MotorControl_SDK_5_04_00_00/libraries/utilities/m
    6571                      .dwattr $C$DW$315, DW_AT_decl_line(0x2c)
    6572                      .dwattr $C$DW$315, DW_AT_decl_column(0x12)
    6573              
    6574              $C$DW$316       .dwtag  DW_TAG_member
    6575                      .dwattr $C$DW$316, DW_AT_type(*$C$DW$T$19)
    6576                      .dwattr $C$DW$316, DW_AT_name("Qs")
    6577                      .dwattr $C$DW$316, DW_AT_data_member_location[DW_OP_plus_uconst 0x8]
    6578                      .dwattr $C$DW$316, DW_AT_accessibility(DW_ACCESS_public)
    6579                      .dwattr $C$DW$316, DW_AT_decl_file("C:/ti/C2000Ware_MotorControl_SDK_5_04_00_00/libraries/utilities/m
    6580                      .dwattr $C$DW$316, DW_AT_decl_line(0x2d)
    6581                      .dwattr $C$DW$316, DW_AT_decl_column(0x12)
    6582              
    6583              $C$DW$317       .dwtag  DW_TAG_member
    6584                      .dwattr $C$DW$317, DW_AT_type(*$C$DW$T$19)
    6585                      .dwattr $C$DW$317, DW_AT_name("Sine")
    6586                      .dwattr $C$DW$317, DW_AT_data_member_location[DW_OP_plus_uconst 0xa]
    6587                      .dwattr $C$DW$317, DW_AT_accessibility(DW_ACCESS_public)
    6588                      .dwattr $C$DW$317, DW_AT_decl_file("C:/ti/C2000Ware_MotorControl_SDK_5_04_00_00/libraries/utilities/m
    6589                      .dwattr $C$DW$317, DW_AT_decl_line(0x2e)
    6590                      .dwattr $C$DW$317, DW_AT_decl_column(0x12)
    6591              
    6592              $C$DW$318       .dwtag  DW_TAG_member
    6593                      .dwattr $C$DW$318, DW_AT_type(*$C$DW$T$19)
TMS320C2000 Assembler PC v22.6.2 Mon Jan 26 16:23:05 2026

Copyright (c) 1996-2018 Texas Instruments Incorporated
dual_axis_servo_drive_cpu.asm                                        PAGE  135

    6594                      .dwattr $C$DW$318, DW_AT_name("Cosine")
    6595                      .dwattr $C$DW$318, DW_AT_data_member_location[DW_OP_plus_uconst 0xc]
    6596                      .dwattr $C$DW$318, DW_AT_accessibility(DW_ACCESS_public)
    6597                      .dwattr $C$DW$318, DW_AT_decl_file("C:/ti/C2000Ware_MotorControl_SDK_5_04_00_00/libraries/utilities/m
    6598                      .dwattr $C$DW$318, DW_AT_decl_line(0x2f)
    6599                      .dwattr $C$DW$318, DW_AT_decl_column(0x12)
    6600              
    6601                      .dwattr $C$DW$T$38, DW_AT_decl_file("C:/ti/C2000Ware_MotorControl_SDK_5_04_00_00/libraries/utilities/
    6602                      .dwattr $C$DW$T$38, DW_AT_decl_line(0x29)
    6603                      .dwattr $C$DW$T$38, DW_AT_decl_column(0x10)
    6604                      .dwendtag $C$DW$T$38
    6605              
    6606                      .dwendtag $C$DW$TU$38
    6607              
    6608              
    6609              $C$DW$TU$98     .dwtag  DW_TAG_type_unit
    6610                      .dwmtype  $C$DW$T$98
    6611              $C$DW$T$98      .dwtag  DW_TAG_typedef
    6612                      .dwattr $C$DW$T$98, DW_AT_name("IPARK")
    6613                      .dwattr $C$DW$T$98, DW_AT_type(*$C$DW$T$38)
    6614                      .dwattr $C$DW$T$98, DW_AT_decl_file("C:/ti/C2000Ware_MotorControl_SDK_5_04_00_00/libraries/utilities/
    6615                      .dwattr $C$DW$T$98, DW_AT_decl_line(0x30)
    6616                      .dwattr $C$DW$T$98, DW_AT_decl_column(0x0b)
    6617              
    6618                      .dwendtag $C$DW$TU$98
    6619              
    6620              
    6621              $C$DW$TU$41     .dwtag  DW_TAG_type_unit
    6622                      .dwmtype  $C$DW$T$41
    6623              
    6624              $C$DW$T$41      .dwtag  DW_TAG_structure_type
    6625                      .dwattr $C$DW$T$41, DW_AT_byte_size(0x12)
    6626              $C$DW$319       .dwtag  DW_TAG_member
    6627                      .dwattr $C$DW$319, DW_AT_type(*$C$DW$T$19)
    6628                      .dwattr $C$DW$319, DW_AT_name("Ualpha")
    6629                      .dwattr $C$DW$319, DW_AT_accessibility(DW_ACCESS_public)
    6630                      .dwattr $C$DW$319, DW_AT_decl_file("C:/ti/C2000Ware_MotorControl_SDK_5_04_00_00/libraries/utilities/m
    6631                      .dwattr $C$DW$319, DW_AT_decl_line(0x2b)
    6632                      .dwattr $C$DW$319, DW_AT_decl_column(0x10)
    6633              
    6634              $C$DW$320       .dwtag  DW_TAG_member
    6635                      .dwattr $C$DW$320, DW_AT_type(*$C$DW$T$19)
    6636                      .dwattr $C$DW$320, DW_AT_name("Ubeta")
    6637                      .dwattr $C$DW$320, DW_AT_data_member_location[DW_OP_plus_uconst 0x2]
    6638                      .dwattr $C$DW$320, DW_AT_accessibility(DW_ACCESS_public)
    6639                      .dwattr $C$DW$320, DW_AT_decl_file("C:/ti/C2000Ware_MotorControl_SDK_5_04_00_00/libraries/utilities/m
    6640                      .dwattr $C$DW$320, DW_AT_decl_line(0x2c)
    6641                      .dwattr $C$DW$320, DW_AT_decl_column(0x10)
    6642              
    6643              $C$DW$321       .dwtag  DW_TAG_member
    6644                      .dwattr $C$DW$321, DW_AT_type(*$C$DW$T$19)
    6645                      .dwattr $C$DW$321, DW_AT_name("Ta")
    6646                      .dwattr $C$DW$321, DW_AT_data_member_location[DW_OP_plus_uconst 0x4]
    6647                      .dwattr $C$DW$321, DW_AT_accessibility(DW_ACCESS_public)
    6648                      .dwattr $C$DW$321, DW_AT_decl_file("C:/ti/C2000Ware_MotorControl_SDK_5_04_00_00/libraries/utilities/m
TMS320C2000 Assembler PC v22.6.2 Mon Jan 26 16:23:05 2026

Copyright (c) 1996-2018 Texas Instruments Incorporated
dual_axis_servo_drive_cpu.asm                                        PAGE  136

    6649                      .dwattr $C$DW$321, DW_AT_decl_line(0x2d)
    6650                      .dwattr $C$DW$321, DW_AT_decl_column(0x10)
    6651              
    6652              $C$DW$322       .dwtag  DW_TAG_member
    6653                      .dwattr $C$DW$322, DW_AT_type(*$C$DW$T$19)
    6654                      .dwattr $C$DW$322, DW_AT_name("Tb")
    6655                      .dwattr $C$DW$322, DW_AT_data_member_location[DW_OP_plus_uconst 0x6]
    6656                      .dwattr $C$DW$322, DW_AT_accessibility(DW_ACCESS_public)
    6657                      .dwattr $C$DW$322, DW_AT_decl_file("C:/ti/C2000Ware_MotorControl_SDK_5_04_00_00/libraries/utilities/m
    6658                      .dwattr $C$DW$322, DW_AT_decl_line(0x2e)
    6659                      .dwattr $C$DW$322, DW_AT_decl_column(0x10)
    6660              
    6661              $C$DW$323       .dwtag  DW_TAG_member
    6662                      .dwattr $C$DW$323, DW_AT_type(*$C$DW$T$19)
    6663                      .dwattr $C$DW$323, DW_AT_name("Tc")
    6664                      .dwattr $C$DW$323, DW_AT_data_member_location[DW_OP_plus_uconst 0x8]
    6665                      .dwattr $C$DW$323, DW_AT_accessibility(DW_ACCESS_public)
    6666                      .dwattr $C$DW$323, DW_AT_decl_file("C:/ti/C2000Ware_MotorControl_SDK_5_04_00_00/libraries/utilities/m
    6667                      .dwattr $C$DW$323, DW_AT_decl_line(0x2f)
    6668                      .dwattr $C$DW$323, DW_AT_decl_column(0x10)
    6669              
    6670              $C$DW$324       .dwtag  DW_TAG_member
    6671                      .dwattr $C$DW$324, DW_AT_type(*$C$DW$T$19)
    6672                      .dwattr $C$DW$324, DW_AT_name("tmp1")
    6673                      .dwattr $C$DW$324, DW_AT_data_member_location[DW_OP_plus_uconst 0xa]
    6674                      .dwattr $C$DW$324, DW_AT_accessibility(DW_ACCESS_public)
    6675                      .dwattr $C$DW$324, DW_AT_decl_file("C:/ti/C2000Ware_MotorControl_SDK_5_04_00_00/libraries/utilities/m
    6676                      .dwattr $C$DW$324, DW_AT_decl_line(0x30)
    6677                      .dwattr $C$DW$324, DW_AT_decl_column(0x10)
    6678              
    6679              $C$DW$325       .dwtag  DW_TAG_member
    6680                      .dwattr $C$DW$325, DW_AT_type(*$C$DW$T$19)
    6681                      .dwattr $C$DW$325, DW_AT_name("tmp2")
    6682                      .dwattr $C$DW$325, DW_AT_data_member_location[DW_OP_plus_uconst 0xc]
    6683                      .dwattr $C$DW$325, DW_AT_accessibility(DW_ACCESS_public)
    6684                      .dwattr $C$DW$325, DW_AT_decl_file("C:/ti/C2000Ware_MotorControl_SDK_5_04_00_00/libraries/utilities/m
    6685                      .dwattr $C$DW$325, DW_AT_decl_line(0x31)
    6686                      .dwattr $C$DW$325, DW_AT_decl_column(0x10)
    6687              
    6688              $C$DW$326       .dwtag  DW_TAG_member
    6689                      .dwattr $C$DW$326, DW_AT_type(*$C$DW$T$19)
    6690                      .dwattr $C$DW$326, DW_AT_name("tmp3")
    6691                      .dwattr $C$DW$326, DW_AT_data_member_location[DW_OP_plus_uconst 0xe]
    6692                      .dwattr $C$DW$326, DW_AT_accessibility(DW_ACCESS_public)
    6693                      .dwattr $C$DW$326, DW_AT_decl_file("C:/ti/C2000Ware_MotorControl_SDK_5_04_00_00/libraries/utilities/m
    6694                      .dwattr $C$DW$326, DW_AT_decl_line(0x32)
    6695                      .dwattr $C$DW$326, DW_AT_decl_column(0x10)
    6696              
    6697              $C$DW$327       .dwtag  DW_TAG_member
    6698                      .dwattr $C$DW$327, DW_AT_type(*$C$DW$T$40)
    6699                      .dwattr $C$DW$327, DW_AT_name("VecSector")
    6700                      .dwattr $C$DW$327, DW_AT_data_member_location[DW_OP_plus_uconst 0x10]
    6701                      .dwattr $C$DW$327, DW_AT_accessibility(DW_ACCESS_public)
    6702                      .dwattr $C$DW$327, DW_AT_decl_file("C:/ti/C2000Ware_MotorControl_SDK_5_04_00_00/libraries/utilities/m
    6703                      .dwattr $C$DW$327, DW_AT_decl_line(0x33)
TMS320C2000 Assembler PC v22.6.2 Mon Jan 26 16:23:05 2026

Copyright (c) 1996-2018 Texas Instruments Incorporated
dual_axis_servo_drive_cpu.asm                                        PAGE  137

    6704                      .dwattr $C$DW$327, DW_AT_decl_column(0x0b)
    6705              
    6706                      .dwattr $C$DW$T$41, DW_AT_decl_file("C:/ti/C2000Ware_MotorControl_SDK_5_04_00_00/libraries/utilities/
    6707                      .dwattr $C$DW$T$41, DW_AT_decl_line(0x2a)
    6708                      .dwattr $C$DW$T$41, DW_AT_decl_column(0x11)
    6709                      .dwendtag $C$DW$T$41
    6710              
    6711                      .dwendtag $C$DW$TU$41
    6712              
    6713              
    6714              $C$DW$TU$99     .dwtag  DW_TAG_type_unit
    6715                      .dwmtype  $C$DW$T$99
    6716              $C$DW$T$99      .dwtag  DW_TAG_typedef
    6717                      .dwattr $C$DW$T$99, DW_AT_name("SVGEN")
    6718                      .dwattr $C$DW$T$99, DW_AT_type(*$C$DW$T$41)
    6719                      .dwattr $C$DW$T$99, DW_AT_decl_file("C:/ti/C2000Ware_MotorControl_SDK_5_04_00_00/libraries/utilities/
    6720                      .dwattr $C$DW$T$99, DW_AT_decl_line(0x34)
    6721                      .dwattr $C$DW$T$99, DW_AT_decl_column(0x04)
    6722              
    6723                      .dwendtag $C$DW$TU$99
    6724              
    6725              
    6726              $C$DW$TU$42     .dwtag  DW_TAG_type_unit
    6727                      .dwmtype  $C$DW$T$42
    6728              
    6729              $C$DW$T$42      .dwtag  DW_TAG_structure_type
    6730                      .dwattr $C$DW$T$42, DW_AT_byte_size(0x18)
    6731              $C$DW$328       .dwtag  DW_TAG_member
    6732                      .dwattr $C$DW$328, DW_AT_type(*$C$DW$T$19)
    6733                      .dwattr $C$DW$328, DW_AT_name("Ref")
    6734                      .dwattr $C$DW$328, DW_AT_accessibility(DW_ACCESS_public)
    6735                      .dwattr $C$DW$328, DW_AT_decl_file("C:/ti/C2000Ware_MotorControl_SDK_5_04_00_00/libraries/utilities/m
    6736                      .dwattr $C$DW$328, DW_AT_decl_line(0x2a)
    6737                      .dwattr $C$DW$328, DW_AT_decl_column(0x1e)
    6738              
    6739              $C$DW$329       .dwtag  DW_TAG_member
    6740                      .dwattr $C$DW$329, DW_AT_type(*$C$DW$T$19)
    6741                      .dwattr $C$DW$329, DW_AT_name("Fbk")
    6742                      .dwattr $C$DW$329, DW_AT_data_member_location[DW_OP_plus_uconst 0x2]
    6743                      .dwattr $C$DW$329, DW_AT_accessibility(DW_ACCESS_public)
    6744                      .dwattr $C$DW$329, DW_AT_decl_file("C:/ti/C2000Ware_MotorControl_SDK_5_04_00_00/libraries/utilities/m
    6745                      .dwattr $C$DW$329, DW_AT_decl_line(0x2b)
    6746                      .dwattr $C$DW$329, DW_AT_decl_column(0x12)
    6747              
    6748              $C$DW$330       .dwtag  DW_TAG_member
    6749                      .dwattr $C$DW$330, DW_AT_type(*$C$DW$T$19)
    6750                      .dwattr $C$DW$330, DW_AT_name("Out")
    6751                      .dwattr $C$DW$330, DW_AT_data_member_location[DW_OP_plus_uconst 0x4]
    6752                      .dwattr $C$DW$330, DW_AT_accessibility(DW_ACCESS_public)
    6753                      .dwattr $C$DW$330, DW_AT_decl_file("C:/ti/C2000Ware_MotorControl_SDK_5_04_00_00/libraries/utilities/m
    6754                      .dwattr $C$DW$330, DW_AT_decl_line(0x2c)
    6755                      .dwattr $C$DW$330, DW_AT_decl_column(0x12)
    6756              
    6757              $C$DW$331       .dwtag  DW_TAG_member
    6758                      .dwattr $C$DW$331, DW_AT_type(*$C$DW$T$19)
TMS320C2000 Assembler PC v22.6.2 Mon Jan 26 16:23:05 2026

Copyright (c) 1996-2018 Texas Instruments Incorporated
dual_axis_servo_drive_cpu.asm                                        PAGE  138

    6759                      .dwattr $C$DW$331, DW_AT_name("Kp")
    6760                      .dwattr $C$DW$331, DW_AT_data_member_location[DW_OP_plus_uconst 0x6]
    6761                      .dwattr $C$DW$331, DW_AT_accessibility(DW_ACCESS_public)
    6762                      .dwattr $C$DW$331, DW_AT_decl_file("C:/ti/C2000Ware_MotorControl_SDK_5_04_00_00/libraries/utilities/m
    6763                      .dwattr $C$DW$331, DW_AT_decl_line(0x2d)
    6764                      .dwattr $C$DW$331, DW_AT_decl_column(0x12)
    6765              
    6766              $C$DW$332       .dwtag  DW_TAG_member
    6767                      .dwattr $C$DW$332, DW_AT_type(*$C$DW$T$19)
    6768                      .dwattr $C$DW$332, DW_AT_name("Ki")
    6769                      .dwattr $C$DW$332, DW_AT_data_member_location[DW_OP_plus_uconst 0x8]
    6770                      .dwattr $C$DW$332, DW_AT_accessibility(DW_ACCESS_public)
    6771                      .dwattr $C$DW$332, DW_AT_decl_file("C:/ti/C2000Ware_MotorControl_SDK_5_04_00_00/libraries/utilities/m
    6772                      .dwattr $C$DW$332, DW_AT_decl_line(0x2e)
    6773                      .dwattr $C$DW$332, DW_AT_decl_column(0x12)
    6774              
    6775              $C$DW$333       .dwtag  DW_TAG_member
    6776                      .dwattr $C$DW$333, DW_AT_type(*$C$DW$T$19)
    6777                      .dwattr $C$DW$333, DW_AT_name("Umax")
    6778                      .dwattr $C$DW$333, DW_AT_data_member_location[DW_OP_plus_uconst 0xa]
    6779                      .dwattr $C$DW$333, DW_AT_accessibility(DW_ACCESS_public)
    6780                      .dwattr $C$DW$333, DW_AT_decl_file("C:/ti/C2000Ware_MotorControl_SDK_5_04_00_00/libraries/utilities/m
    6781                      .dwattr $C$DW$333, DW_AT_decl_line(0x2f)
    6782                      .dwattr $C$DW$333, DW_AT_decl_column(0x12)
    6783              
    6784              $C$DW$334       .dwtag  DW_TAG_member
    6785                      .dwattr $C$DW$334, DW_AT_type(*$C$DW$T$19)
    6786                      .dwattr $C$DW$334, DW_AT_name("Umin")
    6787                      .dwattr $C$DW$334, DW_AT_data_member_location[DW_OP_plus_uconst 0xc]
    6788                      .dwattr $C$DW$334, DW_AT_accessibility(DW_ACCESS_public)
    6789                      .dwattr $C$DW$334, DW_AT_decl_file("C:/ti/C2000Ware_MotorControl_SDK_5_04_00_00/libraries/utilities/m
    6790                      .dwattr $C$DW$334, DW_AT_decl_line(0x30)
    6791                      .dwattr $C$DW$334, DW_AT_decl_column(0x12)
    6792              
    6793              $C$DW$335       .dwtag  DW_TAG_member
    6794                      .dwattr $C$DW$335, DW_AT_type(*$C$DW$T$19)
    6795                      .dwattr $C$DW$335, DW_AT_name("up")
    6796                      .dwattr $C$DW$335, DW_AT_data_member_location[DW_OP_plus_uconst 0xe]
    6797                      .dwattr $C$DW$335, DW_AT_accessibility(DW_ACCESS_public)
    6798                      .dwattr $C$DW$335, DW_AT_decl_file("C:/ti/C2000Ware_MotorControl_SDK_5_04_00_00/libraries/utilities/m
    6799                      .dwattr $C$DW$335, DW_AT_decl_line(0x31)
    6800                      .dwattr $C$DW$335, DW_AT_decl_column(0x12)
    6801              
    6802              $C$DW$336       .dwtag  DW_TAG_member
    6803                      .dwattr $C$DW$336, DW_AT_type(*$C$DW$T$19)
    6804                      .dwattr $C$DW$336, DW_AT_name("ui")
    6805                      .dwattr $C$DW$336, DW_AT_data_member_location[DW_OP_plus_uconst 0x10]
    6806                      .dwattr $C$DW$336, DW_AT_accessibility(DW_ACCESS_public)
    6807                      .dwattr $C$DW$336, DW_AT_decl_file("C:/ti/C2000Ware_MotorControl_SDK_5_04_00_00/libraries/utilities/m
    6808                      .dwattr $C$DW$336, DW_AT_decl_line(0x32)
    6809                      .dwattr $C$DW$336, DW_AT_decl_column(0x12)
    6810              
    6811              $C$DW$337       .dwtag  DW_TAG_member
    6812                      .dwattr $C$DW$337, DW_AT_type(*$C$DW$T$19)
    6813                      .dwattr $C$DW$337, DW_AT_name("v1")
TMS320C2000 Assembler PC v22.6.2 Mon Jan 26 16:23:05 2026

Copyright (c) 1996-2018 Texas Instruments Incorporated
dual_axis_servo_drive_cpu.asm                                        PAGE  139

    6814                      .dwattr $C$DW$337, DW_AT_data_member_location[DW_OP_plus_uconst 0x12]
    6815                      .dwattr $C$DW$337, DW_AT_accessibility(DW_ACCESS_public)
    6816                      .dwattr $C$DW$337, DW_AT_decl_file("C:/ti/C2000Ware_MotorControl_SDK_5_04_00_00/libraries/utilities/m
    6817                      .dwattr $C$DW$337, DW_AT_decl_line(0x33)
    6818                      .dwattr $C$DW$337, DW_AT_decl_column(0x12)
    6819              
    6820              $C$DW$338       .dwtag  DW_TAG_member
    6821                      .dwattr $C$DW$338, DW_AT_type(*$C$DW$T$19)
    6822                      .dwattr $C$DW$338, DW_AT_name("i1")
    6823                      .dwattr $C$DW$338, DW_AT_data_member_location[DW_OP_plus_uconst 0x14]
    6824                      .dwattr $C$DW$338, DW_AT_accessibility(DW_ACCESS_public)
    6825                      .dwattr $C$DW$338, DW_AT_decl_file("C:/ti/C2000Ware_MotorControl_SDK_5_04_00_00/libraries/utilities/m
    6826                      .dwattr $C$DW$338, DW_AT_decl_line(0x34)
    6827                      .dwattr $C$DW$338, DW_AT_decl_column(0x12)
    6828              
    6829              $C$DW$339       .dwtag  DW_TAG_member
    6830                      .dwattr $C$DW$339, DW_AT_type(*$C$DW$T$19)
    6831                      .dwattr $C$DW$339, DW_AT_name("w1")
    6832                      .dwattr $C$DW$339, DW_AT_data_member_location[DW_OP_plus_uconst 0x16]
    6833                      .dwattr $C$DW$339, DW_AT_accessibility(DW_ACCESS_public)
    6834                      .dwattr $C$DW$339, DW_AT_decl_file("C:/ti/C2000Ware_MotorControl_SDK_5_04_00_00/libraries/utilities/m
    6835                      .dwattr $C$DW$339, DW_AT_decl_line(0x35)
    6836                      .dwattr $C$DW$339, DW_AT_decl_column(0x12)
    6837              
    6838                      .dwattr $C$DW$T$42, DW_AT_decl_file("C:/ti/C2000Ware_MotorControl_SDK_5_04_00_00/libraries/utilities/
    6839                      .dwattr $C$DW$T$42, DW_AT_decl_line(0x2a)
    6840                      .dwattr $C$DW$T$42, DW_AT_decl_column(0x10)
    6841                      .dwendtag $C$DW$T$42
    6842              
    6843                      .dwendtag $C$DW$TU$42
    6844              
    6845              
    6846              $C$DW$TU$103    .dwtag  DW_TAG_type_unit
    6847                      .dwmtype  $C$DW$T$103
    6848              $C$DW$T$103     .dwtag  DW_TAG_typedef
    6849                      .dwattr $C$DW$T$103, DW_AT_name("PI_CONTROLLER")
    6850                      .dwattr $C$DW$T$103, DW_AT_type(*$C$DW$T$42)
    6851                      .dwattr $C$DW$T$103, DW_AT_decl_file("C:/ti/C2000Ware_MotorControl_SDK_5_04_00_00/libraries/utilities
    6852                      .dwattr $C$DW$T$103, DW_AT_decl_line(0x36)
    6853                      .dwattr $C$DW$T$103, DW_AT_decl_column(0x07)
    6854              
    6855                      .dwendtag $C$DW$TU$103
    6856              
    6857              
    6858              $C$DW$TU$46     .dwtag  DW_TAG_type_unit
    6859                      .dwmtype  $C$DW$T$46
    6860              
    6861              $C$DW$T$46      .dwtag  DW_TAG_structure_type
    6862                      .dwattr $C$DW$T$46, DW_AT_byte_size(0x12)
    6863              $C$DW$340       .dwtag  DW_TAG_member
    6864                      .dwattr $C$DW$340, DW_AT_type(*$C$DW$T$43)
    6865                      .dwattr $C$DW$340, DW_AT_name("input_ptr1")
    6866                      .dwattr $C$DW$340, DW_AT_accessibility(DW_ACCESS_public)
    6867                      .dwattr $C$DW$340, DW_AT_decl_file("..\sources\dlog_2ch_f.h")
    6868                      .dwattr $C$DW$340, DW_AT_decl_line(0x32)
TMS320C2000 Assembler PC v22.6.2 Mon Jan 26 16:23:05 2026

Copyright (c) 1996-2018 Texas Instruments Incorporated
dual_axis_servo_drive_cpu.asm                                        PAGE  140

    6869                      .dwattr $C$DW$340, DW_AT_decl_column(0x0d)
    6870              
    6871              $C$DW$341       .dwtag  DW_TAG_member
    6872                      .dwattr $C$DW$341, DW_AT_type(*$C$DW$T$43)
    6873                      .dwattr $C$DW$341, DW_AT_name("input_ptr2")
    6874                      .dwattr $C$DW$341, DW_AT_data_member_location[DW_OP_plus_uconst 0x2]
    6875                      .dwattr $C$DW$341, DW_AT_accessibility(DW_ACCESS_public)
    6876                      .dwattr $C$DW$341, DW_AT_decl_file("..\sources\dlog_2ch_f.h")
    6877                      .dwattr $C$DW$341, DW_AT_decl_line(0x33)
    6878                      .dwattr $C$DW$341, DW_AT_decl_column(0x0d)
    6879              
    6880              $C$DW$342       .dwtag  DW_TAG_member
    6881                      .dwattr $C$DW$342, DW_AT_type(*$C$DW$T$43)
    6882                      .dwattr $C$DW$342, DW_AT_name("output_ptr1")
    6883                      .dwattr $C$DW$342, DW_AT_data_member_location[DW_OP_plus_uconst 0x4]
    6884                      .dwattr $C$DW$342, DW_AT_accessibility(DW_ACCESS_public)
    6885                      .dwattr $C$DW$342, DW_AT_decl_file("..\sources\dlog_2ch_f.h")
    6886                      .dwattr $C$DW$342, DW_AT_decl_line(0x34)
    6887                      .dwattr $C$DW$342, DW_AT_decl_column(0x0d)
    6888              
    6889              $C$DW$343       .dwtag  DW_TAG_member
    6890                      .dwattr $C$DW$343, DW_AT_type(*$C$DW$T$43)
    6891                      .dwattr $C$DW$343, DW_AT_name("output_ptr2")
    6892                      .dwattr $C$DW$343, DW_AT_data_member_location[DW_OP_plus_uconst 0x6]
    6893                      .dwattr $C$DW$343, DW_AT_accessibility(DW_ACCESS_public)
    6894                      .dwattr $C$DW$343, DW_AT_decl_file("..\sources\dlog_2ch_f.h")
    6895                      .dwattr $C$DW$343, DW_AT_decl_line(0x35)
    6896                      .dwattr $C$DW$343, DW_AT_decl_column(0x0d)
    6897              
    6898              $C$DW$344       .dwtag  DW_TAG_member
    6899                      .dwattr $C$DW$344, DW_AT_type(*$C$DW$T$19)
    6900                      .dwattr $C$DW$344, DW_AT_name("prev_value")
    6901                      .dwattr $C$DW$344, DW_AT_data_member_location[DW_OP_plus_uconst 0x8]
    6902                      .dwattr $C$DW$344, DW_AT_accessibility(DW_ACCESS_public)
    6903                      .dwattr $C$DW$344, DW_AT_decl_file("..\sources\dlog_2ch_f.h")
    6904                      .dwattr $C$DW$344, DW_AT_decl_line(0x36)
    6905                      .dwattr $C$DW$344, DW_AT_decl_column(0x0c)
    6906              
    6907              $C$DW$345       .dwtag  DW_TAG_member
    6908                      .dwattr $C$DW$345, DW_AT_type(*$C$DW$T$19)
    6909                      .dwattr $C$DW$345, DW_AT_name("trig_value")
    6910                      .dwattr $C$DW$345, DW_AT_data_member_location[DW_OP_plus_uconst 0xa]
    6911                      .dwattr $C$DW$345, DW_AT_accessibility(DW_ACCESS_public)
    6912                      .dwattr $C$DW$345, DW_AT_decl_file("..\sources\dlog_2ch_f.h")
    6913                      .dwattr $C$DW$345, DW_AT_decl_line(0x37)
    6914                      .dwattr $C$DW$345, DW_AT_decl_column(0x0c)
    6915              
    6916              $C$DW$346       .dwtag  DW_TAG_member
    6917                      .dwattr $C$DW$346, DW_AT_type(*$C$DW$T$45)
    6918                      .dwattr $C$DW$346, DW_AT_name("status")
    6919                      .dwattr $C$DW$346, DW_AT_data_member_location[DW_OP_plus_uconst 0xc]
    6920                      .dwattr $C$DW$346, DW_AT_accessibility(DW_ACCESS_public)
    6921                      .dwattr $C$DW$346, DW_AT_decl_file("..\sources\dlog_2ch_f.h")
    6922                      .dwattr $C$DW$346, DW_AT_decl_line(0x38)
    6923                      .dwattr $C$DW$346, DW_AT_decl_column(0x0a)
TMS320C2000 Assembler PC v22.6.2 Mon Jan 26 16:23:05 2026

Copyright (c) 1996-2018 Texas Instruments Incorporated
dual_axis_servo_drive_cpu.asm                                        PAGE  141

    6924              
    6925              $C$DW$347       .dwtag  DW_TAG_member
    6926                      .dwattr $C$DW$347, DW_AT_type(*$C$DW$T$45)
    6927                      .dwattr $C$DW$347, DW_AT_name("pre_scalar")
    6928                      .dwattr $C$DW$347, DW_AT_data_member_location[DW_OP_plus_uconst 0xd]
    6929                      .dwattr $C$DW$347, DW_AT_accessibility(DW_ACCESS_public)
    6930                      .dwattr $C$DW$347, DW_AT_decl_file("..\sources\dlog_2ch_f.h")
    6931                      .dwattr $C$DW$347, DW_AT_decl_line(0x39)
    6932                      .dwattr $C$DW$347, DW_AT_decl_column(0x0a)
    6933              
    6934              $C$DW$348       .dwtag  DW_TAG_member
    6935                      .dwattr $C$DW$348, DW_AT_type(*$C$DW$T$45)
    6936                      .dwattr $C$DW$348, DW_AT_name("skip_count")
    6937                      .dwattr $C$DW$348, DW_AT_data_member_location[DW_OP_plus_uconst 0xe]
    6938                      .dwattr $C$DW$348, DW_AT_accessibility(DW_ACCESS_public)
    6939                      .dwattr $C$DW$348, DW_AT_decl_file("..\sources\dlog_2ch_f.h")
    6940                      .dwattr $C$DW$348, DW_AT_decl_line(0x3a)
    6941                      .dwattr $C$DW$348, DW_AT_decl_column(0x0a)
    6942              
    6943              $C$DW$349       .dwtag  DW_TAG_member
    6944                      .dwattr $C$DW$349, DW_AT_type(*$C$DW$T$45)
    6945                      .dwattr $C$DW$349, DW_AT_name("size")
    6946                      .dwattr $C$DW$349, DW_AT_data_member_location[DW_OP_plus_uconst 0xf]
    6947                      .dwattr $C$DW$349, DW_AT_accessibility(DW_ACCESS_public)
    6948                      .dwattr $C$DW$349, DW_AT_decl_file("..\sources\dlog_2ch_f.h")
    6949                      .dwattr $C$DW$349, DW_AT_decl_line(0x3b)
    6950                      .dwattr $C$DW$349, DW_AT_decl_column(0x0a)
    6951              
    6952              $C$DW$350       .dwtag  DW_TAG_member
    6953                      .dwattr $C$DW$350, DW_AT_type(*$C$DW$T$45)
    6954                      .dwattr $C$DW$350, DW_AT_name("count")
    6955                      .dwattr $C$DW$350, DW_AT_data_member_location[DW_OP_plus_uconst 0x10]
    6956                      .dwattr $C$DW$350, DW_AT_accessibility(DW_ACCESS_public)
    6957                      .dwattr $C$DW$350, DW_AT_decl_file("..\sources\dlog_2ch_f.h")
    6958                      .dwattr $C$DW$350, DW_AT_decl_line(0x3c)
    6959                      .dwattr $C$DW$350, DW_AT_decl_column(0x0a)
    6960              
    6961                      .dwattr $C$DW$T$46, DW_AT_decl_file("..\sources\dlog_2ch_f.h")
    6962                      .dwattr $C$DW$T$46, DW_AT_decl_line(0x31)
    6963                      .dwattr $C$DW$T$46, DW_AT_decl_column(0x0f)
    6964                      .dwendtag $C$DW$T$46
    6965              
    6966                      .dwendtag $C$DW$TU$46
    6967              
    6968              
    6969              $C$DW$TU$136    .dwtag  DW_TAG_type_unit
    6970                      .dwmtype  $C$DW$T$136
    6971              $C$DW$T$136     .dwtag  DW_TAG_typedef
    6972                      .dwattr $C$DW$T$136, DW_AT_name("DLOG_2CH_F")
    6973                      .dwattr $C$DW$T$136, DW_AT_type(*$C$DW$T$46)
    6974                      .dwattr $C$DW$T$136, DW_AT_decl_file("..\sources\dlog_2ch_f.h")
    6975                      .dwattr $C$DW$T$136, DW_AT_decl_line(0x3d)
    6976                      .dwattr $C$DW$T$136, DW_AT_decl_column(0x02)
    6977              
    6978                      .dwendtag $C$DW$TU$136
TMS320C2000 Assembler PC v22.6.2 Mon Jan 26 16:23:05 2026

Copyright (c) 1996-2018 Texas Instruments Incorporated
dual_axis_servo_drive_cpu.asm                                        PAGE  142

    6979              
    6980              
    6981              $C$DW$TU$137    .dwtag  DW_TAG_type_unit
    6982                      .dwmtype  $C$DW$T$137
    6983              $C$DW$T$137     .dwtag  DW_TAG_pointer_type
    6984                      .dwattr $C$DW$T$137, DW_AT_type(*$C$DW$T$136)
    6985                      .dwattr $C$DW$T$137, DW_AT_address_class(0x20)
    6986              
    6987                      .dwendtag $C$DW$TU$137
    6988              
    6989              
    6990              $C$DW$TU$48     .dwtag  DW_TAG_type_unit
    6991                      .dwmtype  $C$DW$T$48
    6992              
    6993              $C$DW$T$48      .dwtag  DW_TAG_structure_type
    6994                      .dwattr $C$DW$T$48, DW_AT_name("ADCINTFLG_BITS")
    6995                      .dwattr $C$DW$T$48, DW_AT_byte_size(0x01)
    6996              $C$DW$351       .dwtag  DW_TAG_member
    6997                      .dwattr $C$DW$351, DW_AT_type(*$C$DW$T$47)
    6998                      .dwattr $C$DW$351, DW_AT_name("ADCINT1")
    6999                      .dwattr $C$DW$351, DW_AT_bit_offset(0x0f)
    7000                      .dwattr $C$DW$351, DW_AT_bit_size(0x01)
    7001                      .dwattr $C$DW$351, DW_AT_accessibility(DW_ACCESS_public)
    7002                      .dwattr $C$DW$351, DW_AT_decl_file("C:\ti\C2000Ware_MotorControl_SDK_5_04_00_00\c2000ware\device_supp
    7003                      .dwattr $C$DW$351, DW_AT_decl_line(0x60)
    7004                      .dwattr $C$DW$351, DW_AT_decl_column(0x0c)
    7005              
    7006              $C$DW$352       .dwtag  DW_TAG_member
    7007                      .dwattr $C$DW$352, DW_AT_type(*$C$DW$T$47)
    7008                      .dwattr $C$DW$352, DW_AT_name("ADCINT2")
    7009                      .dwattr $C$DW$352, DW_AT_bit_offset(0x0e)
    7010                      .dwattr $C$DW$352, DW_AT_bit_size(0x01)
    7011                      .dwattr $C$DW$352, DW_AT_accessibility(DW_ACCESS_public)
    7012                      .dwattr $C$DW$352, DW_AT_decl_file("C:\ti\C2000Ware_MotorControl_SDK_5_04_00_00\c2000ware\device_supp
    7013                      .dwattr $C$DW$352, DW_AT_decl_line(0x61)
    7014                      .dwattr $C$DW$352, DW_AT_decl_column(0x0c)
    7015              
    7016              $C$DW$353       .dwtag  DW_TAG_member
    7017                      .dwattr $C$DW$353, DW_AT_type(*$C$DW$T$47)
    7018                      .dwattr $C$DW$353, DW_AT_name("ADCINT3")
    7019                      .dwattr $C$DW$353, DW_AT_bit_offset(0x0d)
    7020                      .dwattr $C$DW$353, DW_AT_bit_size(0x01)
    7021                      .dwattr $C$DW$353, DW_AT_accessibility(DW_ACCESS_public)
    7022                      .dwattr $C$DW$353, DW_AT_decl_file("C:\ti\C2000Ware_MotorControl_SDK_5_04_00_00\c2000ware\device_supp
    7023                      .dwattr $C$DW$353, DW_AT_decl_line(0x62)
    7024                      .dwattr $C$DW$353, DW_AT_decl_column(0x0c)
    7025              
    7026              $C$DW$354       .dwtag  DW_TAG_member
    7027                      .dwattr $C$DW$354, DW_AT_type(*$C$DW$T$47)
    7028                      .dwattr $C$DW$354, DW_AT_name("ADCINT4")
    7029                      .dwattr $C$DW$354, DW_AT_bit_offset(0x0c)
    7030                      .dwattr $C$DW$354, DW_AT_bit_size(0x01)
    7031                      .dwattr $C$DW$354, DW_AT_accessibility(DW_ACCESS_public)
    7032                      .dwattr $C$DW$354, DW_AT_decl_file("C:\ti\C2000Ware_MotorControl_SDK_5_04_00_00\c2000ware\device_supp
    7033                      .dwattr $C$DW$354, DW_AT_decl_line(0x63)
TMS320C2000 Assembler PC v22.6.2 Mon Jan 26 16:23:05 2026

Copyright (c) 1996-2018 Texas Instruments Incorporated
dual_axis_servo_drive_cpu.asm                                        PAGE  143

    7034                      .dwattr $C$DW$354, DW_AT_decl_column(0x0c)
    7035              
    7036              $C$DW$355       .dwtag  DW_TAG_member
    7037                      .dwattr $C$DW$355, DW_AT_type(*$C$DW$T$47)
    7038                      .dwattr $C$DW$355, DW_AT_name("rsvd1")
    7039                      .dwattr $C$DW$355, DW_AT_bit_offset(0x00)
    7040                      .dwattr $C$DW$355, DW_AT_bit_size(0x0c)
    7041                      .dwattr $C$DW$355, DW_AT_accessibility(DW_ACCESS_public)
    7042                      .dwattr $C$DW$355, DW_AT_decl_file("C:\ti\C2000Ware_MotorControl_SDK_5_04_00_00\c2000ware\device_supp
    7043                      .dwattr $C$DW$355, DW_AT_decl_line(0x64)
    7044                      .dwattr $C$DW$355, DW_AT_decl_column(0x0c)
    7045              
    7046                      .dwattr $C$DW$T$48, DW_AT_decl_file("C:\ti\C2000Ware_MotorControl_SDK_5_04_00_00\c2000ware\device_sup
    7047                      .dwattr $C$DW$T$48, DW_AT_decl_line(0x5f)
    7048                      .dwattr $C$DW$T$48, DW_AT_decl_column(0x08)
    7049                      .dwendtag $C$DW$T$48
    7050              
    7051                      .dwendtag $C$DW$TU$48
    7052              
    7053              
    7054              $C$DW$TU$49     .dwtag  DW_TAG_type_unit
    7055                      .dwmtype  $C$DW$T$49
    7056              
    7057              $C$DW$T$49      .dwtag  DW_TAG_union_type
    7058                      .dwattr $C$DW$T$49, DW_AT_name("ADCINTFLG_REG")
    7059                      .dwattr $C$DW$T$49, DW_AT_byte_size(0x01)
    7060              $C$DW$356       .dwtag  DW_TAG_member
    7061                      .dwattr $C$DW$356, DW_AT_type(*$C$DW$T$47)
    7062                      .dwattr $C$DW$356, DW_AT_name("all")
    7063                      .dwattr $C$DW$356, DW_AT_accessibility(DW_ACCESS_public)
    7064                      .dwattr $C$DW$356, DW_AT_decl_file("C:\ti\C2000Ware_MotorControl_SDK_5_04_00_00\c2000ware\device_supp
    7065                      .dwattr $C$DW$356, DW_AT_decl_line(0x68)
    7066                      .dwattr $C$DW$356, DW_AT_decl_column(0x0d)
    7067              
    7068              $C$DW$357       .dwtag  DW_TAG_member
    7069                      .dwattr $C$DW$357, DW_AT_type(*$C$DW$T$48)
    7070                      .dwattr $C$DW$357, DW_AT_name("bit")
    7071                      .dwattr $C$DW$357, DW_AT_accessibility(DW_ACCESS_public)
    7072                      .dwattr $C$DW$357, DW_AT_decl_file("C:\ti\C2000Ware_MotorControl_SDK_5_04_00_00\c2000ware\device_supp
    7073                      .dwattr $C$DW$357, DW_AT_decl_line(0x69)
    7074                      .dwattr $C$DW$357, DW_AT_decl_column(0x1d)
    7075              
    7076                      .dwattr $C$DW$T$49, DW_AT_decl_file("C:\ti\C2000Ware_MotorControl_SDK_5_04_00_00\c2000ware\device_sup
    7077                      .dwattr $C$DW$T$49, DW_AT_decl_line(0x67)
    7078                      .dwattr $C$DW$T$49, DW_AT_decl_column(0x07)
    7079                      .dwendtag $C$DW$T$49
    7080              
    7081                      .dwendtag $C$DW$TU$49
    7082              
    7083              
    7084              $C$DW$TU$108    .dwtag  DW_TAG_type_unit
    7085                      .dwmtype  $C$DW$T$108
    7086              $C$DW$358       .dwtag  DW_TAG_TI_far_type
    7087                      .dwattr $C$DW$358, DW_AT_type(*$C$DW$T$49)
    7088              
TMS320C2000 Assembler PC v22.6.2 Mon Jan 26 16:23:05 2026

Copyright (c) 1996-2018 Texas Instruments Incorporated
dual_axis_servo_drive_cpu.asm                                        PAGE  144

    7089              $C$DW$T$108     .dwtag  DW_TAG_volatile_type
    7090                      .dwattr $C$DW$T$108, DW_AT_type(*$C$DW$358)
    7091              
    7092                      .dwendtag $C$DW$TU$108
    7093              
    7094              
    7095              $C$DW$TU$109    .dwtag  DW_TAG_type_unit
    7096                      .dwmtype  $C$DW$T$109
    7097              $C$DW$T$109     .dwtag  DW_TAG_pointer_type
    7098                      .dwattr $C$DW$T$109, DW_AT_type(*$C$DW$T$108)
    7099                      .dwattr $C$DW$T$109, DW_AT_address_class(0x20)
    7100              
    7101                      .dwendtag $C$DW$TU$109
    7102              
    7103              
    7104              $C$DW$TU$52     .dwtag  DW_TAG_type_unit
    7105                      .dwmtype  $C$DW$T$52
    7106              
    7107              $C$DW$T$52      .dwtag  DW_TAG_structure_type
    7108                      .dwattr $C$DW$T$52, DW_AT_name("EQEP_REGS")
    7109                      .dwattr $C$DW$T$52, DW_AT_byte_size(0x38)
    7110              $C$DW$359       .dwtag  DW_TAG_member
    7111                      .dwattr $C$DW$359, DW_AT_type(*$C$DW$T$50)
    7112                      .dwattr $C$DW$359, DW_AT_name("QPOSCNT")
    7113                      .dwattr $C$DW$359, DW_AT_accessibility(DW_ACCESS_public)
    7114                      .dwattr $C$DW$359, DW_AT_decl_file("C:\ti\C2000Ware_MotorControl_SDK_5_04_00_00\c2000ware\device_supp
    7115                      .dwattr $C$DW$359, DW_AT_decl_line(0x10d)
    7116                      .dwattr $C$DW$359, DW_AT_decl_column(0x2e)
    7117              
    7118              $C$DW$360       .dwtag  DW_TAG_member
    7119                      .dwattr $C$DW$360, DW_AT_type(*$C$DW$T$50)
    7120                      .dwattr $C$DW$360, DW_AT_name("QPOSINIT")
    7121                      .dwattr $C$DW$360, DW_AT_data_member_location[DW_OP_plus_uconst 0x2]
    7122                      .dwattr $C$DW$360, DW_AT_accessibility(DW_ACCESS_public)
    7123                      .dwattr $C$DW$360, DW_AT_decl_file("C:\ti\C2000Ware_MotorControl_SDK_5_04_00_00\c2000ware\device_supp
    7124                      .dwattr $C$DW$360, DW_AT_decl_line(0x10e)
    7125                      .dwattr $C$DW$360, DW_AT_decl_column(0x2e)
    7126              
    7127              $C$DW$361       .dwtag  DW_TAG_member
    7128                      .dwattr $C$DW$361, DW_AT_type(*$C$DW$T$50)
    7129                      .dwattr $C$DW$361, DW_AT_name("QPOSMAX")
    7130                      .dwattr $C$DW$361, DW_AT_data_member_location[DW_OP_plus_uconst 0x4]
    7131                      .dwattr $C$DW$361, DW_AT_accessibility(DW_ACCESS_public)
    7132                      .dwattr $C$DW$361, DW_AT_decl_file("C:\ti\C2000Ware_MotorControl_SDK_5_04_00_00\c2000ware\device_supp
    7133                      .dwattr $C$DW$361, DW_AT_decl_line(0x10f)
    7134                      .dwattr $C$DW$361, DW_AT_decl_column(0x2e)
    7135              
    7136              $C$DW$362       .dwtag  DW_TAG_member
    7137                      .dwattr $C$DW$362, DW_AT_type(*$C$DW$T$50)
    7138                      .dwattr $C$DW$362, DW_AT_name("QPOSCMP")
    7139                      .dwattr $C$DW$362, DW_AT_data_member_location[DW_OP_plus_uconst 0x6]
    7140                      .dwattr $C$DW$362, DW_AT_accessibility(DW_ACCESS_public)
    7141                      .dwattr $C$DW$362, DW_AT_decl_file("C:\ti\C2000Ware_MotorControl_SDK_5_04_00_00\c2000ware\device_supp
    7142                      .dwattr $C$DW$362, DW_AT_decl_line(0x110)
    7143                      .dwattr $C$DW$362, DW_AT_decl_column(0x2e)
TMS320C2000 Assembler PC v22.6.2 Mon Jan 26 16:23:05 2026

Copyright (c) 1996-2018 Texas Instruments Incorporated
dual_axis_servo_drive_cpu.asm                                        PAGE  145

    7144              
    7145              $C$DW$363       .dwtag  DW_TAG_member
    7146                      .dwattr $C$DW$363, DW_AT_type(*$C$DW$T$50)
    7147                      .dwattr $C$DW$363, DW_AT_name("QPOSILAT")
    7148                      .dwattr $C$DW$363, DW_AT_data_member_location[DW_OP_plus_uconst 0x8]
    7149                      .dwattr $C$DW$363, DW_AT_accessibility(DW_ACCESS_public)
    7150                      .dwattr $C$DW$363, DW_AT_decl_file("C:\ti\C2000Ware_MotorControl_SDK_5_04_00_00\c2000ware\device_supp
    7151                      .dwattr $C$DW$363, DW_AT_decl_line(0x111)
    7152                      .dwattr $C$DW$363, DW_AT_decl_column(0x2e)
    7153              
    7154              $C$DW$364       .dwtag  DW_TAG_member
    7155                      .dwattr $C$DW$364, DW_AT_type(*$C$DW$T$50)
    7156                      .dwattr $C$DW$364, DW_AT_name("QPOSSLAT")
    7157                      .dwattr $C$DW$364, DW_AT_data_member_location[DW_OP_plus_uconst 0xa]
    7158                      .dwattr $C$DW$364, DW_AT_accessibility(DW_ACCESS_public)
    7159                      .dwattr $C$DW$364, DW_AT_decl_file("C:\ti\C2000Ware_MotorControl_SDK_5_04_00_00\c2000ware\device_supp
    7160                      .dwattr $C$DW$364, DW_AT_decl_line(0x112)
    7161                      .dwattr $C$DW$364, DW_AT_decl_column(0x2e)
    7162              
    7163              $C$DW$365       .dwtag  DW_TAG_member
    7164                      .dwattr $C$DW$365, DW_AT_type(*$C$DW$T$50)
    7165                      .dwattr $C$DW$365, DW_AT_name("QPOSLAT")
    7166                      .dwattr $C$DW$365, DW_AT_data_member_location[DW_OP_plus_uconst 0xc]
    7167                      .dwattr $C$DW$365, DW_AT_accessibility(DW_ACCESS_public)
    7168                      .dwattr $C$DW$365, DW_AT_decl_file("C:\ti\C2000Ware_MotorControl_SDK_5_04_00_00\c2000ware\device_supp
    7169                      .dwattr $C$DW$365, DW_AT_decl_line(0x113)
    7170                      .dwattr $C$DW$365, DW_AT_decl_column(0x2e)
    7171              
    7172              $C$DW$366       .dwtag  DW_TAG_member
    7173                      .dwattr $C$DW$366, DW_AT_type(*$C$DW$T$50)
    7174                      .dwattr $C$DW$366, DW_AT_name("QUTMR")
    7175                      .dwattr $C$DW$366, DW_AT_data_member_location[DW_OP_plus_uconst 0xe]
    7176                      .dwattr $C$DW$366, DW_AT_accessibility(DW_ACCESS_public)
    7177                      .dwattr $C$DW$366, DW_AT_decl_file("C:\ti\C2000Ware_MotorControl_SDK_5_04_00_00\c2000ware\device_supp
    7178                      .dwattr $C$DW$366, DW_AT_decl_line(0x114)
    7179                      .dwattr $C$DW$366, DW_AT_decl_column(0x2e)
    7180              
    7181              $C$DW$367       .dwtag  DW_TAG_member
    7182                      .dwattr $C$DW$367, DW_AT_type(*$C$DW$T$50)
    7183                      .dwattr $C$DW$367, DW_AT_name("QUPRD")
    7184                      .dwattr $C$DW$367, DW_AT_data_member_location[DW_OP_plus_uconst 0x10]
    7185                      .dwattr $C$DW$367, DW_AT_accessibility(DW_ACCESS_public)
    7186                      .dwattr $C$DW$367, DW_AT_decl_file("C:\ti\C2000Ware_MotorControl_SDK_5_04_00_00\c2000ware\device_supp
    7187                      .dwattr $C$DW$367, DW_AT_decl_line(0x115)
    7188                      .dwattr $C$DW$367, DW_AT_decl_column(0x2e)
    7189              
    7190              $C$DW$368       .dwtag  DW_TAG_member
    7191                      .dwattr $C$DW$368, DW_AT_type(*$C$DW$T$47)
    7192                      .dwattr $C$DW$368, DW_AT_name("QWDTMR")
    7193                      .dwattr $C$DW$368, DW_AT_data_member_location[DW_OP_plus_uconst 0x12]
    7194                      .dwattr $C$DW$368, DW_AT_accessibility(DW_ACCESS_public)
    7195                      .dwattr $C$DW$368, DW_AT_decl_file("C:\ti\C2000Ware_MotorControl_SDK_5_04_00_00\c2000ware\device_supp
    7196                      .dwattr $C$DW$368, DW_AT_decl_line(0x116)
    7197                      .dwattr $C$DW$368, DW_AT_decl_column(0x2e)
    7198              
TMS320C2000 Assembler PC v22.6.2 Mon Jan 26 16:23:05 2026

Copyright (c) 1996-2018 Texas Instruments Incorporated
dual_axis_servo_drive_cpu.asm                                        PAGE  146

    7199              $C$DW$369       .dwtag  DW_TAG_member
    7200                      .dwattr $C$DW$369, DW_AT_type(*$C$DW$T$47)
    7201                      .dwattr $C$DW$369, DW_AT_name("QWDPRD")
    7202                      .dwattr $C$DW$369, DW_AT_data_member_location[DW_OP_plus_uconst 0x13]
    7203                      .dwattr $C$DW$369, DW_AT_accessibility(DW_ACCESS_public)
    7204                      .dwattr $C$DW$369, DW_AT_decl_file("C:\ti\C2000Ware_MotorControl_SDK_5_04_00_00\c2000ware\device_supp
    7205                      .dwattr $C$DW$369, DW_AT_decl_line(0x117)
    7206                      .dwattr $C$DW$369, DW_AT_decl_column(0x2e)
    7207              
    7208              $C$DW$370       .dwtag  DW_TAG_member
    7209                      .dwattr $C$DW$370, DW_AT_type(*$C$DW$T$59)
    7210                      .dwattr $C$DW$370, DW_AT_name("QDECCTL")
    7211                      .dwattr $C$DW$370, DW_AT_data_member_location[DW_OP_plus_uconst 0x14]
    7212                      .dwattr $C$DW$370, DW_AT_accessibility(DW_ACCESS_public)
    7213                      .dwattr $C$DW$370, DW_AT_decl_file("C:\ti\C2000Ware_MotorControl_SDK_5_04_00_00\c2000ware\device_supp
    7214                      .dwattr $C$DW$370, DW_AT_decl_line(0x118)
    7215                      .dwattr $C$DW$370, DW_AT_decl_column(0x2e)
    7216              
    7217              $C$DW$371       .dwtag  DW_TAG_member
    7218                      .dwattr $C$DW$371, DW_AT_type(*$C$DW$T$63)
    7219                      .dwattr $C$DW$371, DW_AT_name("QEPCTL")
    7220                      .dwattr $C$DW$371, DW_AT_data_member_location[DW_OP_plus_uconst 0x15]
    7221                      .dwattr $C$DW$371, DW_AT_accessibility(DW_ACCESS_public)
    7222                      .dwattr $C$DW$371, DW_AT_decl_file("C:\ti\C2000Ware_MotorControl_SDK_5_04_00_00\c2000ware\device_supp
    7223                      .dwattr $C$DW$371, DW_AT_decl_line(0x119)
    7224                      .dwattr $C$DW$371, DW_AT_decl_column(0x2e)
    7225              
    7226              $C$DW$372       .dwtag  DW_TAG_member
    7227                      .dwattr $C$DW$372, DW_AT_type(*$C$DW$T$55)
    7228                      .dwattr $C$DW$372, DW_AT_name("QCAPCTL")
    7229                      .dwattr $C$DW$372, DW_AT_data_member_location[DW_OP_plus_uconst 0x16]
    7230                      .dwattr $C$DW$372, DW_AT_accessibility(DW_ACCESS_public)
    7231                      .dwattr $C$DW$372, DW_AT_decl_file("C:\ti\C2000Ware_MotorControl_SDK_5_04_00_00\c2000ware\device_supp
    7232                      .dwattr $C$DW$372, DW_AT_decl_line(0x11a)
    7233                      .dwattr $C$DW$372, DW_AT_decl_column(0x2e)
    7234              
    7235              $C$DW$373       .dwtag  DW_TAG_member
    7236                      .dwattr $C$DW$373, DW_AT_type(*$C$DW$T$77)
    7237                      .dwattr $C$DW$373, DW_AT_name("QPOSCTL")
    7238                      .dwattr $C$DW$373, DW_AT_data_member_location[DW_OP_plus_uconst 0x17]
    7239                      .dwattr $C$DW$373, DW_AT_accessibility(DW_ACCESS_public)
    7240                      .dwattr $C$DW$373, DW_AT_decl_file("C:\ti\C2000Ware_MotorControl_SDK_5_04_00_00\c2000ware\device_supp
    7241                      .dwattr $C$DW$373, DW_AT_decl_line(0x11b)
    7242                      .dwattr $C$DW$373, DW_AT_decl_column(0x2e)
    7243              
    7244              $C$DW$374       .dwtag  DW_TAG_member
    7245                      .dwattr $C$DW$374, DW_AT_type(*$C$DW$T$61)
    7246                      .dwattr $C$DW$374, DW_AT_name("QEINT")
    7247                      .dwattr $C$DW$374, DW_AT_data_member_location[DW_OP_plus_uconst 0x18]
    7248                      .dwattr $C$DW$374, DW_AT_accessibility(DW_ACCESS_public)
    7249                      .dwattr $C$DW$374, DW_AT_decl_file("C:\ti\C2000Ware_MotorControl_SDK_5_04_00_00\c2000ware\device_supp
    7250                      .dwattr $C$DW$374, DW_AT_decl_line(0x11c)
    7251                      .dwattr $C$DW$374, DW_AT_decl_column(0x2e)
    7252              
    7253              $C$DW$375       .dwtag  DW_TAG_member
TMS320C2000 Assembler PC v22.6.2 Mon Jan 26 16:23:05 2026

Copyright (c) 1996-2018 Texas Instruments Incorporated
dual_axis_servo_drive_cpu.asm                                        PAGE  147

    7254                      .dwattr $C$DW$375, DW_AT_type(*$C$DW$T$71)
    7255                      .dwattr $C$DW$375, DW_AT_name("QFLG")
    7256                      .dwattr $C$DW$375, DW_AT_data_member_location[DW_OP_plus_uconst 0x19]
    7257                      .dwattr $C$DW$375, DW_AT_accessibility(DW_ACCESS_public)
    7258                      .dwattr $C$DW$375, DW_AT_decl_file("C:\ti\C2000Ware_MotorControl_SDK_5_04_00_00\c2000ware\device_supp
    7259                      .dwattr $C$DW$375, DW_AT_decl_line(0x11d)
    7260                      .dwattr $C$DW$375, DW_AT_decl_column(0x2e)
    7261              
    7262              $C$DW$376       .dwtag  DW_TAG_member
    7263                      .dwattr $C$DW$376, DW_AT_type(*$C$DW$T$57)
    7264                      .dwattr $C$DW$376, DW_AT_name("QCLR")
    7265                      .dwattr $C$DW$376, DW_AT_data_member_location[DW_OP_plus_uconst 0x1a]
    7266                      .dwattr $C$DW$376, DW_AT_accessibility(DW_ACCESS_public)
    7267                      .dwattr $C$DW$376, DW_AT_decl_file("C:\ti\C2000Ware_MotorControl_SDK_5_04_00_00\c2000ware\device_supp
    7268                      .dwattr $C$DW$376, DW_AT_decl_line(0x11e)
    7269                      .dwattr $C$DW$376, DW_AT_decl_column(0x2e)
    7270              
    7271              $C$DW$377       .dwtag  DW_TAG_member
    7272                      .dwattr $C$DW$377, DW_AT_type(*$C$DW$T$73)
    7273                      .dwattr $C$DW$377, DW_AT_name("QFRC")
    7274                      .dwattr $C$DW$377, DW_AT_data_member_location[DW_OP_plus_uconst 0x1b]
    7275                      .dwattr $C$DW$377, DW_AT_accessibility(DW_ACCESS_public)
    7276                      .dwattr $C$DW$377, DW_AT_decl_file("C:\ti\C2000Ware_MotorControl_SDK_5_04_00_00\c2000ware\device_supp
    7277                      .dwattr $C$DW$377, DW_AT_decl_line(0x11f)
    7278                      .dwattr $C$DW$377, DW_AT_decl_column(0x2e)
    7279              
    7280              $C$DW$378       .dwtag  DW_TAG_member
    7281                      .dwattr $C$DW$378, DW_AT_type(*$C$DW$T$69)
    7282                      .dwattr $C$DW$378, DW_AT_name("QEPSTS")
    7283                      .dwattr $C$DW$378, DW_AT_data_member_location[DW_OP_plus_uconst 0x1c]
    7284                      .dwattr $C$DW$378, DW_AT_accessibility(DW_ACCESS_public)
    7285                      .dwattr $C$DW$378, DW_AT_decl_file("C:\ti\C2000Ware_MotorControl_SDK_5_04_00_00\c2000ware\device_supp
    7286                      .dwattr $C$DW$378, DW_AT_decl_line(0x120)
    7287                      .dwattr $C$DW$378, DW_AT_decl_column(0x2e)
    7288              
    7289              $C$DW$379       .dwtag  DW_TAG_member
    7290                      .dwattr $C$DW$379, DW_AT_type(*$C$DW$T$47)
    7291                      .dwattr $C$DW$379, DW_AT_name("QCTMR")
    7292                      .dwattr $C$DW$379, DW_AT_data_member_location[DW_OP_plus_uconst 0x1d]
    7293                      .dwattr $C$DW$379, DW_AT_accessibility(DW_ACCESS_public)
    7294                      .dwattr $C$DW$379, DW_AT_decl_file("C:\ti\C2000Ware_MotorControl_SDK_5_04_00_00\c2000ware\device_supp
    7295                      .dwattr $C$DW$379, DW_AT_decl_line(0x121)
    7296                      .dwattr $C$DW$379, DW_AT_decl_column(0x2e)
    7297              
    7298              $C$DW$380       .dwtag  DW_TAG_member
    7299                      .dwattr $C$DW$380, DW_AT_type(*$C$DW$T$47)
    7300                      .dwattr $C$DW$380, DW_AT_name("QCPRD")
    7301                      .dwattr $C$DW$380, DW_AT_data_member_location[DW_OP_plus_uconst 0x1e]
    7302                      .dwattr $C$DW$380, DW_AT_accessibility(DW_ACCESS_public)
    7303                      .dwattr $C$DW$380, DW_AT_decl_file("C:\ti\C2000Ware_MotorControl_SDK_5_04_00_00\c2000ware\device_supp
    7304                      .dwattr $C$DW$380, DW_AT_decl_line(0x122)
    7305                      .dwattr $C$DW$380, DW_AT_decl_column(0x2e)
    7306              
    7307              $C$DW$381       .dwtag  DW_TAG_member
    7308                      .dwattr $C$DW$381, DW_AT_type(*$C$DW$T$47)
TMS320C2000 Assembler PC v22.6.2 Mon Jan 26 16:23:05 2026

Copyright (c) 1996-2018 Texas Instruments Incorporated
dual_axis_servo_drive_cpu.asm                                        PAGE  148

    7309                      .dwattr $C$DW$381, DW_AT_name("QCTMRLAT")
    7310                      .dwattr $C$DW$381, DW_AT_data_member_location[DW_OP_plus_uconst 0x1f]
    7311                      .dwattr $C$DW$381, DW_AT_accessibility(DW_ACCESS_public)
    7312                      .dwattr $C$DW$381, DW_AT_decl_file("C:\ti\C2000Ware_MotorControl_SDK_5_04_00_00\c2000ware\device_supp
    7313                      .dwattr $C$DW$381, DW_AT_decl_line(0x123)
    7314                      .dwattr $C$DW$381, DW_AT_decl_column(0x2e)
    7315              
    7316              $C$DW$382       .dwtag  DW_TAG_member
    7317                      .dwattr $C$DW$382, DW_AT_type(*$C$DW$T$47)
    7318                      .dwattr $C$DW$382, DW_AT_name("QCPRDLAT")
    7319                      .dwattr $C$DW$382, DW_AT_data_member_location[DW_OP_plus_uconst 0x20]
    7320                      .dwattr $C$DW$382, DW_AT_accessibility(DW_ACCESS_public)
    7321                      .dwattr $C$DW$382, DW_AT_decl_file("C:\ti\C2000Ware_MotorControl_SDK_5_04_00_00\c2000ware\device_supp
    7322                      .dwattr $C$DW$382, DW_AT_decl_line(0x124)
    7323                      .dwattr $C$DW$382, DW_AT_decl_column(0x2e)
    7324              
    7325              $C$DW$383       .dwtag  DW_TAG_member
    7326                      .dwattr $C$DW$383, DW_AT_type(*$C$DW$T$51)
    7327                      .dwattr $C$DW$383, DW_AT_name("rsvd1")
    7328                      .dwattr $C$DW$383, DW_AT_data_member_location[DW_OP_plus_uconst 0x21]
    7329                      .dwattr $C$DW$383, DW_AT_accessibility(DW_ACCESS_public)
    7330                      .dwattr $C$DW$383, DW_AT_decl_file("C:\ti\C2000Ware_MotorControl_SDK_5_04_00_00\c2000ware\device_supp
    7331                      .dwattr $C$DW$383, DW_AT_decl_line(0x125)
    7332                      .dwattr $C$DW$383, DW_AT_decl_column(0x2e)
    7333              
    7334              $C$DW$384       .dwtag  DW_TAG_member
    7335                      .dwattr $C$DW$384, DW_AT_type(*$C$DW$T$79)
    7336                      .dwattr $C$DW$384, DW_AT_name("REV")
    7337                      .dwattr $C$DW$384, DW_AT_data_member_location[DW_OP_plus_uconst 0x30]
    7338                      .dwattr $C$DW$384, DW_AT_accessibility(DW_ACCESS_public)
    7339                      .dwattr $C$DW$384, DW_AT_decl_file("C:\ti\C2000Ware_MotorControl_SDK_5_04_00_00\c2000ware\device_supp
    7340                      .dwattr $C$DW$384, DW_AT_decl_line(0x126)
    7341                      .dwattr $C$DW$384, DW_AT_decl_column(0x2e)
    7342              
    7343              $C$DW$385       .dwtag  DW_TAG_member
    7344                      .dwattr $C$DW$385, DW_AT_type(*$C$DW$T$67)
    7345                      .dwattr $C$DW$385, DW_AT_name("QEPSTROBESEL")
    7346                      .dwattr $C$DW$385, DW_AT_data_member_location[DW_OP_plus_uconst 0x32]
    7347                      .dwattr $C$DW$385, DW_AT_accessibility(DW_ACCESS_public)
    7348                      .dwattr $C$DW$385, DW_AT_decl_file("C:\ti\C2000Ware_MotorControl_SDK_5_04_00_00\c2000ware\device_supp
    7349                      .dwattr $C$DW$385, DW_AT_decl_line(0x127)
    7350                      .dwattr $C$DW$385, DW_AT_decl_column(0x2e)
    7351              
    7352              $C$DW$386       .dwtag  DW_TAG_member
    7353                      .dwattr $C$DW$386, DW_AT_type(*$C$DW$T$75)
    7354                      .dwattr $C$DW$386, DW_AT_name("QMACTRL")
    7355                      .dwattr $C$DW$386, DW_AT_data_member_location[DW_OP_plus_uconst 0x34]
    7356                      .dwattr $C$DW$386, DW_AT_accessibility(DW_ACCESS_public)
    7357                      .dwattr $C$DW$386, DW_AT_decl_file("C:\ti\C2000Ware_MotorControl_SDK_5_04_00_00\c2000ware\device_supp
    7358                      .dwattr $C$DW$386, DW_AT_decl_line(0x128)
    7359                      .dwattr $C$DW$386, DW_AT_decl_column(0x2e)
    7360              
    7361              $C$DW$387       .dwtag  DW_TAG_member
    7362                      .dwattr $C$DW$387, DW_AT_type(*$C$DW$T$65)
    7363                      .dwattr $C$DW$387, DW_AT_name("QEPSRCSEL")
TMS320C2000 Assembler PC v22.6.2 Mon Jan 26 16:23:05 2026

Copyright (c) 1996-2018 Texas Instruments Incorporated
dual_axis_servo_drive_cpu.asm                                        PAGE  149

    7364                      .dwattr $C$DW$387, DW_AT_data_member_location[DW_OP_plus_uconst 0x36]
    7365                      .dwattr $C$DW$387, DW_AT_accessibility(DW_ACCESS_public)
    7366                      .dwattr $C$DW$387, DW_AT_decl_file("C:\ti\C2000Ware_MotorControl_SDK_5_04_00_00\c2000ware\device_supp
    7367                      .dwattr $C$DW$387, DW_AT_decl_line(0x129)
    7368                      .dwattr $C$DW$387, DW_AT_decl_column(0x2e)
    7369              
    7370                      .dwattr $C$DW$T$52, DW_AT_decl_file("C:\ti\C2000Ware_MotorControl_SDK_5_04_00_00\c2000ware\device_sup
    7371                      .dwattr $C$DW$T$52, DW_AT_decl_line(0x10c)
    7372                      .dwattr $C$DW$T$52, DW_AT_decl_column(0x08)
    7373                      .dwendtag $C$DW$T$52
    7374              
    7375                      .dwendtag $C$DW$TU$52
    7376              
    7377              
    7378              $C$DW$TU$110    .dwtag  DW_TAG_type_unit
    7379                      .dwmtype  $C$DW$T$110
    7380              $C$DW$388       .dwtag  DW_TAG_TI_far_type
    7381                      .dwattr $C$DW$388, DW_AT_type(*$C$DW$T$52)
    7382              
    7383              $C$DW$T$110     .dwtag  DW_TAG_volatile_type
    7384                      .dwattr $C$DW$T$110, DW_AT_type(*$C$DW$388)
    7385              
    7386                      .dwendtag $C$DW$TU$110
    7387              
    7388              
    7389              $C$DW$TU$111    .dwtag  DW_TAG_type_unit
    7390                      .dwmtype  $C$DW$T$111
    7391              $C$DW$T$111     .dwtag  DW_TAG_pointer_type
    7392                      .dwattr $C$DW$T$111, DW_AT_type(*$C$DW$T$110)
    7393                      .dwattr $C$DW$T$111, DW_AT_address_class(0x20)
    7394              
    7395                      .dwendtag $C$DW$TU$111
    7396              
    7397              
    7398              $C$DW$TU$53     .dwtag  DW_TAG_type_unit
    7399                      .dwmtype  $C$DW$T$53
    7400              
    7401              $C$DW$T$53      .dwtag  DW_TAG_structure_type
    7402                      .dwattr $C$DW$T$53, DW_AT_name("FCL_cmplxCtrl_t")
    7403                      .dwattr $C$DW$T$53, DW_AT_byte_size(0x20)
    7404              $C$DW$389       .dwtag  DW_TAG_member
    7405                      .dwattr $C$DW$389, DW_AT_type(*$C$DW$T$19)
    7406                      .dwattr $C$DW$389, DW_AT_name("ref")
    7407                      .dwattr $C$DW$389, DW_AT_accessibility(DW_ACCESS_public)
    7408                      .dwattr $C$DW$389, DW_AT_decl_file("C:/ti/C2000Ware_MotorControl_SDK_5_04_00_00/libraries/fcl/include
    7409                      .dwattr $C$DW$389, DW_AT_decl_line(0x19)
    7410                      .dwattr $C$DW$389, DW_AT_decl_column(0x10)
    7411              
    7412              $C$DW$390       .dwtag  DW_TAG_member
    7413                      .dwattr $C$DW$390, DW_AT_type(*$C$DW$T$19)
    7414                      .dwattr $C$DW$390, DW_AT_name("fbk")
    7415                      .dwattr $C$DW$390, DW_AT_data_member_location[DW_OP_plus_uconst 0x2]
    7416                      .dwattr $C$DW$390, DW_AT_accessibility(DW_ACCESS_public)
    7417                      .dwattr $C$DW$390, DW_AT_decl_file("C:/ti/C2000Ware_MotorControl_SDK_5_04_00_00/libraries/fcl/include
    7418                      .dwattr $C$DW$390, DW_AT_decl_line(0x1a)
TMS320C2000 Assembler PC v22.6.2 Mon Jan 26 16:23:05 2026

Copyright (c) 1996-2018 Texas Instruments Incorporated
dual_axis_servo_drive_cpu.asm                                        PAGE  150

    7419                      .dwattr $C$DW$390, DW_AT_decl_column(0x10)
    7420              
    7421              $C$DW$391       .dwtag  DW_TAG_member
    7422                      .dwattr $C$DW$391, DW_AT_type(*$C$DW$T$19)
    7423                      .dwattr $C$DW$391, DW_AT_name("err")
    7424                      .dwattr $C$DW$391, DW_AT_data_member_location[DW_OP_plus_uconst 0x4]
    7425                      .dwattr $C$DW$391, DW_AT_accessibility(DW_ACCESS_public)
    7426                      .dwattr $C$DW$391, DW_AT_decl_file("C:/ti/C2000Ware_MotorControl_SDK_5_04_00_00/libraries/fcl/include
    7427                      .dwattr $C$DW$391, DW_AT_decl_line(0x1b)
    7428                      .dwattr $C$DW$391, DW_AT_decl_column(0x10)
    7429              
    7430              $C$DW$392       .dwtag  DW_TAG_member
    7431                      .dwattr $C$DW$392, DW_AT_type(*$C$DW$T$19)
    7432                      .dwattr $C$DW$392, DW_AT_name("out")
    7433                      .dwattr $C$DW$392, DW_AT_data_member_location[DW_OP_plus_uconst 0x6]
    7434                      .dwattr $C$DW$392, DW_AT_accessibility(DW_ACCESS_public)
    7435                      .dwattr $C$DW$392, DW_AT_decl_file("C:/ti/C2000Ware_MotorControl_SDK_5_04_00_00/libraries/fcl/include
    7436                      .dwattr $C$DW$392, DW_AT_decl_line(0x1c)
    7437                      .dwattr $C$DW$392, DW_AT_decl_column(0x10)
    7438              
    7439              $C$DW$393       .dwtag  DW_TAG_member
    7440                      .dwattr $C$DW$393, DW_AT_type(*$C$DW$T$19)
    7441                      .dwattr $C$DW$393, DW_AT_name("carryOver")
    7442                      .dwattr $C$DW$393, DW_AT_data_member_location[DW_OP_plus_uconst 0x8]
    7443                      .dwattr $C$DW$393, DW_AT_accessibility(DW_ACCESS_public)
    7444                      .dwattr $C$DW$393, DW_AT_decl_file("C:/ti/C2000Ware_MotorControl_SDK_5_04_00_00/libraries/fcl/include
    7445                      .dwattr $C$DW$393, DW_AT_decl_line(0x1d)
    7446                      .dwattr $C$DW$393, DW_AT_decl_column(0x10)
    7447              
    7448              $C$DW$394       .dwtag  DW_TAG_member
    7449                      .dwattr $C$DW$394, DW_AT_type(*$C$DW$T$19)
    7450                      .dwattr $C$DW$394, DW_AT_name("Kp")
    7451                      .dwattr $C$DW$394, DW_AT_data_member_location[DW_OP_plus_uconst 0xa]
    7452                      .dwattr $C$DW$394, DW_AT_accessibility(DW_ACCESS_public)
    7453                      .dwattr $C$DW$394, DW_AT_decl_file("C:/ti/C2000Ware_MotorControl_SDK_5_04_00_00/libraries/fcl/include
    7454                      .dwattr $C$DW$394, DW_AT_decl_line(0x1e)
    7455                      .dwattr $C$DW$394, DW_AT_decl_column(0x10)
    7456              
    7457              $C$DW$395       .dwtag  DW_TAG_member
    7458                      .dwattr $C$DW$395, DW_AT_type(*$C$DW$T$19)
    7459                      .dwattr $C$DW$395, DW_AT_name("Ki")
    7460                      .dwattr $C$DW$395, DW_AT_data_member_location[DW_OP_plus_uconst 0xc]
    7461                      .dwattr $C$DW$395, DW_AT_accessibility(DW_ACCESS_public)
    7462                      .dwattr $C$DW$395, DW_AT_decl_file("C:/ti/C2000Ware_MotorControl_SDK_5_04_00_00/libraries/fcl/include
    7463                      .dwattr $C$DW$395, DW_AT_decl_line(0x1f)
    7464                      .dwattr $C$DW$395, DW_AT_decl_column(0x10)
    7465              
    7466              $C$DW$396       .dwtag  DW_TAG_member
    7467                      .dwattr $C$DW$396, DW_AT_type(*$C$DW$T$19)
    7468                      .dwattr $C$DW$396, DW_AT_name("Kerr")
    7469                      .dwattr $C$DW$396, DW_AT_data_member_location[DW_OP_plus_uconst 0xe]
    7470                      .dwattr $C$DW$396, DW_AT_accessibility(DW_ACCESS_public)
    7471                      .dwattr $C$DW$396, DW_AT_decl_file("C:/ti/C2000Ware_MotorControl_SDK_5_04_00_00/libraries/fcl/include
    7472                      .dwattr $C$DW$396, DW_AT_decl_line(0x20)
    7473                      .dwattr $C$DW$396, DW_AT_decl_column(0x10)
TMS320C2000 Assembler PC v22.6.2 Mon Jan 26 16:23:05 2026

Copyright (c) 1996-2018 Texas Instruments Incorporated
dual_axis_servo_drive_cpu.asm                                        PAGE  151

    7474              
    7475              $C$DW$397       .dwtag  DW_TAG_member
    7476                      .dwattr $C$DW$397, DW_AT_type(*$C$DW$T$19)
    7477                      .dwattr $C$DW$397, DW_AT_name("KerrOld")
    7478                      .dwattr $C$DW$397, DW_AT_data_member_location[DW_OP_plus_uconst 0x10]
    7479                      .dwattr $C$DW$397, DW_AT_accessibility(DW_ACCESS_public)
    7480                      .dwattr $C$DW$397, DW_AT_decl_file("C:/ti/C2000Ware_MotorControl_SDK_5_04_00_00/libraries/fcl/include
    7481                      .dwattr $C$DW$397, DW_AT_decl_line(0x21)
    7482                      .dwattr $C$DW$397, DW_AT_decl_column(0x10)
    7483              
    7484              $C$DW$398       .dwtag  DW_TAG_member
    7485                      .dwattr $C$DW$398, DW_AT_type(*$C$DW$T$19)
    7486                      .dwattr $C$DW$398, DW_AT_name("Umax")
    7487                      .dwattr $C$DW$398, DW_AT_data_member_location[DW_OP_plus_uconst 0x12]
    7488                      .dwattr $C$DW$398, DW_AT_accessibility(DW_ACCESS_public)
    7489                      .dwattr $C$DW$398, DW_AT_decl_file("C:/ti/C2000Ware_MotorControl_SDK_5_04_00_00/libraries/fcl/include
    7490                      .dwattr $C$DW$398, DW_AT_decl_line(0x22)
    7491                      .dwattr $C$DW$398, DW_AT_decl_column(0x10)
    7492              
    7493              $C$DW$399       .dwtag  DW_TAG_member
    7494                      .dwattr $C$DW$399, DW_AT_type(*$C$DW$T$19)
    7495                      .dwattr $C$DW$399, DW_AT_name("Umin")
    7496                      .dwattr $C$DW$399, DW_AT_data_member_location[DW_OP_plus_uconst 0x14]
    7497                      .dwattr $C$DW$399, DW_AT_accessibility(DW_ACCESS_public)
    7498                      .dwattr $C$DW$399, DW_AT_decl_file("C:/ti/C2000Ware_MotorControl_SDK_5_04_00_00/libraries/fcl/include
    7499                      .dwattr $C$DW$399, DW_AT_decl_line(0x23)
    7500                      .dwattr $C$DW$399, DW_AT_decl_column(0x10)
    7501              
    7502              $C$DW$400       .dwtag  DW_TAG_member
    7503                      .dwattr $C$DW$400, DW_AT_type(*$C$DW$T$19)
    7504                      .dwattr $C$DW$400, DW_AT_name("cosWTs")
    7505                      .dwattr $C$DW$400, DW_AT_data_member_location[DW_OP_plus_uconst 0x16]
    7506                      .dwattr $C$DW$400, DW_AT_accessibility(DW_ACCESS_public)
    7507                      .dwattr $C$DW$400, DW_AT_decl_file("C:/ti/C2000Ware_MotorControl_SDK_5_04_00_00/libraries/fcl/include
    7508                      .dwattr $C$DW$400, DW_AT_decl_line(0x24)
    7509                      .dwattr $C$DW$400, DW_AT_decl_column(0x10)
    7510              
    7511              $C$DW$401       .dwtag  DW_TAG_member
    7512                      .dwattr $C$DW$401, DW_AT_type(*$C$DW$T$19)
    7513                      .dwattr $C$DW$401, DW_AT_name("sinWTs")
    7514                      .dwattr $C$DW$401, DW_AT_data_member_location[DW_OP_plus_uconst 0x18]
    7515                      .dwattr $C$DW$401, DW_AT_accessibility(DW_ACCESS_public)
    7516                      .dwattr $C$DW$401, DW_AT_decl_file("C:/ti/C2000Ware_MotorControl_SDK_5_04_00_00/libraries/fcl/include
    7517                      .dwattr $C$DW$401, DW_AT_decl_line(0x25)
    7518                      .dwattr $C$DW$401, DW_AT_decl_column(0x10)
    7519              
    7520              $C$DW$402       .dwtag  DW_TAG_member
    7521                      .dwattr $C$DW$402, DW_AT_type(*$C$DW$T$19)
    7522                      .dwattr $C$DW$402, DW_AT_name("expVal")
    7523                      .dwattr $C$DW$402, DW_AT_data_member_location[DW_OP_plus_uconst 0x1a]
    7524                      .dwattr $C$DW$402, DW_AT_accessibility(DW_ACCESS_public)
    7525                      .dwattr $C$DW$402, DW_AT_decl_file("C:/ti/C2000Ware_MotorControl_SDK_5_04_00_00/libraries/fcl/include
    7526                      .dwattr $C$DW$402, DW_AT_decl_line(0x26)
    7527                      .dwattr $C$DW$402, DW_AT_decl_column(0x10)
    7528              
TMS320C2000 Assembler PC v22.6.2 Mon Jan 26 16:23:05 2026

Copyright (c) 1996-2018 Texas Instruments Incorporated
dual_axis_servo_drive_cpu.asm                                        PAGE  152

    7529              $C$DW$403       .dwtag  DW_TAG_member
    7530                      .dwattr $C$DW$403, DW_AT_type(*$C$DW$T$19)
    7531                      .dwattr $C$DW$403, DW_AT_name("kDirect")
    7532                      .dwattr $C$DW$403, DW_AT_data_member_location[DW_OP_plus_uconst 0x1c]
    7533                      .dwattr $C$DW$403, DW_AT_accessibility(DW_ACCESS_public)
    7534                      .dwattr $C$DW$403, DW_AT_decl_file("C:/ti/C2000Ware_MotorControl_SDK_5_04_00_00/libraries/fcl/include
    7535                      .dwattr $C$DW$403, DW_AT_decl_line(0x27)
    7536                      .dwattr $C$DW$403, DW_AT_decl_column(0x10)
    7537              
    7538              $C$DW$404       .dwtag  DW_TAG_member
    7539                      .dwattr $C$DW$404, DW_AT_type(*$C$DW$T$19)
    7540                      .dwattr $C$DW$404, DW_AT_name("xErr")
    7541                      .dwattr $C$DW$404, DW_AT_data_member_location[DW_OP_plus_uconst 0x1e]
    7542                      .dwattr $C$DW$404, DW_AT_accessibility(DW_ACCESS_public)
    7543                      .dwattr $C$DW$404, DW_AT_decl_file("C:/ti/C2000Ware_MotorControl_SDK_5_04_00_00/libraries/fcl/include
    7544                      .dwattr $C$DW$404, DW_AT_decl_line(0x28)
    7545                      .dwattr $C$DW$404, DW_AT_decl_column(0x10)
    7546              
    7547                      .dwattr $C$DW$T$53, DW_AT_decl_file("C:/ti/C2000Ware_MotorControl_SDK_5_04_00_00/libraries/fcl/includ
    7548                      .dwattr $C$DW$T$53, DW_AT_decl_line(0x17)
    7549                      .dwattr $C$DW$T$53, DW_AT_decl_column(0x10)
    7550                      .dwendtag $C$DW$T$53
    7551              
    7552                      .dwendtag $C$DW$TU$53
    7553              
    7554              
    7555              $C$DW$TU$104    .dwtag  DW_TAG_type_unit
    7556                      .dwmtype  $C$DW$T$104
    7557              $C$DW$T$104     .dwtag  DW_TAG_typedef
    7558                      .dwattr $C$DW$T$104, DW_AT_name("FCL_cmplxCtrl_t")
    7559                      .dwattr $C$DW$T$104, DW_AT_type(*$C$DW$T$53)
    7560                      .dwattr $C$DW$T$104, DW_AT_decl_file("C:/ti/C2000Ware_MotorControl_SDK_5_04_00_00/libraries/fcl/inclu
    7561                      .dwattr $C$DW$T$104, DW_AT_decl_line(0x29)
    7562                      .dwattr $C$DW$T$104, DW_AT_decl_column(0x03)
    7563              
    7564                      .dwendtag $C$DW$TU$104
    7565              
    7566              
    7567              $C$DW$TU$54     .dwtag  DW_TAG_type_unit
    7568                      .dwmtype  $C$DW$T$54
    7569              
    7570              $C$DW$T$54      .dwtag  DW_TAG_structure_type
    7571                      .dwattr $C$DW$T$54, DW_AT_name("QCAPCTL_BITS")
    7572                      .dwattr $C$DW$T$54, DW_AT_byte_size(0x01)
    7573              $C$DW$405       .dwtag  DW_TAG_member
    7574                      .dwattr $C$DW$405, DW_AT_type(*$C$DW$T$47)
    7575                      .dwattr $C$DW$405, DW_AT_name("UPPS")
    7576                      .dwattr $C$DW$405, DW_AT_bit_offset(0x0c)
    7577                      .dwattr $C$DW$405, DW_AT_bit_size(0x04)
    7578                      .dwattr $C$DW$405, DW_AT_accessibility(DW_ACCESS_public)
    7579                      .dwattr $C$DW$405, DW_AT_decl_file("C:\ti\C2000Ware_MotorControl_SDK_5_04_00_00\c2000ware\device_supp
    7580                      .dwattr $C$DW$405, DW_AT_decl_line(0x5c)
    7581                      .dwattr $C$DW$405, DW_AT_decl_column(0x0c)
    7582              
    7583              $C$DW$406       .dwtag  DW_TAG_member
TMS320C2000 Assembler PC v22.6.2 Mon Jan 26 16:23:05 2026

Copyright (c) 1996-2018 Texas Instruments Incorporated
dual_axis_servo_drive_cpu.asm                                        PAGE  153

    7584                      .dwattr $C$DW$406, DW_AT_type(*$C$DW$T$47)
    7585                      .dwattr $C$DW$406, DW_AT_name("CCPS")
    7586                      .dwattr $C$DW$406, DW_AT_bit_offset(0x09)
    7587                      .dwattr $C$DW$406, DW_AT_bit_size(0x03)
    7588                      .dwattr $C$DW$406, DW_AT_accessibility(DW_ACCESS_public)
    7589                      .dwattr $C$DW$406, DW_AT_decl_file("C:\ti\C2000Ware_MotorControl_SDK_5_04_00_00\c2000ware\device_supp
    7590                      .dwattr $C$DW$406, DW_AT_decl_line(0x5d)
    7591                      .dwattr $C$DW$406, DW_AT_decl_column(0x0c)
    7592              
    7593              $C$DW$407       .dwtag  DW_TAG_member
    7594                      .dwattr $C$DW$407, DW_AT_type(*$C$DW$T$47)
    7595                      .dwattr $C$DW$407, DW_AT_name("rsvd1")
    7596                      .dwattr $C$DW$407, DW_AT_bit_offset(0x01)
    7597                      .dwattr $C$DW$407, DW_AT_bit_size(0x08)
    7598                      .dwattr $C$DW$407, DW_AT_accessibility(DW_ACCESS_public)
    7599                      .dwattr $C$DW$407, DW_AT_decl_file("C:\ti\C2000Ware_MotorControl_SDK_5_04_00_00\c2000ware\device_supp
    7600                      .dwattr $C$DW$407, DW_AT_decl_line(0x5e)
    7601                      .dwattr $C$DW$407, DW_AT_decl_column(0x0c)
    7602              
    7603              $C$DW$408       .dwtag  DW_TAG_member
    7604                      .dwattr $C$DW$408, DW_AT_type(*$C$DW$T$47)
    7605                      .dwattr $C$DW$408, DW_AT_name("CEN")
    7606                      .dwattr $C$DW$408, DW_AT_bit_offset(0x00)
    7607                      .dwattr $C$DW$408, DW_AT_bit_size(0x01)
    7608                      .dwattr $C$DW$408, DW_AT_accessibility(DW_ACCESS_public)
    7609                      .dwattr $C$DW$408, DW_AT_decl_file("C:\ti\C2000Ware_MotorControl_SDK_5_04_00_00\c2000ware\device_supp
    7610                      .dwattr $C$DW$408, DW_AT_decl_line(0x5f)
    7611                      .dwattr $C$DW$408, DW_AT_decl_column(0x0c)
    7612              
    7613                      .dwattr $C$DW$T$54, DW_AT_decl_file("C:\ti\C2000Ware_MotorControl_SDK_5_04_00_00\c2000ware\device_sup
    7614                      .dwattr $C$DW$T$54, DW_AT_decl_line(0x5b)
    7615                      .dwattr $C$DW$T$54, DW_AT_decl_column(0x08)
    7616                      .dwendtag $C$DW$T$54
    7617              
    7618                      .dwendtag $C$DW$TU$54
    7619              
    7620              
    7621              $C$DW$TU$55     .dwtag  DW_TAG_type_unit
    7622                      .dwmtype  $C$DW$T$55
    7623              
    7624              $C$DW$T$55      .dwtag  DW_TAG_union_type
    7625                      .dwattr $C$DW$T$55, DW_AT_name("QCAPCTL_REG")
    7626                      .dwattr $C$DW$T$55, DW_AT_byte_size(0x01)
    7627              $C$DW$409       .dwtag  DW_TAG_member
    7628                      .dwattr $C$DW$409, DW_AT_type(*$C$DW$T$47)
    7629                      .dwattr $C$DW$409, DW_AT_name("all")
    7630                      .dwattr $C$DW$409, DW_AT_accessibility(DW_ACCESS_public)
    7631                      .dwattr $C$DW$409, DW_AT_decl_file("C:\ti\C2000Ware_MotorControl_SDK_5_04_00_00\c2000ware\device_supp
    7632                      .dwattr $C$DW$409, DW_AT_decl_line(0x63)
    7633                      .dwattr $C$DW$409, DW_AT_decl_column(0x0d)
    7634              
    7635              $C$DW$410       .dwtag  DW_TAG_member
    7636                      .dwattr $C$DW$410, DW_AT_type(*$C$DW$T$54)
    7637                      .dwattr $C$DW$410, DW_AT_name("bit")
    7638                      .dwattr $C$DW$410, DW_AT_accessibility(DW_ACCESS_public)
TMS320C2000 Assembler PC v22.6.2 Mon Jan 26 16:23:05 2026

Copyright (c) 1996-2018 Texas Instruments Incorporated
dual_axis_servo_drive_cpu.asm                                        PAGE  154

    7639                      .dwattr $C$DW$410, DW_AT_decl_file("C:\ti\C2000Ware_MotorControl_SDK_5_04_00_00\c2000ware\device_supp
    7640                      .dwattr $C$DW$410, DW_AT_decl_line(0x64)
    7641                      .dwattr $C$DW$410, DW_AT_decl_column(0x1b)
    7642              
    7643                      .dwattr $C$DW$T$55, DW_AT_decl_file("C:\ti\C2000Ware_MotorControl_SDK_5_04_00_00\c2000ware\device_sup
    7644                      .dwattr $C$DW$T$55, DW_AT_decl_line(0x62)
    7645                      .dwattr $C$DW$T$55, DW_AT_decl_column(0x07)
    7646                      .dwendtag $C$DW$T$55
    7647              
    7648                      .dwendtag $C$DW$TU$55
    7649              
    7650              
    7651              $C$DW$TU$56     .dwtag  DW_TAG_type_unit
    7652                      .dwmtype  $C$DW$T$56
    7653              
    7654              $C$DW$T$56      .dwtag  DW_TAG_structure_type
    7655                      .dwattr $C$DW$T$56, DW_AT_name("QCLR_BITS")
    7656                      .dwattr $C$DW$T$56, DW_AT_byte_size(0x01)
    7657              $C$DW$411       .dwtag  DW_TAG_member
    7658                      .dwattr $C$DW$411, DW_AT_type(*$C$DW$T$47)
    7659                      .dwattr $C$DW$411, DW_AT_name("INT")
    7660                      .dwattr $C$DW$411, DW_AT_bit_offset(0x0f)
    7661                      .dwattr $C$DW$411, DW_AT_bit_size(0x01)
    7662                      .dwattr $C$DW$411, DW_AT_accessibility(DW_ACCESS_public)
    7663                      .dwattr $C$DW$411, DW_AT_decl_file("C:\ti\C2000Ware_MotorControl_SDK_5_04_00_00\c2000ware\device_supp
    7664                      .dwattr $C$DW$411, DW_AT_decl_line(0xa1)
    7665                      .dwattr $C$DW$411, DW_AT_decl_column(0x0c)
    7666              
    7667              $C$DW$412       .dwtag  DW_TAG_member
    7668                      .dwattr $C$DW$412, DW_AT_type(*$C$DW$T$47)
    7669                      .dwattr $C$DW$412, DW_AT_name("PCE")
    7670                      .dwattr $C$DW$412, DW_AT_bit_offset(0x0e)
    7671                      .dwattr $C$DW$412, DW_AT_bit_size(0x01)
    7672                      .dwattr $C$DW$412, DW_AT_accessibility(DW_ACCESS_public)
    7673                      .dwattr $C$DW$412, DW_AT_decl_file("C:\ti\C2000Ware_MotorControl_SDK_5_04_00_00\c2000ware\device_supp
    7674                      .dwattr $C$DW$412, DW_AT_decl_line(0xa2)
    7675                      .dwattr $C$DW$412, DW_AT_decl_column(0x0c)
    7676              
    7677              $C$DW$413       .dwtag  DW_TAG_member
    7678                      .dwattr $C$DW$413, DW_AT_type(*$C$DW$T$47)
    7679                      .dwattr $C$DW$413, DW_AT_name("PHE")
    7680                      .dwattr $C$DW$413, DW_AT_bit_offset(0x0d)
    7681                      .dwattr $C$DW$413, DW_AT_bit_size(0x01)
    7682                      .dwattr $C$DW$413, DW_AT_accessibility(DW_ACCESS_public)
    7683                      .dwattr $C$DW$413, DW_AT_decl_file("C:\ti\C2000Ware_MotorControl_SDK_5_04_00_00\c2000ware\device_supp
    7684                      .dwattr $C$DW$413, DW_AT_decl_line(0xa3)
    7685                      .dwattr $C$DW$413, DW_AT_decl_column(0x0c)
    7686              
    7687              $C$DW$414       .dwtag  DW_TAG_member
    7688                      .dwattr $C$DW$414, DW_AT_type(*$C$DW$T$47)
    7689                      .dwattr $C$DW$414, DW_AT_name("QDC")
    7690                      .dwattr $C$DW$414, DW_AT_bit_offset(0x0c)
    7691                      .dwattr $C$DW$414, DW_AT_bit_size(0x01)
    7692                      .dwattr $C$DW$414, DW_AT_accessibility(DW_ACCESS_public)
    7693                      .dwattr $C$DW$414, DW_AT_decl_file("C:\ti\C2000Ware_MotorControl_SDK_5_04_00_00\c2000ware\device_supp
TMS320C2000 Assembler PC v22.6.2 Mon Jan 26 16:23:05 2026

Copyright (c) 1996-2018 Texas Instruments Incorporated
dual_axis_servo_drive_cpu.asm                                        PAGE  155

    7694                      .dwattr $C$DW$414, DW_AT_decl_line(0xa4)
    7695                      .dwattr $C$DW$414, DW_AT_decl_column(0x0c)
    7696              
    7697              $C$DW$415       .dwtag  DW_TAG_member
    7698                      .dwattr $C$DW$415, DW_AT_type(*$C$DW$T$47)
    7699                      .dwattr $C$DW$415, DW_AT_name("WTO")
    7700                      .dwattr $C$DW$415, DW_AT_bit_offset(0x0b)
    7701                      .dwattr $C$DW$415, DW_AT_bit_size(0x01)
    7702                      .dwattr $C$DW$415, DW_AT_accessibility(DW_ACCESS_public)
    7703                      .dwattr $C$DW$415, DW_AT_decl_file("C:\ti\C2000Ware_MotorControl_SDK_5_04_00_00\c2000ware\device_supp
    7704                      .dwattr $C$DW$415, DW_AT_decl_line(0xa5)
    7705                      .dwattr $C$DW$415, DW_AT_decl_column(0x0c)
    7706              
    7707              $C$DW$416       .dwtag  DW_TAG_member
    7708                      .dwattr $C$DW$416, DW_AT_type(*$C$DW$T$47)
    7709                      .dwattr $C$DW$416, DW_AT_name("PCU")
    7710                      .dwattr $C$DW$416, DW_AT_bit_offset(0x0a)
    7711                      .dwattr $C$DW$416, DW_AT_bit_size(0x01)
    7712                      .dwattr $C$DW$416, DW_AT_accessibility(DW_ACCESS_public)
    7713                      .dwattr $C$DW$416, DW_AT_decl_file("C:\ti\C2000Ware_MotorControl_SDK_5_04_00_00\c2000ware\device_supp
    7714                      .dwattr $C$DW$416, DW_AT_decl_line(0xa6)
    7715                      .dwattr $C$DW$416, DW_AT_decl_column(0x0c)
    7716              
    7717              $C$DW$417       .dwtag  DW_TAG_member
    7718                      .dwattr $C$DW$417, DW_AT_type(*$C$DW$T$47)
    7719                      .dwattr $C$DW$417, DW_AT_name("PCO")
    7720                      .dwattr $C$DW$417, DW_AT_bit_offset(0x09)
    7721                      .dwattr $C$DW$417, DW_AT_bit_size(0x01)
    7722                      .dwattr $C$DW$417, DW_AT_accessibility(DW_ACCESS_public)
    7723                      .dwattr $C$DW$417, DW_AT_decl_file("C:\ti\C2000Ware_MotorControl_SDK_5_04_00_00\c2000ware\device_supp
    7724                      .dwattr $C$DW$417, DW_AT_decl_line(0xa7)
    7725                      .dwattr $C$DW$417, DW_AT_decl_column(0x0c)
    7726              
    7727              $C$DW$418       .dwtag  DW_TAG_member
    7728                      .dwattr $C$DW$418, DW_AT_type(*$C$DW$T$47)
    7729                      .dwattr $C$DW$418, DW_AT_name("PCR")
    7730                      .dwattr $C$DW$418, DW_AT_bit_offset(0x08)
    7731                      .dwattr $C$DW$418, DW_AT_bit_size(0x01)
    7732                      .dwattr $C$DW$418, DW_AT_accessibility(DW_ACCESS_public)
    7733                      .dwattr $C$DW$418, DW_AT_decl_file("C:\ti\C2000Ware_MotorControl_SDK_5_04_00_00\c2000ware\device_supp
    7734                      .dwattr $C$DW$418, DW_AT_decl_line(0xa8)
    7735                      .dwattr $C$DW$418, DW_AT_decl_column(0x0c)
    7736              
    7737              $C$DW$419       .dwtag  DW_TAG_member
    7738                      .dwattr $C$DW$419, DW_AT_type(*$C$DW$T$47)
    7739                      .dwattr $C$DW$419, DW_AT_name("PCM")
    7740                      .dwattr $C$DW$419, DW_AT_bit_offset(0x07)
    7741                      .dwattr $C$DW$419, DW_AT_bit_size(0x01)
    7742                      .dwattr $C$DW$419, DW_AT_accessibility(DW_ACCESS_public)
    7743                      .dwattr $C$DW$419, DW_AT_decl_file("C:\ti\C2000Ware_MotorControl_SDK_5_04_00_00\c2000ware\device_supp
    7744                      .dwattr $C$DW$419, DW_AT_decl_line(0xa9)
    7745                      .dwattr $C$DW$419, DW_AT_decl_column(0x0c)
    7746              
    7747              $C$DW$420       .dwtag  DW_TAG_member
    7748                      .dwattr $C$DW$420, DW_AT_type(*$C$DW$T$47)
TMS320C2000 Assembler PC v22.6.2 Mon Jan 26 16:23:05 2026

Copyright (c) 1996-2018 Texas Instruments Incorporated
dual_axis_servo_drive_cpu.asm                                        PAGE  156

    7749                      .dwattr $C$DW$420, DW_AT_name("SEL")
    7750                      .dwattr $C$DW$420, DW_AT_bit_offset(0x06)
    7751                      .dwattr $C$DW$420, DW_AT_bit_size(0x01)
    7752                      .dwattr $C$DW$420, DW_AT_accessibility(DW_ACCESS_public)
    7753                      .dwattr $C$DW$420, DW_AT_decl_file("C:\ti\C2000Ware_MotorControl_SDK_5_04_00_00\c2000ware\device_supp
    7754                      .dwattr $C$DW$420, DW_AT_decl_line(0xaa)
    7755                      .dwattr $C$DW$420, DW_AT_decl_column(0x0c)
    7756              
    7757              $C$DW$421       .dwtag  DW_TAG_member
    7758                      .dwattr $C$DW$421, DW_AT_type(*$C$DW$T$47)
    7759                      .dwattr $C$DW$421, DW_AT_name("IEL")
    7760                      .dwattr $C$DW$421, DW_AT_bit_offset(0x05)
    7761                      .dwattr $C$DW$421, DW_AT_bit_size(0x01)
    7762                      .dwattr $C$DW$421, DW_AT_accessibility(DW_ACCESS_public)
    7763                      .dwattr $C$DW$421, DW_AT_decl_file("C:\ti\C2000Ware_MotorControl_SDK_5_04_00_00\c2000ware\device_supp
    7764                      .dwattr $C$DW$421, DW_AT_decl_line(0xab)
    7765                      .dwattr $C$DW$421, DW_AT_decl_column(0x0c)
    7766              
    7767              $C$DW$422       .dwtag  DW_TAG_member
    7768                      .dwattr $C$DW$422, DW_AT_type(*$C$DW$T$47)
    7769                      .dwattr $C$DW$422, DW_AT_name("UTO")
    7770                      .dwattr $C$DW$422, DW_AT_bit_offset(0x04)
    7771                      .dwattr $C$DW$422, DW_AT_bit_size(0x01)
    7772                      .dwattr $C$DW$422, DW_AT_accessibility(DW_ACCESS_public)
    7773                      .dwattr $C$DW$422, DW_AT_decl_file("C:\ti\C2000Ware_MotorControl_SDK_5_04_00_00\c2000ware\device_supp
    7774                      .dwattr $C$DW$422, DW_AT_decl_line(0xac)
    7775                      .dwattr $C$DW$422, DW_AT_decl_column(0x0c)
    7776              
    7777              $C$DW$423       .dwtag  DW_TAG_member
    7778                      .dwattr $C$DW$423, DW_AT_type(*$C$DW$T$47)
    7779                      .dwattr $C$DW$423, DW_AT_name("QMAE")
    7780                      .dwattr $C$DW$423, DW_AT_bit_offset(0x03)
    7781                      .dwattr $C$DW$423, DW_AT_bit_size(0x01)
    7782                      .dwattr $C$DW$423, DW_AT_accessibility(DW_ACCESS_public)
    7783                      .dwattr $C$DW$423, DW_AT_decl_file("C:\ti\C2000Ware_MotorControl_SDK_5_04_00_00\c2000ware\device_supp
    7784                      .dwattr $C$DW$423, DW_AT_decl_line(0xad)
    7785                      .dwattr $C$DW$423, DW_AT_decl_column(0x0c)
    7786              
    7787              $C$DW$424       .dwtag  DW_TAG_member
    7788                      .dwattr $C$DW$424, DW_AT_type(*$C$DW$T$47)
    7789                      .dwattr $C$DW$424, DW_AT_name("rsvd1")
    7790                      .dwattr $C$DW$424, DW_AT_bit_offset(0x00)
    7791                      .dwattr $C$DW$424, DW_AT_bit_size(0x03)
    7792                      .dwattr $C$DW$424, DW_AT_accessibility(DW_ACCESS_public)
    7793                      .dwattr $C$DW$424, DW_AT_decl_file("C:\ti\C2000Ware_MotorControl_SDK_5_04_00_00\c2000ware\device_supp
    7794                      .dwattr $C$DW$424, DW_AT_decl_line(0xae)
    7795                      .dwattr $C$DW$424, DW_AT_decl_column(0x0c)
    7796              
    7797                      .dwattr $C$DW$T$56, DW_AT_decl_file("C:\ti\C2000Ware_MotorControl_SDK_5_04_00_00\c2000ware\device_sup
    7798                      .dwattr $C$DW$T$56, DW_AT_decl_line(0xa0)
    7799                      .dwattr $C$DW$T$56, DW_AT_decl_column(0x08)
    7800                      .dwendtag $C$DW$T$56
    7801              
    7802                      .dwendtag $C$DW$TU$56
    7803              
TMS320C2000 Assembler PC v22.6.2 Mon Jan 26 16:23:05 2026

Copyright (c) 1996-2018 Texas Instruments Incorporated
dual_axis_servo_drive_cpu.asm                                        PAGE  157

    7804              
    7805              $C$DW$TU$57     .dwtag  DW_TAG_type_unit
    7806                      .dwmtype  $C$DW$T$57
    7807              
    7808              $C$DW$T$57      .dwtag  DW_TAG_union_type
    7809                      .dwattr $C$DW$T$57, DW_AT_name("QCLR_REG")
    7810                      .dwattr $C$DW$T$57, DW_AT_byte_size(0x01)
    7811              $C$DW$425       .dwtag  DW_TAG_member
    7812                      .dwattr $C$DW$425, DW_AT_type(*$C$DW$T$47)
    7813                      .dwattr $C$DW$425, DW_AT_name("all")
    7814                      .dwattr $C$DW$425, DW_AT_accessibility(DW_ACCESS_public)
    7815                      .dwattr $C$DW$425, DW_AT_decl_file("C:\ti\C2000Ware_MotorControl_SDK_5_04_00_00\c2000ware\device_supp
    7816                      .dwattr $C$DW$425, DW_AT_decl_line(0xb2)
    7817                      .dwattr $C$DW$425, DW_AT_decl_column(0x0d)
    7818              
    7819              $C$DW$426       .dwtag  DW_TAG_member
    7820                      .dwattr $C$DW$426, DW_AT_type(*$C$DW$T$56)
    7821                      .dwattr $C$DW$426, DW_AT_name("bit")
    7822                      .dwattr $C$DW$426, DW_AT_accessibility(DW_ACCESS_public)
    7823                      .dwattr $C$DW$426, DW_AT_decl_file("C:\ti\C2000Ware_MotorControl_SDK_5_04_00_00\c2000ware\device_supp
    7824                      .dwattr $C$DW$426, DW_AT_decl_line(0xb3)
    7825                      .dwattr $C$DW$426, DW_AT_decl_column(0x18)
    7826              
    7827                      .dwattr $C$DW$T$57, DW_AT_decl_file("C:\ti\C2000Ware_MotorControl_SDK_5_04_00_00\c2000ware\device_sup
    7828                      .dwattr $C$DW$T$57, DW_AT_decl_line(0xb1)
    7829                      .dwattr $C$DW$T$57, DW_AT_decl_column(0x07)
    7830                      .dwendtag $C$DW$T$57
    7831              
    7832                      .dwendtag $C$DW$TU$57
    7833              
    7834              
    7835              $C$DW$TU$58     .dwtag  DW_TAG_type_unit
    7836                      .dwmtype  $C$DW$T$58
    7837              
    7838              $C$DW$T$58      .dwtag  DW_TAG_structure_type
    7839                      .dwattr $C$DW$T$58, DW_AT_name("QDECCTL_BITS")
    7840                      .dwattr $C$DW$T$58, DW_AT_byte_size(0x01)
    7841              $C$DW$427       .dwtag  DW_TAG_member
    7842                      .dwattr $C$DW$427, DW_AT_type(*$C$DW$T$47)
    7843                      .dwattr $C$DW$427, DW_AT_name("QIDIRE")
    7844                      .dwattr $C$DW$427, DW_AT_bit_offset(0x0f)
    7845                      .dwattr $C$DW$427, DW_AT_bit_size(0x01)
    7846                      .dwattr $C$DW$427, DW_AT_accessibility(DW_ACCESS_public)
    7847                      .dwattr $C$DW$427, DW_AT_decl_file("C:\ti\C2000Ware_MotorControl_SDK_5_04_00_00\c2000ware\device_supp
    7848                      .dwattr $C$DW$427, DW_AT_decl_line(0x35)
    7849                      .dwattr $C$DW$427, DW_AT_decl_column(0x0c)
    7850              
    7851              $C$DW$428       .dwtag  DW_TAG_member
    7852                      .dwattr $C$DW$428, DW_AT_type(*$C$DW$T$47)
    7853                      .dwattr $C$DW$428, DW_AT_name("rsvd1")
    7854                      .dwattr $C$DW$428, DW_AT_bit_offset(0x0b)
    7855                      .dwattr $C$DW$428, DW_AT_bit_size(0x04)
    7856                      .dwattr $C$DW$428, DW_AT_accessibility(DW_ACCESS_public)
    7857                      .dwattr $C$DW$428, DW_AT_decl_file("C:\ti\C2000Ware_MotorControl_SDK_5_04_00_00\c2000ware\device_supp
    7858                      .dwattr $C$DW$428, DW_AT_decl_line(0x36)
TMS320C2000 Assembler PC v22.6.2 Mon Jan 26 16:23:05 2026

Copyright (c) 1996-2018 Texas Instruments Incorporated
dual_axis_servo_drive_cpu.asm                                        PAGE  158

    7859                      .dwattr $C$DW$428, DW_AT_decl_column(0x0c)
    7860              
    7861              $C$DW$429       .dwtag  DW_TAG_member
    7862                      .dwattr $C$DW$429, DW_AT_type(*$C$DW$T$47)
    7863                      .dwattr $C$DW$429, DW_AT_name("QSP")
    7864                      .dwattr $C$DW$429, DW_AT_bit_offset(0x0a)
    7865                      .dwattr $C$DW$429, DW_AT_bit_size(0x01)
    7866                      .dwattr $C$DW$429, DW_AT_accessibility(DW_ACCESS_public)
    7867                      .dwattr $C$DW$429, DW_AT_decl_file("C:\ti\C2000Ware_MotorControl_SDK_5_04_00_00\c2000ware\device_supp
    7868                      .dwattr $C$DW$429, DW_AT_decl_line(0x37)
    7869                      .dwattr $C$DW$429, DW_AT_decl_column(0x0c)
    7870              
    7871              $C$DW$430       .dwtag  DW_TAG_member
    7872                      .dwattr $C$DW$430, DW_AT_type(*$C$DW$T$47)
    7873                      .dwattr $C$DW$430, DW_AT_name("QIP")
    7874                      .dwattr $C$DW$430, DW_AT_bit_offset(0x09)
    7875                      .dwattr $C$DW$430, DW_AT_bit_size(0x01)
    7876                      .dwattr $C$DW$430, DW_AT_accessibility(DW_ACCESS_public)
    7877                      .dwattr $C$DW$430, DW_AT_decl_file("C:\ti\C2000Ware_MotorControl_SDK_5_04_00_00\c2000ware\device_supp
    7878                      .dwattr $C$DW$430, DW_AT_decl_line(0x38)
    7879                      .dwattr $C$DW$430, DW_AT_decl_column(0x0c)
    7880              
    7881              $C$DW$431       .dwtag  DW_TAG_member
    7882                      .dwattr $C$DW$431, DW_AT_type(*$C$DW$T$47)
    7883                      .dwattr $C$DW$431, DW_AT_name("QBP")
    7884                      .dwattr $C$DW$431, DW_AT_bit_offset(0x08)
    7885                      .dwattr $C$DW$431, DW_AT_bit_size(0x01)
    7886                      .dwattr $C$DW$431, DW_AT_accessibility(DW_ACCESS_public)
    7887                      .dwattr $C$DW$431, DW_AT_decl_file("C:\ti\C2000Ware_MotorControl_SDK_5_04_00_00\c2000ware\device_supp
    7888                      .dwattr $C$DW$431, DW_AT_decl_line(0x39)
    7889                      .dwattr $C$DW$431, DW_AT_decl_column(0x0c)
    7890              
    7891              $C$DW$432       .dwtag  DW_TAG_member
    7892                      .dwattr $C$DW$432, DW_AT_type(*$C$DW$T$47)
    7893                      .dwattr $C$DW$432, DW_AT_name("QAP")
    7894                      .dwattr $C$DW$432, DW_AT_bit_offset(0x07)
    7895                      .dwattr $C$DW$432, DW_AT_bit_size(0x01)
    7896                      .dwattr $C$DW$432, DW_AT_accessibility(DW_ACCESS_public)
    7897                      .dwattr $C$DW$432, DW_AT_decl_file("C:\ti\C2000Ware_MotorControl_SDK_5_04_00_00\c2000ware\device_supp
    7898                      .dwattr $C$DW$432, DW_AT_decl_line(0x3a)
    7899                      .dwattr $C$DW$432, DW_AT_decl_column(0x0c)
    7900              
    7901              $C$DW$433       .dwtag  DW_TAG_member
    7902                      .dwattr $C$DW$433, DW_AT_type(*$C$DW$T$47)
    7903                      .dwattr $C$DW$433, DW_AT_name("IGATE")
    7904                      .dwattr $C$DW$433, DW_AT_bit_offset(0x06)
    7905                      .dwattr $C$DW$433, DW_AT_bit_size(0x01)
    7906                      .dwattr $C$DW$433, DW_AT_accessibility(DW_ACCESS_public)
    7907                      .dwattr $C$DW$433, DW_AT_decl_file("C:\ti\C2000Ware_MotorControl_SDK_5_04_00_00\c2000ware\device_supp
    7908                      .dwattr $C$DW$433, DW_AT_decl_line(0x3b)
    7909                      .dwattr $C$DW$433, DW_AT_decl_column(0x0c)
    7910              
    7911              $C$DW$434       .dwtag  DW_TAG_member
    7912                      .dwattr $C$DW$434, DW_AT_type(*$C$DW$T$47)
    7913                      .dwattr $C$DW$434, DW_AT_name("SWAP")
TMS320C2000 Assembler PC v22.6.2 Mon Jan 26 16:23:05 2026

Copyright (c) 1996-2018 Texas Instruments Incorporated
dual_axis_servo_drive_cpu.asm                                        PAGE  159

    7914                      .dwattr $C$DW$434, DW_AT_bit_offset(0x05)
    7915                      .dwattr $C$DW$434, DW_AT_bit_size(0x01)
    7916                      .dwattr $C$DW$434, DW_AT_accessibility(DW_ACCESS_public)
    7917                      .dwattr $C$DW$434, DW_AT_decl_file("C:\ti\C2000Ware_MotorControl_SDK_5_04_00_00\c2000ware\device_supp
    7918                      .dwattr $C$DW$434, DW_AT_decl_line(0x3c)
    7919                      .dwattr $C$DW$434, DW_AT_decl_column(0x0c)
    7920              
    7921              $C$DW$435       .dwtag  DW_TAG_member
    7922                      .dwattr $C$DW$435, DW_AT_type(*$C$DW$T$47)
    7923                      .dwattr $C$DW$435, DW_AT_name("XCR")
    7924                      .dwattr $C$DW$435, DW_AT_bit_offset(0x04)
    7925                      .dwattr $C$DW$435, DW_AT_bit_size(0x01)
    7926                      .dwattr $C$DW$435, DW_AT_accessibility(DW_ACCESS_public)
    7927                      .dwattr $C$DW$435, DW_AT_decl_file("C:\ti\C2000Ware_MotorControl_SDK_5_04_00_00\c2000ware\device_supp
    7928                      .dwattr $C$DW$435, DW_AT_decl_line(0x3d)
    7929                      .dwattr $C$DW$435, DW_AT_decl_column(0x0c)
    7930              
    7931              $C$DW$436       .dwtag  DW_TAG_member
    7932                      .dwattr $C$DW$436, DW_AT_type(*$C$DW$T$47)
    7933                      .dwattr $C$DW$436, DW_AT_name("SPSEL")
    7934                      .dwattr $C$DW$436, DW_AT_bit_offset(0x03)
    7935                      .dwattr $C$DW$436, DW_AT_bit_size(0x01)
    7936                      .dwattr $C$DW$436, DW_AT_accessibility(DW_ACCESS_public)
    7937                      .dwattr $C$DW$436, DW_AT_decl_file("C:\ti\C2000Ware_MotorControl_SDK_5_04_00_00\c2000ware\device_supp
    7938                      .dwattr $C$DW$436, DW_AT_decl_line(0x3e)
    7939                      .dwattr $C$DW$436, DW_AT_decl_column(0x0c)
    7940              
    7941              $C$DW$437       .dwtag  DW_TAG_member
    7942                      .dwattr $C$DW$437, DW_AT_type(*$C$DW$T$47)
    7943                      .dwattr $C$DW$437, DW_AT_name("SOEN")
    7944                      .dwattr $C$DW$437, DW_AT_bit_offset(0x02)
    7945                      .dwattr $C$DW$437, DW_AT_bit_size(0x01)
    7946                      .dwattr $C$DW$437, DW_AT_accessibility(DW_ACCESS_public)
    7947                      .dwattr $C$DW$437, DW_AT_decl_file("C:\ti\C2000Ware_MotorControl_SDK_5_04_00_00\c2000ware\device_supp
    7948                      .dwattr $C$DW$437, DW_AT_decl_line(0x3f)
    7949                      .dwattr $C$DW$437, DW_AT_decl_column(0x0c)
    7950              
    7951              $C$DW$438       .dwtag  DW_TAG_member
    7952                      .dwattr $C$DW$438, DW_AT_type(*$C$DW$T$47)
    7953                      .dwattr $C$DW$438, DW_AT_name("QSRC")
    7954                      .dwattr $C$DW$438, DW_AT_bit_offset(0x00)
    7955                      .dwattr $C$DW$438, DW_AT_bit_size(0x02)
    7956                      .dwattr $C$DW$438, DW_AT_accessibility(DW_ACCESS_public)
    7957                      .dwattr $C$DW$438, DW_AT_decl_file("C:\ti\C2000Ware_MotorControl_SDK_5_04_00_00\c2000ware\device_supp
    7958                      .dwattr $C$DW$438, DW_AT_decl_line(0x40)
    7959                      .dwattr $C$DW$438, DW_AT_decl_column(0x0c)
    7960              
    7961                      .dwattr $C$DW$T$58, DW_AT_decl_file("C:\ti\C2000Ware_MotorControl_SDK_5_04_00_00\c2000ware\device_sup
    7962                      .dwattr $C$DW$T$58, DW_AT_decl_line(0x34)
    7963                      .dwattr $C$DW$T$58, DW_AT_decl_column(0x08)
    7964                      .dwendtag $C$DW$T$58
    7965              
    7966                      .dwendtag $C$DW$TU$58
    7967              
    7968              
TMS320C2000 Assembler PC v22.6.2 Mon Jan 26 16:23:05 2026

Copyright (c) 1996-2018 Texas Instruments Incorporated
dual_axis_servo_drive_cpu.asm                                        PAGE  160

    7969              $C$DW$TU$59     .dwtag  DW_TAG_type_unit
    7970                      .dwmtype  $C$DW$T$59
    7971              
    7972              $C$DW$T$59      .dwtag  DW_TAG_union_type
    7973                      .dwattr $C$DW$T$59, DW_AT_name("QDECCTL_REG")
    7974                      .dwattr $C$DW$T$59, DW_AT_byte_size(0x01)
    7975              $C$DW$439       .dwtag  DW_TAG_member
    7976                      .dwattr $C$DW$439, DW_AT_type(*$C$DW$T$47)
    7977                      .dwattr $C$DW$439, DW_AT_name("all")
    7978                      .dwattr $C$DW$439, DW_AT_accessibility(DW_ACCESS_public)
    7979                      .dwattr $C$DW$439, DW_AT_decl_file("C:\ti\C2000Ware_MotorControl_SDK_5_04_00_00\c2000ware\device_supp
    7980                      .dwattr $C$DW$439, DW_AT_decl_line(0x44)
    7981                      .dwattr $C$DW$439, DW_AT_decl_column(0x0d)
    7982              
    7983              $C$DW$440       .dwtag  DW_TAG_member
    7984                      .dwattr $C$DW$440, DW_AT_type(*$C$DW$T$58)
    7985                      .dwattr $C$DW$440, DW_AT_name("bit")
    7986                      .dwattr $C$DW$440, DW_AT_accessibility(DW_ACCESS_public)
    7987                      .dwattr $C$DW$440, DW_AT_decl_file("C:\ti\C2000Ware_MotorControl_SDK_5_04_00_00\c2000ware\device_supp
    7988                      .dwattr $C$DW$440, DW_AT_decl_line(0x45)
    7989                      .dwattr $C$DW$440, DW_AT_decl_column(0x1b)
    7990              
    7991                      .dwattr $C$DW$T$59, DW_AT_decl_file("C:\ti\C2000Ware_MotorControl_SDK_5_04_00_00\c2000ware\device_sup
    7992                      .dwattr $C$DW$T$59, DW_AT_decl_line(0x43)
    7993                      .dwattr $C$DW$T$59, DW_AT_decl_column(0x07)
    7994                      .dwendtag $C$DW$T$59
    7995              
    7996                      .dwendtag $C$DW$TU$59
    7997              
    7998              
    7999              $C$DW$TU$60     .dwtag  DW_TAG_type_unit
    8000                      .dwmtype  $C$DW$T$60
    8001              
    8002              $C$DW$T$60      .dwtag  DW_TAG_structure_type
    8003                      .dwattr $C$DW$T$60, DW_AT_name("QEINT_BITS")
    8004                      .dwattr $C$DW$T$60, DW_AT_byte_size(0x01)
    8005              $C$DW$441       .dwtag  DW_TAG_member
    8006                      .dwattr $C$DW$441, DW_AT_type(*$C$DW$T$47)
    8007                      .dwattr $C$DW$441, DW_AT_name("rsvd1")
    8008                      .dwattr $C$DW$441, DW_AT_bit_offset(0x0f)
    8009                      .dwattr $C$DW$441, DW_AT_bit_size(0x01)
    8010                      .dwattr $C$DW$441, DW_AT_accessibility(DW_ACCESS_public)
    8011                      .dwattr $C$DW$441, DW_AT_decl_file("C:\ti\C2000Ware_MotorControl_SDK_5_04_00_00\c2000ware\device_supp
    8012                      .dwattr $C$DW$441, DW_AT_decl_line(0x75)
    8013                      .dwattr $C$DW$441, DW_AT_decl_column(0x0c)
    8014              
    8015              $C$DW$442       .dwtag  DW_TAG_member
    8016                      .dwattr $C$DW$442, DW_AT_type(*$C$DW$T$47)
    8017                      .dwattr $C$DW$442, DW_AT_name("PCE")
    8018                      .dwattr $C$DW$442, DW_AT_bit_offset(0x0e)
    8019                      .dwattr $C$DW$442, DW_AT_bit_size(0x01)
    8020                      .dwattr $C$DW$442, DW_AT_accessibility(DW_ACCESS_public)
    8021                      .dwattr $C$DW$442, DW_AT_decl_file("C:\ti\C2000Ware_MotorControl_SDK_5_04_00_00\c2000ware\device_supp
    8022                      .dwattr $C$DW$442, DW_AT_decl_line(0x76)
    8023                      .dwattr $C$DW$442, DW_AT_decl_column(0x0c)
TMS320C2000 Assembler PC v22.6.2 Mon Jan 26 16:23:05 2026

Copyright (c) 1996-2018 Texas Instruments Incorporated
dual_axis_servo_drive_cpu.asm                                        PAGE  161

    8024              
    8025              $C$DW$443       .dwtag  DW_TAG_member
    8026                      .dwattr $C$DW$443, DW_AT_type(*$C$DW$T$47)
    8027                      .dwattr $C$DW$443, DW_AT_name("QPE")
    8028                      .dwattr $C$DW$443, DW_AT_bit_offset(0x0d)
    8029                      .dwattr $C$DW$443, DW_AT_bit_size(0x01)
    8030                      .dwattr $C$DW$443, DW_AT_accessibility(DW_ACCESS_public)
    8031                      .dwattr $C$DW$443, DW_AT_decl_file("C:\ti\C2000Ware_MotorControl_SDK_5_04_00_00\c2000ware\device_supp
    8032                      .dwattr $C$DW$443, DW_AT_decl_line(0x77)
    8033                      .dwattr $C$DW$443, DW_AT_decl_column(0x0c)
    8034              
    8035              $C$DW$444       .dwtag  DW_TAG_member
    8036                      .dwattr $C$DW$444, DW_AT_type(*$C$DW$T$47)
    8037                      .dwattr $C$DW$444, DW_AT_name("QDC")
    8038                      .dwattr $C$DW$444, DW_AT_bit_offset(0x0c)
    8039                      .dwattr $C$DW$444, DW_AT_bit_size(0x01)
    8040                      .dwattr $C$DW$444, DW_AT_accessibility(DW_ACCESS_public)
    8041                      .dwattr $C$DW$444, DW_AT_decl_file("C:\ti\C2000Ware_MotorControl_SDK_5_04_00_00\c2000ware\device_supp
    8042                      .dwattr $C$DW$444, DW_AT_decl_line(0x78)
    8043                      .dwattr $C$DW$444, DW_AT_decl_column(0x0c)
    8044              
    8045              $C$DW$445       .dwtag  DW_TAG_member
    8046                      .dwattr $C$DW$445, DW_AT_type(*$C$DW$T$47)
    8047                      .dwattr $C$DW$445, DW_AT_name("WTO")
    8048                      .dwattr $C$DW$445, DW_AT_bit_offset(0x0b)
    8049                      .dwattr $C$DW$445, DW_AT_bit_size(0x01)
    8050                      .dwattr $C$DW$445, DW_AT_accessibility(DW_ACCESS_public)
    8051                      .dwattr $C$DW$445, DW_AT_decl_file("C:\ti\C2000Ware_MotorControl_SDK_5_04_00_00\c2000ware\device_supp
    8052                      .dwattr $C$DW$445, DW_AT_decl_line(0x79)
    8053                      .dwattr $C$DW$445, DW_AT_decl_column(0x0c)
    8054              
    8055              $C$DW$446       .dwtag  DW_TAG_member
    8056                      .dwattr $C$DW$446, DW_AT_type(*$C$DW$T$47)
    8057                      .dwattr $C$DW$446, DW_AT_name("PCU")
    8058                      .dwattr $C$DW$446, DW_AT_bit_offset(0x0a)
    8059                      .dwattr $C$DW$446, DW_AT_bit_size(0x01)
    8060                      .dwattr $C$DW$446, DW_AT_accessibility(DW_ACCESS_public)
    8061                      .dwattr $C$DW$446, DW_AT_decl_file("C:\ti\C2000Ware_MotorControl_SDK_5_04_00_00\c2000ware\device_supp
    8062                      .dwattr $C$DW$446, DW_AT_decl_line(0x7a)
    8063                      .dwattr $C$DW$446, DW_AT_decl_column(0x0c)
    8064              
    8065              $C$DW$447       .dwtag  DW_TAG_member
    8066                      .dwattr $C$DW$447, DW_AT_type(*$C$DW$T$47)
    8067                      .dwattr $C$DW$447, DW_AT_name("PCO")
    8068                      .dwattr $C$DW$447, DW_AT_bit_offset(0x09)
    8069                      .dwattr $C$DW$447, DW_AT_bit_size(0x01)
    8070                      .dwattr $C$DW$447, DW_AT_accessibility(DW_ACCESS_public)
    8071                      .dwattr $C$DW$447, DW_AT_decl_file("C:\ti\C2000Ware_MotorControl_SDK_5_04_00_00\c2000ware\device_supp
    8072                      .dwattr $C$DW$447, DW_AT_decl_line(0x7b)
    8073                      .dwattr $C$DW$447, DW_AT_decl_column(0x0c)
    8074              
    8075              $C$DW$448       .dwtag  DW_TAG_member
    8076                      .dwattr $C$DW$448, DW_AT_type(*$C$DW$T$47)
    8077                      .dwattr $C$DW$448, DW_AT_name("PCR")
    8078                      .dwattr $C$DW$448, DW_AT_bit_offset(0x08)
TMS320C2000 Assembler PC v22.6.2 Mon Jan 26 16:23:05 2026

Copyright (c) 1996-2018 Texas Instruments Incorporated
dual_axis_servo_drive_cpu.asm                                        PAGE  162

    8079                      .dwattr $C$DW$448, DW_AT_bit_size(0x01)
    8080                      .dwattr $C$DW$448, DW_AT_accessibility(DW_ACCESS_public)
    8081                      .dwattr $C$DW$448, DW_AT_decl_file("C:\ti\C2000Ware_MotorControl_SDK_5_04_00_00\c2000ware\device_supp
    8082                      .dwattr $C$DW$448, DW_AT_decl_line(0x7c)
    8083                      .dwattr $C$DW$448, DW_AT_decl_column(0x0c)
    8084              
    8085              $C$DW$449       .dwtag  DW_TAG_member
    8086                      .dwattr $C$DW$449, DW_AT_type(*$C$DW$T$47)
    8087                      .dwattr $C$DW$449, DW_AT_name("PCM")
    8088                      .dwattr $C$DW$449, DW_AT_bit_offset(0x07)
    8089                      .dwattr $C$DW$449, DW_AT_bit_size(0x01)
    8090                      .dwattr $C$DW$449, DW_AT_accessibility(DW_ACCESS_public)
    8091                      .dwattr $C$DW$449, DW_AT_decl_file("C:\ti\C2000Ware_MotorControl_SDK_5_04_00_00\c2000ware\device_supp
    8092                      .dwattr $C$DW$449, DW_AT_decl_line(0x7d)
    8093                      .dwattr $C$DW$449, DW_AT_decl_column(0x0c)
    8094              
    8095              $C$DW$450       .dwtag  DW_TAG_member
    8096                      .dwattr $C$DW$450, DW_AT_type(*$C$DW$T$47)
    8097                      .dwattr $C$DW$450, DW_AT_name("SEL")
    8098                      .dwattr $C$DW$450, DW_AT_bit_offset(0x06)
    8099                      .dwattr $C$DW$450, DW_AT_bit_size(0x01)
    8100                      .dwattr $C$DW$450, DW_AT_accessibility(DW_ACCESS_public)
    8101                      .dwattr $C$DW$450, DW_AT_decl_file("C:\ti\C2000Ware_MotorControl_SDK_5_04_00_00\c2000ware\device_supp
    8102                      .dwattr $C$DW$450, DW_AT_decl_line(0x7e)
    8103                      .dwattr $C$DW$450, DW_AT_decl_column(0x0c)
    8104              
    8105              $C$DW$451       .dwtag  DW_TAG_member
    8106                      .dwattr $C$DW$451, DW_AT_type(*$C$DW$T$47)
    8107                      .dwattr $C$DW$451, DW_AT_name("IEL")
    8108                      .dwattr $C$DW$451, DW_AT_bit_offset(0x05)
    8109                      .dwattr $C$DW$451, DW_AT_bit_size(0x01)
    8110                      .dwattr $C$DW$451, DW_AT_accessibility(DW_ACCESS_public)
    8111                      .dwattr $C$DW$451, DW_AT_decl_file("C:\ti\C2000Ware_MotorControl_SDK_5_04_00_00\c2000ware\device_supp
    8112                      .dwattr $C$DW$451, DW_AT_decl_line(0x7f)
    8113                      .dwattr $C$DW$451, DW_AT_decl_column(0x0c)
    8114              
    8115              $C$DW$452       .dwtag  DW_TAG_member
    8116                      .dwattr $C$DW$452, DW_AT_type(*$C$DW$T$47)
    8117                      .dwattr $C$DW$452, DW_AT_name("UTO")
    8118                      .dwattr $C$DW$452, DW_AT_bit_offset(0x04)
    8119                      .dwattr $C$DW$452, DW_AT_bit_size(0x01)
    8120                      .dwattr $C$DW$452, DW_AT_accessibility(DW_ACCESS_public)
    8121                      .dwattr $C$DW$452, DW_AT_decl_file("C:\ti\C2000Ware_MotorControl_SDK_5_04_00_00\c2000ware\device_supp
    8122                      .dwattr $C$DW$452, DW_AT_decl_line(0x80)
    8123                      .dwattr $C$DW$452, DW_AT_decl_column(0x0c)
    8124              
    8125              $C$DW$453       .dwtag  DW_TAG_member
    8126                      .dwattr $C$DW$453, DW_AT_type(*$C$DW$T$47)
    8127                      .dwattr $C$DW$453, DW_AT_name("QMAE")
    8128                      .dwattr $C$DW$453, DW_AT_bit_offset(0x03)
    8129                      .dwattr $C$DW$453, DW_AT_bit_size(0x01)
    8130                      .dwattr $C$DW$453, DW_AT_accessibility(DW_ACCESS_public)
    8131                      .dwattr $C$DW$453, DW_AT_decl_file("C:\ti\C2000Ware_MotorControl_SDK_5_04_00_00\c2000ware\device_supp
    8132                      .dwattr $C$DW$453, DW_AT_decl_line(0x81)
    8133                      .dwattr $C$DW$453, DW_AT_decl_column(0x0c)
TMS320C2000 Assembler PC v22.6.2 Mon Jan 26 16:23:05 2026

Copyright (c) 1996-2018 Texas Instruments Incorporated
dual_axis_servo_drive_cpu.asm                                        PAGE  163

    8134              
    8135              $C$DW$454       .dwtag  DW_TAG_member
    8136                      .dwattr $C$DW$454, DW_AT_type(*$C$DW$T$47)
    8137                      .dwattr $C$DW$454, DW_AT_name("rsvd2")
    8138                      .dwattr $C$DW$454, DW_AT_bit_offset(0x00)
    8139                      .dwattr $C$DW$454, DW_AT_bit_size(0x03)
    8140                      .dwattr $C$DW$454, DW_AT_accessibility(DW_ACCESS_public)
    8141                      .dwattr $C$DW$454, DW_AT_decl_file("C:\ti\C2000Ware_MotorControl_SDK_5_04_00_00\c2000ware\device_supp
    8142                      .dwattr $C$DW$454, DW_AT_decl_line(0x82)
    8143                      .dwattr $C$DW$454, DW_AT_decl_column(0x0c)
    8144              
    8145                      .dwattr $C$DW$T$60, DW_AT_decl_file("C:\ti\C2000Ware_MotorControl_SDK_5_04_00_00\c2000ware\device_sup
    8146                      .dwattr $C$DW$T$60, DW_AT_decl_line(0x74)
    8147                      .dwattr $C$DW$T$60, DW_AT_decl_column(0x08)
    8148                      .dwendtag $C$DW$T$60
    8149              
    8150                      .dwendtag $C$DW$TU$60
    8151              
    8152              
    8153              $C$DW$TU$61     .dwtag  DW_TAG_type_unit
    8154                      .dwmtype  $C$DW$T$61
    8155              
    8156              $C$DW$T$61      .dwtag  DW_TAG_union_type
    8157                      .dwattr $C$DW$T$61, DW_AT_name("QEINT_REG")
    8158                      .dwattr $C$DW$T$61, DW_AT_byte_size(0x01)
    8159              $C$DW$455       .dwtag  DW_TAG_member
    8160                      .dwattr $C$DW$455, DW_AT_type(*$C$DW$T$47)
    8161                      .dwattr $C$DW$455, DW_AT_name("all")
    8162                      .dwattr $C$DW$455, DW_AT_accessibility(DW_ACCESS_public)
    8163                      .dwattr $C$DW$455, DW_AT_decl_file("C:\ti\C2000Ware_MotorControl_SDK_5_04_00_00\c2000ware\device_supp
    8164                      .dwattr $C$DW$455, DW_AT_decl_line(0x86)
    8165                      .dwattr $C$DW$455, DW_AT_decl_column(0x0d)
    8166              
    8167              $C$DW$456       .dwtag  DW_TAG_member
    8168                      .dwattr $C$DW$456, DW_AT_type(*$C$DW$T$60)
    8169                      .dwattr $C$DW$456, DW_AT_name("bit")
    8170                      .dwattr $C$DW$456, DW_AT_accessibility(DW_ACCESS_public)
    8171                      .dwattr $C$DW$456, DW_AT_decl_file("C:\ti\C2000Ware_MotorControl_SDK_5_04_00_00\c2000ware\device_supp
    8172                      .dwattr $C$DW$456, DW_AT_decl_line(0x87)
    8173                      .dwattr $C$DW$456, DW_AT_decl_column(0x19)
    8174              
    8175                      .dwattr $C$DW$T$61, DW_AT_decl_file("C:\ti\C2000Ware_MotorControl_SDK_5_04_00_00\c2000ware\device_sup
    8176                      .dwattr $C$DW$T$61, DW_AT_decl_line(0x85)
    8177                      .dwattr $C$DW$T$61, DW_AT_decl_column(0x07)
    8178                      .dwendtag $C$DW$T$61
    8179              
    8180                      .dwendtag $C$DW$TU$61
    8181              
    8182              
    8183              $C$DW$TU$62     .dwtag  DW_TAG_type_unit
    8184                      .dwmtype  $C$DW$T$62
    8185              
    8186              $C$DW$T$62      .dwtag  DW_TAG_structure_type
    8187                      .dwattr $C$DW$T$62, DW_AT_name("QEPCTL_BITS")
    8188                      .dwattr $C$DW$T$62, DW_AT_byte_size(0x01)
TMS320C2000 Assembler PC v22.6.2 Mon Jan 26 16:23:05 2026

Copyright (c) 1996-2018 Texas Instruments Incorporated
dual_axis_servo_drive_cpu.asm                                        PAGE  164

    8189              $C$DW$457       .dwtag  DW_TAG_member
    8190                      .dwattr $C$DW$457, DW_AT_type(*$C$DW$T$47)
    8191                      .dwattr $C$DW$457, DW_AT_name("WDE")
    8192                      .dwattr $C$DW$457, DW_AT_bit_offset(0x0f)
    8193                      .dwattr $C$DW$457, DW_AT_bit_size(0x01)
    8194                      .dwattr $C$DW$457, DW_AT_accessibility(DW_ACCESS_public)
    8195                      .dwattr $C$DW$457, DW_AT_decl_file("C:\ti\C2000Ware_MotorControl_SDK_5_04_00_00\c2000ware\device_supp
    8196                      .dwattr $C$DW$457, DW_AT_decl_line(0x49)
    8197                      .dwattr $C$DW$457, DW_AT_decl_column(0x0c)
    8198              
    8199              $C$DW$458       .dwtag  DW_TAG_member
    8200                      .dwattr $C$DW$458, DW_AT_type(*$C$DW$T$47)
    8201                      .dwattr $C$DW$458, DW_AT_name("UTE")
    8202                      .dwattr $C$DW$458, DW_AT_bit_offset(0x0e)
    8203                      .dwattr $C$DW$458, DW_AT_bit_size(0x01)
    8204                      .dwattr $C$DW$458, DW_AT_accessibility(DW_ACCESS_public)
    8205                      .dwattr $C$DW$458, DW_AT_decl_file("C:\ti\C2000Ware_MotorControl_SDK_5_04_00_00\c2000ware\device_supp
    8206                      .dwattr $C$DW$458, DW_AT_decl_line(0x4a)
    8207                      .dwattr $C$DW$458, DW_AT_decl_column(0x0c)
    8208              
    8209              $C$DW$459       .dwtag  DW_TAG_member
    8210                      .dwattr $C$DW$459, DW_AT_type(*$C$DW$T$47)
    8211                      .dwattr $C$DW$459, DW_AT_name("QCLM")
    8212                      .dwattr $C$DW$459, DW_AT_bit_offset(0x0d)
    8213                      .dwattr $C$DW$459, DW_AT_bit_size(0x01)
    8214                      .dwattr $C$DW$459, DW_AT_accessibility(DW_ACCESS_public)
    8215                      .dwattr $C$DW$459, DW_AT_decl_file("C:\ti\C2000Ware_MotorControl_SDK_5_04_00_00\c2000ware\device_supp
    8216                      .dwattr $C$DW$459, DW_AT_decl_line(0x4b)
    8217                      .dwattr $C$DW$459, DW_AT_decl_column(0x0c)
    8218              
    8219              $C$DW$460       .dwtag  DW_TAG_member
    8220                      .dwattr $C$DW$460, DW_AT_type(*$C$DW$T$47)
    8221                      .dwattr $C$DW$460, DW_AT_name("QPEN")
    8222                      .dwattr $C$DW$460, DW_AT_bit_offset(0x0c)
    8223                      .dwattr $C$DW$460, DW_AT_bit_size(0x01)
    8224                      .dwattr $C$DW$460, DW_AT_accessibility(DW_ACCESS_public)
    8225                      .dwattr $C$DW$460, DW_AT_decl_file("C:\ti\C2000Ware_MotorControl_SDK_5_04_00_00\c2000ware\device_supp
    8226                      .dwattr $C$DW$460, DW_AT_decl_line(0x4c)
    8227                      .dwattr $C$DW$460, DW_AT_decl_column(0x0c)
    8228              
    8229              $C$DW$461       .dwtag  DW_TAG_member
    8230                      .dwattr $C$DW$461, DW_AT_type(*$C$DW$T$47)
    8231                      .dwattr $C$DW$461, DW_AT_name("IEL")
    8232                      .dwattr $C$DW$461, DW_AT_bit_offset(0x0a)
    8233                      .dwattr $C$DW$461, DW_AT_bit_size(0x02)
    8234                      .dwattr $C$DW$461, DW_AT_accessibility(DW_ACCESS_public)
    8235                      .dwattr $C$DW$461, DW_AT_decl_file("C:\ti\C2000Ware_MotorControl_SDK_5_04_00_00\c2000ware\device_supp
    8236                      .dwattr $C$DW$461, DW_AT_decl_line(0x4d)
    8237                      .dwattr $C$DW$461, DW_AT_decl_column(0x0c)
    8238              
    8239              $C$DW$462       .dwtag  DW_TAG_member
    8240                      .dwattr $C$DW$462, DW_AT_type(*$C$DW$T$47)
    8241                      .dwattr $C$DW$462, DW_AT_name("SEL")
    8242                      .dwattr $C$DW$462, DW_AT_bit_offset(0x09)
    8243                      .dwattr $C$DW$462, DW_AT_bit_size(0x01)
TMS320C2000 Assembler PC v22.6.2 Mon Jan 26 16:23:05 2026

Copyright (c) 1996-2018 Texas Instruments Incorporated
dual_axis_servo_drive_cpu.asm                                        PAGE  165

    8244                      .dwattr $C$DW$462, DW_AT_accessibility(DW_ACCESS_public)
    8245                      .dwattr $C$DW$462, DW_AT_decl_file("C:\ti\C2000Ware_MotorControl_SDK_5_04_00_00\c2000ware\device_supp
    8246                      .dwattr $C$DW$462, DW_AT_decl_line(0x4e)
    8247                      .dwattr $C$DW$462, DW_AT_decl_column(0x0c)
    8248              
    8249              $C$DW$463       .dwtag  DW_TAG_member
    8250                      .dwattr $C$DW$463, DW_AT_type(*$C$DW$T$47)
    8251                      .dwattr $C$DW$463, DW_AT_name("SWI")
    8252                      .dwattr $C$DW$463, DW_AT_bit_offset(0x08)
    8253                      .dwattr $C$DW$463, DW_AT_bit_size(0x01)
    8254                      .dwattr $C$DW$463, DW_AT_accessibility(DW_ACCESS_public)
    8255                      .dwattr $C$DW$463, DW_AT_decl_file("C:\ti\C2000Ware_MotorControl_SDK_5_04_00_00\c2000ware\device_supp
    8256                      .dwattr $C$DW$463, DW_AT_decl_line(0x4f)
    8257                      .dwattr $C$DW$463, DW_AT_decl_column(0x0c)
    8258              
    8259              $C$DW$464       .dwtag  DW_TAG_member
    8260                      .dwattr $C$DW$464, DW_AT_type(*$C$DW$T$47)
    8261                      .dwattr $C$DW$464, DW_AT_name("IEI")
    8262                      .dwattr $C$DW$464, DW_AT_bit_offset(0x06)
    8263                      .dwattr $C$DW$464, DW_AT_bit_size(0x02)
    8264                      .dwattr $C$DW$464, DW_AT_accessibility(DW_ACCESS_public)
    8265                      .dwattr $C$DW$464, DW_AT_decl_file("C:\ti\C2000Ware_MotorControl_SDK_5_04_00_00\c2000ware\device_supp
    8266                      .dwattr $C$DW$464, DW_AT_decl_line(0x50)
    8267                      .dwattr $C$DW$464, DW_AT_decl_column(0x0c)
    8268              
    8269              $C$DW$465       .dwtag  DW_TAG_member
    8270                      .dwattr $C$DW$465, DW_AT_type(*$C$DW$T$47)
    8271                      .dwattr $C$DW$465, DW_AT_name("SEI")
    8272                      .dwattr $C$DW$465, DW_AT_bit_offset(0x04)
    8273                      .dwattr $C$DW$465, DW_AT_bit_size(0x02)
    8274                      .dwattr $C$DW$465, DW_AT_accessibility(DW_ACCESS_public)
    8275                      .dwattr $C$DW$465, DW_AT_decl_file("C:\ti\C2000Ware_MotorControl_SDK_5_04_00_00\c2000ware\device_supp
    8276                      .dwattr $C$DW$465, DW_AT_decl_line(0x51)
    8277                      .dwattr $C$DW$465, DW_AT_decl_column(0x0c)
    8278              
    8279              $C$DW$466       .dwtag  DW_TAG_member
    8280                      .dwattr $C$DW$466, DW_AT_type(*$C$DW$T$47)
    8281                      .dwattr $C$DW$466, DW_AT_name("PCRM")
    8282                      .dwattr $C$DW$466, DW_AT_bit_offset(0x02)
    8283                      .dwattr $C$DW$466, DW_AT_bit_size(0x02)
    8284                      .dwattr $C$DW$466, DW_AT_accessibility(DW_ACCESS_public)
    8285                      .dwattr $C$DW$466, DW_AT_decl_file("C:\ti\C2000Ware_MotorControl_SDK_5_04_00_00\c2000ware\device_supp
    8286                      .dwattr $C$DW$466, DW_AT_decl_line(0x52)
    8287                      .dwattr $C$DW$466, DW_AT_decl_column(0x0c)
    8288              
    8289              $C$DW$467       .dwtag  DW_TAG_member
    8290                      .dwattr $C$DW$467, DW_AT_type(*$C$DW$T$47)
    8291                      .dwattr $C$DW$467, DW_AT_name("FREE_SOFT")
    8292                      .dwattr $C$DW$467, DW_AT_bit_offset(0x00)
    8293                      .dwattr $C$DW$467, DW_AT_bit_size(0x02)
    8294                      .dwattr $C$DW$467, DW_AT_accessibility(DW_ACCESS_public)
    8295                      .dwattr $C$DW$467, DW_AT_decl_file("C:\ti\C2000Ware_MotorControl_SDK_5_04_00_00\c2000ware\device_supp
    8296                      .dwattr $C$DW$467, DW_AT_decl_line(0x53)
    8297                      .dwattr $C$DW$467, DW_AT_decl_column(0x0c)
    8298              
TMS320C2000 Assembler PC v22.6.2 Mon Jan 26 16:23:05 2026

Copyright (c) 1996-2018 Texas Instruments Incorporated
dual_axis_servo_drive_cpu.asm                                        PAGE  166

    8299                      .dwattr $C$DW$T$62, DW_AT_decl_file("C:\ti\C2000Ware_MotorControl_SDK_5_04_00_00\c2000ware\device_sup
    8300                      .dwattr $C$DW$T$62, DW_AT_decl_line(0x48)
    8301                      .dwattr $C$DW$T$62, DW_AT_decl_column(0x08)
    8302                      .dwendtag $C$DW$T$62
    8303              
    8304                      .dwendtag $C$DW$TU$62
    8305              
    8306              
    8307              $C$DW$TU$63     .dwtag  DW_TAG_type_unit
    8308                      .dwmtype  $C$DW$T$63
    8309              
    8310              $C$DW$T$63      .dwtag  DW_TAG_union_type
    8311                      .dwattr $C$DW$T$63, DW_AT_name("QEPCTL_REG")
    8312                      .dwattr $C$DW$T$63, DW_AT_byte_size(0x01)
    8313              $C$DW$468       .dwtag  DW_TAG_member
    8314                      .dwattr $C$DW$468, DW_AT_type(*$C$DW$T$47)
    8315                      .dwattr $C$DW$468, DW_AT_name("all")
    8316                      .dwattr $C$DW$468, DW_AT_accessibility(DW_ACCESS_public)
    8317                      .dwattr $C$DW$468, DW_AT_decl_file("C:\ti\C2000Ware_MotorControl_SDK_5_04_00_00\c2000ware\device_supp
    8318                      .dwattr $C$DW$468, DW_AT_decl_line(0x57)
    8319                      .dwattr $C$DW$468, DW_AT_decl_column(0x0d)
    8320              
    8321              $C$DW$469       .dwtag  DW_TAG_member
    8322                      .dwattr $C$DW$469, DW_AT_type(*$C$DW$T$62)
    8323                      .dwattr $C$DW$469, DW_AT_name("bit")
    8324                      .dwattr $C$DW$469, DW_AT_accessibility(DW_ACCESS_public)
    8325                      .dwattr $C$DW$469, DW_AT_decl_file("C:\ti\C2000Ware_MotorControl_SDK_5_04_00_00\c2000ware\device_supp
    8326                      .dwattr $C$DW$469, DW_AT_decl_line(0x58)
    8327                      .dwattr $C$DW$469, DW_AT_decl_column(0x1a)
    8328              
    8329                      .dwattr $C$DW$T$63, DW_AT_decl_file("C:\ti\C2000Ware_MotorControl_SDK_5_04_00_00\c2000ware\device_sup
    8330                      .dwattr $C$DW$T$63, DW_AT_decl_line(0x56)
    8331                      .dwattr $C$DW$T$63, DW_AT_decl_column(0x07)
    8332                      .dwendtag $C$DW$T$63
    8333              
    8334                      .dwendtag $C$DW$TU$63
    8335              
    8336              
    8337              $C$DW$TU$64     .dwtag  DW_TAG_type_unit
    8338                      .dwmtype  $C$DW$T$64
    8339              
    8340              $C$DW$T$64      .dwtag  DW_TAG_structure_type
    8341                      .dwattr $C$DW$T$64, DW_AT_name("QEPSRCSEL_BITS")
    8342                      .dwattr $C$DW$T$64, DW_AT_byte_size(0x02)
    8343              $C$DW$470       .dwtag  DW_TAG_member
    8344                      .dwattr $C$DW$470, DW_AT_type(*$C$DW$T$47)
    8345                      .dwattr $C$DW$470, DW_AT_name("QEPASEL")
    8346                      .dwattr $C$DW$470, DW_AT_bit_offset(0x0c)
    8347                      .dwattr $C$DW$470, DW_AT_bit_size(0x04)
    8348                      .dwattr $C$DW$470, DW_AT_accessibility(DW_ACCESS_public)
    8349                      .dwattr $C$DW$470, DW_AT_decl_file("C:\ti\C2000Ware_MotorControl_SDK_5_04_00_00\c2000ware\device_supp
    8350                      .dwattr $C$DW$470, DW_AT_decl_line(0x100)
    8351                      .dwattr $C$DW$470, DW_AT_decl_column(0x0c)
    8352              
    8353              $C$DW$471       .dwtag  DW_TAG_member
TMS320C2000 Assembler PC v22.6.2 Mon Jan 26 16:23:05 2026

Copyright (c) 1996-2018 Texas Instruments Incorporated
dual_axis_servo_drive_cpu.asm                                        PAGE  167

    8354                      .dwattr $C$DW$471, DW_AT_type(*$C$DW$T$47)
    8355                      .dwattr $C$DW$471, DW_AT_name("QEPBSEL")
    8356                      .dwattr $C$DW$471, DW_AT_bit_offset(0x08)
    8357                      .dwattr $C$DW$471, DW_AT_bit_size(0x04)
    8358                      .dwattr $C$DW$471, DW_AT_accessibility(DW_ACCESS_public)
    8359                      .dwattr $C$DW$471, DW_AT_decl_file("C:\ti\C2000Ware_MotorControl_SDK_5_04_00_00\c2000ware\device_supp
    8360                      .dwattr $C$DW$471, DW_AT_decl_line(0x101)
    8361                      .dwattr $C$DW$471, DW_AT_decl_column(0x0c)
    8362              
    8363              $C$DW$472       .dwtag  DW_TAG_member
    8364                      .dwattr $C$DW$472, DW_AT_type(*$C$DW$T$47)
    8365                      .dwattr $C$DW$472, DW_AT_name("QEPISEL")
    8366                      .dwattr $C$DW$472, DW_AT_bit_offset(0x04)
    8367                      .dwattr $C$DW$472, DW_AT_bit_size(0x04)
    8368                      .dwattr $C$DW$472, DW_AT_accessibility(DW_ACCESS_public)
    8369                      .dwattr $C$DW$472, DW_AT_decl_file("C:\ti\C2000Ware_MotorControl_SDK_5_04_00_00\c2000ware\device_supp
    8370                      .dwattr $C$DW$472, DW_AT_decl_line(0x102)
    8371                      .dwattr $C$DW$472, DW_AT_decl_column(0x0c)
    8372              
    8373              $C$DW$473       .dwtag  DW_TAG_member
    8374                      .dwattr $C$DW$473, DW_AT_type(*$C$DW$T$47)
    8375                      .dwattr $C$DW$473, DW_AT_name("QEPSSEL")
    8376                      .dwattr $C$DW$473, DW_AT_bit_offset(0x00)
    8377                      .dwattr $C$DW$473, DW_AT_bit_size(0x04)
    8378                      .dwattr $C$DW$473, DW_AT_accessibility(DW_ACCESS_public)
    8379                      .dwattr $C$DW$473, DW_AT_decl_file("C:\ti\C2000Ware_MotorControl_SDK_5_04_00_00\c2000ware\device_supp
    8380                      .dwattr $C$DW$473, DW_AT_decl_line(0x103)
    8381                      .dwattr $C$DW$473, DW_AT_decl_column(0x0c)
    8382              
    8383              $C$DW$474       .dwtag  DW_TAG_member
    8384                      .dwattr $C$DW$474, DW_AT_type(*$C$DW$T$47)
    8385                      .dwattr $C$DW$474, DW_AT_name("rsvd1")
    8386                      .dwattr $C$DW$474, DW_AT_bit_offset(0x00)
    8387                      .dwattr $C$DW$474, DW_AT_bit_size(0x10)
    8388                      .dwattr $C$DW$474, DW_AT_data_member_location[DW_OP_plus_uconst 0x1]
    8389                      .dwattr $C$DW$474, DW_AT_accessibility(DW_ACCESS_public)
    8390                      .dwattr $C$DW$474, DW_AT_decl_file("C:\ti\C2000Ware_MotorControl_SDK_5_04_00_00\c2000ware\device_supp
    8391                      .dwattr $C$DW$474, DW_AT_decl_line(0x104)
    8392                      .dwattr $C$DW$474, DW_AT_decl_column(0x0c)
    8393              
    8394                      .dwattr $C$DW$T$64, DW_AT_decl_file("C:\ti\C2000Ware_MotorControl_SDK_5_04_00_00\c2000ware\device_sup
    8395                      .dwattr $C$DW$T$64, DW_AT_decl_line(0xff)
    8396                      .dwattr $C$DW$T$64, DW_AT_decl_column(0x08)
    8397                      .dwendtag $C$DW$T$64
    8398              
    8399                      .dwendtag $C$DW$TU$64
    8400              
    8401              
    8402              $C$DW$TU$65     .dwtag  DW_TAG_type_unit
    8403                      .dwmtype  $C$DW$T$65
    8404              
    8405              $C$DW$T$65      .dwtag  DW_TAG_union_type
    8406                      .dwattr $C$DW$T$65, DW_AT_name("QEPSRCSEL_REG")
    8407                      .dwattr $C$DW$T$65, DW_AT_byte_size(0x02)
    8408              $C$DW$475       .dwtag  DW_TAG_member
TMS320C2000 Assembler PC v22.6.2 Mon Jan 26 16:23:05 2026

Copyright (c) 1996-2018 Texas Instruments Incorporated
dual_axis_servo_drive_cpu.asm                                        PAGE  168

    8409                      .dwattr $C$DW$475, DW_AT_type(*$C$DW$T$50)
    8410                      .dwattr $C$DW$475, DW_AT_name("all")
    8411                      .dwattr $C$DW$475, DW_AT_accessibility(DW_ACCESS_public)
    8412                      .dwattr $C$DW$475, DW_AT_decl_file("C:\ti\C2000Ware_MotorControl_SDK_5_04_00_00\c2000ware\device_supp
    8413                      .dwattr $C$DW$475, DW_AT_decl_line(0x108)
    8414                      .dwattr $C$DW$475, DW_AT_decl_column(0x0d)
    8415              
    8416              $C$DW$476       .dwtag  DW_TAG_member
    8417                      .dwattr $C$DW$476, DW_AT_type(*$C$DW$T$64)
    8418                      .dwattr $C$DW$476, DW_AT_name("bit")
    8419                      .dwattr $C$DW$476, DW_AT_accessibility(DW_ACCESS_public)
    8420                      .dwattr $C$DW$476, DW_AT_decl_file("C:\ti\C2000Ware_MotorControl_SDK_5_04_00_00\c2000ware\device_supp
    8421                      .dwattr $C$DW$476, DW_AT_decl_line(0x109)
    8422                      .dwattr $C$DW$476, DW_AT_decl_column(0x1d)
    8423              
    8424                      .dwattr $C$DW$T$65, DW_AT_decl_file("C:\ti\C2000Ware_MotorControl_SDK_5_04_00_00\c2000ware\device_sup
    8425                      .dwattr $C$DW$T$65, DW_AT_decl_line(0x107)
    8426                      .dwattr $C$DW$T$65, DW_AT_decl_column(0x07)
    8427                      .dwendtag $C$DW$T$65
    8428              
    8429                      .dwendtag $C$DW$TU$65
    8430              
    8431              
    8432              $C$DW$TU$66     .dwtag  DW_TAG_type_unit
    8433                      .dwmtype  $C$DW$T$66
    8434              
    8435              $C$DW$T$66      .dwtag  DW_TAG_structure_type
    8436                      .dwattr $C$DW$T$66, DW_AT_name("QEPSTROBESEL_BITS")
    8437                      .dwattr $C$DW$T$66, DW_AT_byte_size(0x02)
    8438              $C$DW$477       .dwtag  DW_TAG_member
    8439                      .dwattr $C$DW$477, DW_AT_type(*$C$DW$T$47)
    8440                      .dwattr $C$DW$477, DW_AT_name("STROBESEL")
    8441                      .dwattr $C$DW$477, DW_AT_bit_offset(0x0e)
    8442                      .dwattr $C$DW$477, DW_AT_bit_size(0x02)
    8443                      .dwattr $C$DW$477, DW_AT_accessibility(DW_ACCESS_public)
    8444                      .dwattr $C$DW$477, DW_AT_decl_file("C:\ti\C2000Ware_MotorControl_SDK_5_04_00_00\c2000ware\device_supp
    8445                      .dwattr $C$DW$477, DW_AT_decl_line(0xea)
    8446                      .dwattr $C$DW$477, DW_AT_decl_column(0x0c)
    8447              
    8448              $C$DW$478       .dwtag  DW_TAG_member
    8449                      .dwattr $C$DW$478, DW_AT_type(*$C$DW$T$47)
    8450                      .dwattr $C$DW$478, DW_AT_name("rsvd1")
    8451                      .dwattr $C$DW$478, DW_AT_bit_offset(0x00)
    8452                      .dwattr $C$DW$478, DW_AT_bit_size(0x0e)
    8453                      .dwattr $C$DW$478, DW_AT_accessibility(DW_ACCESS_public)
    8454                      .dwattr $C$DW$478, DW_AT_decl_file("C:\ti\C2000Ware_MotorControl_SDK_5_04_00_00\c2000ware\device_supp
    8455                      .dwattr $C$DW$478, DW_AT_decl_line(0xeb)
    8456                      .dwattr $C$DW$478, DW_AT_decl_column(0x0c)
    8457              
    8458              $C$DW$479       .dwtag  DW_TAG_member
    8459                      .dwattr $C$DW$479, DW_AT_type(*$C$DW$T$47)
    8460                      .dwattr $C$DW$479, DW_AT_name("rsvd2")
    8461                      .dwattr $C$DW$479, DW_AT_bit_offset(0x00)
    8462                      .dwattr $C$DW$479, DW_AT_bit_size(0x10)
    8463                      .dwattr $C$DW$479, DW_AT_data_member_location[DW_OP_plus_uconst 0x1]
TMS320C2000 Assembler PC v22.6.2 Mon Jan 26 16:23:05 2026

Copyright (c) 1996-2018 Texas Instruments Incorporated
dual_axis_servo_drive_cpu.asm                                        PAGE  169

    8464                      .dwattr $C$DW$479, DW_AT_accessibility(DW_ACCESS_public)
    8465                      .dwattr $C$DW$479, DW_AT_decl_file("C:\ti\C2000Ware_MotorControl_SDK_5_04_00_00\c2000ware\device_supp
    8466                      .dwattr $C$DW$479, DW_AT_decl_line(0xec)
    8467                      .dwattr $C$DW$479, DW_AT_decl_column(0x0c)
    8468              
    8469                      .dwattr $C$DW$T$66, DW_AT_decl_file("C:\ti\C2000Ware_MotorControl_SDK_5_04_00_00\c2000ware\device_sup
    8470                      .dwattr $C$DW$T$66, DW_AT_decl_line(0xe9)
    8471                      .dwattr $C$DW$T$66, DW_AT_decl_column(0x08)
    8472                      .dwendtag $C$DW$T$66
    8473              
    8474                      .dwendtag $C$DW$TU$66
    8475              
    8476              
    8477              $C$DW$TU$67     .dwtag  DW_TAG_type_unit
    8478                      .dwmtype  $C$DW$T$67
    8479              
    8480              $C$DW$T$67      .dwtag  DW_TAG_union_type
    8481                      .dwattr $C$DW$T$67, DW_AT_name("QEPSTROBESEL_REG")
    8482                      .dwattr $C$DW$T$67, DW_AT_byte_size(0x02)
    8483              $C$DW$480       .dwtag  DW_TAG_member
    8484                      .dwattr $C$DW$480, DW_AT_type(*$C$DW$T$50)
    8485                      .dwattr $C$DW$480, DW_AT_name("all")
    8486                      .dwattr $C$DW$480, DW_AT_accessibility(DW_ACCESS_public)
    8487                      .dwattr $C$DW$480, DW_AT_decl_file("C:\ti\C2000Ware_MotorControl_SDK_5_04_00_00\c2000ware\device_supp
    8488                      .dwattr $C$DW$480, DW_AT_decl_line(0xf0)
    8489                      .dwattr $C$DW$480, DW_AT_decl_column(0x0d)
    8490              
    8491              $C$DW$481       .dwtag  DW_TAG_member
    8492                      .dwattr $C$DW$481, DW_AT_type(*$C$DW$T$66)
    8493                      .dwattr $C$DW$481, DW_AT_name("bit")
    8494                      .dwattr $C$DW$481, DW_AT_accessibility(DW_ACCESS_public)
    8495                      .dwattr $C$DW$481, DW_AT_decl_file("C:\ti\C2000Ware_MotorControl_SDK_5_04_00_00\c2000ware\device_supp
    8496                      .dwattr $C$DW$481, DW_AT_decl_line(0xf1)
    8497                      .dwattr $C$DW$481, DW_AT_decl_column(0x20)
    8498              
    8499                      .dwattr $C$DW$T$67, DW_AT_decl_file("C:\ti\C2000Ware_MotorControl_SDK_5_04_00_00\c2000ware\device_sup
    8500                      .dwattr $C$DW$T$67, DW_AT_decl_line(0xef)
    8501                      .dwattr $C$DW$T$67, DW_AT_decl_column(0x07)
    8502                      .dwendtag $C$DW$T$67
    8503              
    8504                      .dwendtag $C$DW$TU$67
    8505              
    8506              
    8507              $C$DW$TU$68     .dwtag  DW_TAG_type_unit
    8508                      .dwmtype  $C$DW$T$68
    8509              
    8510              $C$DW$T$68      .dwtag  DW_TAG_structure_type
    8511                      .dwattr $C$DW$T$68, DW_AT_name("QEPSTS_BITS")
    8512                      .dwattr $C$DW$T$68, DW_AT_byte_size(0x01)
    8513              $C$DW$482       .dwtag  DW_TAG_member
    8514                      .dwattr $C$DW$482, DW_AT_type(*$C$DW$T$47)
    8515                      .dwattr $C$DW$482, DW_AT_name("PCEF")
    8516                      .dwattr $C$DW$482, DW_AT_bit_offset(0x0f)
    8517                      .dwattr $C$DW$482, DW_AT_bit_size(0x01)
    8518                      .dwattr $C$DW$482, DW_AT_accessibility(DW_ACCESS_public)
TMS320C2000 Assembler PC v22.6.2 Mon Jan 26 16:23:05 2026

Copyright (c) 1996-2018 Texas Instruments Incorporated
dual_axis_servo_drive_cpu.asm                                        PAGE  170

    8519                      .dwattr $C$DW$482, DW_AT_decl_file("C:\ti\C2000Ware_MotorControl_SDK_5_04_00_00\c2000ware\device_supp
    8520                      .dwattr $C$DW$482, DW_AT_decl_line(0xcd)
    8521                      .dwattr $C$DW$482, DW_AT_decl_column(0x0c)
    8522              
    8523              $C$DW$483       .dwtag  DW_TAG_member
    8524                      .dwattr $C$DW$483, DW_AT_type(*$C$DW$T$47)
    8525                      .dwattr $C$DW$483, DW_AT_name("FIMF")
    8526                      .dwattr $C$DW$483, DW_AT_bit_offset(0x0e)
    8527                      .dwattr $C$DW$483, DW_AT_bit_size(0x01)
    8528                      .dwattr $C$DW$483, DW_AT_accessibility(DW_ACCESS_public)
    8529                      .dwattr $C$DW$483, DW_AT_decl_file("C:\ti\C2000Ware_MotorControl_SDK_5_04_00_00\c2000ware\device_supp
    8530                      .dwattr $C$DW$483, DW_AT_decl_line(0xce)
    8531                      .dwattr $C$DW$483, DW_AT_decl_column(0x0c)
    8532              
    8533              $C$DW$484       .dwtag  DW_TAG_member
    8534                      .dwattr $C$DW$484, DW_AT_type(*$C$DW$T$47)
    8535                      .dwattr $C$DW$484, DW_AT_name("CDEF")
    8536                      .dwattr $C$DW$484, DW_AT_bit_offset(0x0d)
    8537                      .dwattr $C$DW$484, DW_AT_bit_size(0x01)
    8538                      .dwattr $C$DW$484, DW_AT_accessibility(DW_ACCESS_public)
    8539                      .dwattr $C$DW$484, DW_AT_decl_file("C:\ti\C2000Ware_MotorControl_SDK_5_04_00_00\c2000ware\device_supp
    8540                      .dwattr $C$DW$484, DW_AT_decl_line(0xcf)
    8541                      .dwattr $C$DW$484, DW_AT_decl_column(0x0c)
    8542              
    8543              $C$DW$485       .dwtag  DW_TAG_member
    8544                      .dwattr $C$DW$485, DW_AT_type(*$C$DW$T$47)
    8545                      .dwattr $C$DW$485, DW_AT_name("COEF")
    8546                      .dwattr $C$DW$485, DW_AT_bit_offset(0x0c)
    8547                      .dwattr $C$DW$485, DW_AT_bit_size(0x01)
    8548                      .dwattr $C$DW$485, DW_AT_accessibility(DW_ACCESS_public)
    8549                      .dwattr $C$DW$485, DW_AT_decl_file("C:\ti\C2000Ware_MotorControl_SDK_5_04_00_00\c2000ware\device_supp
    8550                      .dwattr $C$DW$485, DW_AT_decl_line(0xd0)
    8551                      .dwattr $C$DW$485, DW_AT_decl_column(0x0c)
    8552              
    8553              $C$DW$486       .dwtag  DW_TAG_member
    8554                      .dwattr $C$DW$486, DW_AT_type(*$C$DW$T$47)
    8555                      .dwattr $C$DW$486, DW_AT_name("QDLF")
    8556                      .dwattr $C$DW$486, DW_AT_bit_offset(0x0b)
    8557                      .dwattr $C$DW$486, DW_AT_bit_size(0x01)
    8558                      .dwattr $C$DW$486, DW_AT_accessibility(DW_ACCESS_public)
    8559                      .dwattr $C$DW$486, DW_AT_decl_file("C:\ti\C2000Ware_MotorControl_SDK_5_04_00_00\c2000ware\device_supp
    8560                      .dwattr $C$DW$486, DW_AT_decl_line(0xd1)
    8561                      .dwattr $C$DW$486, DW_AT_decl_column(0x0c)
    8562              
    8563              $C$DW$487       .dwtag  DW_TAG_member
    8564                      .dwattr $C$DW$487, DW_AT_type(*$C$DW$T$47)
    8565                      .dwattr $C$DW$487, DW_AT_name("QDF")
    8566                      .dwattr $C$DW$487, DW_AT_bit_offset(0x0a)
    8567                      .dwattr $C$DW$487, DW_AT_bit_size(0x01)
    8568                      .dwattr $C$DW$487, DW_AT_accessibility(DW_ACCESS_public)
    8569                      .dwattr $C$DW$487, DW_AT_decl_file("C:\ti\C2000Ware_MotorControl_SDK_5_04_00_00\c2000ware\device_supp
    8570                      .dwattr $C$DW$487, DW_AT_decl_line(0xd2)
    8571                      .dwattr $C$DW$487, DW_AT_decl_column(0x0c)
    8572              
    8573              $C$DW$488       .dwtag  DW_TAG_member
TMS320C2000 Assembler PC v22.6.2 Mon Jan 26 16:23:05 2026

Copyright (c) 1996-2018 Texas Instruments Incorporated
dual_axis_servo_drive_cpu.asm                                        PAGE  171

    8574                      .dwattr $C$DW$488, DW_AT_type(*$C$DW$T$47)
    8575                      .dwattr $C$DW$488, DW_AT_name("FIDF")
    8576                      .dwattr $C$DW$488, DW_AT_bit_offset(0x09)
    8577                      .dwattr $C$DW$488, DW_AT_bit_size(0x01)
    8578                      .dwattr $C$DW$488, DW_AT_accessibility(DW_ACCESS_public)
    8579                      .dwattr $C$DW$488, DW_AT_decl_file("C:\ti\C2000Ware_MotorControl_SDK_5_04_00_00\c2000ware\device_supp
    8580                      .dwattr $C$DW$488, DW_AT_decl_line(0xd3)
    8581                      .dwattr $C$DW$488, DW_AT_decl_column(0x0c)
    8582              
    8583              $C$DW$489       .dwtag  DW_TAG_member
    8584                      .dwattr $C$DW$489, DW_AT_type(*$C$DW$T$47)
    8585                      .dwattr $C$DW$489, DW_AT_name("UPEVNT")
    8586                      .dwattr $C$DW$489, DW_AT_bit_offset(0x08)
    8587                      .dwattr $C$DW$489, DW_AT_bit_size(0x01)
    8588                      .dwattr $C$DW$489, DW_AT_accessibility(DW_ACCESS_public)
    8589                      .dwattr $C$DW$489, DW_AT_decl_file("C:\ti\C2000Ware_MotorControl_SDK_5_04_00_00\c2000ware\device_supp
    8590                      .dwattr $C$DW$489, DW_AT_decl_line(0xd4)
    8591                      .dwattr $C$DW$489, DW_AT_decl_column(0x0c)
    8592              
    8593              $C$DW$490       .dwtag  DW_TAG_member
    8594                      .dwattr $C$DW$490, DW_AT_type(*$C$DW$T$47)
    8595                      .dwattr $C$DW$490, DW_AT_name("rsvd1")
    8596                      .dwattr $C$DW$490, DW_AT_bit_offset(0x00)
    8597                      .dwattr $C$DW$490, DW_AT_bit_size(0x08)
    8598                      .dwattr $C$DW$490, DW_AT_accessibility(DW_ACCESS_public)
    8599                      .dwattr $C$DW$490, DW_AT_decl_file("C:\ti\C2000Ware_MotorControl_SDK_5_04_00_00\c2000ware\device_supp
    8600                      .dwattr $C$DW$490, DW_AT_decl_line(0xd5)
    8601                      .dwattr $C$DW$490, DW_AT_decl_column(0x0c)
    8602              
    8603                      .dwattr $C$DW$T$68, DW_AT_decl_file("C:\ti\C2000Ware_MotorControl_SDK_5_04_00_00\c2000ware\device_sup
    8604                      .dwattr $C$DW$T$68, DW_AT_decl_line(0xcc)
    8605                      .dwattr $C$DW$T$68, DW_AT_decl_column(0x08)
    8606                      .dwendtag $C$DW$T$68
    8607              
    8608                      .dwendtag $C$DW$TU$68
    8609              
    8610              
    8611              $C$DW$TU$69     .dwtag  DW_TAG_type_unit
    8612                      .dwmtype  $C$DW$T$69
    8613              
    8614              $C$DW$T$69      .dwtag  DW_TAG_union_type
    8615                      .dwattr $C$DW$T$69, DW_AT_name("QEPSTS_REG")
    8616                      .dwattr $C$DW$T$69, DW_AT_byte_size(0x01)
    8617              $C$DW$491       .dwtag  DW_TAG_member
    8618                      .dwattr $C$DW$491, DW_AT_type(*$C$DW$T$47)
    8619                      .dwattr $C$DW$491, DW_AT_name("all")
    8620                      .dwattr $C$DW$491, DW_AT_accessibility(DW_ACCESS_public)
    8621                      .dwattr $C$DW$491, DW_AT_decl_file("C:\ti\C2000Ware_MotorControl_SDK_5_04_00_00\c2000ware\device_supp
    8622                      .dwattr $C$DW$491, DW_AT_decl_line(0xd9)
    8623                      .dwattr $C$DW$491, DW_AT_decl_column(0x0d)
    8624              
    8625              $C$DW$492       .dwtag  DW_TAG_member
    8626                      .dwattr $C$DW$492, DW_AT_type(*$C$DW$T$68)
    8627                      .dwattr $C$DW$492, DW_AT_name("bit")
    8628                      .dwattr $C$DW$492, DW_AT_accessibility(DW_ACCESS_public)
TMS320C2000 Assembler PC v22.6.2 Mon Jan 26 16:23:05 2026

Copyright (c) 1996-2018 Texas Instruments Incorporated
dual_axis_servo_drive_cpu.asm                                        PAGE  172

    8629                      .dwattr $C$DW$492, DW_AT_decl_file("C:\ti\C2000Ware_MotorControl_SDK_5_04_00_00\c2000ware\device_supp
    8630                      .dwattr $C$DW$492, DW_AT_decl_line(0xda)
    8631                      .dwattr $C$DW$492, DW_AT_decl_column(0x1a)
    8632              
    8633                      .dwattr $C$DW$T$69, DW_AT_decl_file("C:\ti\C2000Ware_MotorControl_SDK_5_04_00_00\c2000ware\device_sup
    8634                      .dwattr $C$DW$T$69, DW_AT_decl_line(0xd8)
    8635                      .dwattr $C$DW$T$69, DW_AT_decl_column(0x07)
    8636                      .dwendtag $C$DW$T$69
    8637              
    8638                      .dwendtag $C$DW$TU$69
    8639              
    8640              
    8641              $C$DW$TU$70     .dwtag  DW_TAG_type_unit
    8642                      .dwmtype  $C$DW$T$70
    8643              
    8644              $C$DW$T$70      .dwtag  DW_TAG_structure_type
    8645                      .dwattr $C$DW$T$70, DW_AT_name("QFLG_BITS")
    8646                      .dwattr $C$DW$T$70, DW_AT_byte_size(0x01)
    8647              $C$DW$493       .dwtag  DW_TAG_member
    8648                      .dwattr $C$DW$493, DW_AT_type(*$C$DW$T$47)
    8649                      .dwattr $C$DW$493, DW_AT_name("INT")
    8650                      .dwattr $C$DW$493, DW_AT_bit_offset(0x0f)
    8651                      .dwattr $C$DW$493, DW_AT_bit_size(0x01)
    8652                      .dwattr $C$DW$493, DW_AT_accessibility(DW_ACCESS_public)
    8653                      .dwattr $C$DW$493, DW_AT_decl_file("C:\ti\C2000Ware_MotorControl_SDK_5_04_00_00\c2000ware\device_supp
    8654                      .dwattr $C$DW$493, DW_AT_decl_line(0x8b)
    8655                      .dwattr $C$DW$493, DW_AT_decl_column(0x0c)
    8656              
    8657              $C$DW$494       .dwtag  DW_TAG_member
    8658                      .dwattr $C$DW$494, DW_AT_type(*$C$DW$T$47)
    8659                      .dwattr $C$DW$494, DW_AT_name("PCE")
    8660                      .dwattr $C$DW$494, DW_AT_bit_offset(0x0e)
    8661                      .dwattr $C$DW$494, DW_AT_bit_size(0x01)
    8662                      .dwattr $C$DW$494, DW_AT_accessibility(DW_ACCESS_public)
    8663                      .dwattr $C$DW$494, DW_AT_decl_file("C:\ti\C2000Ware_MotorControl_SDK_5_04_00_00\c2000ware\device_supp
    8664                      .dwattr $C$DW$494, DW_AT_decl_line(0x8c)
    8665                      .dwattr $C$DW$494, DW_AT_decl_column(0x0c)
    8666              
    8667              $C$DW$495       .dwtag  DW_TAG_member
    8668                      .dwattr $C$DW$495, DW_AT_type(*$C$DW$T$47)
    8669                      .dwattr $C$DW$495, DW_AT_name("PHE")
    8670                      .dwattr $C$DW$495, DW_AT_bit_offset(0x0d)
    8671                      .dwattr $C$DW$495, DW_AT_bit_size(0x01)
    8672                      .dwattr $C$DW$495, DW_AT_accessibility(DW_ACCESS_public)
    8673                      .dwattr $C$DW$495, DW_AT_decl_file("C:\ti\C2000Ware_MotorControl_SDK_5_04_00_00\c2000ware\device_supp
    8674                      .dwattr $C$DW$495, DW_AT_decl_line(0x8d)
    8675                      .dwattr $C$DW$495, DW_AT_decl_column(0x0c)
    8676              
    8677              $C$DW$496       .dwtag  DW_TAG_member
    8678                      .dwattr $C$DW$496, DW_AT_type(*$C$DW$T$47)
    8679                      .dwattr $C$DW$496, DW_AT_name("QDC")
    8680                      .dwattr $C$DW$496, DW_AT_bit_offset(0x0c)
    8681                      .dwattr $C$DW$496, DW_AT_bit_size(0x01)
    8682                      .dwattr $C$DW$496, DW_AT_accessibility(DW_ACCESS_public)
    8683                      .dwattr $C$DW$496, DW_AT_decl_file("C:\ti\C2000Ware_MotorControl_SDK_5_04_00_00\c2000ware\device_supp
TMS320C2000 Assembler PC v22.6.2 Mon Jan 26 16:23:05 2026

Copyright (c) 1996-2018 Texas Instruments Incorporated
dual_axis_servo_drive_cpu.asm                                        PAGE  173

    8684                      .dwattr $C$DW$496, DW_AT_decl_line(0x8e)
    8685                      .dwattr $C$DW$496, DW_AT_decl_column(0x0c)
    8686              
    8687              $C$DW$497       .dwtag  DW_TAG_member
    8688                      .dwattr $C$DW$497, DW_AT_type(*$C$DW$T$47)
    8689                      .dwattr $C$DW$497, DW_AT_name("WTO")
    8690                      .dwattr $C$DW$497, DW_AT_bit_offset(0x0b)
    8691                      .dwattr $C$DW$497, DW_AT_bit_size(0x01)
    8692                      .dwattr $C$DW$497, DW_AT_accessibility(DW_ACCESS_public)
    8693                      .dwattr $C$DW$497, DW_AT_decl_file("C:\ti\C2000Ware_MotorControl_SDK_5_04_00_00\c2000ware\device_supp
    8694                      .dwattr $C$DW$497, DW_AT_decl_line(0x8f)
    8695                      .dwattr $C$DW$497, DW_AT_decl_column(0x0c)
    8696              
    8697              $C$DW$498       .dwtag  DW_TAG_member
    8698                      .dwattr $C$DW$498, DW_AT_type(*$C$DW$T$47)
    8699                      .dwattr $C$DW$498, DW_AT_name("PCU")
    8700                      .dwattr $C$DW$498, DW_AT_bit_offset(0x0a)
    8701                      .dwattr $C$DW$498, DW_AT_bit_size(0x01)
    8702                      .dwattr $C$DW$498, DW_AT_accessibility(DW_ACCESS_public)
    8703                      .dwattr $C$DW$498, DW_AT_decl_file("C:\ti\C2000Ware_MotorControl_SDK_5_04_00_00\c2000ware\device_supp
    8704                      .dwattr $C$DW$498, DW_AT_decl_line(0x90)
    8705                      .dwattr $C$DW$498, DW_AT_decl_column(0x0c)
    8706              
    8707              $C$DW$499       .dwtag  DW_TAG_member
    8708                      .dwattr $C$DW$499, DW_AT_type(*$C$DW$T$47)
    8709                      .dwattr $C$DW$499, DW_AT_name("PCO")
    8710                      .dwattr $C$DW$499, DW_AT_bit_offset(0x09)
    8711                      .dwattr $C$DW$499, DW_AT_bit_size(0x01)
    8712                      .dwattr $C$DW$499, DW_AT_accessibility(DW_ACCESS_public)
    8713                      .dwattr $C$DW$499, DW_AT_decl_file("C:\ti\C2000Ware_MotorControl_SDK_5_04_00_00\c2000ware\device_supp
    8714                      .dwattr $C$DW$499, DW_AT_decl_line(0x91)
    8715                      .dwattr $C$DW$499, DW_AT_decl_column(0x0c)
    8716              
    8717              $C$DW$500       .dwtag  DW_TAG_member
    8718                      .dwattr $C$DW$500, DW_AT_type(*$C$DW$T$47)
    8719                      .dwattr $C$DW$500, DW_AT_name("PCR")
    8720                      .dwattr $C$DW$500, DW_AT_bit_offset(0x08)
    8721                      .dwattr $C$DW$500, DW_AT_bit_size(0x01)
    8722                      .dwattr $C$DW$500, DW_AT_accessibility(DW_ACCESS_public)
    8723                      .dwattr $C$DW$500, DW_AT_decl_file("C:\ti\C2000Ware_MotorControl_SDK_5_04_00_00\c2000ware\device_supp
    8724                      .dwattr $C$DW$500, DW_AT_decl_line(0x92)
    8725                      .dwattr $C$DW$500, DW_AT_decl_column(0x0c)
    8726              
    8727              $C$DW$501       .dwtag  DW_TAG_member
    8728                      .dwattr $C$DW$501, DW_AT_type(*$C$DW$T$47)
    8729                      .dwattr $C$DW$501, DW_AT_name("PCM")
    8730                      .dwattr $C$DW$501, DW_AT_bit_offset(0x07)
    8731                      .dwattr $C$DW$501, DW_AT_bit_size(0x01)
    8732                      .dwattr $C$DW$501, DW_AT_accessibility(DW_ACCESS_public)
    8733                      .dwattr $C$DW$501, DW_AT_decl_file("C:\ti\C2000Ware_MotorControl_SDK_5_04_00_00\c2000ware\device_supp
    8734                      .dwattr $C$DW$501, DW_AT_decl_line(0x93)
    8735                      .dwattr $C$DW$501, DW_AT_decl_column(0x0c)
    8736              
    8737              $C$DW$502       .dwtag  DW_TAG_member
    8738                      .dwattr $C$DW$502, DW_AT_type(*$C$DW$T$47)
TMS320C2000 Assembler PC v22.6.2 Mon Jan 26 16:23:05 2026

Copyright (c) 1996-2018 Texas Instruments Incorporated
dual_axis_servo_drive_cpu.asm                                        PAGE  174

    8739                      .dwattr $C$DW$502, DW_AT_name("SEL")
    8740                      .dwattr $C$DW$502, DW_AT_bit_offset(0x06)
    8741                      .dwattr $C$DW$502, DW_AT_bit_size(0x01)
    8742                      .dwattr $C$DW$502, DW_AT_accessibility(DW_ACCESS_public)
    8743                      .dwattr $C$DW$502, DW_AT_decl_file("C:\ti\C2000Ware_MotorControl_SDK_5_04_00_00\c2000ware\device_supp
    8744                      .dwattr $C$DW$502, DW_AT_decl_line(0x94)
    8745                      .dwattr $C$DW$502, DW_AT_decl_column(0x0c)
    8746              
    8747              $C$DW$503       .dwtag  DW_TAG_member
    8748                      .dwattr $C$DW$503, DW_AT_type(*$C$DW$T$47)
    8749                      .dwattr $C$DW$503, DW_AT_name("IEL")
    8750                      .dwattr $C$DW$503, DW_AT_bit_offset(0x05)
    8751                      .dwattr $C$DW$503, DW_AT_bit_size(0x01)
    8752                      .dwattr $C$DW$503, DW_AT_accessibility(DW_ACCESS_public)
    8753                      .dwattr $C$DW$503, DW_AT_decl_file("C:\ti\C2000Ware_MotorControl_SDK_5_04_00_00\c2000ware\device_supp
    8754                      .dwattr $C$DW$503, DW_AT_decl_line(0x95)
    8755                      .dwattr $C$DW$503, DW_AT_decl_column(0x0c)
    8756              
    8757              $C$DW$504       .dwtag  DW_TAG_member
    8758                      .dwattr $C$DW$504, DW_AT_type(*$C$DW$T$47)
    8759                      .dwattr $C$DW$504, DW_AT_name("UTO")
    8760                      .dwattr $C$DW$504, DW_AT_bit_offset(0x04)
    8761                      .dwattr $C$DW$504, DW_AT_bit_size(0x01)
    8762                      .dwattr $C$DW$504, DW_AT_accessibility(DW_ACCESS_public)
    8763                      .dwattr $C$DW$504, DW_AT_decl_file("C:\ti\C2000Ware_MotorControl_SDK_5_04_00_00\c2000ware\device_supp
    8764                      .dwattr $C$DW$504, DW_AT_decl_line(0x96)
    8765                      .dwattr $C$DW$504, DW_AT_decl_column(0x0c)
    8766              
    8767              $C$DW$505       .dwtag  DW_TAG_member
    8768                      .dwattr $C$DW$505, DW_AT_type(*$C$DW$T$47)
    8769                      .dwattr $C$DW$505, DW_AT_name("QMAE")
    8770                      .dwattr $C$DW$505, DW_AT_bit_offset(0x03)
    8771                      .dwattr $C$DW$505, DW_AT_bit_size(0x01)
    8772                      .dwattr $C$DW$505, DW_AT_accessibility(DW_ACCESS_public)
    8773                      .dwattr $C$DW$505, DW_AT_decl_file("C:\ti\C2000Ware_MotorControl_SDK_5_04_00_00\c2000ware\device_supp
    8774                      .dwattr $C$DW$505, DW_AT_decl_line(0x97)
    8775                      .dwattr $C$DW$505, DW_AT_decl_column(0x0c)
    8776              
    8777              $C$DW$506       .dwtag  DW_TAG_member
    8778                      .dwattr $C$DW$506, DW_AT_type(*$C$DW$T$47)
    8779                      .dwattr $C$DW$506, DW_AT_name("rsvd1")
    8780                      .dwattr $C$DW$506, DW_AT_bit_offset(0x00)
    8781                      .dwattr $C$DW$506, DW_AT_bit_size(0x03)
    8782                      .dwattr $C$DW$506, DW_AT_accessibility(DW_ACCESS_public)
    8783                      .dwattr $C$DW$506, DW_AT_decl_file("C:\ti\C2000Ware_MotorControl_SDK_5_04_00_00\c2000ware\device_supp
    8784                      .dwattr $C$DW$506, DW_AT_decl_line(0x98)
    8785                      .dwattr $C$DW$506, DW_AT_decl_column(0x0c)
    8786              
    8787                      .dwattr $C$DW$T$70, DW_AT_decl_file("C:\ti\C2000Ware_MotorControl_SDK_5_04_00_00\c2000ware\device_sup
    8788                      .dwattr $C$DW$T$70, DW_AT_decl_line(0x8a)
    8789                      .dwattr $C$DW$T$70, DW_AT_decl_column(0x08)
    8790                      .dwendtag $C$DW$T$70
    8791              
    8792                      .dwendtag $C$DW$TU$70
    8793              
TMS320C2000 Assembler PC v22.6.2 Mon Jan 26 16:23:05 2026

Copyright (c) 1996-2018 Texas Instruments Incorporated
dual_axis_servo_drive_cpu.asm                                        PAGE  175

    8794              
    8795              $C$DW$TU$71     .dwtag  DW_TAG_type_unit
    8796                      .dwmtype  $C$DW$T$71
    8797              
    8798              $C$DW$T$71      .dwtag  DW_TAG_union_type
    8799                      .dwattr $C$DW$T$71, DW_AT_name("QFLG_REG")
    8800                      .dwattr $C$DW$T$71, DW_AT_byte_size(0x01)
    8801              $C$DW$507       .dwtag  DW_TAG_member
    8802                      .dwattr $C$DW$507, DW_AT_type(*$C$DW$T$47)
    8803                      .dwattr $C$DW$507, DW_AT_name("all")
    8804                      .dwattr $C$DW$507, DW_AT_accessibility(DW_ACCESS_public)
    8805                      .dwattr $C$DW$507, DW_AT_decl_file("C:\ti\C2000Ware_MotorControl_SDK_5_04_00_00\c2000ware\device_supp
    8806                      .dwattr $C$DW$507, DW_AT_decl_line(0x9c)
    8807                      .dwattr $C$DW$507, DW_AT_decl_column(0x0d)
    8808              
    8809              $C$DW$508       .dwtag  DW_TAG_member
    8810                      .dwattr $C$DW$508, DW_AT_type(*$C$DW$T$70)
    8811                      .dwattr $C$DW$508, DW_AT_name("bit")
    8812                      .dwattr $C$DW$508, DW_AT_accessibility(DW_ACCESS_public)
    8813                      .dwattr $C$DW$508, DW_AT_decl_file("C:\ti\C2000Ware_MotorControl_SDK_5_04_00_00\c2000ware\device_supp
    8814                      .dwattr $C$DW$508, DW_AT_decl_line(0x9d)
    8815                      .dwattr $C$DW$508, DW_AT_decl_column(0x18)
    8816              
    8817                      .dwattr $C$DW$T$71, DW_AT_decl_file("C:\ti\C2000Ware_MotorControl_SDK_5_04_00_00\c2000ware\device_sup
    8818                      .dwattr $C$DW$T$71, DW_AT_decl_line(0x9b)
    8819                      .dwattr $C$DW$T$71, DW_AT_decl_column(0x07)
    8820                      .dwendtag $C$DW$T$71
    8821              
    8822                      .dwendtag $C$DW$TU$71
    8823              
    8824              
    8825              $C$DW$TU$72     .dwtag  DW_TAG_type_unit
    8826                      .dwmtype  $C$DW$T$72
    8827              
    8828              $C$DW$T$72      .dwtag  DW_TAG_structure_type
    8829                      .dwattr $C$DW$T$72, DW_AT_name("QFRC_BITS")
    8830                      .dwattr $C$DW$T$72, DW_AT_byte_size(0x01)
    8831              $C$DW$509       .dwtag  DW_TAG_member
    8832                      .dwattr $C$DW$509, DW_AT_type(*$C$DW$T$47)
    8833                      .dwattr $C$DW$509, DW_AT_name("rsvd1")
    8834                      .dwattr $C$DW$509, DW_AT_bit_offset(0x0f)
    8835                      .dwattr $C$DW$509, DW_AT_bit_size(0x01)
    8836                      .dwattr $C$DW$509, DW_AT_accessibility(DW_ACCESS_public)
    8837                      .dwattr $C$DW$509, DW_AT_decl_file("C:\ti\C2000Ware_MotorControl_SDK_5_04_00_00\c2000ware\device_supp
    8838                      .dwattr $C$DW$509, DW_AT_decl_line(0xb7)
    8839                      .dwattr $C$DW$509, DW_AT_decl_column(0x0c)
    8840              
    8841              $C$DW$510       .dwtag  DW_TAG_member
    8842                      .dwattr $C$DW$510, DW_AT_type(*$C$DW$T$47)
    8843                      .dwattr $C$DW$510, DW_AT_name("PCE")
    8844                      .dwattr $C$DW$510, DW_AT_bit_offset(0x0e)
    8845                      .dwattr $C$DW$510, DW_AT_bit_size(0x01)
    8846                      .dwattr $C$DW$510, DW_AT_accessibility(DW_ACCESS_public)
    8847                      .dwattr $C$DW$510, DW_AT_decl_file("C:\ti\C2000Ware_MotorControl_SDK_5_04_00_00\c2000ware\device_supp
    8848                      .dwattr $C$DW$510, DW_AT_decl_line(0xb8)
TMS320C2000 Assembler PC v22.6.2 Mon Jan 26 16:23:05 2026

Copyright (c) 1996-2018 Texas Instruments Incorporated
dual_axis_servo_drive_cpu.asm                                        PAGE  176

    8849                      .dwattr $C$DW$510, DW_AT_decl_column(0x0c)
    8850              
    8851              $C$DW$511       .dwtag  DW_TAG_member
    8852                      .dwattr $C$DW$511, DW_AT_type(*$C$DW$T$47)
    8853                      .dwattr $C$DW$511, DW_AT_name("PHE")
    8854                      .dwattr $C$DW$511, DW_AT_bit_offset(0x0d)
    8855                      .dwattr $C$DW$511, DW_AT_bit_size(0x01)
    8856                      .dwattr $C$DW$511, DW_AT_accessibility(DW_ACCESS_public)
    8857                      .dwattr $C$DW$511, DW_AT_decl_file("C:\ti\C2000Ware_MotorControl_SDK_5_04_00_00\c2000ware\device_supp
    8858                      .dwattr $C$DW$511, DW_AT_decl_line(0xb9)
    8859                      .dwattr $C$DW$511, DW_AT_decl_column(0x0c)
    8860              
    8861              $C$DW$512       .dwtag  DW_TAG_member
    8862                      .dwattr $C$DW$512, DW_AT_type(*$C$DW$T$47)
    8863                      .dwattr $C$DW$512, DW_AT_name("QDC")
    8864                      .dwattr $C$DW$512, DW_AT_bit_offset(0x0c)
    8865                      .dwattr $C$DW$512, DW_AT_bit_size(0x01)
    8866                      .dwattr $C$DW$512, DW_AT_accessibility(DW_ACCESS_public)
    8867                      .dwattr $C$DW$512, DW_AT_decl_file("C:\ti\C2000Ware_MotorControl_SDK_5_04_00_00\c2000ware\device_supp
    8868                      .dwattr $C$DW$512, DW_AT_decl_line(0xba)
    8869                      .dwattr $C$DW$512, DW_AT_decl_column(0x0c)
    8870              
    8871              $C$DW$513       .dwtag  DW_TAG_member
    8872                      .dwattr $C$DW$513, DW_AT_type(*$C$DW$T$47)
    8873                      .dwattr $C$DW$513, DW_AT_name("WTO")
    8874                      .dwattr $C$DW$513, DW_AT_bit_offset(0x0b)
    8875                      .dwattr $C$DW$513, DW_AT_bit_size(0x01)
    8876                      .dwattr $C$DW$513, DW_AT_accessibility(DW_ACCESS_public)
    8877                      .dwattr $C$DW$513, DW_AT_decl_file("C:\ti\C2000Ware_MotorControl_SDK_5_04_00_00\c2000ware\device_supp
    8878                      .dwattr $C$DW$513, DW_AT_decl_line(0xbb)
    8879                      .dwattr $C$DW$513, DW_AT_decl_column(0x0c)
    8880              
    8881              $C$DW$514       .dwtag  DW_TAG_member
    8882                      .dwattr $C$DW$514, DW_AT_type(*$C$DW$T$47)
    8883                      .dwattr $C$DW$514, DW_AT_name("PCU")
    8884                      .dwattr $C$DW$514, DW_AT_bit_offset(0x0a)
    8885                      .dwattr $C$DW$514, DW_AT_bit_size(0x01)
    8886                      .dwattr $C$DW$514, DW_AT_accessibility(DW_ACCESS_public)
    8887                      .dwattr $C$DW$514, DW_AT_decl_file("C:\ti\C2000Ware_MotorControl_SDK_5_04_00_00\c2000ware\device_supp
    8888                      .dwattr $C$DW$514, DW_AT_decl_line(0xbc)
    8889                      .dwattr $C$DW$514, DW_AT_decl_column(0x0c)
    8890              
    8891              $C$DW$515       .dwtag  DW_TAG_member
    8892                      .dwattr $C$DW$515, DW_AT_type(*$C$DW$T$47)
    8893                      .dwattr $C$DW$515, DW_AT_name("PCO")
    8894                      .dwattr $C$DW$515, DW_AT_bit_offset(0x09)
    8895                      .dwattr $C$DW$515, DW_AT_bit_size(0x01)
    8896                      .dwattr $C$DW$515, DW_AT_accessibility(DW_ACCESS_public)
    8897                      .dwattr $C$DW$515, DW_AT_decl_file("C:\ti\C2000Ware_MotorControl_SDK_5_04_00_00\c2000ware\device_supp
    8898                      .dwattr $C$DW$515, DW_AT_decl_line(0xbd)
    8899                      .dwattr $C$DW$515, DW_AT_decl_column(0x0c)
    8900              
    8901              $C$DW$516       .dwtag  DW_TAG_member
    8902                      .dwattr $C$DW$516, DW_AT_type(*$C$DW$T$47)
    8903                      .dwattr $C$DW$516, DW_AT_name("PCR")
TMS320C2000 Assembler PC v22.6.2 Mon Jan 26 16:23:05 2026

Copyright (c) 1996-2018 Texas Instruments Incorporated
dual_axis_servo_drive_cpu.asm                                        PAGE  177

    8904                      .dwattr $C$DW$516, DW_AT_bit_offset(0x08)
    8905                      .dwattr $C$DW$516, DW_AT_bit_size(0x01)
    8906                      .dwattr $C$DW$516, DW_AT_accessibility(DW_ACCESS_public)
    8907                      .dwattr $C$DW$516, DW_AT_decl_file("C:\ti\C2000Ware_MotorControl_SDK_5_04_00_00\c2000ware\device_supp
    8908                      .dwattr $C$DW$516, DW_AT_decl_line(0xbe)
    8909                      .dwattr $C$DW$516, DW_AT_decl_column(0x0c)
    8910              
    8911              $C$DW$517       .dwtag  DW_TAG_member
    8912                      .dwattr $C$DW$517, DW_AT_type(*$C$DW$T$47)
    8913                      .dwattr $C$DW$517, DW_AT_name("PCM")
    8914                      .dwattr $C$DW$517, DW_AT_bit_offset(0x07)
    8915                      .dwattr $C$DW$517, DW_AT_bit_size(0x01)
    8916                      .dwattr $C$DW$517, DW_AT_accessibility(DW_ACCESS_public)
    8917                      .dwattr $C$DW$517, DW_AT_decl_file("C:\ti\C2000Ware_MotorControl_SDK_5_04_00_00\c2000ware\device_supp
    8918                      .dwattr $C$DW$517, DW_AT_decl_line(0xbf)
    8919                      .dwattr $C$DW$517, DW_AT_decl_column(0x0c)
    8920              
    8921              $C$DW$518       .dwtag  DW_TAG_member
    8922                      .dwattr $C$DW$518, DW_AT_type(*$C$DW$T$47)
    8923                      .dwattr $C$DW$518, DW_AT_name("SEL")
    8924                      .dwattr $C$DW$518, DW_AT_bit_offset(0x06)
    8925                      .dwattr $C$DW$518, DW_AT_bit_size(0x01)
    8926                      .dwattr $C$DW$518, DW_AT_accessibility(DW_ACCESS_public)
    8927                      .dwattr $C$DW$518, DW_AT_decl_file("C:\ti\C2000Ware_MotorControl_SDK_5_04_00_00\c2000ware\device_supp
    8928                      .dwattr $C$DW$518, DW_AT_decl_line(0xc0)
    8929                      .dwattr $C$DW$518, DW_AT_decl_column(0x0c)
    8930              
    8931              $C$DW$519       .dwtag  DW_TAG_member
    8932                      .dwattr $C$DW$519, DW_AT_type(*$C$DW$T$47)
    8933                      .dwattr $C$DW$519, DW_AT_name("IEL")
    8934                      .dwattr $C$DW$519, DW_AT_bit_offset(0x05)
    8935                      .dwattr $C$DW$519, DW_AT_bit_size(0x01)
    8936                      .dwattr $C$DW$519, DW_AT_accessibility(DW_ACCESS_public)
    8937                      .dwattr $C$DW$519, DW_AT_decl_file("C:\ti\C2000Ware_MotorControl_SDK_5_04_00_00\c2000ware\device_supp
    8938                      .dwattr $C$DW$519, DW_AT_decl_line(0xc1)
    8939                      .dwattr $C$DW$519, DW_AT_decl_column(0x0c)
    8940              
    8941              $C$DW$520       .dwtag  DW_TAG_member
    8942                      .dwattr $C$DW$520, DW_AT_type(*$C$DW$T$47)
    8943                      .dwattr $C$DW$520, DW_AT_name("UTO")
    8944                      .dwattr $C$DW$520, DW_AT_bit_offset(0x04)
    8945                      .dwattr $C$DW$520, DW_AT_bit_size(0x01)
    8946                      .dwattr $C$DW$520, DW_AT_accessibility(DW_ACCESS_public)
    8947                      .dwattr $C$DW$520, DW_AT_decl_file("C:\ti\C2000Ware_MotorControl_SDK_5_04_00_00\c2000ware\device_supp
    8948                      .dwattr $C$DW$520, DW_AT_decl_line(0xc2)
    8949                      .dwattr $C$DW$520, DW_AT_decl_column(0x0c)
    8950              
    8951              $C$DW$521       .dwtag  DW_TAG_member
    8952                      .dwattr $C$DW$521, DW_AT_type(*$C$DW$T$47)
    8953                      .dwattr $C$DW$521, DW_AT_name("QMAE")
    8954                      .dwattr $C$DW$521, DW_AT_bit_offset(0x03)
    8955                      .dwattr $C$DW$521, DW_AT_bit_size(0x01)
    8956                      .dwattr $C$DW$521, DW_AT_accessibility(DW_ACCESS_public)
    8957                      .dwattr $C$DW$521, DW_AT_decl_file("C:\ti\C2000Ware_MotorControl_SDK_5_04_00_00\c2000ware\device_supp
    8958                      .dwattr $C$DW$521, DW_AT_decl_line(0xc3)
TMS320C2000 Assembler PC v22.6.2 Mon Jan 26 16:23:05 2026

Copyright (c) 1996-2018 Texas Instruments Incorporated
dual_axis_servo_drive_cpu.asm                                        PAGE  178

    8959                      .dwattr $C$DW$521, DW_AT_decl_column(0x0c)
    8960              
    8961              $C$DW$522       .dwtag  DW_TAG_member
    8962                      .dwattr $C$DW$522, DW_AT_type(*$C$DW$T$47)
    8963                      .dwattr $C$DW$522, DW_AT_name("rsvd2")
    8964                      .dwattr $C$DW$522, DW_AT_bit_offset(0x00)
    8965                      .dwattr $C$DW$522, DW_AT_bit_size(0x03)
    8966                      .dwattr $C$DW$522, DW_AT_accessibility(DW_ACCESS_public)
    8967                      .dwattr $C$DW$522, DW_AT_decl_file("C:\ti\C2000Ware_MotorControl_SDK_5_04_00_00\c2000ware\device_supp
    8968                      .dwattr $C$DW$522, DW_AT_decl_line(0xc4)
    8969                      .dwattr $C$DW$522, DW_AT_decl_column(0x0c)
    8970              
    8971                      .dwattr $C$DW$T$72, DW_AT_decl_file("C:\ti\C2000Ware_MotorControl_SDK_5_04_00_00\c2000ware\device_sup
    8972                      .dwattr $C$DW$T$72, DW_AT_decl_line(0xb6)
    8973                      .dwattr $C$DW$T$72, DW_AT_decl_column(0x08)
    8974                      .dwendtag $C$DW$T$72
    8975              
    8976                      .dwendtag $C$DW$TU$72
    8977              
    8978              
    8979              $C$DW$TU$73     .dwtag  DW_TAG_type_unit
    8980                      .dwmtype  $C$DW$T$73
    8981              
    8982              $C$DW$T$73      .dwtag  DW_TAG_union_type
    8983                      .dwattr $C$DW$T$73, DW_AT_name("QFRC_REG")
    8984                      .dwattr $C$DW$T$73, DW_AT_byte_size(0x01)
    8985              $C$DW$523       .dwtag  DW_TAG_member
    8986                      .dwattr $C$DW$523, DW_AT_type(*$C$DW$T$47)
    8987                      .dwattr $C$DW$523, DW_AT_name("all")
    8988                      .dwattr $C$DW$523, DW_AT_accessibility(DW_ACCESS_public)
    8989                      .dwattr $C$DW$523, DW_AT_decl_file("C:\ti\C2000Ware_MotorControl_SDK_5_04_00_00\c2000ware\device_supp
    8990                      .dwattr $C$DW$523, DW_AT_decl_line(0xc8)
    8991                      .dwattr $C$DW$523, DW_AT_decl_column(0x0d)
    8992              
    8993              $C$DW$524       .dwtag  DW_TAG_member
    8994                      .dwattr $C$DW$524, DW_AT_type(*$C$DW$T$72)
    8995                      .dwattr $C$DW$524, DW_AT_name("bit")
    8996                      .dwattr $C$DW$524, DW_AT_accessibility(DW_ACCESS_public)
    8997                      .dwattr $C$DW$524, DW_AT_decl_file("C:\ti\C2000Ware_MotorControl_SDK_5_04_00_00\c2000ware\device_supp
    8998                      .dwattr $C$DW$524, DW_AT_decl_line(0xc9)
    8999                      .dwattr $C$DW$524, DW_AT_decl_column(0x18)
    9000              
    9001                      .dwattr $C$DW$T$73, DW_AT_decl_file("C:\ti\C2000Ware_MotorControl_SDK_5_04_00_00\c2000ware\device_sup
    9002                      .dwattr $C$DW$T$73, DW_AT_decl_line(0xc7)
    9003                      .dwattr $C$DW$T$73, DW_AT_decl_column(0x07)
    9004                      .dwendtag $C$DW$T$73
    9005              
    9006                      .dwendtag $C$DW$TU$73
    9007              
    9008              
    9009              $C$DW$TU$74     .dwtag  DW_TAG_type_unit
    9010                      .dwmtype  $C$DW$T$74
    9011              
    9012              $C$DW$T$74      .dwtag  DW_TAG_structure_type
    9013                      .dwattr $C$DW$T$74, DW_AT_name("QMACTRL_BITS")
TMS320C2000 Assembler PC v22.6.2 Mon Jan 26 16:23:05 2026

Copyright (c) 1996-2018 Texas Instruments Incorporated
dual_axis_servo_drive_cpu.asm                                        PAGE  179

    9014                      .dwattr $C$DW$T$74, DW_AT_byte_size(0x02)
    9015              $C$DW$525       .dwtag  DW_TAG_member
    9016                      .dwattr $C$DW$525, DW_AT_type(*$C$DW$T$47)
    9017                      .dwattr $C$DW$525, DW_AT_name("MODE")
    9018                      .dwattr $C$DW$525, DW_AT_bit_offset(0x0d)
    9019                      .dwattr $C$DW$525, DW_AT_bit_size(0x03)
    9020                      .dwattr $C$DW$525, DW_AT_accessibility(DW_ACCESS_public)
    9021                      .dwattr $C$DW$525, DW_AT_decl_file("C:\ti\C2000Ware_MotorControl_SDK_5_04_00_00\c2000ware\device_supp
    9022                      .dwattr $C$DW$525, DW_AT_decl_line(0xf5)
    9023                      .dwattr $C$DW$525, DW_AT_decl_column(0x0c)
    9024              
    9025              $C$DW$526       .dwtag  DW_TAG_member
    9026                      .dwattr $C$DW$526, DW_AT_type(*$C$DW$T$47)
    9027                      .dwattr $C$DW$526, DW_AT_name("rsvd1")
    9028                      .dwattr $C$DW$526, DW_AT_bit_offset(0x00)
    9029                      .dwattr $C$DW$526, DW_AT_bit_size(0x0d)
    9030                      .dwattr $C$DW$526, DW_AT_accessibility(DW_ACCESS_public)
    9031                      .dwattr $C$DW$526, DW_AT_decl_file("C:\ti\C2000Ware_MotorControl_SDK_5_04_00_00\c2000ware\device_supp
    9032                      .dwattr $C$DW$526, DW_AT_decl_line(0xf6)
    9033                      .dwattr $C$DW$526, DW_AT_decl_column(0x0c)
    9034              
    9035              $C$DW$527       .dwtag  DW_TAG_member
    9036                      .dwattr $C$DW$527, DW_AT_type(*$C$DW$T$47)
    9037                      .dwattr $C$DW$527, DW_AT_name("rsvd2")
    9038                      .dwattr $C$DW$527, DW_AT_bit_offset(0x00)
    9039                      .dwattr $C$DW$527, DW_AT_bit_size(0x10)
    9040                      .dwattr $C$DW$527, DW_AT_data_member_location[DW_OP_plus_uconst 0x1]
    9041                      .dwattr $C$DW$527, DW_AT_accessibility(DW_ACCESS_public)
    9042                      .dwattr $C$DW$527, DW_AT_decl_file("C:\ti\C2000Ware_MotorControl_SDK_5_04_00_00\c2000ware\device_supp
    9043                      .dwattr $C$DW$527, DW_AT_decl_line(0xf7)
    9044                      .dwattr $C$DW$527, DW_AT_decl_column(0x0c)
    9045              
    9046                      .dwattr $C$DW$T$74, DW_AT_decl_file("C:\ti\C2000Ware_MotorControl_SDK_5_04_00_00\c2000ware\device_sup
    9047                      .dwattr $C$DW$T$74, DW_AT_decl_line(0xf4)
    9048                      .dwattr $C$DW$T$74, DW_AT_decl_column(0x08)
    9049                      .dwendtag $C$DW$T$74
    9050              
    9051                      .dwendtag $C$DW$TU$74
    9052              
    9053              
    9054              $C$DW$TU$75     .dwtag  DW_TAG_type_unit
    9055                      .dwmtype  $C$DW$T$75
    9056              
    9057              $C$DW$T$75      .dwtag  DW_TAG_union_type
    9058                      .dwattr $C$DW$T$75, DW_AT_name("QMACTRL_REG")
    9059                      .dwattr $C$DW$T$75, DW_AT_byte_size(0x02)
    9060              $C$DW$528       .dwtag  DW_TAG_member
    9061                      .dwattr $C$DW$528, DW_AT_type(*$C$DW$T$50)
    9062                      .dwattr $C$DW$528, DW_AT_name("all")
    9063                      .dwattr $C$DW$528, DW_AT_accessibility(DW_ACCESS_public)
    9064                      .dwattr $C$DW$528, DW_AT_decl_file("C:\ti\C2000Ware_MotorControl_SDK_5_04_00_00\c2000ware\device_supp
    9065                      .dwattr $C$DW$528, DW_AT_decl_line(0xfb)
    9066                      .dwattr $C$DW$528, DW_AT_decl_column(0x0d)
    9067              
    9068              $C$DW$529       .dwtag  DW_TAG_member
TMS320C2000 Assembler PC v22.6.2 Mon Jan 26 16:23:05 2026

Copyright (c) 1996-2018 Texas Instruments Incorporated
dual_axis_servo_drive_cpu.asm                                        PAGE  180

    9069                      .dwattr $C$DW$529, DW_AT_type(*$C$DW$T$74)
    9070                      .dwattr $C$DW$529, DW_AT_name("bit")
    9071                      .dwattr $C$DW$529, DW_AT_accessibility(DW_ACCESS_public)
    9072                      .dwattr $C$DW$529, DW_AT_decl_file("C:\ti\C2000Ware_MotorControl_SDK_5_04_00_00\c2000ware\device_supp
    9073                      .dwattr $C$DW$529, DW_AT_decl_line(0xfc)
    9074                      .dwattr $C$DW$529, DW_AT_decl_column(0x1b)
    9075              
    9076                      .dwattr $C$DW$T$75, DW_AT_decl_file("C:\ti\C2000Ware_MotorControl_SDK_5_04_00_00\c2000ware\device_sup
    9077                      .dwattr $C$DW$T$75, DW_AT_decl_line(0xfa)
    9078                      .dwattr $C$DW$T$75, DW_AT_decl_column(0x07)
    9079                      .dwendtag $C$DW$T$75
    9080              
    9081                      .dwendtag $C$DW$TU$75
    9082              
    9083              
    9084              $C$DW$TU$76     .dwtag  DW_TAG_type_unit
    9085                      .dwmtype  $C$DW$T$76
    9086              
    9087              $C$DW$T$76      .dwtag  DW_TAG_structure_type
    9088                      .dwattr $C$DW$T$76, DW_AT_name("QPOSCTL_BITS")
    9089                      .dwattr $C$DW$T$76, DW_AT_byte_size(0x01)
    9090              $C$DW$530       .dwtag  DW_TAG_member
    9091                      .dwattr $C$DW$530, DW_AT_type(*$C$DW$T$47)
    9092                      .dwattr $C$DW$530, DW_AT_name("PCSPW")
    9093                      .dwattr $C$DW$530, DW_AT_bit_offset(0x04)
    9094                      .dwattr $C$DW$530, DW_AT_bit_size(0x0c)
    9095                      .dwattr $C$DW$530, DW_AT_accessibility(DW_ACCESS_public)
    9096                      .dwattr $C$DW$530, DW_AT_decl_file("C:\ti\C2000Ware_MotorControl_SDK_5_04_00_00\c2000ware\device_supp
    9097                      .dwattr $C$DW$530, DW_AT_decl_line(0x68)
    9098                      .dwattr $C$DW$530, DW_AT_decl_column(0x0c)
    9099              
    9100              $C$DW$531       .dwtag  DW_TAG_member
    9101                      .dwattr $C$DW$531, DW_AT_type(*$C$DW$T$47)
    9102                      .dwattr $C$DW$531, DW_AT_name("PCE")
    9103                      .dwattr $C$DW$531, DW_AT_bit_offset(0x03)
    9104                      .dwattr $C$DW$531, DW_AT_bit_size(0x01)
    9105                      .dwattr $C$DW$531, DW_AT_accessibility(DW_ACCESS_public)
    9106                      .dwattr $C$DW$531, DW_AT_decl_file("C:\ti\C2000Ware_MotorControl_SDK_5_04_00_00\c2000ware\device_supp
    9107                      .dwattr $C$DW$531, DW_AT_decl_line(0x69)
    9108                      .dwattr $C$DW$531, DW_AT_decl_column(0x0c)
    9109              
    9110              $C$DW$532       .dwtag  DW_TAG_member
    9111                      .dwattr $C$DW$532, DW_AT_type(*$C$DW$T$47)
    9112                      .dwattr $C$DW$532, DW_AT_name("PCPOL")
    9113                      .dwattr $C$DW$532, DW_AT_bit_offset(0x02)
    9114                      .dwattr $C$DW$532, DW_AT_bit_size(0x01)
    9115                      .dwattr $C$DW$532, DW_AT_accessibility(DW_ACCESS_public)
    9116                      .dwattr $C$DW$532, DW_AT_decl_file("C:\ti\C2000Ware_MotorControl_SDK_5_04_00_00\c2000ware\device_supp
    9117                      .dwattr $C$DW$532, DW_AT_decl_line(0x6a)
    9118                      .dwattr $C$DW$532, DW_AT_decl_column(0x0c)
    9119              
    9120              $C$DW$533       .dwtag  DW_TAG_member
    9121                      .dwattr $C$DW$533, DW_AT_type(*$C$DW$T$47)
    9122                      .dwattr $C$DW$533, DW_AT_name("PCLOAD")
    9123                      .dwattr $C$DW$533, DW_AT_bit_offset(0x01)
TMS320C2000 Assembler PC v22.6.2 Mon Jan 26 16:23:05 2026

Copyright (c) 1996-2018 Texas Instruments Incorporated
dual_axis_servo_drive_cpu.asm                                        PAGE  181

    9124                      .dwattr $C$DW$533, DW_AT_bit_size(0x01)
    9125                      .dwattr $C$DW$533, DW_AT_accessibility(DW_ACCESS_public)
    9126                      .dwattr $C$DW$533, DW_AT_decl_file("C:\ti\C2000Ware_MotorControl_SDK_5_04_00_00\c2000ware\device_supp
    9127                      .dwattr $C$DW$533, DW_AT_decl_line(0x6b)
    9128                      .dwattr $C$DW$533, DW_AT_decl_column(0x0c)
    9129              
    9130              $C$DW$534       .dwtag  DW_TAG_member
    9131                      .dwattr $C$DW$534, DW_AT_type(*$C$DW$T$47)
    9132                      .dwattr $C$DW$534, DW_AT_name("PCSHDW")
    9133                      .dwattr $C$DW$534, DW_AT_bit_offset(0x00)
    9134                      .dwattr $C$DW$534, DW_AT_bit_size(0x01)
    9135                      .dwattr $C$DW$534, DW_AT_accessibility(DW_ACCESS_public)
    9136                      .dwattr $C$DW$534, DW_AT_decl_file("C:\ti\C2000Ware_MotorControl_SDK_5_04_00_00\c2000ware\device_supp
    9137                      .dwattr $C$DW$534, DW_AT_decl_line(0x6c)
    9138                      .dwattr $C$DW$534, DW_AT_decl_column(0x0c)
    9139              
    9140                      .dwattr $C$DW$T$76, DW_AT_decl_file("C:\ti\C2000Ware_MotorControl_SDK_5_04_00_00\c2000ware\device_sup
    9141                      .dwattr $C$DW$T$76, DW_AT_decl_line(0x67)
    9142                      .dwattr $C$DW$T$76, DW_AT_decl_column(0x08)
    9143                      .dwendtag $C$DW$T$76
    9144              
    9145                      .dwendtag $C$DW$TU$76
    9146              
    9147              
    9148              $C$DW$TU$77     .dwtag  DW_TAG_type_unit
    9149                      .dwmtype  $C$DW$T$77
    9150              
    9151              $C$DW$T$77      .dwtag  DW_TAG_union_type
    9152                      .dwattr $C$DW$T$77, DW_AT_name("QPOSCTL_REG")
    9153                      .dwattr $C$DW$T$77, DW_AT_byte_size(0x01)
    9154              $C$DW$535       .dwtag  DW_TAG_member
    9155                      .dwattr $C$DW$535, DW_AT_type(*$C$DW$T$47)
    9156                      .dwattr $C$DW$535, DW_AT_name("all")
    9157                      .dwattr $C$DW$535, DW_AT_accessibility(DW_ACCESS_public)
    9158                      .dwattr $C$DW$535, DW_AT_decl_file("C:\ti\C2000Ware_MotorControl_SDK_5_04_00_00\c2000ware\device_supp
    9159                      .dwattr $C$DW$535, DW_AT_decl_line(0x70)
    9160                      .dwattr $C$DW$535, DW_AT_decl_column(0x0d)
    9161              
    9162              $C$DW$536       .dwtag  DW_TAG_member
    9163                      .dwattr $C$DW$536, DW_AT_type(*$C$DW$T$76)
    9164                      .dwattr $C$DW$536, DW_AT_name("bit")
    9165                      .dwattr $C$DW$536, DW_AT_accessibility(DW_ACCESS_public)
    9166                      .dwattr $C$DW$536, DW_AT_decl_file("C:\ti\C2000Ware_MotorControl_SDK_5_04_00_00\c2000ware\device_supp
    9167                      .dwattr $C$DW$536, DW_AT_decl_line(0x71)
    9168                      .dwattr $C$DW$536, DW_AT_decl_column(0x1b)
    9169              
    9170                      .dwattr $C$DW$T$77, DW_AT_decl_file("C:\ti\C2000Ware_MotorControl_SDK_5_04_00_00\c2000ware\device_sup
    9171                      .dwattr $C$DW$T$77, DW_AT_decl_line(0x6f)
    9172                      .dwattr $C$DW$T$77, DW_AT_decl_column(0x07)
    9173                      .dwendtag $C$DW$T$77
    9174              
    9175                      .dwendtag $C$DW$TU$77
    9176              
    9177              
    9178              $C$DW$TU$78     .dwtag  DW_TAG_type_unit
TMS320C2000 Assembler PC v22.6.2 Mon Jan 26 16:23:05 2026

Copyright (c) 1996-2018 Texas Instruments Incorporated
dual_axis_servo_drive_cpu.asm                                        PAGE  182

    9179                      .dwmtype  $C$DW$T$78
    9180              
    9181              $C$DW$T$78      .dwtag  DW_TAG_structure_type
    9182                      .dwattr $C$DW$T$78, DW_AT_name("REV_BITS")
    9183                      .dwattr $C$DW$T$78, DW_AT_byte_size(0x02)
    9184              $C$DW$537       .dwtag  DW_TAG_member
    9185                      .dwattr $C$DW$537, DW_AT_type(*$C$DW$T$47)
    9186                      .dwattr $C$DW$537, DW_AT_name("MAJOR")
    9187                      .dwattr $C$DW$537, DW_AT_bit_offset(0x0d)
    9188                      .dwattr $C$DW$537, DW_AT_bit_size(0x03)
    9189                      .dwattr $C$DW$537, DW_AT_accessibility(DW_ACCESS_public)
    9190                      .dwattr $C$DW$537, DW_AT_decl_file("C:\ti\C2000Ware_MotorControl_SDK_5_04_00_00\c2000ware\device_supp
    9191                      .dwattr $C$DW$537, DW_AT_decl_line(0xde)
    9192                      .dwattr $C$DW$537, DW_AT_decl_column(0x0c)
    9193              
    9194              $C$DW$538       .dwtag  DW_TAG_member
    9195                      .dwattr $C$DW$538, DW_AT_type(*$C$DW$T$47)
    9196                      .dwattr $C$DW$538, DW_AT_name("MINOR")
    9197                      .dwattr $C$DW$538, DW_AT_bit_offset(0x0a)
    9198                      .dwattr $C$DW$538, DW_AT_bit_size(0x03)
    9199                      .dwattr $C$DW$538, DW_AT_accessibility(DW_ACCESS_public)
    9200                      .dwattr $C$DW$538, DW_AT_decl_file("C:\ti\C2000Ware_MotorControl_SDK_5_04_00_00\c2000ware\device_supp
    9201                      .dwattr $C$DW$538, DW_AT_decl_line(0xdf)
    9202                      .dwattr $C$DW$538, DW_AT_decl_column(0x0c)
    9203              
    9204              $C$DW$539       .dwtag  DW_TAG_member
    9205                      .dwattr $C$DW$539, DW_AT_type(*$C$DW$T$47)
    9206                      .dwattr $C$DW$539, DW_AT_name("rsvd1")
    9207                      .dwattr $C$DW$539, DW_AT_bit_offset(0x00)
    9208                      .dwattr $C$DW$539, DW_AT_bit_size(0x0a)
    9209                      .dwattr $C$DW$539, DW_AT_accessibility(DW_ACCESS_public)
    9210                      .dwattr $C$DW$539, DW_AT_decl_file("C:\ti\C2000Ware_MotorControl_SDK_5_04_00_00\c2000ware\device_supp
    9211                      .dwattr $C$DW$539, DW_AT_decl_line(0xe0)
    9212                      .dwattr $C$DW$539, DW_AT_decl_column(0x0c)
    9213              
    9214              $C$DW$540       .dwtag  DW_TAG_member
    9215                      .dwattr $C$DW$540, DW_AT_type(*$C$DW$T$47)
    9216                      .dwattr $C$DW$540, DW_AT_name("rsvd2")
    9217                      .dwattr $C$DW$540, DW_AT_bit_offset(0x00)
    9218                      .dwattr $C$DW$540, DW_AT_bit_size(0x10)
    9219                      .dwattr $C$DW$540, DW_AT_data_member_location[DW_OP_plus_uconst 0x1]
    9220                      .dwattr $C$DW$540, DW_AT_accessibility(DW_ACCESS_public)
    9221                      .dwattr $C$DW$540, DW_AT_decl_file("C:\ti\C2000Ware_MotorControl_SDK_5_04_00_00\c2000ware\device_supp
    9222                      .dwattr $C$DW$540, DW_AT_decl_line(0xe1)
    9223                      .dwattr $C$DW$540, DW_AT_decl_column(0x0c)
    9224              
    9225                      .dwattr $C$DW$T$78, DW_AT_decl_file("C:\ti\C2000Ware_MotorControl_SDK_5_04_00_00\c2000ware\device_sup
    9226                      .dwattr $C$DW$T$78, DW_AT_decl_line(0xdd)
    9227                      .dwattr $C$DW$T$78, DW_AT_decl_column(0x08)
    9228                      .dwendtag $C$DW$T$78
    9229              
    9230                      .dwendtag $C$DW$TU$78
    9231              
    9232              
    9233              $C$DW$TU$79     .dwtag  DW_TAG_type_unit
TMS320C2000 Assembler PC v22.6.2 Mon Jan 26 16:23:05 2026

Copyright (c) 1996-2018 Texas Instruments Incorporated
dual_axis_servo_drive_cpu.asm                                        PAGE  183

    9234                      .dwmtype  $C$DW$T$79
    9235              
    9236              $C$DW$T$79      .dwtag  DW_TAG_union_type
    9237                      .dwattr $C$DW$T$79, DW_AT_name("REV_REG")
    9238                      .dwattr $C$DW$T$79, DW_AT_byte_size(0x02)
    9239              $C$DW$541       .dwtag  DW_TAG_member
    9240                      .dwattr $C$DW$541, DW_AT_type(*$C$DW$T$50)
    9241                      .dwattr $C$DW$541, DW_AT_name("all")
    9242                      .dwattr $C$DW$541, DW_AT_accessibility(DW_ACCESS_public)
    9243                      .dwattr $C$DW$541, DW_AT_decl_file("C:\ti\C2000Ware_MotorControl_SDK_5_04_00_00\c2000ware\device_supp
    9244                      .dwattr $C$DW$541, DW_AT_decl_line(0xe5)
    9245                      .dwattr $C$DW$541, DW_AT_decl_column(0x0d)
    9246              
    9247              $C$DW$542       .dwtag  DW_TAG_member
    9248                      .dwattr $C$DW$542, DW_AT_type(*$C$DW$T$78)
    9249                      .dwattr $C$DW$542, DW_AT_name("bit")
    9250                      .dwattr $C$DW$542, DW_AT_accessibility(DW_ACCESS_public)
    9251                      .dwattr $C$DW$542, DW_AT_decl_file("C:\ti\C2000Ware_MotorControl_SDK_5_04_00_00\c2000ware\device_supp
    9252                      .dwattr $C$DW$542, DW_AT_decl_line(0xe6)
    9253                      .dwattr $C$DW$542, DW_AT_decl_column(0x17)
    9254              
    9255                      .dwattr $C$DW$T$79, DW_AT_decl_file("C:\ti\C2000Ware_MotorControl_SDK_5_04_00_00\c2000ware\device_sup
    9256                      .dwattr $C$DW$T$79, DW_AT_decl_line(0xe4)
    9257                      .dwattr $C$DW$T$79, DW_AT_decl_column(0x07)
    9258                      .dwendtag $C$DW$T$79
    9259              
    9260                      .dwendtag $C$DW$TU$79
    9261              
    9262              
    9263              $C$DW$TU$81     .dwtag  DW_TAG_type_unit
    9264                      .dwmtype  $C$DW$T$81
    9265              
    9266              $C$DW$T$81      .dwtag  DW_TAG_structure_type
    9267                      .dwattr $C$DW$T$81, DW_AT_name("_Complex_double")
    9268                      .dwattr $C$DW$T$81, DW_AT_byte_size(0x08)
    9269              $C$DW$543       .dwtag  DW_TAG_member
    9270                      .dwattr $C$DW$543, DW_AT_type(*$C$DW$T$80)
    9271                      .dwattr $C$DW$543, DW_AT_name("_Vals")
    9272                      .dwattr $C$DW$543, DW_AT_accessibility(DW_ACCESS_public)
    9273                      .dwattr $C$DW$543, DW_AT_decl_file("C:/ti/ccs2031/ccs/tools/compiler/ti-cgt-c2000_22.6.2.LTS/include/
    9274                      .dwattr $C$DW$543, DW_AT_decl_line(0x13b)
    9275                      .dwattr $C$DW$543, DW_AT_decl_column(0x10)
    9276              
    9277                      .dwendtag $C$DW$T$81
    9278              
    9279                      .dwendtag $C$DW$TU$81
    9280              
    9281              
    9282              $C$DW$TU$140    .dwtag  DW_TAG_type_unit
    9283                      .dwmtype  $C$DW$T$140
    9284              $C$DW$T$140     .dwtag  DW_TAG_typedef
    9285                      .dwattr $C$DW$T$140, DW_AT_name("_Complex_double")
    9286                      .dwattr $C$DW$T$140, DW_AT_type(*$C$DW$T$81)
    9287                      .dwattr $C$DW$T$140, DW_AT_decl_file("C:/ti/ccs2031/ccs/tools/compiler/ti-cgt-c2000_22.6.2.LTS/includ
    9288                      .dwattr $C$DW$T$140, DW_AT_decl_line(0x13b)
TMS320C2000 Assembler PC v22.6.2 Mon Jan 26 16:23:05 2026

Copyright (c) 1996-2018 Texas Instruments Incorporated
dual_axis_servo_drive_cpu.asm                                        PAGE  184

    9289                      .dwattr $C$DW$T$140, DW_AT_decl_column(0x10)
    9290              
    9291                      .dwendtag $C$DW$TU$140
    9292              
    9293              
    9294              $C$DW$TU$83     .dwtag  DW_TAG_type_unit
    9295                      .dwmtype  $C$DW$T$83
    9296              
    9297              $C$DW$T$83      .dwtag  DW_TAG_structure_type
    9298                      .dwattr $C$DW$T$83, DW_AT_name("_Complex_float")
    9299                      .dwattr $C$DW$T$83, DW_AT_byte_size(0x04)
    9300              $C$DW$544       .dwtag  DW_TAG_member
    9301                      .dwattr $C$DW$544, DW_AT_type(*$C$DW$T$82)
    9302                      .dwattr $C$DW$544, DW_AT_name("_Vals")
    9303                      .dwattr $C$DW$544, DW_AT_accessibility(DW_ACCESS_public)
    9304                      .dwattr $C$DW$544, DW_AT_decl_file("C:/ti/ccs2031/ccs/tools/compiler/ti-cgt-c2000_22.6.2.LTS/include/
    9305                      .dwattr $C$DW$544, DW_AT_decl_line(0x13b)
    9306                      .dwattr $C$DW$544, DW_AT_decl_column(0x10)
    9307              
    9308                      .dwendtag $C$DW$T$83
    9309              
    9310                      .dwendtag $C$DW$TU$83
    9311              
    9312              
    9313              $C$DW$TU$141    .dwtag  DW_TAG_type_unit
    9314                      .dwmtype  $C$DW$T$141
    9315              $C$DW$T$141     .dwtag  DW_TAG_typedef
    9316                      .dwattr $C$DW$T$141, DW_AT_name("_Complex_float")
    9317                      .dwattr $C$DW$T$141, DW_AT_type(*$C$DW$T$83)
    9318                      .dwattr $C$DW$T$141, DW_AT_decl_file("C:/ti/ccs2031/ccs/tools/compiler/ti-cgt-c2000_22.6.2.LTS/includ
    9319                      .dwattr $C$DW$T$141, DW_AT_decl_line(0x13b)
    9320                      .dwattr $C$DW$T$141, DW_AT_decl_column(0x10)
    9321              
    9322                      .dwendtag $C$DW$TU$141
    9323              
    9324              
    9325              $C$DW$TU$85     .dwtag  DW_TAG_type_unit
    9326                      .dwmtype  $C$DW$T$85
    9327              
    9328              $C$DW$T$85      .dwtag  DW_TAG_structure_type
    9329                      .dwattr $C$DW$T$85, DW_AT_name("_Complex_long_double")
    9330                      .dwattr $C$DW$T$85, DW_AT_byte_size(0x08)
    9331              $C$DW$545       .dwtag  DW_TAG_member
    9332                      .dwattr $C$DW$545, DW_AT_type(*$C$DW$T$84)
    9333                      .dwattr $C$DW$545, DW_AT_name("_Vals")
    9334                      .dwattr $C$DW$545, DW_AT_accessibility(DW_ACCESS_public)
    9335                      .dwattr $C$DW$545, DW_AT_decl_file("C:/ti/ccs2031/ccs/tools/compiler/ti-cgt-c2000_22.6.2.LTS/include/
    9336                      .dwattr $C$DW$545, DW_AT_decl_line(0x13b)
    9337                      .dwattr $C$DW$545, DW_AT_decl_column(0x10)
    9338              
    9339                      .dwendtag $C$DW$T$85
    9340              
    9341                      .dwendtag $C$DW$TU$85
    9342              
    9343              
TMS320C2000 Assembler PC v22.6.2 Mon Jan 26 16:23:05 2026

Copyright (c) 1996-2018 Texas Instruments Incorporated
dual_axis_servo_drive_cpu.asm                                        PAGE  185

    9344              $C$DW$TU$143    .dwtag  DW_TAG_type_unit
    9345                      .dwmtype  $C$DW$T$143
    9346              $C$DW$T$143     .dwtag  DW_TAG_typedef
    9347                      .dwattr $C$DW$T$143, DW_AT_name("_Complex_long_double")
    9348                      .dwattr $C$DW$T$143, DW_AT_type(*$C$DW$T$85)
    9349                      .dwattr $C$DW$T$143, DW_AT_decl_file("C:/ti/ccs2031/ccs/tools/compiler/ti-cgt-c2000_22.6.2.LTS/includ
    9350                      .dwattr $C$DW$T$143, DW_AT_decl_line(0x13b)
    9351                      .dwattr $C$DW$T$143, DW_AT_decl_column(0x10)
    9352              
    9353                      .dwendtag $C$DW$TU$143
    9354              
    9355              
    9356              $C$DW$TU$86     .dwtag  DW_TAG_type_unit
    9357                      .dwmtype  $C$DW$T$86
    9358              
    9359              $C$DW$T$86      .dwtag  DW_TAG_structure_type
    9360                      .dwattr $C$DW$T$86, DW_AT_name("_FCL_Parameters_t_")
    9361                      .dwattr $C$DW$T$86, DW_AT_byte_size(0x24)
    9362              $C$DW$546       .dwtag  DW_TAG_member
    9363                      .dwattr $C$DW$546, DW_AT_type(*$C$DW$T$19)
    9364                      .dwattr $C$DW$546, DW_AT_name("carrierMid")
    9365                      .dwattr $C$DW$546, DW_AT_accessibility(DW_ACCESS_public)
    9366                      .dwattr $C$DW$546, DW_AT_decl_file("..\sources\fcl_foc_cpu_dm.h")
    9367                      .dwattr $C$DW$546, DW_AT_decl_line(0x55)
    9368                      .dwattr $C$DW$546, DW_AT_decl_column(0x11)
    9369              
    9370              $C$DW$547       .dwtag  DW_TAG_member
    9371                      .dwattr $C$DW$547, DW_AT_type(*$C$DW$T$19)
    9372                      .dwattr $C$DW$547, DW_AT_name("adcPPBScale")
    9373                      .dwattr $C$DW$547, DW_AT_data_member_location[DW_OP_plus_uconst 0x2]
    9374                      .dwattr $C$DW$547, DW_AT_accessibility(DW_ACCESS_public)
    9375                      .dwattr $C$DW$547, DW_AT_decl_file("..\sources\fcl_foc_cpu_dm.h")
    9376                      .dwattr $C$DW$547, DW_AT_decl_line(0x56)
    9377                      .dwattr $C$DW$547, DW_AT_decl_column(0x11)
    9378              
    9379              $C$DW$548       .dwtag  DW_TAG_member
    9380                      .dwattr $C$DW$548, DW_AT_type(*$C$DW$T$19)
    9381                      .dwattr $C$DW$548, DW_AT_name("adcAlphaScale")
    9382                      .dwattr $C$DW$548, DW_AT_data_member_location[DW_OP_plus_uconst 0x4]
    9383                      .dwattr $C$DW$548, DW_AT_accessibility(DW_ACCESS_public)
    9384                      .dwattr $C$DW$548, DW_AT_decl_file("..\sources\fcl_foc_cpu_dm.h")
    9385                      .dwattr $C$DW$548, DW_AT_decl_line(0x57)
    9386                      .dwattr $C$DW$548, DW_AT_decl_column(0x11)
    9387              
    9388              $C$DW$549       .dwtag  DW_TAG_member
    9389                      .dwattr $C$DW$549, DW_AT_type(*$C$DW$T$19)
    9390                      .dwattr $C$DW$549, DW_AT_name("adcBetaScale")
    9391                      .dwattr $C$DW$549, DW_AT_data_member_location[DW_OP_plus_uconst 0x6]
    9392                      .dwattr $C$DW$549, DW_AT_accessibility(DW_ACCESS_public)
    9393                      .dwattr $C$DW$549, DW_AT_decl_file("..\sources\fcl_foc_cpu_dm.h")
    9394                      .dwattr $C$DW$549, DW_AT_decl_line(0x58)
    9395                      .dwattr $C$DW$549, DW_AT_decl_column(0x11)
    9396              
    9397              $C$DW$550       .dwtag  DW_TAG_member
    9398                      .dwattr $C$DW$550, DW_AT_type(*$C$DW$T$19)
TMS320C2000 Assembler PC v22.6.2 Mon Jan 26 16:23:05 2026

Copyright (c) 1996-2018 Texas Instruments Incorporated
dual_axis_servo_drive_cpu.asm                                        PAGE  186

    9399                      .dwattr $C$DW$550, DW_AT_name("cmidsqrt3")
    9400                      .dwattr $C$DW$550, DW_AT_data_member_location[DW_OP_plus_uconst 0x8]
    9401                      .dwattr $C$DW$550, DW_AT_accessibility(DW_ACCESS_public)
    9402                      .dwattr $C$DW$550, DW_AT_decl_file("..\sources\fcl_foc_cpu_dm.h")
    9403                      .dwattr $C$DW$550, DW_AT_decl_line(0x59)
    9404                      .dwattr $C$DW$550, DW_AT_decl_column(0x11)
    9405              
    9406              $C$DW$551       .dwtag  DW_TAG_member
    9407                      .dwattr $C$DW$551, DW_AT_type(*$C$DW$T$19)
    9408                      .dwattr $C$DW$551, DW_AT_name("tSamp")
    9409                      .dwattr $C$DW$551, DW_AT_data_member_location[DW_OP_plus_uconst 0xa]
    9410                      .dwattr $C$DW$551, DW_AT_accessibility(DW_ACCESS_public)
    9411                      .dwattr $C$DW$551, DW_AT_decl_file("..\sources\fcl_foc_cpu_dm.h")
    9412                      .dwattr $C$DW$551, DW_AT_decl_line(0x5b)
    9413                      .dwattr $C$DW$551, DW_AT_decl_column(0x11)
    9414              
    9415              $C$DW$552       .dwtag  DW_TAG_member
    9416                      .dwattr $C$DW$552, DW_AT_type(*$C$DW$T$19)
    9417                      .dwattr $C$DW$552, DW_AT_name("Rd")
    9418                      .dwattr $C$DW$552, DW_AT_data_member_location[DW_OP_plus_uconst 0xc]
    9419                      .dwattr $C$DW$552, DW_AT_accessibility(DW_ACCESS_public)
    9420                      .dwattr $C$DW$552, DW_AT_decl_file("..\sources\fcl_foc_cpu_dm.h")
    9421                      .dwattr $C$DW$552, DW_AT_decl_line(0x5c)
    9422                      .dwattr $C$DW$552, DW_AT_decl_column(0x11)
    9423              
    9424              $C$DW$553       .dwtag  DW_TAG_member
    9425                      .dwattr $C$DW$553, DW_AT_type(*$C$DW$T$19)
    9426                      .dwattr $C$DW$553, DW_AT_name("Rq")
    9427                      .dwattr $C$DW$553, DW_AT_data_member_location[DW_OP_plus_uconst 0xe]
    9428                      .dwattr $C$DW$553, DW_AT_accessibility(DW_ACCESS_public)
    9429                      .dwattr $C$DW$553, DW_AT_decl_file("..\sources\fcl_foc_cpu_dm.h")
    9430                      .dwattr $C$DW$553, DW_AT_decl_line(0x5d)
    9431                      .dwattr $C$DW$553, DW_AT_decl_column(0x11)
    9432              
    9433              $C$DW$554       .dwtag  DW_TAG_member
    9434                      .dwattr $C$DW$554, DW_AT_type(*$C$DW$T$19)
    9435                      .dwattr $C$DW$554, DW_AT_name("Ld")
    9436                      .dwattr $C$DW$554, DW_AT_data_member_location[DW_OP_plus_uconst 0x10]
    9437                      .dwattr $C$DW$554, DW_AT_accessibility(DW_ACCESS_public)
    9438                      .dwattr $C$DW$554, DW_AT_decl_file("..\sources\fcl_foc_cpu_dm.h")
    9439                      .dwattr $C$DW$554, DW_AT_decl_line(0x5e)
    9440                      .dwattr $C$DW$554, DW_AT_decl_column(0x11)
    9441              
    9442              $C$DW$555       .dwtag  DW_TAG_member
    9443                      .dwattr $C$DW$555, DW_AT_type(*$C$DW$T$19)
    9444                      .dwattr $C$DW$555, DW_AT_name("Lq")
    9445                      .dwattr $C$DW$555, DW_AT_data_member_location[DW_OP_plus_uconst 0x12]
    9446                      .dwattr $C$DW$555, DW_AT_accessibility(DW_ACCESS_public)
    9447                      .dwattr $C$DW$555, DW_AT_decl_file("..\sources\fcl_foc_cpu_dm.h")
    9448                      .dwattr $C$DW$555, DW_AT_decl_line(0x5f)
    9449                      .dwattr $C$DW$555, DW_AT_decl_column(0x11)
    9450              
    9451              $C$DW$556       .dwtag  DW_TAG_member
    9452                      .dwattr $C$DW$556, DW_AT_type(*$C$DW$T$19)
    9453                      .dwattr $C$DW$556, DW_AT_name("Vbase")
TMS320C2000 Assembler PC v22.6.2 Mon Jan 26 16:23:05 2026

Copyright (c) 1996-2018 Texas Instruments Incorporated
dual_axis_servo_drive_cpu.asm                                        PAGE  187

    9454                      .dwattr $C$DW$556, DW_AT_data_member_location[DW_OP_plus_uconst 0x14]
    9455                      .dwattr $C$DW$556, DW_AT_accessibility(DW_ACCESS_public)
    9456                      .dwattr $C$DW$556, DW_AT_decl_file("..\sources\fcl_foc_cpu_dm.h")
    9457                      .dwattr $C$DW$556, DW_AT_decl_line(0x60)
    9458                      .dwattr $C$DW$556, DW_AT_decl_column(0x11)
    9459              
    9460              $C$DW$557       .dwtag  DW_TAG_member
    9461                      .dwattr $C$DW$557, DW_AT_type(*$C$DW$T$19)
    9462                      .dwattr $C$DW$557, DW_AT_name("Ibase")
    9463                      .dwattr $C$DW$557, DW_AT_data_member_location[DW_OP_plus_uconst 0x16]
    9464                      .dwattr $C$DW$557, DW_AT_accessibility(DW_ACCESS_public)
    9465                      .dwattr $C$DW$557, DW_AT_decl_file("..\sources\fcl_foc_cpu_dm.h")
    9466                      .dwattr $C$DW$557, DW_AT_decl_line(0x61)
    9467                      .dwattr $C$DW$557, DW_AT_decl_column(0x11)
    9468              
    9469              $C$DW$558       .dwtag  DW_TAG_member
    9470                      .dwattr $C$DW$558, DW_AT_type(*$C$DW$T$19)
    9471                      .dwattr $C$DW$558, DW_AT_name("invZbase")
    9472                      .dwattr $C$DW$558, DW_AT_data_member_location[DW_OP_plus_uconst 0x18]
    9473                      .dwattr $C$DW$558, DW_AT_accessibility(DW_ACCESS_public)
    9474                      .dwattr $C$DW$558, DW_AT_decl_file("..\sources\fcl_foc_cpu_dm.h")
    9475                      .dwattr $C$DW$558, DW_AT_decl_line(0x62)
    9476                      .dwattr $C$DW$558, DW_AT_decl_column(0x11)
    9477              
    9478              $C$DW$559       .dwtag  DW_TAG_member
    9479                      .dwattr $C$DW$559, DW_AT_type(*$C$DW$T$19)
    9480                      .dwattr $C$DW$559, DW_AT_name("wccD")
    9481                      .dwattr $C$DW$559, DW_AT_data_member_location[DW_OP_plus_uconst 0x1a]
    9482                      .dwattr $C$DW$559, DW_AT_accessibility(DW_ACCESS_public)
    9483                      .dwattr $C$DW$559, DW_AT_decl_file("..\sources\fcl_foc_cpu_dm.h")
    9484                      .dwattr $C$DW$559, DW_AT_decl_line(0x63)
    9485                      .dwattr $C$DW$559, DW_AT_decl_column(0x11)
    9486              
    9487              $C$DW$560       .dwtag  DW_TAG_member
    9488                      .dwattr $C$DW$560, DW_AT_type(*$C$DW$T$19)
    9489                      .dwattr $C$DW$560, DW_AT_name("wccQ")
    9490                      .dwattr $C$DW$560, DW_AT_data_member_location[DW_OP_plus_uconst 0x1c]
    9491                      .dwattr $C$DW$560, DW_AT_accessibility(DW_ACCESS_public)
    9492                      .dwattr $C$DW$560, DW_AT_decl_file("..\sources\fcl_foc_cpu_dm.h")
    9493                      .dwattr $C$DW$560, DW_AT_decl_line(0x64)
    9494                      .dwattr $C$DW$560, DW_AT_decl_column(0x11)
    9495              
    9496              $C$DW$561       .dwtag  DW_TAG_member
    9497                      .dwattr $C$DW$561, DW_AT_type(*$C$DW$T$19)
    9498                      .dwattr $C$DW$561, DW_AT_name("Vdcbus")
    9499                      .dwattr $C$DW$561, DW_AT_data_member_location[DW_OP_plus_uconst 0x1e]
    9500                      .dwattr $C$DW$561, DW_AT_accessibility(DW_ACCESS_public)
    9501                      .dwattr $C$DW$561, DW_AT_decl_file("..\sources\fcl_foc_cpu_dm.h")
    9502                      .dwattr $C$DW$561, DW_AT_decl_line(0x65)
    9503                      .dwattr $C$DW$561, DW_AT_decl_column(0x11)
    9504              
    9505              $C$DW$562       .dwtag  DW_TAG_member
    9506                      .dwattr $C$DW$562, DW_AT_type(*$C$DW$T$19)
    9507                      .dwattr $C$DW$562, DW_AT_name("BemfK")
    9508                      .dwattr $C$DW$562, DW_AT_data_member_location[DW_OP_plus_uconst 0x20]
TMS320C2000 Assembler PC v22.6.2 Mon Jan 26 16:23:05 2026

Copyright (c) 1996-2018 Texas Instruments Incorporated
dual_axis_servo_drive_cpu.asm                                        PAGE  188

    9509                      .dwattr $C$DW$562, DW_AT_accessibility(DW_ACCESS_public)
    9510                      .dwattr $C$DW$562, DW_AT_decl_file("..\sources\fcl_foc_cpu_dm.h")
    9511                      .dwattr $C$DW$562, DW_AT_decl_line(0x66)
    9512                      .dwattr $C$DW$562, DW_AT_decl_column(0x11)
    9513              
    9514              $C$DW$563       .dwtag  DW_TAG_member
    9515                      .dwattr $C$DW$563, DW_AT_type(*$C$DW$T$19)
    9516                      .dwattr $C$DW$563, DW_AT_name("Wbase")
    9517                      .dwattr $C$DW$563, DW_AT_data_member_location[DW_OP_plus_uconst 0x22]
    9518                      .dwattr $C$DW$563, DW_AT_accessibility(DW_ACCESS_public)
    9519                      .dwattr $C$DW$563, DW_AT_decl_file("..\sources\fcl_foc_cpu_dm.h")
    9520                      .dwattr $C$DW$563, DW_AT_decl_line(0x67)
    9521                      .dwattr $C$DW$563, DW_AT_decl_column(0x11)
    9522              
    9523                      .dwattr $C$DW$T$86, DW_AT_decl_file("..\sources\fcl_foc_cpu_dm.h")
    9524                      .dwattr $C$DW$T$86, DW_AT_decl_line(0x53)
    9525                      .dwattr $C$DW$T$86, DW_AT_decl_column(0x10)
    9526                      .dwendtag $C$DW$T$86
    9527              
    9528                      .dwendtag $C$DW$TU$86
    9529              
    9530              
    9531              $C$DW$TU$105    .dwtag  DW_TAG_type_unit
    9532                      .dwmtype  $C$DW$T$105
    9533              $C$DW$T$105     .dwtag  DW_TAG_typedef
    9534                      .dwattr $C$DW$T$105, DW_AT_name("FCL_Parameters_t")
    9535                      .dwattr $C$DW$T$105, DW_AT_type(*$C$DW$T$86)
    9536                      .dwattr $C$DW$T$105, DW_AT_decl_file("..\sources\fcl_foc_cpu_dm.h")
    9537                      .dwattr $C$DW$T$105, DW_AT_decl_line(0x68)
    9538                      .dwattr $C$DW$T$105, DW_AT_decl_column(0x03)
    9539              
    9540                      .dwendtag $C$DW$TU$105
    9541              
    9542              
    9543              $C$DW$TU$91     .dwtag  DW_TAG_type_unit
    9544                      .dwmtype  $C$DW$T$91
    9545              
    9546              $C$DW$T$91      .dwtag  DW_TAG_structure_type
    9547                      .dwattr $C$DW$T$91, DW_AT_name("_HAL_MTR_Obj_")
    9548                      .dwattr $C$DW$T$91, DW_AT_byte_size(0x12)
    9549              $C$DW$564       .dwtag  DW_TAG_member
    9550                      .dwattr $C$DW$564, DW_AT_type(*$C$DW$T$87)
    9551                      .dwattr $C$DW$564, DW_AT_name("pwmHandle")
    9552                      .dwattr $C$DW$564, DW_AT_accessibility(DW_ACCESS_public)
    9553                      .dwattr $C$DW$564, DW_AT_decl_file("..\sources\dual_axis_servo_drive_hal.h")
    9554                      .dwattr $C$DW$564, DW_AT_decl_line(0xb0)
    9555                      .dwattr $C$DW$564, DW_AT_decl_column(0x11)
    9556              
    9557              $C$DW$565       .dwtag  DW_TAG_member
    9558                      .dwattr $C$DW$565, DW_AT_type(*$C$DW$T$87)
    9559                      .dwattr $C$DW$565, DW_AT_name("cmpssHandle")
    9560                      .dwattr $C$DW$565, DW_AT_data_member_location[DW_OP_plus_uconst 0x6]
    9561                      .dwattr $C$DW$565, DW_AT_accessibility(DW_ACCESS_public)
    9562                      .dwattr $C$DW$565, DW_AT_decl_file("..\sources\dual_axis_servo_drive_hal.h")
    9563                      .dwattr $C$DW$565, DW_AT_decl_line(0xb2)
TMS320C2000 Assembler PC v22.6.2 Mon Jan 26 16:23:05 2026

Copyright (c) 1996-2018 Texas Instruments Incorporated
dual_axis_servo_drive_cpu.asm                                        PAGE  189

    9564                      .dwattr $C$DW$565, DW_AT_decl_column(0x11)
    9565              
    9566              $C$DW$566       .dwtag  DW_TAG_member
    9567                      .dwattr $C$DW$566, DW_AT_type(*$C$DW$T$22)
    9568                      .dwattr $C$DW$566, DW_AT_name("spiHandle")
    9569                      .dwattr $C$DW$566, DW_AT_data_member_location[DW_OP_plus_uconst 0xc]
    9570                      .dwattr $C$DW$566, DW_AT_accessibility(DW_ACCESS_public)
    9571                      .dwattr $C$DW$566, DW_AT_decl_file("..\sources\dual_axis_servo_drive_hal.h")
    9572                      .dwattr $C$DW$566, DW_AT_decl_line(0xb4)
    9573                      .dwattr $C$DW$566, DW_AT_decl_column(0x11)
    9574              
    9575              $C$DW$567       .dwtag  DW_TAG_member
    9576                      .dwattr $C$DW$567, DW_AT_type(*$C$DW$T$22)
    9577                      .dwattr $C$DW$567, DW_AT_name("qepHandle")
    9578                      .dwattr $C$DW$567, DW_AT_data_member_location[DW_OP_plus_uconst 0xe]
    9579                      .dwattr $C$DW$567, DW_AT_accessibility(DW_ACCESS_public)
    9580                      .dwattr $C$DW$567, DW_AT_decl_file("..\sources\dual_axis_servo_drive_hal.h")
    9581                      .dwattr $C$DW$567, DW_AT_decl_line(0xb6)
    9582                      .dwattr $C$DW$567, DW_AT_decl_column(0x11)
    9583              
    9584              $C$DW$568       .dwtag  DW_TAG_member
    9585                      .dwattr $C$DW$568, DW_AT_type(*$C$DW$T$89)
    9586                      .dwattr $C$DW$568, DW_AT_name("motorNum")
    9587                      .dwattr $C$DW$568, DW_AT_data_member_location[DW_OP_plus_uconst 0x10]
    9588                      .dwattr $C$DW$568, DW_AT_accessibility(DW_ACCESS_public)
    9589                      .dwattr $C$DW$568, DW_AT_decl_file("..\sources\dual_axis_servo_drive_hal.h")
    9590                      .dwattr $C$DW$568, DW_AT_decl_line(0xb8)
    9591                      .dwattr $C$DW$568, DW_AT_decl_column(0x11)
    9592              
    9593              $C$DW$569       .dwtag  DW_TAG_member
    9594                      .dwattr $C$DW$569, DW_AT_type(*$C$DW$T$90)
    9595                      .dwattr $C$DW$569, DW_AT_name("flagEnablePWM")
    9596                      .dwattr $C$DW$569, DW_AT_data_member_location[DW_OP_plus_uconst 0x11]
    9597                      .dwattr $C$DW$569, DW_AT_accessibility(DW_ACCESS_public)
    9598                      .dwattr $C$DW$569, DW_AT_decl_file("..\sources\dual_axis_servo_drive_hal.h")
    9599                      .dwattr $C$DW$569, DW_AT_decl_line(0xba)
    9600                      .dwattr $C$DW$569, DW_AT_decl_column(0x11)
    9601              
    9602                      .dwattr $C$DW$T$91, DW_AT_decl_file("..\sources\dual_axis_servo_drive_hal.h")
    9603                      .dwattr $C$DW$T$91, DW_AT_decl_line(0xae)
    9604                      .dwattr $C$DW$T$91, DW_AT_decl_column(0x10)
    9605                      .dwendtag $C$DW$T$91
    9606              
    9607                      .dwendtag $C$DW$TU$91
    9608              
    9609              
    9610              $C$DW$TU$144    .dwtag  DW_TAG_type_unit
    9611                      .dwmtype  $C$DW$T$144
    9612              $C$DW$T$144     .dwtag  DW_TAG_typedef
    9613                      .dwattr $C$DW$T$144, DW_AT_name("HAL_MTR_Obj")
    9614                      .dwattr $C$DW$T$144, DW_AT_type(*$C$DW$T$91)
    9615                      .dwattr $C$DW$T$144, DW_AT_decl_file("..\sources\dual_axis_servo_drive_hal.h")
    9616                      .dwattr $C$DW$T$144, DW_AT_decl_line(0xbb)
    9617                      .dwattr $C$DW$T$144, DW_AT_decl_column(0x03)
    9618              
TMS320C2000 Assembler PC v22.6.2 Mon Jan 26 16:23:05 2026

Copyright (c) 1996-2018 Texas Instruments Incorporated
dual_axis_servo_drive_cpu.asm                                        PAGE  190

    9619                      .dwendtag $C$DW$TU$144
    9620              
    9621              
    9622              $C$DW$TU$145    .dwtag  DW_TAG_type_unit
    9623                      .dwmtype  $C$DW$T$145
    9624              
    9625              $C$DW$T$145     .dwtag  DW_TAG_array_type
    9626                      .dwattr $C$DW$T$145, DW_AT_type(*$C$DW$T$144)
    9627                      .dwattr $C$DW$T$145, DW_AT_byte_size(0x24)
    9628              $C$DW$570       .dwtag  DW_TAG_subrange_type
    9629                      .dwattr $C$DW$570, DW_AT_upper_bound(0x01)
    9630              
    9631                      .dwendtag $C$DW$T$145
    9632              
    9633                      .dwendtag $C$DW$TU$145
    9634              
    9635              
    9636              $C$DW$TU$146    .dwtag  DW_TAG_type_unit
    9637                      .dwmtype  $C$DW$T$146
    9638              $C$DW$T$146     .dwtag  DW_TAG_pointer_type
    9639                      .dwattr $C$DW$T$146, DW_AT_type(*$C$DW$T$91)
    9640                      .dwattr $C$DW$T$146, DW_AT_address_class(0x20)
    9641              
    9642                      .dwendtag $C$DW$TU$146
    9643              
    9644              
    9645              $C$DW$TU$147    .dwtag  DW_TAG_type_unit
    9646                      .dwmtype  $C$DW$T$147
    9647              $C$DW$T$147     .dwtag  DW_TAG_typedef
    9648                      .dwattr $C$DW$T$147, DW_AT_name("HAL_MTR_Handle")
    9649                      .dwattr $C$DW$T$147, DW_AT_type(*$C$DW$T$146)
    9650                      .dwattr $C$DW$T$147, DW_AT_decl_file("..\sources\dual_axis_servo_drive_hal.h")
    9651                      .dwattr $C$DW$T$147, DW_AT_decl_line(0xc2)
    9652                      .dwattr $C$DW$T$147, DW_AT_decl_column(0x1f)
    9653              
    9654                      .dwendtag $C$DW$TU$147
    9655              
    9656              
    9657              $C$DW$TU$148    .dwtag  DW_TAG_type_unit
    9658                      .dwmtype  $C$DW$T$148
    9659              $C$DW$571       .dwtag  DW_TAG_TI_far_type
    9660                      .dwattr $C$DW$571, DW_AT_type(*$C$DW$T$147)
    9661              
    9662              $C$DW$T$148     .dwtag  DW_TAG_const_type
    9663                      .dwattr $C$DW$T$148, DW_AT_type(*$C$DW$571)
    9664              
    9665                      .dwendtag $C$DW$TU$148
    9666              
    9667              
    9668              $C$DW$TU$149    .dwtag  DW_TAG_type_unit
    9669                      .dwmtype  $C$DW$T$149
    9670              
    9671              $C$DW$T$149     .dwtag  DW_TAG_array_type
    9672                      .dwattr $C$DW$T$149, DW_AT_type(*$C$DW$T$147)
    9673                      .dwattr $C$DW$T$149, DW_AT_byte_size(0x04)
TMS320C2000 Assembler PC v22.6.2 Mon Jan 26 16:23:05 2026

Copyright (c) 1996-2018 Texas Instruments Incorporated
dual_axis_servo_drive_cpu.asm                                        PAGE  191

    9674              $C$DW$572       .dwtag  DW_TAG_subrange_type
    9675                      .dwattr $C$DW$572, DW_AT_upper_bound(0x01)
    9676              
    9677                      .dwendtag $C$DW$T$149
    9678              
    9679                      .dwendtag $C$DW$TU$149
    9680              
    9681              
    9682              $C$DW$TU$93     .dwtag  DW_TAG_type_unit
    9683                      .dwmtype  $C$DW$T$93
    9684              
    9685              $C$DW$T$93      .dwtag  DW_TAG_structure_type
    9686                      .dwattr $C$DW$T$93, DW_AT_name("_HAL_Obj_")
    9687                      .dwattr $C$DW$T$93, DW_AT_byte_size(0x12)
    9688              $C$DW$573       .dwtag  DW_TAG_member
    9689                      .dwattr $C$DW$573, DW_AT_type(*$C$DW$T$87)
    9690                      .dwattr $C$DW$573, DW_AT_name("timerHandle")
    9691                      .dwattr $C$DW$573, DW_AT_accessibility(DW_ACCESS_public)
    9692                      .dwattr $C$DW$573, DW_AT_decl_file("..\sources\dual_axis_servo_drive_hal.h")
    9693                      .dwattr $C$DW$573, DW_AT_decl_line(0x9b)
    9694                      .dwattr $C$DW$573, DW_AT_decl_column(0x11)
    9695              
    9696              $C$DW$574       .dwtag  DW_TAG_member
    9697                      .dwattr $C$DW$574, DW_AT_type(*$C$DW$T$92)
    9698                      .dwattr $C$DW$574, DW_AT_name("sciHandle")
    9699                      .dwattr $C$DW$574, DW_AT_data_member_location[DW_OP_plus_uconst 0x6]
    9700                      .dwattr $C$DW$574, DW_AT_accessibility(DW_ACCESS_public)
    9701                      .dwattr $C$DW$574, DW_AT_decl_file("..\sources\dual_axis_servo_drive_hal.h")
    9702                      .dwattr $C$DW$574, DW_AT_decl_line(0x9d)
    9703                      .dwattr $C$DW$574, DW_AT_decl_column(0x11)
    9704              
    9705              $C$DW$575       .dwtag  DW_TAG_member
    9706                      .dwattr $C$DW$575, DW_AT_type(*$C$DW$T$92)
    9707                      .dwattr $C$DW$575, DW_AT_name("adcHandle")
    9708                      .dwattr $C$DW$575, DW_AT_data_member_location[DW_OP_plus_uconst 0xa]
    9709                      .dwattr $C$DW$575, DW_AT_accessibility(DW_ACCESS_public)
    9710                      .dwattr $C$DW$575, DW_AT_decl_file("..\sources\dual_axis_servo_drive_hal.h")
    9711                      .dwattr $C$DW$575, DW_AT_decl_line(0x9f)
    9712                      .dwattr $C$DW$575, DW_AT_decl_column(0x11)
    9713              
    9714              $C$DW$576       .dwtag  DW_TAG_member
    9715                      .dwattr $C$DW$576, DW_AT_type(*$C$DW$T$92)
    9716                      .dwattr $C$DW$576, DW_AT_name("adcResult")
    9717                      .dwattr $C$DW$576, DW_AT_data_member_location[DW_OP_plus_uconst 0xe]
    9718                      .dwattr $C$DW$576, DW_AT_accessibility(DW_ACCESS_public)
    9719                      .dwattr $C$DW$576, DW_AT_decl_file("..\sources\dual_axis_servo_drive_hal.h")
    9720                      .dwattr $C$DW$576, DW_AT_decl_line(0xa0)
    9721                      .dwattr $C$DW$576, DW_AT_decl_column(0x11)
    9722              
    9723                      .dwattr $C$DW$T$93, DW_AT_decl_file("..\sources\dual_axis_servo_drive_hal.h")
    9724                      .dwattr $C$DW$T$93, DW_AT_decl_line(0x99)
    9725                      .dwattr $C$DW$T$93, DW_AT_decl_column(0x10)
    9726                      .dwendtag $C$DW$T$93
    9727              
    9728                      .dwendtag $C$DW$TU$93
TMS320C2000 Assembler PC v22.6.2 Mon Jan 26 16:23:05 2026

Copyright (c) 1996-2018 Texas Instruments Incorporated
dual_axis_servo_drive_cpu.asm                                        PAGE  192

    9729              
    9730              
    9731              $C$DW$TU$153    .dwtag  DW_TAG_type_unit
    9732                      .dwmtype  $C$DW$T$153
    9733              $C$DW$T$153     .dwtag  DW_TAG_typedef
    9734                      .dwattr $C$DW$T$153, DW_AT_name("HAL_Obj")
    9735                      .dwattr $C$DW$T$153, DW_AT_type(*$C$DW$T$93)
    9736                      .dwattr $C$DW$T$153, DW_AT_decl_file("..\sources\dual_axis_servo_drive_hal.h")
    9737                      .dwattr $C$DW$T$153, DW_AT_decl_line(0xa1)
    9738                      .dwattr $C$DW$T$153, DW_AT_decl_column(0x03)
    9739              
    9740                      .dwendtag $C$DW$TU$153
    9741              
    9742              
    9743              $C$DW$TU$154    .dwtag  DW_TAG_type_unit
    9744                      .dwmtype  $C$DW$T$154
    9745              $C$DW$T$154     .dwtag  DW_TAG_pointer_type
    9746                      .dwattr $C$DW$T$154, DW_AT_type(*$C$DW$T$93)
    9747                      .dwattr $C$DW$T$154, DW_AT_address_class(0x20)
    9748              
    9749                      .dwendtag $C$DW$TU$154
    9750              
    9751              
    9752              $C$DW$TU$155    .dwtag  DW_TAG_type_unit
    9753                      .dwmtype  $C$DW$T$155
    9754              $C$DW$T$155     .dwtag  DW_TAG_typedef
    9755                      .dwattr $C$DW$T$155, DW_AT_name("HAL_Handle")
    9756                      .dwattr $C$DW$T$155, DW_AT_type(*$C$DW$T$154)
    9757                      .dwattr $C$DW$T$155, DW_AT_decl_file("..\sources\dual_axis_servo_drive_hal.h")
    9758                      .dwattr $C$DW$T$155, DW_AT_decl_line(0xa8)
    9759                      .dwattr $C$DW$T$155, DW_AT_decl_column(0x1b)
    9760              
    9761                      .dwendtag $C$DW$TU$155
    9762              
    9763              
    9764              $C$DW$TU$124    .dwtag  DW_TAG_type_unit
    9765                      .dwmtype  $C$DW$T$124
    9766              
    9767              $C$DW$T$124     .dwtag  DW_TAG_structure_type
    9768                      .dwattr $C$DW$T$124, DW_AT_name("_MOTOR_Vars_t_")
    9769                      .dwattr $C$DW$T$124, DW_AT_byte_size(0x1ca)
    9770              $C$DW$577       .dwtag  DW_TAG_member
    9771                      .dwattr $C$DW$577, DW_AT_type(*$C$DW$T$22)
    9772                      .dwattr $C$DW$577, DW_AT_name("posCntr")
    9773                      .dwattr $C$DW$577, DW_AT_accessibility(DW_ACCESS_public)
    9774                      .dwattr $C$DW$577, DW_AT_decl_file("..\sources\fcl_foc_cpu_dm.h")
    9775                      .dwattr $C$DW$577, DW_AT_decl_line(0x81)
    9776                      .dwattr $C$DW$577, DW_AT_decl_column(0x0e)
    9777              
    9778              $C$DW$578       .dwtag  DW_TAG_member
    9779                      .dwattr $C$DW$578, DW_AT_type(*$C$DW$T$22)
    9780                      .dwattr $C$DW$578, DW_AT_name("posCntrMax")
    9781                      .dwattr $C$DW$578, DW_AT_data_member_location[DW_OP_plus_uconst 0x2]
    9782                      .dwattr $C$DW$578, DW_AT_accessibility(DW_ACCESS_public)
    9783                      .dwattr $C$DW$578, DW_AT_decl_file("..\sources\fcl_foc_cpu_dm.h")
TMS320C2000 Assembler PC v22.6.2 Mon Jan 26 16:23:05 2026

Copyright (c) 1996-2018 Texas Instruments Incorporated
dual_axis_servo_drive_cpu.asm                                        PAGE  193

    9784                      .dwattr $C$DW$578, DW_AT_decl_line(0x82)
    9785                      .dwattr $C$DW$578, DW_AT_decl_column(0x0e)
    9786              
    9787              $C$DW$579       .dwtag  DW_TAG_member
    9788                      .dwattr $C$DW$579, DW_AT_type(*$C$DW$T$19)
    9789                      .dwattr $C$DW$579, DW_AT_name("posSlewRate")
    9790                      .dwattr $C$DW$579, DW_AT_data_member_location[DW_OP_plus_uconst 0x4]
    9791                      .dwattr $C$DW$579, DW_AT_accessibility(DW_ACCESS_public)
    9792                      .dwattr $C$DW$579, DW_AT_decl_file("..\sources\fcl_foc_cpu_dm.h")
    9793                      .dwattr $C$DW$579, DW_AT_decl_line(0x83)
    9794                      .dwattr $C$DW$579, DW_AT_decl_column(0x0f)
    9795              
    9796              $C$DW$580       .dwtag  DW_TAG_member
    9797                      .dwattr $C$DW$580, DW_AT_type(*$C$DW$T$19)
    9798                      .dwattr $C$DW$580, DW_AT_name("baseFreq")
    9799                      .dwattr $C$DW$580, DW_AT_data_member_location[DW_OP_plus_uconst 0x6]
    9800                      .dwattr $C$DW$580, DW_AT_accessibility(DW_ACCESS_public)
    9801                      .dwattr $C$DW$580, DW_AT_decl_file("..\sources\fcl_foc_cpu_dm.h")
    9802                      .dwattr $C$DW$580, DW_AT_decl_line(0x85)
    9803                      .dwattr $C$DW$580, DW_AT_decl_column(0x0f)
    9804              
    9805              $C$DW$581       .dwtag  DW_TAG_member
    9806                      .dwattr $C$DW$581, DW_AT_type(*$C$DW$T$19)
    9807                      .dwattr $C$DW$581, DW_AT_name("polePairs")
    9808                      .dwattr $C$DW$581, DW_AT_data_member_location[DW_OP_plus_uconst 0x8]
    9809                      .dwattr $C$DW$581, DW_AT_accessibility(DW_ACCESS_public)
    9810                      .dwattr $C$DW$581, DW_AT_decl_file("..\sources\fcl_foc_cpu_dm.h")
    9811                      .dwattr $C$DW$581, DW_AT_decl_line(0x86)
    9812                      .dwattr $C$DW$581, DW_AT_decl_column(0x0f)
    9813              
    9814              $C$DW$582       .dwtag  DW_TAG_member
    9815                      .dwattr $C$DW$582, DW_AT_type(*$C$DW$T$19)
    9816                      .dwattr $C$DW$582, DW_AT_name("posMechScaler")
    9817                      .dwattr $C$DW$582, DW_AT_data_member_location[DW_OP_plus_uconst 0xa]
    9818                      .dwattr $C$DW$582, DW_AT_accessibility(DW_ACCESS_public)
    9819                      .dwattr $C$DW$582, DW_AT_decl_file("..\sources\fcl_foc_cpu_dm.h")
    9820                      .dwattr $C$DW$582, DW_AT_decl_line(0x87)
    9821                      .dwattr $C$DW$582, DW_AT_decl_column(0x0f)
    9822              
    9823              $C$DW$583       .dwtag  DW_TAG_member
    9824                      .dwattr $C$DW$583, DW_AT_type(*$C$DW$T$19)
    9825                      .dwattr $C$DW$583, DW_AT_name("Ts")
    9826                      .dwattr $C$DW$583, DW_AT_data_member_location[DW_OP_plus_uconst 0xc]
    9827                      .dwattr $C$DW$583, DW_AT_accessibility(DW_ACCESS_public)
    9828                      .dwattr $C$DW$583, DW_AT_decl_file("..\sources\fcl_foc_cpu_dm.h")
    9829                      .dwattr $C$DW$583, DW_AT_decl_line(0x89)
    9830                      .dwattr $C$DW$583, DW_AT_decl_column(0x0f)
    9831              
    9832              $C$DW$584       .dwtag  DW_TAG_member
    9833                      .dwattr $C$DW$584, DW_AT_type(*$C$DW$T$19)
    9834                      .dwattr $C$DW$584, DW_AT_name("maxModIndex")
    9835                      .dwattr $C$DW$584, DW_AT_data_member_location[DW_OP_plus_uconst 0xe]
    9836                      .dwattr $C$DW$584, DW_AT_accessibility(DW_ACCESS_public)
    9837                      .dwattr $C$DW$584, DW_AT_decl_file("..\sources\fcl_foc_cpu_dm.h")
    9838                      .dwattr $C$DW$584, DW_AT_decl_line(0x8a)
TMS320C2000 Assembler PC v22.6.2 Mon Jan 26 16:23:05 2026

Copyright (c) 1996-2018 Texas Instruments Incorporated
dual_axis_servo_drive_cpu.asm                                        PAGE  194

    9839                      .dwattr $C$DW$584, DW_AT_decl_column(0x0f)
    9840              
    9841              $C$DW$585       .dwtag  DW_TAG_member
    9842                      .dwattr $C$DW$585, DW_AT_type(*$C$DW$T$19)
    9843                      .dwattr $C$DW$585, DW_AT_name("pwmHalfPeriod")
    9844                      .dwattr $C$DW$585, DW_AT_data_member_location[DW_OP_plus_uconst 0x10]
    9845                      .dwattr $C$DW$585, DW_AT_accessibility(DW_ACCESS_public)
    9846                      .dwattr $C$DW$585, DW_AT_decl_file("..\sources\fcl_foc_cpu_dm.h")
    9847                      .dwattr $C$DW$585, DW_AT_decl_line(0x8b)
    9848                      .dwattr $C$DW$585, DW_AT_decl_column(0x0f)
    9849              
    9850              $C$DW$586       .dwtag  DW_TAG_member
    9851                      .dwattr $C$DW$586, DW_AT_type(*$C$DW$T$19)
    9852                      .dwattr $C$DW$586, DW_AT_name("voltageLimit")
    9853                      .dwattr $C$DW$586, DW_AT_data_member_location[DW_OP_plus_uconst 0x12]
    9854                      .dwattr $C$DW$586, DW_AT_accessibility(DW_ACCESS_public)
    9855                      .dwattr $C$DW$586, DW_AT_decl_file("..\sources\fcl_foc_cpu_dm.h")
    9856                      .dwattr $C$DW$586, DW_AT_decl_line(0x8d)
    9857                      .dwattr $C$DW$586, DW_AT_decl_column(0x0f)
    9858              
    9859              $C$DW$587       .dwtag  DW_TAG_member
    9860                      .dwattr $C$DW$587, DW_AT_type(*$C$DW$T$19)
    9861                      .dwattr $C$DW$587, DW_AT_name("currentLimit")
    9862                      .dwattr $C$DW$587, DW_AT_data_member_location[DW_OP_plus_uconst 0x14]
    9863                      .dwattr $C$DW$587, DW_AT_accessibility(DW_ACCESS_public)
    9864                      .dwattr $C$DW$587, DW_AT_decl_file("..\sources\fcl_foc_cpu_dm.h")
    9865                      .dwattr $C$DW$587, DW_AT_decl_line(0x8e)
    9866                      .dwattr $C$DW$587, DW_AT_decl_column(0x0f)
    9867              
    9868              $C$DW$588       .dwtag  DW_TAG_member
    9869                      .dwattr $C$DW$588, DW_AT_type(*$C$DW$T$19)
    9870                      .dwattr $C$DW$588, DW_AT_name("speedRefStart")
    9871                      .dwattr $C$DW$588, DW_AT_data_member_location[DW_OP_plus_uconst 0x16]
    9872                      .dwattr $C$DW$588, DW_AT_accessibility(DW_ACCESS_public)
    9873                      .dwattr $C$DW$588, DW_AT_decl_file("..\sources\fcl_foc_cpu_dm.h")
    9874                      .dwattr $C$DW$588, DW_AT_decl_line(0x8f)
    9875                      .dwattr $C$DW$588, DW_AT_decl_column(0x0f)
    9876              
    9877              $C$DW$589       .dwtag  DW_TAG_member
    9878                      .dwattr $C$DW$589, DW_AT_type(*$C$DW$T$19)
    9879                      .dwattr $C$DW$589, DW_AT_name("speedRefMax")
    9880                      .dwattr $C$DW$589, DW_AT_data_member_location[DW_OP_plus_uconst 0x18]
    9881                      .dwattr $C$DW$589, DW_AT_accessibility(DW_ACCESS_public)
    9882                      .dwattr $C$DW$589, DW_AT_decl_file("..\sources\fcl_foc_cpu_dm.h")
    9883                      .dwattr $C$DW$589, DW_AT_decl_line(0x90)
    9884                      .dwattr $C$DW$589, DW_AT_decl_column(0x0f)
    9885              
    9886              $C$DW$590       .dwtag  DW_TAG_member
    9887                      .dwattr $C$DW$590, DW_AT_type(*$C$DW$T$19)
    9888                      .dwattr $C$DW$590, DW_AT_name("IdRefSet")
    9889                      .dwattr $C$DW$590, DW_AT_data_member_location[DW_OP_plus_uconst 0x1a]
    9890                      .dwattr $C$DW$590, DW_AT_accessibility(DW_ACCESS_public)
    9891                      .dwattr $C$DW$590, DW_AT_decl_file("..\sources\fcl_foc_cpu_dm.h")
    9892                      .dwattr $C$DW$590, DW_AT_decl_line(0x91)
    9893                      .dwattr $C$DW$590, DW_AT_decl_column(0x0f)
TMS320C2000 Assembler PC v22.6.2 Mon Jan 26 16:23:05 2026

Copyright (c) 1996-2018 Texas Instruments Incorporated
dual_axis_servo_drive_cpu.asm                                        PAGE  195

    9894              
    9895              $C$DW$591       .dwtag  DW_TAG_member
    9896                      .dwattr $C$DW$591, DW_AT_type(*$C$DW$T$19)
    9897                      .dwattr $C$DW$591, DW_AT_name("IqRefSet")
    9898                      .dwattr $C$DW$591, DW_AT_data_member_location[DW_OP_plus_uconst 0x1c]
    9899                      .dwattr $C$DW$591, DW_AT_accessibility(DW_ACCESS_public)
    9900                      .dwattr $C$DW$591, DW_AT_decl_file("..\sources\fcl_foc_cpu_dm.h")
    9901                      .dwattr $C$DW$591, DW_AT_decl_line(0x92)
    9902                      .dwattr $C$DW$591, DW_AT_decl_column(0x0f)
    9903              
    9904              $C$DW$592       .dwtag  DW_TAG_member
    9905                      .dwattr $C$DW$592, DW_AT_type(*$C$DW$T$19)
    9906                      .dwattr $C$DW$592, DW_AT_name("IdRef_start")
    9907                      .dwattr $C$DW$592, DW_AT_data_member_location[DW_OP_plus_uconst 0x1e]
    9908                      .dwattr $C$DW$592, DW_AT_accessibility(DW_ACCESS_public)
    9909                      .dwattr $C$DW$592, DW_AT_decl_file("..\sources\fcl_foc_cpu_dm.h")
    9910                      .dwattr $C$DW$592, DW_AT_decl_line(0x94)
    9911                      .dwattr $C$DW$592, DW_AT_decl_column(0x0f)
    9912              
    9913              $C$DW$593       .dwtag  DW_TAG_member
    9914                      .dwattr $C$DW$593, DW_AT_type(*$C$DW$T$19)
    9915                      .dwattr $C$DW$593, DW_AT_name("IdRef_run")
    9916                      .dwattr $C$DW$593, DW_AT_data_member_location[DW_OP_plus_uconst 0x20]
    9917                      .dwattr $C$DW$593, DW_AT_accessibility(DW_ACCESS_public)
    9918                      .dwattr $C$DW$593, DW_AT_decl_file("..\sources\fcl_foc_cpu_dm.h")
    9919                      .dwattr $C$DW$593, DW_AT_decl_line(0x95)
    9920                      .dwattr $C$DW$593, DW_AT_decl_column(0x0f)
    9921              
    9922              $C$DW$594       .dwtag  DW_TAG_member
    9923                      .dwattr $C$DW$594, DW_AT_type(*$C$DW$T$19)
    9924                      .dwattr $C$DW$594, DW_AT_name("IqRef_start")
    9925                      .dwattr $C$DW$594, DW_AT_data_member_location[DW_OP_plus_uconst 0x22]
    9926                      .dwattr $C$DW$594, DW_AT_accessibility(DW_ACCESS_public)
    9927                      .dwattr $C$DW$594, DW_AT_decl_file("..\sources\fcl_foc_cpu_dm.h")
    9928                      .dwattr $C$DW$594, DW_AT_decl_line(0x96)
    9929                      .dwattr $C$DW$594, DW_AT_decl_column(0x0f)
    9930              
    9931              $C$DW$595       .dwtag  DW_TAG_member
    9932                      .dwattr $C$DW$595, DW_AT_type(*$C$DW$T$19)
    9933                      .dwattr $C$DW$595, DW_AT_name("IdRef")
    9934                      .dwattr $C$DW$595, DW_AT_data_member_location[DW_OP_plus_uconst 0x24]
    9935                      .dwattr $C$DW$595, DW_AT_accessibility(DW_ACCESS_public)
    9936                      .dwattr $C$DW$595, DW_AT_decl_file("..\sources\fcl_foc_cpu_dm.h")
    9937                      .dwattr $C$DW$595, DW_AT_decl_line(0x98)
    9938                      .dwattr $C$DW$595, DW_AT_decl_column(0x0f)
    9939              
    9940              $C$DW$596       .dwtag  DW_TAG_member
    9941                      .dwattr $C$DW$596, DW_AT_type(*$C$DW$T$19)
    9942                      .dwattr $C$DW$596, DW_AT_name("IqRef")
    9943                      .dwattr $C$DW$596, DW_AT_data_member_location[DW_OP_plus_uconst 0x26]
    9944                      .dwattr $C$DW$596, DW_AT_accessibility(DW_ACCESS_public)
    9945                      .dwattr $C$DW$596, DW_AT_decl_file("..\sources\fcl_foc_cpu_dm.h")
    9946                      .dwattr $C$DW$596, DW_AT_decl_line(0x99)
    9947                      .dwattr $C$DW$596, DW_AT_decl_column(0x0f)
    9948              
TMS320C2000 Assembler PC v22.6.2 Mon Jan 26 16:23:05 2026

Copyright (c) 1996-2018 Texas Instruments Incorporated
dual_axis_servo_drive_cpu.asm                                        PAGE  196

    9949              $C$DW$597       .dwtag  DW_TAG_member
    9950                      .dwattr $C$DW$597, DW_AT_type(*$C$DW$T$19)
    9951                      .dwattr $C$DW$597, DW_AT_name("ctrlIdRef")
    9952                      .dwattr $C$DW$597, DW_AT_data_member_location[DW_OP_plus_uconst 0x28]
    9953                      .dwattr $C$DW$597, DW_AT_accessibility(DW_ACCESS_public)
    9954                      .dwattr $C$DW$597, DW_AT_decl_file("..\sources\fcl_foc_cpu_dm.h")
    9955                      .dwattr $C$DW$597, DW_AT_decl_line(0x9b)
    9956                      .dwattr $C$DW$597, DW_AT_decl_column(0x0f)
    9957              
    9958              $C$DW$598       .dwtag  DW_TAG_member
    9959                      .dwattr $C$DW$598, DW_AT_type(*$C$DW$T$19)
    9960                      .dwattr $C$DW$598, DW_AT_name("ctrlIqRef")
    9961                      .dwattr $C$DW$598, DW_AT_data_member_location[DW_OP_plus_uconst 0x2a]
    9962                      .dwattr $C$DW$598, DW_AT_accessibility(DW_ACCESS_public)
    9963                      .dwattr $C$DW$598, DW_AT_decl_file("..\sources\fcl_foc_cpu_dm.h")
    9964                      .dwattr $C$DW$598, DW_AT_decl_line(0x9c)
    9965                      .dwattr $C$DW$598, DW_AT_decl_column(0x0f)
    9966              
    9967              $C$DW$599       .dwtag  DW_TAG_member
    9968                      .dwattr $C$DW$599, DW_AT_type(*$C$DW$T$19)
    9969                      .dwattr $C$DW$599, DW_AT_name("speedRef")
    9970                      .dwattr $C$DW$599, DW_AT_data_member_location[DW_OP_plus_uconst 0x2c]
    9971                      .dwattr $C$DW$599, DW_AT_accessibility(DW_ACCESS_public)
    9972                      .dwattr $C$DW$599, DW_AT_decl_file("..\sources\fcl_foc_cpu_dm.h")
    9973                      .dwattr $C$DW$599, DW_AT_decl_line(0x9e)
    9974                      .dwattr $C$DW$599, DW_AT_decl_column(0x0f)
    9975              
    9976              $C$DW$600       .dwtag  DW_TAG_member
    9977                      .dwattr $C$DW$600, DW_AT_type(*$C$DW$T$19)
    9978                      .dwattr $C$DW$600, DW_AT_name("positionRef")
    9979                      .dwattr $C$DW$600, DW_AT_data_member_location[DW_OP_plus_uconst 0x2e]
    9980                      .dwattr $C$DW$600, DW_AT_accessibility(DW_ACCESS_public)
    9981                      .dwattr $C$DW$600, DW_AT_decl_file("..\sources\fcl_foc_cpu_dm.h")
    9982                      .dwattr $C$DW$600, DW_AT_decl_line(0x9f)
    9983                      .dwattr $C$DW$600, DW_AT_decl_column(0x0f)
    9984              
    9985              $C$DW$601       .dwtag  DW_TAG_member
    9986                      .dwattr $C$DW$601, DW_AT_type(*$C$DW$T$19)
    9987                      .dwattr $C$DW$601, DW_AT_name("lsw1Speed")
    9988                      .dwattr $C$DW$601, DW_AT_data_member_location[DW_OP_plus_uconst 0x30]
    9989                      .dwattr $C$DW$601, DW_AT_accessibility(DW_ACCESS_public)
    9990                      .dwattr $C$DW$601, DW_AT_decl_file("..\sources\fcl_foc_cpu_dm.h")
    9991                      .dwattr $C$DW$601, DW_AT_decl_line(0xa0)
    9992                      .dwattr $C$DW$601, DW_AT_decl_column(0x0f)
    9993              
    9994              $C$DW$602       .dwtag  DW_TAG_member
    9995                      .dwattr $C$DW$602, DW_AT_type(*$C$DW$T$19)
    9996                      .dwattr $C$DW$602, DW_AT_name("offset_currentAs")
    9997                      .dwattr $C$DW$602, DW_AT_data_member_location[DW_OP_plus_uconst 0x32]
    9998                      .dwattr $C$DW$602, DW_AT_accessibility(DW_ACCESS_public)
    9999                      .dwattr $C$DW$602, DW_AT_decl_file("..\sources\fcl_foc_cpu_dm.h")
   10000                      .dwattr $C$DW$602, DW_AT_decl_line(0xa3)
   10001                      .dwattr $C$DW$602, DW_AT_decl_column(0x0f)
   10002              
   10003              $C$DW$603       .dwtag  DW_TAG_member
TMS320C2000 Assembler PC v22.6.2 Mon Jan 26 16:23:05 2026

Copyright (c) 1996-2018 Texas Instruments Incorporated
dual_axis_servo_drive_cpu.asm                                        PAGE  197

   10004                      .dwattr $C$DW$603, DW_AT_type(*$C$DW$T$19)
   10005                      .dwattr $C$DW$603, DW_AT_name("offset_currentBs")
   10006                      .dwattr $C$DW$603, DW_AT_data_member_location[DW_OP_plus_uconst 0x34]
   10007                      .dwattr $C$DW$603, DW_AT_accessibility(DW_ACCESS_public)
   10008                      .dwattr $C$DW$603, DW_AT_decl_file("..\sources\fcl_foc_cpu_dm.h")
   10009                      .dwattr $C$DW$603, DW_AT_decl_line(0xa4)
   10010                      .dwattr $C$DW$603, DW_AT_decl_column(0x0f)
   10011              
   10012              $C$DW$604       .dwtag  DW_TAG_member
   10013                      .dwattr $C$DW$604, DW_AT_type(*$C$DW$T$19)
   10014                      .dwattr $C$DW$604, DW_AT_name("offset_currentCs")
   10015                      .dwattr $C$DW$604, DW_AT_data_member_location[DW_OP_plus_uconst 0x36]
   10016                      .dwattr $C$DW$604, DW_AT_accessibility(DW_ACCESS_public)
   10017                      .dwattr $C$DW$604, DW_AT_decl_file("..\sources\fcl_foc_cpu_dm.h")
   10018                      .dwattr $C$DW$604, DW_AT_decl_line(0xa5)
   10019                      .dwattr $C$DW$604, DW_AT_decl_column(0x0f)
   10020              
   10021              $C$DW$605       .dwtag  DW_TAG_member
   10022                      .dwattr $C$DW$605, DW_AT_type(*$C$DW$T$19)
   10023                      .dwattr $C$DW$605, DW_AT_name("currentAs")
   10024                      .dwattr $C$DW$605, DW_AT_data_member_location[DW_OP_plus_uconst 0x38]
   10025                      .dwattr $C$DW$605, DW_AT_accessibility(DW_ACCESS_public)
   10026                      .dwattr $C$DW$605, DW_AT_decl_file("..\sources\fcl_foc_cpu_dm.h")
   10027                      .dwattr $C$DW$605, DW_AT_decl_line(0xa7)
   10028                      .dwattr $C$DW$605, DW_AT_decl_column(0x0f)
   10029              
   10030              $C$DW$606       .dwtag  DW_TAG_member
   10031                      .dwattr $C$DW$606, DW_AT_type(*$C$DW$T$19)
   10032                      .dwattr $C$DW$606, DW_AT_name("currentBs")
   10033                      .dwattr $C$DW$606, DW_AT_data_member_location[DW_OP_plus_uconst 0x3a]
   10034                      .dwattr $C$DW$606, DW_AT_accessibility(DW_ACCESS_public)
   10035                      .dwattr $C$DW$606, DW_AT_decl_file("..\sources\fcl_foc_cpu_dm.h")
   10036                      .dwattr $C$DW$606, DW_AT_decl_line(0xa8)
   10037                      .dwattr $C$DW$606, DW_AT_decl_column(0x0f)
   10038              
   10039              $C$DW$607       .dwtag  DW_TAG_member
   10040                      .dwattr $C$DW$607, DW_AT_type(*$C$DW$T$19)
   10041                      .dwattr $C$DW$607, DW_AT_name("currentCs")
   10042                      .dwattr $C$DW$607, DW_AT_data_member_location[DW_OP_plus_uconst 0x3c]
   10043                      .dwattr $C$DW$607, DW_AT_accessibility(DW_ACCESS_public)
   10044                      .dwattr $C$DW$607, DW_AT_decl_file("..\sources\fcl_foc_cpu_dm.h")
   10045                      .dwattr $C$DW$607, DW_AT_decl_line(0xa9)
   10046                      .dwattr $C$DW$607, DW_AT_decl_column(0x0f)
   10047              
   10048              $C$DW$608       .dwtag  DW_TAG_member
   10049                      .dwattr $C$DW$608, DW_AT_type(*$C$DW$T$19)
   10050                      .dwattr $C$DW$608, DW_AT_name("currentScale")
   10051                      .dwattr $C$DW$608, DW_AT_data_member_location[DW_OP_plus_uconst 0x3e]
   10052                      .dwattr $C$DW$608, DW_AT_accessibility(DW_ACCESS_public)
   10053                      .dwattr $C$DW$608, DW_AT_decl_file("..\sources\fcl_foc_cpu_dm.h")
   10054                      .dwattr $C$DW$608, DW_AT_decl_line(0xab)
   10055                      .dwattr $C$DW$608, DW_AT_decl_column(0x0f)
   10056              
   10057              $C$DW$609       .dwtag  DW_TAG_member
   10058                      .dwattr $C$DW$609, DW_AT_type(*$C$DW$T$19)
TMS320C2000 Assembler PC v22.6.2 Mon Jan 26 16:23:05 2026

Copyright (c) 1996-2018 Texas Instruments Incorporated
dual_axis_servo_drive_cpu.asm                                        PAGE  198

   10059                      .dwattr $C$DW$609, DW_AT_name("voltageScale")
   10060                      .dwattr $C$DW$609, DW_AT_data_member_location[DW_OP_plus_uconst 0x40]
   10061                      .dwattr $C$DW$609, DW_AT_accessibility(DW_ACCESS_public)
   10062                      .dwattr $C$DW$609, DW_AT_decl_file("..\sources\fcl_foc_cpu_dm.h")
   10063                      .dwattr $C$DW$609, DW_AT_decl_line(0xac)
   10064                      .dwattr $C$DW$609, DW_AT_decl_column(0x0f)
   10065              
   10066              $C$DW$610       .dwtag  DW_TAG_member
   10067                      .dwattr $C$DW$610, DW_AT_type(*$C$DW$T$19)
   10068                      .dwattr $C$DW$610, DW_AT_name("adcScale")
   10069                      .dwattr $C$DW$610, DW_AT_data_member_location[DW_OP_plus_uconst 0x42]
   10070                      .dwattr $C$DW$610, DW_AT_accessibility(DW_ACCESS_public)
   10071                      .dwattr $C$DW$610, DW_AT_decl_file("..\sources\fcl_foc_cpu_dm.h")
   10072                      .dwattr $C$DW$610, DW_AT_decl_line(0xad)
   10073                      .dwattr $C$DW$610, DW_AT_decl_column(0x0f)
   10074              
   10075              $C$DW$611       .dwtag  DW_TAG_member
   10076                      .dwattr $C$DW$611, DW_AT_type(*$C$DW$T$19)
   10077                      .dwattr $C$DW$611, DW_AT_name("currentInvSF")
   10078                      .dwattr $C$DW$611, DW_AT_data_member_location[DW_OP_plus_uconst 0x44]
   10079                      .dwattr $C$DW$611, DW_AT_accessibility(DW_ACCESS_public)
   10080                      .dwattr $C$DW$611, DW_AT_decl_file("..\sources\fcl_foc_cpu_dm.h")
   10081                      .dwattr $C$DW$611, DW_AT_decl_line(0xae)
   10082                      .dwattr $C$DW$611, DW_AT_decl_column(0x0f)
   10083              
   10084              $C$DW$612       .dwtag  DW_TAG_member
   10085                      .dwattr $C$DW$612, DW_AT_type(*$C$DW$T$19)
   10086                      .dwattr $C$DW$612, DW_AT_name("voltageInvSF")
   10087                      .dwattr $C$DW$612, DW_AT_data_member_location[DW_OP_plus_uconst 0x46]
   10088                      .dwattr $C$DW$612, DW_AT_accessibility(DW_ACCESS_public)
   10089                      .dwattr $C$DW$612, DW_AT_decl_file("..\sources\fcl_foc_cpu_dm.h")
   10090                      .dwattr $C$DW$612, DW_AT_decl_line(0xaf)
   10091                      .dwattr $C$DW$612, DW_AT_decl_column(0x0f)
   10092              
   10093              $C$DW$613       .dwtag  DW_TAG_member
   10094                      .dwattr $C$DW$613, DW_AT_type(*$C$DW$T$19)
   10095                      .dwattr $C$DW$613, DW_AT_name("posElecTheta")
   10096                      .dwattr $C$DW$613, DW_AT_data_member_location[DW_OP_plus_uconst 0x48]
   10097                      .dwattr $C$DW$613, DW_AT_accessibility(DW_ACCESS_public)
   10098                      .dwattr $C$DW$613, DW_AT_decl_file("..\sources\fcl_foc_cpu_dm.h")
   10099                      .dwattr $C$DW$613, DW_AT_decl_line(0xb1)
   10100                      .dwattr $C$DW$613, DW_AT_decl_column(0x0f)
   10101              
   10102              $C$DW$614       .dwtag  DW_TAG_member
   10103                      .dwattr $C$DW$614, DW_AT_type(*$C$DW$T$19)
   10104                      .dwattr $C$DW$614, DW_AT_name("posMechTheta")
   10105                      .dwattr $C$DW$614, DW_AT_data_member_location[DW_OP_plus_uconst 0x4a]
   10106                      .dwattr $C$DW$614, DW_AT_accessibility(DW_ACCESS_public)
   10107                      .dwattr $C$DW$614, DW_AT_decl_file("..\sources\fcl_foc_cpu_dm.h")
   10108                      .dwattr $C$DW$614, DW_AT_decl_line(0xb2)
   10109                      .dwattr $C$DW$614, DW_AT_decl_column(0x0f)
   10110              
   10111              $C$DW$615       .dwtag  DW_TAG_member
   10112                      .dwattr $C$DW$615, DW_AT_type(*$C$DW$T$19)
   10113                      .dwattr $C$DW$615, DW_AT_name("speedWe")
TMS320C2000 Assembler PC v22.6.2 Mon Jan 26 16:23:05 2026

Copyright (c) 1996-2018 Texas Instruments Incorporated
dual_axis_servo_drive_cpu.asm                                        PAGE  199

   10114                      .dwattr $C$DW$615, DW_AT_data_member_location[DW_OP_plus_uconst 0x4c]
   10115                      .dwattr $C$DW$615, DW_AT_accessibility(DW_ACCESS_public)
   10116                      .dwattr $C$DW$615, DW_AT_decl_file("..\sources\fcl_foc_cpu_dm.h")
   10117                      .dwattr $C$DW$615, DW_AT_decl_line(0xb3)
   10118                      .dwattr $C$DW$615, DW_AT_decl_column(0x0f)
   10119              
   10120              $C$DW$616       .dwtag  DW_TAG_member
   10121                      .dwattr $C$DW$616, DW_AT_type(*$C$DW$T$19)
   10122                      .dwattr $C$DW$616, DW_AT_name("speedWePrev")
   10123                      .dwattr $C$DW$616, DW_AT_data_member_location[DW_OP_plus_uconst 0x4e]
   10124                      .dwattr $C$DW$616, DW_AT_accessibility(DW_ACCESS_public)
   10125                      .dwattr $C$DW$616, DW_AT_decl_file("..\sources\fcl_foc_cpu_dm.h")
   10126                      .dwattr $C$DW$616, DW_AT_decl_line(0xb4)
   10127                      .dwattr $C$DW$616, DW_AT_decl_column(0x0f)
   10128              
   10129              $C$DW$617       .dwtag  DW_TAG_member
   10130                      .dwattr $C$DW$617, DW_AT_type(*$C$DW$T$19)
   10131                      .dwattr $C$DW$617, DW_AT_name("pangle")
   10132                      .dwattr $C$DW$617, DW_AT_data_member_location[DW_OP_plus_uconst 0x50]
   10133                      .dwattr $C$DW$617, DW_AT_accessibility(DW_ACCESS_public)
   10134                      .dwattr $C$DW$617, DW_AT_decl_file("..\sources\fcl_foc_cpu_dm.h")
   10135                      .dwattr $C$DW$617, DW_AT_decl_line(0xb5)
   10136                      .dwattr $C$DW$617, DW_AT_decl_column(0x0f)
   10137              
   10138              $C$DW$618       .dwtag  DW_TAG_member
   10139                      .dwattr $C$DW$618, DW_AT_type(*$C$DW$T$19)
   10140                      .dwattr $C$DW$618, DW_AT_name("speedWeObs")
   10141                      .dwattr $C$DW$618, DW_AT_data_member_location[DW_OP_plus_uconst 0x52]
   10142                      .dwattr $C$DW$618, DW_AT_accessibility(DW_ACCESS_public)
   10143                      .dwattr $C$DW$618, DW_AT_decl_file("..\sources\fcl_foc_cpu_dm.h")
   10144                      .dwattr $C$DW$618, DW_AT_decl_line(0xb6)
   10145                      .dwattr $C$DW$618, DW_AT_decl_column(0x0f)
   10146              
   10147              $C$DW$619       .dwtag  DW_TAG_member
   10148                      .dwattr $C$DW$619, DW_AT_type(*$C$DW$T$19)
   10149                      .dwattr $C$DW$619, DW_AT_name("Vdcbus")
   10150                      .dwattr $C$DW$619, DW_AT_data_member_location[DW_OP_plus_uconst 0x54]
   10151                      .dwattr $C$DW$619, DW_AT_accessibility(DW_ACCESS_public)
   10152                      .dwattr $C$DW$619, DW_AT_decl_file("..\sources\fcl_foc_cpu_dm.h")
   10153                      .dwattr $C$DW$619, DW_AT_decl_line(0xb8)
   10154                      .dwattr $C$DW$619, DW_AT_decl_column(0x0f)
   10155              
   10156              $C$DW$620       .dwtag  DW_TAG_member
   10157                      .dwattr $C$DW$620, DW_AT_type(*$C$DW$T$19)
   10158                      .dwattr $C$DW$620, DW_AT_name("VdcbusMax")
   10159                      .dwattr $C$DW$620, DW_AT_data_member_location[DW_OP_plus_uconst 0x56]
   10160                      .dwattr $C$DW$620, DW_AT_accessibility(DW_ACCESS_public)
   10161                      .dwattr $C$DW$620, DW_AT_decl_file("..\sources\fcl_foc_cpu_dm.h")
   10162                      .dwattr $C$DW$620, DW_AT_decl_line(0xb9)
   10163                      .dwattr $C$DW$620, DW_AT_decl_column(0x0f)
   10164              
   10165              $C$DW$621       .dwtag  DW_TAG_member
   10166                      .dwattr $C$DW$621, DW_AT_type(*$C$DW$T$19)
   10167                      .dwattr $C$DW$621, DW_AT_name("VdcbusMin")
   10168                      .dwattr $C$DW$621, DW_AT_data_member_location[DW_OP_plus_uconst 0x58]
TMS320C2000 Assembler PC v22.6.2 Mon Jan 26 16:23:05 2026

Copyright (c) 1996-2018 Texas Instruments Incorporated
dual_axis_servo_drive_cpu.asm                                        PAGE  200

   10169                      .dwattr $C$DW$621, DW_AT_accessibility(DW_ACCESS_public)
   10170                      .dwattr $C$DW$621, DW_AT_decl_file("..\sources\fcl_foc_cpu_dm.h")
   10171                      .dwattr $C$DW$621, DW_AT_decl_line(0xba)
   10172                      .dwattr $C$DW$621, DW_AT_decl_column(0x0f)
   10173              
   10174              $C$DW$622       .dwtag  DW_TAG_member
   10175                      .dwattr $C$DW$622, DW_AT_type(*$C$DW$T$94)
   10176                      .dwattr $C$DW$622, DW_AT_name("rg")
   10177                      .dwattr $C$DW$622, DW_AT_data_member_location[DW_OP_plus_uconst 0x5a]
   10178                      .dwattr $C$DW$622, DW_AT_accessibility(DW_ACCESS_public)
   10179                      .dwattr $C$DW$622, DW_AT_decl_file("..\sources\fcl_foc_cpu_dm.h")
   10180                      .dwattr $C$DW$622, DW_AT_decl_line(0xbc)
   10181                      .dwattr $C$DW$622, DW_AT_decl_column(0x0d)
   10182              
   10183              $C$DW$623       .dwtag  DW_TAG_member
   10184                      .dwattr $C$DW$623, DW_AT_type(*$C$DW$T$95)
   10185                      .dwattr $C$DW$623, DW_AT_name("rc")
   10186                      .dwattr $C$DW$623, DW_AT_data_member_location[DW_OP_plus_uconst 0x66]
   10187                      .dwattr $C$DW$623, DW_AT_accessibility(DW_ACCESS_public)
   10188                      .dwattr $C$DW$623, DW_AT_decl_file("..\sources\fcl_foc_cpu_dm.h")
   10189                      .dwattr $C$DW$623, DW_AT_decl_line(0xbd)
   10190                      .dwattr $C$DW$623, DW_AT_decl_column(0x0d)
   10191              
   10192              $C$DW$624       .dwtag  DW_TAG_member
   10193                      .dwattr $C$DW$624, DW_AT_type(*$C$DW$T$96)
   10194                      .dwattr $C$DW$624, DW_AT_name("clarke")
   10195                      .dwattr $C$DW$624, DW_AT_data_member_location[DW_OP_plus_uconst 0x76]
   10196                      .dwattr $C$DW$624, DW_AT_accessibility(DW_ACCESS_public)
   10197                      .dwattr $C$DW$624, DW_AT_decl_file("..\sources\fcl_foc_cpu_dm.h")
   10198                      .dwattr $C$DW$624, DW_AT_decl_line(0xbe)
   10199                      .dwattr $C$DW$624, DW_AT_decl_column(0x0c)
   10200              
   10201              $C$DW$625       .dwtag  DW_TAG_member
   10202                      .dwattr $C$DW$625, DW_AT_type(*$C$DW$T$97)
   10203                      .dwattr $C$DW$625, DW_AT_name("park")
   10204                      .dwattr $C$DW$625, DW_AT_data_member_location[DW_OP_plus_uconst 0x80]
   10205                      .dwattr $C$DW$625, DW_AT_accessibility(DW_ACCESS_public)
   10206                      .dwattr $C$DW$625, DW_AT_decl_file("..\sources\fcl_foc_cpu_dm.h")
   10207                      .dwattr $C$DW$625, DW_AT_decl_line(0xbf)
   10208                      .dwattr $C$DW$625, DW_AT_decl_column(0x0a)
   10209              
   10210              $C$DW$626       .dwtag  DW_TAG_member
   10211                      .dwattr $C$DW$626, DW_AT_type(*$C$DW$T$98)
   10212                      .dwattr $C$DW$626, DW_AT_name("ipark")
   10213                      .dwattr $C$DW$626, DW_AT_data_member_location[DW_OP_plus_uconst 0x8e]
   10214                      .dwattr $C$DW$626, DW_AT_accessibility(DW_ACCESS_public)
   10215                      .dwattr $C$DW$626, DW_AT_decl_file("..\sources\fcl_foc_cpu_dm.h")
   10216                      .dwattr $C$DW$626, DW_AT_decl_line(0xc0)
   10217                      .dwattr $C$DW$626, DW_AT_decl_column(0x0b)
   10218              
   10219              $C$DW$627       .dwtag  DW_TAG_member
   10220                      .dwattr $C$DW$627, DW_AT_type(*$C$DW$T$99)
   10221                      .dwattr $C$DW$627, DW_AT_name("svgen")
   10222                      .dwattr $C$DW$627, DW_AT_data_member_location[DW_OP_plus_uconst 0x9c]
   10223                      .dwattr $C$DW$627, DW_AT_accessibility(DW_ACCESS_public)
TMS320C2000 Assembler PC v22.6.2 Mon Jan 26 16:23:05 2026

Copyright (c) 1996-2018 Texas Instruments Incorporated
dual_axis_servo_drive_cpu.asm                                        PAGE  201

   10224                      .dwattr $C$DW$627, DW_AT_decl_file("..\sources\fcl_foc_cpu_dm.h")
   10225                      .dwattr $C$DW$627, DW_AT_decl_line(0xc1)
   10226                      .dwattr $C$DW$627, DW_AT_decl_column(0x0b)
   10227              
   10228              $C$DW$628       .dwtag  DW_TAG_member
   10229                      .dwattr $C$DW$628, DW_AT_type(*$C$DW$T$100)
   10230                      .dwattr $C$DW$628, DW_AT_name("speed")
   10231                      .dwattr $C$DW$628, DW_AT_data_member_location[DW_OP_plus_uconst 0xae]
   10232                      .dwattr $C$DW$628, DW_AT_accessibility(DW_ACCESS_public)
   10233                      .dwattr $C$DW$628, DW_AT_decl_file("..\sources\fcl_foc_cpu_dm.h")
   10234                      .dwattr $C$DW$628, DW_AT_decl_line(0xc3)
   10235                      .dwattr $C$DW$628, DW_AT_decl_column(0x14)
   10236              
   10237              $C$DW$629       .dwtag  DW_TAG_member
   10238                      .dwattr $C$DW$629, DW_AT_type(*$C$DW$T$101)
   10239                      .dwattr $C$DW$629, DW_AT_name("speedObs")
   10240                      .dwattr $C$DW$629, DW_AT_data_member_location[DW_OP_plus_uconst 0xc2]
   10241                      .dwattr $C$DW$629, DW_AT_accessibility(DW_ACCESS_public)
   10242                      .dwattr $C$DW$629, DW_AT_decl_file("..\sources\fcl_foc_cpu_dm.h")
   10243                      .dwattr $C$DW$629, DW_AT_decl_line(0xc4)
   10244                      .dwattr $C$DW$629, DW_AT_decl_column(0x14)
   10245              
   10246              $C$DW$630       .dwtag  DW_TAG_member
   10247                      .dwattr $C$DW$630, DW_AT_type(*$C$DW$T$102)
   10248                      .dwattr $C$DW$630, DW_AT_name("pid_spd")
   10249                      .dwattr $C$DW$630, DW_AT_data_member_location[DW_OP_plus_uconst 0xde]
   10250                      .dwattr $C$DW$630, DW_AT_accessibility(DW_ACCESS_public)
   10251                      .dwattr $C$DW$630, DW_AT_decl_file("..\sources\fcl_foc_cpu_dm.h")
   10252                      .dwattr $C$DW$630, DW_AT_decl_line(0xc6)
   10253                      .dwattr $C$DW$630, DW_AT_decl_column(0x15)
   10254              
   10255              $C$DW$631       .dwtag  DW_TAG_member
   10256                      .dwattr $C$DW$631, DW_AT_type(*$C$DW$T$103)
   10257                      .dwattr $C$DW$631, DW_AT_name("pi_pos")
   10258                      .dwattr $C$DW$631, DW_AT_data_member_location[DW_OP_plus_uconst 0x106]
   10259                      .dwattr $C$DW$631, DW_AT_accessibility(DW_ACCESS_public)
   10260                      .dwattr $C$DW$631, DW_AT_decl_file("..\sources\fcl_foc_cpu_dm.h")
   10261                      .dwattr $C$DW$631, DW_AT_decl_line(0xc7)
   10262                      .dwattr $C$DW$631, DW_AT_decl_column(0x13)
   10263              
   10264              $C$DW$632       .dwtag  DW_TAG_member
   10265                      .dwattr $C$DW$632, DW_AT_type(*$C$DW$T$104)
   10266                      .dwattr $C$DW$632, DW_AT_name("cmplx_Id")
   10267                      .dwattr $C$DW$632, DW_AT_data_member_location[DW_OP_plus_uconst 0x11e]
   10268                      .dwattr $C$DW$632, DW_AT_accessibility(DW_ACCESS_public)
   10269                      .dwattr $C$DW$632, DW_AT_decl_file("..\sources\fcl_foc_cpu_dm.h")
   10270                      .dwattr $C$DW$632, DW_AT_decl_line(0xc9)
   10271                      .dwattr $C$DW$632, DW_AT_decl_column(0x15)
   10272              
   10273              $C$DW$633       .dwtag  DW_TAG_member
   10274                      .dwattr $C$DW$633, DW_AT_type(*$C$DW$T$104)
   10275                      .dwattr $C$DW$633, DW_AT_name("cmplx_Iq")
   10276                      .dwattr $C$DW$633, DW_AT_data_member_location[DW_OP_plus_uconst 0x13e]
   10277                      .dwattr $C$DW$633, DW_AT_accessibility(DW_ACCESS_public)
   10278                      .dwattr $C$DW$633, DW_AT_decl_file("..\sources\fcl_foc_cpu_dm.h")
TMS320C2000 Assembler PC v22.6.2 Mon Jan 26 16:23:05 2026

Copyright (c) 1996-2018 Texas Instruments Incorporated
dual_axis_servo_drive_cpu.asm                                        PAGE  202

   10279                      .dwattr $C$DW$633, DW_AT_decl_line(0xca)
   10280                      .dwattr $C$DW$633, DW_AT_decl_column(0x15)
   10281              
   10282              $C$DW$634       .dwtag  DW_TAG_member
   10283                      .dwattr $C$DW$634, DW_AT_type(*$C$DW$T$105)
   10284                      .dwattr $C$DW$634, DW_AT_name("FCL_params")
   10285                      .dwattr $C$DW$634, DW_AT_data_member_location[DW_OP_plus_uconst 0x15e]
   10286                      .dwattr $C$DW$634, DW_AT_accessibility(DW_ACCESS_public)
   10287                      .dwattr $C$DW$634, DW_AT_decl_file("..\sources\fcl_foc_cpu_dm.h")
   10288                      .dwattr $C$DW$634, DW_AT_decl_line(0xcb)
   10289                      .dwattr $C$DW$634, DW_AT_decl_column(0x16)
   10290              
   10291              $C$DW$635       .dwtag  DW_TAG_member
   10292                      .dwattr $C$DW$635, DW_AT_type(*$C$DW$T$19)
   10293                      .dwattr $C$DW$635, DW_AT_name("fclUpdateLatency_us")
   10294                      .dwattr $C$DW$635, DW_AT_data_member_location[DW_OP_plus_uconst 0x182]
   10295                      .dwattr $C$DW$635, DW_AT_accessibility(DW_ACCESS_public)
   10296                      .dwattr $C$DW$635, DW_AT_decl_file("..\sources\fcl_foc_cpu_dm.h")
   10297                      .dwattr $C$DW$635, DW_AT_decl_line(0xcd)
   10298                      .dwattr $C$DW$635, DW_AT_decl_column(0x0f)
   10299              
   10300              $C$DW$636       .dwtag  DW_TAG_member
   10301                      .dwattr $C$DW$636, DW_AT_type(*$C$DW$T$19)
   10302                      .dwattr $C$DW$636, DW_AT_name("focExecutionTime_us")
   10303                      .dwattr $C$DW$636, DW_AT_data_member_location[DW_OP_plus_uconst 0x184]
   10304                      .dwattr $C$DW$636, DW_AT_accessibility(DW_ACCESS_public)
   10305                      .dwattr $C$DW$636, DW_AT_decl_file("..\sources\fcl_foc_cpu_dm.h")
   10306                      .dwattr $C$DW$636, DW_AT_decl_line(0xce)
   10307                      .dwattr $C$DW$636, DW_AT_decl_column(0x0f)
   10308              
   10309              $C$DW$637       .dwtag  DW_TAG_member
   10310                      .dwattr $C$DW$637, DW_AT_type(*$C$DW$T$22)
   10311                      .dwattr $C$DW$637, DW_AT_name("isrTicker")
   10312                      .dwattr $C$DW$637, DW_AT_data_member_location[DW_OP_plus_uconst 0x186]
   10313                      .dwattr $C$DW$637, DW_AT_accessibility(DW_ACCESS_public)
   10314                      .dwattr $C$DW$637, DW_AT_decl_file("..\sources\fcl_foc_cpu_dm.h")
   10315                      .dwattr $C$DW$637, DW_AT_decl_line(0xd0)
   10316                      .dwattr $C$DW$637, DW_AT_decl_column(0x0e)
   10317              
   10318              $C$DW$638       .dwtag  DW_TAG_member
   10319                      .dwattr $C$DW$638, DW_AT_type(*$C$DW$T$107)
   10320                      .dwattr $C$DW$638, DW_AT_name("pwmCompA")
   10321                      .dwattr $C$DW$638, DW_AT_data_member_location[DW_OP_plus_uconst 0x188]
   10322                      .dwattr $C$DW$638, DW_AT_accessibility(DW_ACCESS_public)
   10323                      .dwattr $C$DW$638, DW_AT_decl_file("..\sources\fcl_foc_cpu_dm.h")
   10324                      .dwattr $C$DW$638, DW_AT_decl_line(0xd2)
   10325                      .dwattr $C$DW$638, DW_AT_decl_column(0x18)
   10326              
   10327              $C$DW$639       .dwtag  DW_TAG_member
   10328                      .dwattr $C$DW$639, DW_AT_type(*$C$DW$T$107)
   10329                      .dwattr $C$DW$639, DW_AT_name("pwmCompB")
   10330                      .dwattr $C$DW$639, DW_AT_data_member_location[DW_OP_plus_uconst 0x18a]
   10331                      .dwattr $C$DW$639, DW_AT_accessibility(DW_ACCESS_public)
   10332                      .dwattr $C$DW$639, DW_AT_decl_file("..\sources\fcl_foc_cpu_dm.h")
   10333                      .dwattr $C$DW$639, DW_AT_decl_line(0xd3)
TMS320C2000 Assembler PC v22.6.2 Mon Jan 26 16:23:05 2026

Copyright (c) 1996-2018 Texas Instruments Incorporated
dual_axis_servo_drive_cpu.asm                                        PAGE  203

   10334                      .dwattr $C$DW$639, DW_AT_decl_column(0x18)
   10335              
   10336              $C$DW$640       .dwtag  DW_TAG_member
   10337                      .dwattr $C$DW$640, DW_AT_type(*$C$DW$T$107)
   10338                      .dwattr $C$DW$640, DW_AT_name("pwmCompC")
   10339                      .dwattr $C$DW$640, DW_AT_data_member_location[DW_OP_plus_uconst 0x18c]
   10340                      .dwattr $C$DW$640, DW_AT_accessibility(DW_ACCESS_public)
   10341                      .dwattr $C$DW$640, DW_AT_decl_file("..\sources\fcl_foc_cpu_dm.h")
   10342                      .dwattr $C$DW$640, DW_AT_decl_line(0xd4)
   10343                      .dwattr $C$DW$640, DW_AT_decl_column(0x18)
   10344              
   10345              $C$DW$641       .dwtag  DW_TAG_member
   10346                      .dwattr $C$DW$641, DW_AT_type(*$C$DW$T$106)
   10347                      .dwattr $C$DW$641, DW_AT_name("curA_PPBRESULT")
   10348                      .dwattr $C$DW$641, DW_AT_data_member_location[DW_OP_plus_uconst 0x18e]
   10349                      .dwattr $C$DW$641, DW_AT_accessibility(DW_ACCESS_public)
   10350                      .dwattr $C$DW$641, DW_AT_decl_file("..\sources\fcl_foc_cpu_dm.h")
   10351                      .dwattr $C$DW$641, DW_AT_decl_line(0xd6)
   10352                      .dwattr $C$DW$641, DW_AT_decl_column(0x17)
   10353              
   10354              $C$DW$642       .dwtag  DW_TAG_member
   10355                      .dwattr $C$DW$642, DW_AT_type(*$C$DW$T$106)
   10356                      .dwattr $C$DW$642, DW_AT_name("curB_PPBRESULT")
   10357                      .dwattr $C$DW$642, DW_AT_data_member_location[DW_OP_plus_uconst 0x190]
   10358                      .dwattr $C$DW$642, DW_AT_accessibility(DW_ACCESS_public)
   10359                      .dwattr $C$DW$642, DW_AT_decl_file("..\sources\fcl_foc_cpu_dm.h")
   10360                      .dwattr $C$DW$642, DW_AT_decl_line(0xd7)
   10361                      .dwattr $C$DW$642, DW_AT_decl_column(0x17)
   10362              
   10363              $C$DW$643       .dwtag  DW_TAG_member
   10364                      .dwattr $C$DW$643, DW_AT_type(*$C$DW$T$106)
   10365                      .dwattr $C$DW$643, DW_AT_name("curC_PPBRESULT")
   10366                      .dwattr $C$DW$643, DW_AT_data_member_location[DW_OP_plus_uconst 0x192]
   10367                      .dwattr $C$DW$643, DW_AT_accessibility(DW_ACCESS_public)
   10368                      .dwattr $C$DW$643, DW_AT_decl_file("..\sources\fcl_foc_cpu_dm.h")
   10369                      .dwattr $C$DW$643, DW_AT_decl_line(0xd8)
   10370                      .dwattr $C$DW$643, DW_AT_decl_column(0x17)
   10371              
   10372              $C$DW$644       .dwtag  DW_TAG_member
   10373                      .dwattr $C$DW$644, DW_AT_type(*$C$DW$T$106)
   10374                      .dwattr $C$DW$644, DW_AT_name("volDC_PPBRESULT")
   10375                      .dwattr $C$DW$644, DW_AT_data_member_location[DW_OP_plus_uconst 0x194]
   10376                      .dwattr $C$DW$644, DW_AT_accessibility(DW_ACCESS_public)
   10377                      .dwattr $C$DW$644, DW_AT_decl_file("..\sources\fcl_foc_cpu_dm.h")
   10378                      .dwattr $C$DW$644, DW_AT_decl_line(0xd9)
   10379                      .dwattr $C$DW$644, DW_AT_decl_column(0x17)
   10380              
   10381              $C$DW$645       .dwtag  DW_TAG_member
   10382                      .dwattr $C$DW$645, DW_AT_type(*$C$DW$T$109)
   10383                      .dwattr $C$DW$645, DW_AT_name("pADCIntFlag")
   10384                      .dwattr $C$DW$645, DW_AT_data_member_location[DW_OP_plus_uconst 0x196]
   10385                      .dwattr $C$DW$645, DW_AT_accessibility(DW_ACCESS_public)
   10386                      .dwattr $C$DW$645, DW_AT_decl_file("..\sources\fcl_foc_cpu_dm.h")
   10387                      .dwattr $C$DW$645, DW_AT_decl_line(0xdb)
   10388                      .dwattr $C$DW$645, DW_AT_decl_column(0x23)
TMS320C2000 Assembler PC v22.6.2 Mon Jan 26 16:23:05 2026

Copyright (c) 1996-2018 Texas Instruments Incorporated
dual_axis_servo_drive_cpu.asm                                        PAGE  204

   10389              
   10390              $C$DW$646       .dwtag  DW_TAG_member
   10391                      .dwattr $C$DW$646, DW_AT_type(*$C$DW$T$111)
   10392                      .dwattr $C$DW$646, DW_AT_name("pQEPRegs")
   10393                      .dwattr $C$DW$646, DW_AT_data_member_location[DW_OP_plus_uconst 0x198]
   10394                      .dwattr $C$DW$646, DW_AT_accessibility(DW_ACCESS_public)
   10395                      .dwattr $C$DW$646, DW_AT_decl_file("..\sources\fcl_foc_cpu_dm.h")
   10396                      .dwattr $C$DW$646, DW_AT_decl_line(0xdc)
   10397                      .dwattr $C$DW$646, DW_AT_decl_column(0x20)
   10398              
   10399              $C$DW$647       .dwtag  DW_TAG_member
   10400                      .dwattr $C$DW$647, DW_AT_type(*$C$DW$T$22)
   10401                      .dwattr $C$DW$647, DW_AT_name("curA_resultBase")
   10402                      .dwattr $C$DW$647, DW_AT_data_member_location[DW_OP_plus_uconst 0x19a]
   10403                      .dwattr $C$DW$647, DW_AT_accessibility(DW_ACCESS_public)
   10404                      .dwattr $C$DW$647, DW_AT_decl_file("..\sources\fcl_foc_cpu_dm.h")
   10405                      .dwattr $C$DW$647, DW_AT_decl_line(0xde)
   10406                      .dwattr $C$DW$647, DW_AT_decl_column(0x0e)
   10407              
   10408              $C$DW$648       .dwtag  DW_TAG_member
   10409                      .dwattr $C$DW$648, DW_AT_type(*$C$DW$T$22)
   10410                      .dwattr $C$DW$648, DW_AT_name("curB_resultBase")
   10411                      .dwattr $C$DW$648, DW_AT_data_member_location[DW_OP_plus_uconst 0x19c]
   10412                      .dwattr $C$DW$648, DW_AT_accessibility(DW_ACCESS_public)
   10413                      .dwattr $C$DW$648, DW_AT_decl_file("..\sources\fcl_foc_cpu_dm.h")
   10414                      .dwattr $C$DW$648, DW_AT_decl_line(0xdf)
   10415                      .dwattr $C$DW$648, DW_AT_decl_column(0x0e)
   10416              
   10417              $C$DW$649       .dwtag  DW_TAG_member
   10418                      .dwattr $C$DW$649, DW_AT_type(*$C$DW$T$22)
   10419                      .dwattr $C$DW$649, DW_AT_name("curC_resultBase")
   10420                      .dwattr $C$DW$649, DW_AT_data_member_location[DW_OP_plus_uconst 0x19e]
   10421                      .dwattr $C$DW$649, DW_AT_accessibility(DW_ACCESS_public)
   10422                      .dwattr $C$DW$649, DW_AT_decl_file("..\sources\fcl_foc_cpu_dm.h")
   10423                      .dwattr $C$DW$649, DW_AT_decl_line(0xe0)
   10424                      .dwattr $C$DW$649, DW_AT_decl_column(0x0e)
   10425              
   10426              $C$DW$650       .dwtag  DW_TAG_member
   10427                      .dwattr $C$DW$650, DW_AT_type(*$C$DW$T$22)
   10428                      .dwattr $C$DW$650, DW_AT_name("pwmBaseU")
   10429                      .dwattr $C$DW$650, DW_AT_data_member_location[DW_OP_plus_uconst 0x1a0]
   10430                      .dwattr $C$DW$650, DW_AT_accessibility(DW_ACCESS_public)
   10431                      .dwattr $C$DW$650, DW_AT_decl_file("..\sources\fcl_foc_cpu_dm.h")
   10432                      .dwattr $C$DW$650, DW_AT_decl_line(0xe2)
   10433                      .dwattr $C$DW$650, DW_AT_decl_column(0x0e)
   10434              
   10435              $C$DW$651       .dwtag  DW_TAG_member
   10436                      .dwattr $C$DW$651, DW_AT_type(*$C$DW$T$22)
   10437                      .dwattr $C$DW$651, DW_AT_name("pwmBaseV")
   10438                      .dwattr $C$DW$651, DW_AT_data_member_location[DW_OP_plus_uconst 0x1a2]
   10439                      .dwattr $C$DW$651, DW_AT_accessibility(DW_ACCESS_public)
   10440                      .dwattr $C$DW$651, DW_AT_decl_file("..\sources\fcl_foc_cpu_dm.h")
   10441                      .dwattr $C$DW$651, DW_AT_decl_line(0xe3)
   10442                      .dwattr $C$DW$651, DW_AT_decl_column(0x0e)
   10443              
TMS320C2000 Assembler PC v22.6.2 Mon Jan 26 16:23:05 2026

Copyright (c) 1996-2018 Texas Instruments Incorporated
dual_axis_servo_drive_cpu.asm                                        PAGE  205

   10444              $C$DW$652       .dwtag  DW_TAG_member
   10445                      .dwattr $C$DW$652, DW_AT_type(*$C$DW$T$22)
   10446                      .dwattr $C$DW$652, DW_AT_name("pwmBaseW")
   10447                      .dwattr $C$DW$652, DW_AT_data_member_location[DW_OP_plus_uconst 0x1a4]
   10448                      .dwattr $C$DW$652, DW_AT_accessibility(DW_ACCESS_public)
   10449                      .dwattr $C$DW$652, DW_AT_decl_file("..\sources\fcl_foc_cpu_dm.h")
   10450                      .dwattr $C$DW$652, DW_AT_decl_line(0xe4)
   10451                      .dwattr $C$DW$652, DW_AT_decl_column(0x0e)
   10452              
   10453              $C$DW$653       .dwtag  DW_TAG_member
   10454                      .dwattr $C$DW$653, DW_AT_type(*$C$DW$T$22)
   10455                      .dwattr $C$DW$653, DW_AT_name("adcBaseW")
   10456                      .dwattr $C$DW$653, DW_AT_data_member_location[DW_OP_plus_uconst 0x1a6]
   10457                      .dwattr $C$DW$653, DW_AT_accessibility(DW_ACCESS_public)
   10458                      .dwattr $C$DW$653, DW_AT_decl_file("..\sources\fcl_foc_cpu_dm.h")
   10459                      .dwattr $C$DW$653, DW_AT_decl_line(0xe5)
   10460                      .dwattr $C$DW$653, DW_AT_decl_column(0x0e)
   10461              
   10462              $C$DW$654       .dwtag  DW_TAG_member
   10463                      .dwattr $C$DW$654, DW_AT_type(*$C$DW$T$113)
   10464                      .dwattr $C$DW$654, DW_AT_name("curA_PPBNumber")
   10465                      .dwattr $C$DW$654, DW_AT_data_member_location[DW_OP_plus_uconst 0x1a8]
   10466                      .dwattr $C$DW$654, DW_AT_accessibility(DW_ACCESS_public)
   10467                      .dwattr $C$DW$654, DW_AT_decl_file("..\sources\fcl_foc_cpu_dm.h")
   10468                      .dwattr $C$DW$654, DW_AT_decl_line(0xe7)
   10469                      .dwattr $C$DW$654, DW_AT_decl_column(0x13)
   10470              
   10471              $C$DW$655       .dwtag  DW_TAG_member
   10472                      .dwattr $C$DW$655, DW_AT_type(*$C$DW$T$113)
   10473                      .dwattr $C$DW$655, DW_AT_name("curB_PPBNumber")
   10474                      .dwattr $C$DW$655, DW_AT_data_member_location[DW_OP_plus_uconst 0x1a9]
   10475                      .dwattr $C$DW$655, DW_AT_accessibility(DW_ACCESS_public)
   10476                      .dwattr $C$DW$655, DW_AT_decl_file("..\sources\fcl_foc_cpu_dm.h")
   10477                      .dwattr $C$DW$655, DW_AT_decl_line(0xe8)
   10478                      .dwattr $C$DW$655, DW_AT_decl_column(0x13)
   10479              
   10480              $C$DW$656       .dwtag  DW_TAG_member
   10481                      .dwattr $C$DW$656, DW_AT_type(*$C$DW$T$113)
   10482                      .dwattr $C$DW$656, DW_AT_name("curC_PPBNumber")
   10483                      .dwattr $C$DW$656, DW_AT_data_member_location[DW_OP_plus_uconst 0x1aa]
   10484                      .dwattr $C$DW$656, DW_AT_accessibility(DW_ACCESS_public)
   10485                      .dwattr $C$DW$656, DW_AT_decl_file("..\sources\fcl_foc_cpu_dm.h")
   10486                      .dwattr $C$DW$656, DW_AT_decl_line(0xe9)
   10487                      .dwattr $C$DW$656, DW_AT_decl_column(0x13)
   10488              
   10489              $C$DW$657       .dwtag  DW_TAG_member
   10490                      .dwattr $C$DW$657, DW_AT_type(*$C$DW$T$115)
   10491                      .dwattr $C$DW$657, DW_AT_name("adcIntNumber")
   10492                      .dwattr $C$DW$657, DW_AT_data_member_location[DW_OP_plus_uconst 0x1ab]
   10493                      .dwattr $C$DW$657, DW_AT_accessibility(DW_ACCESS_public)
   10494                      .dwattr $C$DW$657, DW_AT_decl_file("..\sources\fcl_foc_cpu_dm.h")
   10495                      .dwattr $C$DW$657, DW_AT_decl_line(0xeb)
   10496                      .dwattr $C$DW$657, DW_AT_decl_column(0x13)
   10497              
   10498              $C$DW$658       .dwtag  DW_TAG_member
TMS320C2000 Assembler PC v22.6.2 Mon Jan 26 16:23:05 2026

Copyright (c) 1996-2018 Texas Instruments Incorporated
dual_axis_servo_drive_cpu.asm                                        PAGE  206

   10499                      .dwattr $C$DW$658, DW_AT_type(*$C$DW$T$40)
   10500                      .dwattr $C$DW$658, DW_AT_name("fclClrCntr")
   10501                      .dwattr $C$DW$658, DW_AT_data_member_location[DW_OP_plus_uconst 0x1ac]
   10502                      .dwattr $C$DW$658, DW_AT_accessibility(DW_ACCESS_public)
   10503                      .dwattr $C$DW$658, DW_AT_decl_file("..\sources\fcl_foc_cpu_dm.h")
   10504                      .dwattr $C$DW$658, DW_AT_decl_line(0xed)
   10505                      .dwattr $C$DW$658, DW_AT_decl_column(0x0f)
   10506              
   10507              $C$DW$659       .dwtag  DW_TAG_member
   10508                      .dwattr $C$DW$659, DW_AT_type(*$C$DW$T$40)
   10509                      .dwattr $C$DW$659, DW_AT_name("fclCycleCountMax")
   10510                      .dwattr $C$DW$659, DW_AT_data_member_location[DW_OP_plus_uconst 0x1ad]
   10511                      .dwattr $C$DW$659, DW_AT_accessibility(DW_ACCESS_public)
   10512                      .dwattr $C$DW$659, DW_AT_decl_file("..\sources\fcl_foc_cpu_dm.h")
   10513                      .dwattr $C$DW$659, DW_AT_decl_line(0xee)
   10514                      .dwattr $C$DW$659, DW_AT_decl_column(0x0f)
   10515              
   10516              $C$DW$660       .dwtag  DW_TAG_member
   10517                      .dwattr $C$DW$660, DW_AT_type(*$C$DW$T$40)
   10518                      .dwattr $C$DW$660, DW_AT_name("fclCycleCount")
   10519                      .dwattr $C$DW$660, DW_AT_data_member_location[DW_OP_plus_uconst 0x1ae]
   10520                      .dwattr $C$DW$660, DW_AT_accessibility(DW_ACCESS_public)
   10521                      .dwattr $C$DW$660, DW_AT_decl_file("..\sources\fcl_foc_cpu_dm.h")
   10522                      .dwattr $C$DW$660, DW_AT_decl_line(0xef)
   10523                      .dwattr $C$DW$660, DW_AT_decl_column(0x0f)
   10524              
   10525              $C$DW$661       .dwtag  DW_TAG_member
   10526                      .dwattr $C$DW$661, DW_AT_type(*$C$DW$T$40)
   10527                      .dwattr $C$DW$661, DW_AT_name("focClrCntr")
   10528                      .dwattr $C$DW$661, DW_AT_data_member_location[DW_OP_plus_uconst 0x1af]
   10529                      .dwattr $C$DW$661, DW_AT_accessibility(DW_ACCESS_public)
   10530                      .dwattr $C$DW$661, DW_AT_decl_file("..\sources\fcl_foc_cpu_dm.h")
   10531                      .dwattr $C$DW$661, DW_AT_decl_line(0xf1)
   10532                      .dwattr $C$DW$661, DW_AT_decl_column(0x0f)
   10533              
   10534              $C$DW$662       .dwtag  DW_TAG_member
   10535                      .dwattr $C$DW$662, DW_AT_type(*$C$DW$T$40)
   10536                      .dwattr $C$DW$662, DW_AT_name("focCycleCountMax")
   10537                      .dwattr $C$DW$662, DW_AT_data_member_location[DW_OP_plus_uconst 0x1b0]
   10538                      .dwattr $C$DW$662, DW_AT_accessibility(DW_ACCESS_public)
   10539                      .dwattr $C$DW$662, DW_AT_decl_file("..\sources\fcl_foc_cpu_dm.h")
   10540                      .dwattr $C$DW$662, DW_AT_decl_line(0xf2)
   10541                      .dwattr $C$DW$662, DW_AT_decl_column(0x0f)
   10542              
   10543              $C$DW$663       .dwtag  DW_TAG_member
   10544                      .dwattr $C$DW$663, DW_AT_type(*$C$DW$T$40)
   10545                      .dwattr $C$DW$663, DW_AT_name("focCycleCount")
   10546                      .dwattr $C$DW$663, DW_AT_data_member_location[DW_OP_plus_uconst 0x1b1]
   10547                      .dwattr $C$DW$663, DW_AT_accessibility(DW_ACCESS_public)
   10548                      .dwattr $C$DW$663, DW_AT_decl_file("..\sources\fcl_foc_cpu_dm.h")
   10549                      .dwattr $C$DW$663, DW_AT_decl_line(0xf3)
   10550                      .dwattr $C$DW$663, DW_AT_decl_column(0x0f)
   10551              
   10552              $C$DW$664       .dwtag  DW_TAG_member
   10553                      .dwattr $C$DW$664, DW_AT_type(*$C$DW$T$40)
TMS320C2000 Assembler PC v22.6.2 Mon Jan 26 16:23:05 2026

Copyright (c) 1996-2018 Texas Instruments Incorporated
dual_axis_servo_drive_cpu.asm                                        PAGE  207

   10554                      .dwattr $C$DW$664, DW_AT_name("speedLoopPrescaler")
   10555                      .dwattr $C$DW$664, DW_AT_data_member_location[DW_OP_plus_uconst 0x1b2]
   10556                      .dwattr $C$DW$664, DW_AT_accessibility(DW_ACCESS_public)
   10557                      .dwattr $C$DW$664, DW_AT_decl_file("..\sources\fcl_foc_cpu_dm.h")
   10558                      .dwattr $C$DW$664, DW_AT_decl_line(0xf5)
   10559                      .dwattr $C$DW$664, DW_AT_decl_column(0x0e)
   10560              
   10561              $C$DW$665       .dwtag  DW_TAG_member
   10562                      .dwattr $C$DW$665, DW_AT_type(*$C$DW$T$40)
   10563                      .dwattr $C$DW$665, DW_AT_name("speedLoopCount")
   10564                      .dwattr $C$DW$665, DW_AT_data_member_location[DW_OP_plus_uconst 0x1b3]
   10565                      .dwattr $C$DW$665, DW_AT_accessibility(DW_ACCESS_public)
   10566                      .dwattr $C$DW$665, DW_AT_decl_file("..\sources\fcl_foc_cpu_dm.h")
   10567                      .dwattr $C$DW$665, DW_AT_decl_line(0xf6)
   10568                      .dwattr $C$DW$665, DW_AT_decl_column(0x0e)
   10569              
   10570              $C$DW$666       .dwtag  DW_TAG_member
   10571                      .dwattr $C$DW$666, DW_AT_type(*$C$DW$T$40)
   10572                      .dwattr $C$DW$666, DW_AT_name("alignCntr")
   10573                      .dwattr $C$DW$666, DW_AT_data_member_location[DW_OP_plus_uconst 0x1b4]
   10574                      .dwattr $C$DW$666, DW_AT_accessibility(DW_ACCESS_public)
   10575                      .dwattr $C$DW$666, DW_AT_decl_file("..\sources\fcl_foc_cpu_dm.h")
   10576                      .dwattr $C$DW$666, DW_AT_decl_line(0xf7)
   10577                      .dwattr $C$DW$666, DW_AT_decl_column(0x0e)
   10578              
   10579              $C$DW$667       .dwtag  DW_TAG_member
   10580                      .dwattr $C$DW$667, DW_AT_type(*$C$DW$T$40)
   10581                      .dwattr $C$DW$667, DW_AT_name("alignCnt")
   10582                      .dwattr $C$DW$667, DW_AT_data_member_location[DW_OP_plus_uconst 0x1b5]
   10583                      .dwattr $C$DW$667, DW_AT_accessibility(DW_ACCESS_public)
   10584                      .dwattr $C$DW$667, DW_AT_decl_file("..\sources\fcl_foc_cpu_dm.h")
   10585                      .dwattr $C$DW$667, DW_AT_decl_line(0xf8)
   10586                      .dwattr $C$DW$667, DW_AT_decl_column(0x0e)
   10587              
   10588              $C$DW$668       .dwtag  DW_TAG_member
   10589                      .dwattr $C$DW$668, DW_AT_type(*$C$DW$T$40)
   10590                      .dwattr $C$DW$668, DW_AT_name("posPtrMax")
   10591                      .dwattr $C$DW$668, DW_AT_data_member_location[DW_OP_plus_uconst 0x1b6]
   10592                      .dwattr $C$DW$668, DW_AT_accessibility(DW_ACCESS_public)
   10593                      .dwattr $C$DW$668, DW_AT_decl_file("..\sources\fcl_foc_cpu_dm.h")
   10594                      .dwattr $C$DW$668, DW_AT_decl_line(0xf9)
   10595                      .dwattr $C$DW$668, DW_AT_decl_column(0x0e)
   10596              
   10597              $C$DW$669       .dwtag  DW_TAG_member
   10598                      .dwattr $C$DW$669, DW_AT_type(*$C$DW$T$40)
   10599                      .dwattr $C$DW$669, DW_AT_name("posPtr")
   10600                      .dwattr $C$DW$669, DW_AT_data_member_location[DW_OP_plus_uconst 0x1b7]
   10601                      .dwattr $C$DW$669, DW_AT_accessibility(DW_ACCESS_public)
   10602                      .dwattr $C$DW$669, DW_AT_decl_file("..\sources\fcl_foc_cpu_dm.h")
   10603                      .dwattr $C$DW$669, DW_AT_decl_line(0xfa)
   10604                      .dwattr $C$DW$669, DW_AT_decl_column(0x0e)
   10605              
   10606              $C$DW$670       .dwtag  DW_TAG_member
   10607                      .dwattr $C$DW$670, DW_AT_type(*$C$DW$T$40)
   10608                      .dwattr $C$DW$670, DW_AT_name("currentThreshHi")
TMS320C2000 Assembler PC v22.6.2 Mon Jan 26 16:23:05 2026

Copyright (c) 1996-2018 Texas Instruments Incorporated
dual_axis_servo_drive_cpu.asm                                        PAGE  208

   10609                      .dwattr $C$DW$670, DW_AT_data_member_location[DW_OP_plus_uconst 0x1b8]
   10610                      .dwattr $C$DW$670, DW_AT_accessibility(DW_ACCESS_public)
   10611                      .dwattr $C$DW$670, DW_AT_decl_file("..\sources\fcl_foc_cpu_dm.h")
   10612                      .dwattr $C$DW$670, DW_AT_decl_line(0xfc)
   10613                      .dwattr $C$DW$670, DW_AT_decl_column(0x0e)
   10614              
   10615              $C$DW$671       .dwtag  DW_TAG_member
   10616                      .dwattr $C$DW$671, DW_AT_type(*$C$DW$T$40)
   10617                      .dwattr $C$DW$671, DW_AT_name("currentThreshLo")
   10618                      .dwattr $C$DW$671, DW_AT_data_member_location[DW_OP_plus_uconst 0x1b9]
   10619                      .dwattr $C$DW$671, DW_AT_accessibility(DW_ACCESS_public)
   10620                      .dwattr $C$DW$671, DW_AT_decl_file("..\sources\fcl_foc_cpu_dm.h")
   10621                      .dwattr $C$DW$671, DW_AT_decl_line(0xfd)
   10622                      .dwattr $C$DW$671, DW_AT_decl_column(0x0e)
   10623              
   10624              $C$DW$672       .dwtag  DW_TAG_member
   10625                      .dwattr $C$DW$672, DW_AT_type(*$C$DW$T$40)
   10626                      .dwattr $C$DW$672, DW_AT_name("drvEnableGateGPIO")
   10627                      .dwattr $C$DW$672, DW_AT_data_member_location[DW_OP_plus_uconst 0x1ba]
   10628                      .dwattr $C$DW$672, DW_AT_accessibility(DW_ACCESS_public)
   10629                      .dwattr $C$DW$672, DW_AT_decl_file("..\sources\fcl_foc_cpu_dm.h")
   10630                      .dwattr $C$DW$672, DW_AT_decl_line(0xff)
   10631                      .dwattr $C$DW$672, DW_AT_decl_column(0x0e)
   10632              
   10633              $C$DW$673       .dwtag  DW_TAG_member
   10634                      .dwattr $C$DW$673, DW_AT_type(*$C$DW$T$40)
   10635                      .dwattr $C$DW$673, DW_AT_name("drvFaultTripGPIO")
   10636                      .dwattr $C$DW$673, DW_AT_data_member_location[DW_OP_plus_uconst 0x1bb]
   10637                      .dwattr $C$DW$673, DW_AT_accessibility(DW_ACCESS_public)
   10638                      .dwattr $C$DW$673, DW_AT_decl_file("..\sources\fcl_foc_cpu_dm.h")
   10639                      .dwattr $C$DW$673, DW_AT_decl_line(0x100)
   10640                      .dwattr $C$DW$673, DW_AT_decl_column(0x0e)
   10641              
   10642              $C$DW$674       .dwtag  DW_TAG_member
   10643                      .dwattr $C$DW$674, DW_AT_type(*$C$DW$T$40)
   10644                      .dwattr $C$DW$674, DW_AT_name("drvClearFaultGPIO")
   10645                      .dwattr $C$DW$674, DW_AT_data_member_location[DW_OP_plus_uconst 0x1bc]
   10646                      .dwattr $C$DW$674, DW_AT_accessibility(DW_ACCESS_public)
   10647                      .dwattr $C$DW$674, DW_AT_decl_file("..\sources\fcl_foc_cpu_dm.h")
   10648                      .dwattr $C$DW$674, DW_AT_decl_line(0x101)
   10649                      .dwattr $C$DW$674, DW_AT_decl_column(0x0e)
   10650              
   10651              $C$DW$675       .dwtag  DW_TAG_member
   10652                      .dwattr $C$DW$675, DW_AT_type(*$C$DW$T$40)
   10653                      .dwattr $C$DW$675, DW_AT_name("tripCountDMC")
   10654                      .dwattr $C$DW$675, DW_AT_data_member_location[DW_OP_plus_uconst 0x1bd]
   10655                      .dwattr $C$DW$675, DW_AT_accessibility(DW_ACCESS_public)
   10656                      .dwattr $C$DW$675, DW_AT_decl_file("..\sources\fcl_foc_cpu_dm.h")
   10657                      .dwattr $C$DW$675, DW_AT_decl_line(0x103)
   10658                      .dwattr $C$DW$675, DW_AT_decl_column(0x0e)
   10659              
   10660              $C$DW$676       .dwtag  DW_TAG_member
   10661                      .dwattr $C$DW$676, DW_AT_type(*$C$DW$T$40)
   10662                      .dwattr $C$DW$676, DW_AT_name("tripFlagDMC")
   10663                      .dwattr $C$DW$676, DW_AT_data_member_location[DW_OP_plus_uconst 0x1be]
TMS320C2000 Assembler PC v22.6.2 Mon Jan 26 16:23:05 2026

Copyright (c) 1996-2018 Texas Instruments Incorporated
dual_axis_servo_drive_cpu.asm                                        PAGE  209

   10664                      .dwattr $C$DW$676, DW_AT_accessibility(DW_ACCESS_public)
   10665                      .dwattr $C$DW$676, DW_AT_decl_file("..\sources\fcl_foc_cpu_dm.h")
   10666                      .dwattr $C$DW$676, DW_AT_decl_line(0x104)
   10667                      .dwattr $C$DW$676, DW_AT_decl_column(0x0e)
   10668              
   10669              $C$DW$677       .dwtag  DW_TAG_member
   10670                      .dwattr $C$DW$677, DW_AT_type(*$C$DW$T$40)
   10671                      .dwattr $C$DW$677, DW_AT_name("tripFlagPrev")
   10672                      .dwattr $C$DW$677, DW_AT_data_member_location[DW_OP_plus_uconst 0x1bf]
   10673                      .dwattr $C$DW$677, DW_AT_accessibility(DW_ACCESS_public)
   10674                      .dwattr $C$DW$677, DW_AT_decl_file("..\sources\fcl_foc_cpu_dm.h")
   10675                      .dwattr $C$DW$677, DW_AT_decl_line(0x105)
   10676                      .dwattr $C$DW$677, DW_AT_decl_column(0x0e)
   10677              
   10678              $C$DW$678       .dwtag  DW_TAG_member
   10679                      .dwattr $C$DW$678, DW_AT_type(*$C$DW$T$117)
   10680                      .dwattr $C$DW$678, DW_AT_name("lsw")
   10681                      .dwattr $C$DW$678, DW_AT_data_member_location[DW_OP_plus_uconst 0x1c0]
   10682                      .dwattr $C$DW$678, DW_AT_accessibility(DW_ACCESS_public)
   10683                      .dwattr $C$DW$678, DW_AT_decl_file("..\sources\fcl_foc_cpu_dm.h")
   10684                      .dwattr $C$DW$678, DW_AT_decl_line(0x107)
   10685                      .dwattr $C$DW$678, DW_AT_decl_column(0x15)
   10686              
   10687              $C$DW$679       .dwtag  DW_TAG_member
   10688                      .dwattr $C$DW$679, DW_AT_type(*$C$DW$T$119)
   10689                      .dwattr $C$DW$679, DW_AT_name("pwmUpdateMode")
   10690                      .dwattr $C$DW$679, DW_AT_data_member_location[DW_OP_plus_uconst 0x1c1]
   10691                      .dwattr $C$DW$679, DW_AT_accessibility(DW_ACCESS_public)
   10692                      .dwattr $C$DW$679, DW_AT_decl_file("..\sources\fcl_foc_cpu_dm.h")
   10693                      .dwattr $C$DW$679, DW_AT_decl_line(0x108)
   10694                      .dwattr $C$DW$679, DW_AT_decl_column(0x15)
   10695              
   10696              $C$DW$680       .dwtag  DW_TAG_member
   10697                      .dwattr $C$DW$680, DW_AT_type(*$C$DW$T$89)
   10698                      .dwattr $C$DW$680, DW_AT_name("motorNum")
   10699                      .dwattr $C$DW$680, DW_AT_data_member_location[DW_OP_plus_uconst 0x1c2]
   10700                      .dwattr $C$DW$680, DW_AT_accessibility(DW_ACCESS_public)
   10701                      .dwattr $C$DW$680, DW_AT_decl_file("..\sources\fcl_foc_cpu_dm.h")
   10702                      .dwattr $C$DW$680, DW_AT_decl_line(0x109)
   10703                      .dwattr $C$DW$680, DW_AT_decl_column(0x15)
   10704              
   10705              $C$DW$681       .dwtag  DW_TAG_member
   10706                      .dwattr $C$DW$681, DW_AT_type(*$C$DW$T$121)
   10707                      .dwattr $C$DW$681, DW_AT_name("runMotor")
   10708                      .dwattr $C$DW$681, DW_AT_data_member_location[DW_OP_plus_uconst 0x1c3]
   10709                      .dwattr $C$DW$681, DW_AT_accessibility(DW_ACCESS_public)
   10710                      .dwattr $C$DW$681, DW_AT_decl_file("..\sources\fcl_foc_cpu_dm.h")
   10711                      .dwattr $C$DW$681, DW_AT_decl_line(0x10a)
   10712                      .dwattr $C$DW$681, DW_AT_decl_column(0x15)
   10713              
   10714              $C$DW$682       .dwtag  DW_TAG_member
   10715                      .dwattr $C$DW$682, DW_AT_type(*$C$DW$T$123)
   10716                      .dwattr $C$DW$682, DW_AT_name("ctrlState")
   10717                      .dwattr $C$DW$682, DW_AT_data_member_location[DW_OP_plus_uconst 0x1c4]
   10718                      .dwattr $C$DW$682, DW_AT_accessibility(DW_ACCESS_public)
TMS320C2000 Assembler PC v22.6.2 Mon Jan 26 16:23:05 2026

Copyright (c) 1996-2018 Texas Instruments Incorporated
dual_axis_servo_drive_cpu.asm                                        PAGE  210

   10719                      .dwattr $C$DW$682, DW_AT_decl_file("..\sources\fcl_foc_cpu_dm.h")
   10720                      .dwattr $C$DW$682, DW_AT_decl_line(0x10b)
   10721                      .dwattr $C$DW$682, DW_AT_decl_column(0x15)
   10722              
   10723              $C$DW$683       .dwtag  DW_TAG_member
   10724                      .dwattr $C$DW$683, DW_AT_type(*$C$DW$T$90)
   10725                      .dwattr $C$DW$683, DW_AT_name("clearTripFlagDMC")
   10726                      .dwattr $C$DW$683, DW_AT_data_member_location[DW_OP_plus_uconst 0x1c5]
   10727                      .dwattr $C$DW$683, DW_AT_accessibility(DW_ACCESS_public)
   10728                      .dwattr $C$DW$683, DW_AT_decl_file("..\sources\fcl_foc_cpu_dm.h")
   10729                      .dwattr $C$DW$683, DW_AT_decl_line(0x10d)
   10730                      .dwattr $C$DW$683, DW_AT_decl_column(0x0a)
   10731              
   10732              $C$DW$684       .dwtag  DW_TAG_member
   10733                      .dwattr $C$DW$684, DW_AT_type(*$C$DW$T$90)
   10734                      .dwattr $C$DW$684, DW_AT_name("lsw2EntryFlag")
   10735                      .dwattr $C$DW$684, DW_AT_data_member_location[DW_OP_plus_uconst 0x1c6]
   10736                      .dwattr $C$DW$684, DW_AT_accessibility(DW_ACCESS_public)
   10737                      .dwattr $C$DW$684, DW_AT_decl_file("..\sources\fcl_foc_cpu_dm.h")
   10738                      .dwattr $C$DW$684, DW_AT_decl_line(0x10e)
   10739                      .dwattr $C$DW$684, DW_AT_decl_column(0x0a)
   10740              
   10741              $C$DW$685       .dwtag  DW_TAG_member
   10742                      .dwattr $C$DW$685, DW_AT_type(*$C$DW$T$90)
   10743                      .dwattr $C$DW$685, DW_AT_name("offsetDoneFlag")
   10744                      .dwattr $C$DW$685, DW_AT_data_member_location[DW_OP_plus_uconst 0x1c7]
   10745                      .dwattr $C$DW$685, DW_AT_accessibility(DW_ACCESS_public)
   10746                      .dwattr $C$DW$685, DW_AT_decl_file("..\sources\fcl_foc_cpu_dm.h")
   10747                      .dwattr $C$DW$685, DW_AT_decl_line(0x10f)
   10748                      .dwattr $C$DW$685, DW_AT_decl_column(0x0a)
   10749              
   10750              $C$DW$686       .dwtag  DW_TAG_member
   10751                      .dwattr $C$DW$686, DW_AT_type(*$C$DW$T$90)
   10752                      .dwattr $C$DW$686, DW_AT_name("sfraEnableFlag")
   10753                      .dwattr $C$DW$686, DW_AT_data_member_location[DW_OP_plus_uconst 0x1c8]
   10754                      .dwattr $C$DW$686, DW_AT_accessibility(DW_ACCESS_public)
   10755                      .dwattr $C$DW$686, DW_AT_decl_file("..\sources\fcl_foc_cpu_dm.h")
   10756                      .dwattr $C$DW$686, DW_AT_decl_line(0x110)
   10757                      .dwattr $C$DW$686, DW_AT_decl_column(0x0a)
   10758              
   10759                      .dwattr $C$DW$T$124, DW_AT_decl_file("..\sources\fcl_foc_cpu_dm.h")
   10760                      .dwattr $C$DW$T$124, DW_AT_decl_line(0x7f)
   10761                      .dwattr $C$DW$T$124, DW_AT_decl_column(0x10)
   10762                      .dwendtag $C$DW$T$124
   10763              
   10764                      .dwendtag $C$DW$TU$124
   10765              
   10766              
   10767              $C$DW$TU$156    .dwtag  DW_TAG_type_unit
   10768                      .dwmtype  $C$DW$T$156
   10769              $C$DW$T$156     .dwtag  DW_TAG_typedef
   10770                      .dwattr $C$DW$T$156, DW_AT_name("MOTOR_Vars_t")
   10771                      .dwattr $C$DW$T$156, DW_AT_type(*$C$DW$T$124)
   10772                      .dwattr $C$DW$T$156, DW_AT_decl_file("..\sources\fcl_foc_cpu_dm.h")
   10773                      .dwattr $C$DW$T$156, DW_AT_decl_line(0x111)
TMS320C2000 Assembler PC v22.6.2 Mon Jan 26 16:23:05 2026

Copyright (c) 1996-2018 Texas Instruments Incorporated
dual_axis_servo_drive_cpu.asm                                        PAGE  211

   10774                      .dwattr $C$DW$T$156, DW_AT_decl_column(0x03)
   10775              
   10776                      .dwendtag $C$DW$TU$156
   10777              
   10778              
   10779              $C$DW$TU$157    .dwtag  DW_TAG_type_unit
   10780                      .dwmtype  $C$DW$T$157
   10781              $C$DW$T$157     .dwtag  DW_TAG_pointer_type
   10782                      .dwattr $C$DW$T$157, DW_AT_type(*$C$DW$T$156)
   10783                      .dwattr $C$DW$T$157, DW_AT_address_class(0x20)
   10784              
   10785                      .dwendtag $C$DW$TU$157
   10786              
   10787              
   10788              $C$DW$TU$158    .dwtag  DW_TAG_type_unit
   10789                      .dwmtype  $C$DW$T$158
   10790              $C$DW$687       .dwtag  DW_TAG_TI_far_type
   10791                      .dwattr $C$DW$687, DW_AT_type(*$C$DW$T$157)
   10792              
   10793              $C$DW$T$158     .dwtag  DW_TAG_const_type
   10794                      .dwattr $C$DW$T$158, DW_AT_type(*$C$DW$687)
   10795              
   10796                      .dwendtag $C$DW$TU$158
   10797              
   10798              
   10799              $C$DW$TU$159    .dwtag  DW_TAG_type_unit
   10800                      .dwmtype  $C$DW$T$159
   10801              
   10802              $C$DW$T$159     .dwtag  DW_TAG_array_type
   10803                      .dwattr $C$DW$T$159, DW_AT_type(*$C$DW$T$156)
   10804                      .dwattr $C$DW$T$159, DW_AT_byte_size(0x394)
   10805              $C$DW$688       .dwtag  DW_TAG_subrange_type
   10806                      .dwattr $C$DW$688, DW_AT_upper_bound(0x01)
   10807              
   10808                      .dwendtag $C$DW$T$159
   10809              
   10810                      .dwendtag $C$DW$TU$159
   10811              
   10812              
   10813              $C$DW$TU$125    .dwtag  DW_TAG_type_unit
   10814                      .dwmtype  $C$DW$T$125
   10815              
   10816              $C$DW$T$125     .dwtag  DW_TAG_structure_type
   10817                      .dwattr $C$DW$T$125, DW_AT_name("_SPD_OBSERVER_obj_")
   10818                      .dwattr $C$DW$T$125, DW_AT_byte_size(0x1c)
   10819              $C$DW$689       .dwtag  DW_TAG_member
   10820                      .dwattr $C$DW$689, DW_AT_type(*$C$DW$T$19)
   10821                      .dwattr $C$DW$689, DW_AT_name("Ref")
   10822                      .dwattr $C$DW$689, DW_AT_accessibility(DW_ACCESS_public)
   10823                      .dwattr $C$DW$689, DW_AT_decl_file("C:/ti/C2000Ware_MotorControl_SDK_5_04_00_00/libraries/observers/s
   10824                      .dwattr $C$DW$689, DW_AT_decl_line(0x33)
   10825                      .dwattr $C$DW$689, DW_AT_decl_column(0x10)
   10826              
   10827              $C$DW$690       .dwtag  DW_TAG_member
   10828                      .dwattr $C$DW$690, DW_AT_type(*$C$DW$T$19)
TMS320C2000 Assembler PC v22.6.2 Mon Jan 26 16:23:05 2026

Copyright (c) 1996-2018 Texas Instruments Incorporated
dual_axis_servo_drive_cpu.asm                                        PAGE  212

   10829                      .dwattr $C$DW$690, DW_AT_name("Fbk")
   10830                      .dwattr $C$DW$690, DW_AT_data_member_location[DW_OP_plus_uconst 0x2]
   10831                      .dwattr $C$DW$690, DW_AT_accessibility(DW_ACCESS_public)
   10832                      .dwattr $C$DW$690, DW_AT_decl_file("C:/ti/C2000Ware_MotorControl_SDK_5_04_00_00/libraries/observers/s
   10833                      .dwattr $C$DW$690, DW_AT_decl_line(0x34)
   10834                      .dwattr $C$DW$690, DW_AT_decl_column(0x10)
   10835              
   10836              $C$DW$691       .dwtag  DW_TAG_member
   10837                      .dwattr $C$DW$691, DW_AT_type(*$C$DW$T$19)
   10838                      .dwattr $C$DW$691, DW_AT_name("Err")
   10839                      .dwattr $C$DW$691, DW_AT_data_member_location[DW_OP_plus_uconst 0x4]
   10840                      .dwattr $C$DW$691, DW_AT_accessibility(DW_ACCESS_public)
   10841                      .dwattr $C$DW$691, DW_AT_decl_file("C:/ti/C2000Ware_MotorControl_SDK_5_04_00_00/libraries/observers/s
   10842                      .dwattr $C$DW$691, DW_AT_decl_line(0x35)
   10843                      .dwattr $C$DW$691, DW_AT_decl_column(0x10)
   10844              
   10845              $C$DW$692       .dwtag  DW_TAG_member
   10846                      .dwattr $C$DW$692, DW_AT_type(*$C$DW$T$19)
   10847                      .dwattr $C$DW$692, DW_AT_name("Out")
   10848                      .dwattr $C$DW$692, DW_AT_data_member_location[DW_OP_plus_uconst 0x6]
   10849                      .dwattr $C$DW$692, DW_AT_accessibility(DW_ACCESS_public)
   10850                      .dwattr $C$DW$692, DW_AT_decl_file("C:/ti/C2000Ware_MotorControl_SDK_5_04_00_00/libraries/observers/s
   10851                      .dwattr $C$DW$692, DW_AT_decl_line(0x36)
   10852                      .dwattr $C$DW$692, DW_AT_decl_column(0x10)
   10853              
   10854              $C$DW$693       .dwtag  DW_TAG_member
   10855                      .dwattr $C$DW$693, DW_AT_type(*$C$DW$T$19)
   10856                      .dwattr $C$DW$693, DW_AT_name("Kp")
   10857                      .dwattr $C$DW$693, DW_AT_data_member_location[DW_OP_plus_uconst 0x8]
   10858                      .dwattr $C$DW$693, DW_AT_accessibility(DW_ACCESS_public)
   10859                      .dwattr $C$DW$693, DW_AT_decl_file("C:/ti/C2000Ware_MotorControl_SDK_5_04_00_00/libraries/observers/s
   10860                      .dwattr $C$DW$693, DW_AT_decl_line(0x37)
   10861                      .dwattr $C$DW$693, DW_AT_decl_column(0x10)
   10862              
   10863              $C$DW$694       .dwtag  DW_TAG_member
   10864                      .dwattr $C$DW$694, DW_AT_type(*$C$DW$T$19)
   10865                      .dwattr $C$DW$694, DW_AT_name("Ki")
   10866                      .dwattr $C$DW$694, DW_AT_data_member_location[DW_OP_plus_uconst 0xa]
   10867                      .dwattr $C$DW$694, DW_AT_accessibility(DW_ACCESS_public)
   10868                      .dwattr $C$DW$694, DW_AT_decl_file("C:/ti/C2000Ware_MotorControl_SDK_5_04_00_00/libraries/observers/s
   10869                      .dwattr $C$DW$694, DW_AT_decl_line(0x38)
   10870                      .dwattr $C$DW$694, DW_AT_decl_column(0x10)
   10871              
   10872              $C$DW$695       .dwtag  DW_TAG_member
   10873                      .dwattr $C$DW$695, DW_AT_type(*$C$DW$T$19)
   10874                      .dwattr $C$DW$695, DW_AT_name("KiT")
   10875                      .dwattr $C$DW$695, DW_AT_data_member_location[DW_OP_plus_uconst 0xc]
   10876                      .dwattr $C$DW$695, DW_AT_accessibility(DW_ACCESS_public)
   10877                      .dwattr $C$DW$695, DW_AT_decl_file("C:/ti/C2000Ware_MotorControl_SDK_5_04_00_00/libraries/observers/s
   10878                      .dwattr $C$DW$695, DW_AT_decl_line(0x39)
   10879                      .dwattr $C$DW$695, DW_AT_decl_column(0x10)
   10880              
   10881              $C$DW$696       .dwtag  DW_TAG_member
   10882                      .dwattr $C$DW$696, DW_AT_type(*$C$DW$T$19)
   10883                      .dwattr $C$DW$696, DW_AT_name("Umax")
TMS320C2000 Assembler PC v22.6.2 Mon Jan 26 16:23:05 2026

Copyright (c) 1996-2018 Texas Instruments Incorporated
dual_axis_servo_drive_cpu.asm                                        PAGE  213

   10884                      .dwattr $C$DW$696, DW_AT_data_member_location[DW_OP_plus_uconst 0xe]
   10885                      .dwattr $C$DW$696, DW_AT_accessibility(DW_ACCESS_public)
   10886                      .dwattr $C$DW$696, DW_AT_decl_file("C:/ti/C2000Ware_MotorControl_SDK_5_04_00_00/libraries/observers/s
   10887                      .dwattr $C$DW$696, DW_AT_decl_line(0x3a)
   10888                      .dwattr $C$DW$696, DW_AT_decl_column(0x10)
   10889              
   10890              $C$DW$697       .dwtag  DW_TAG_member
   10891                      .dwattr $C$DW$697, DW_AT_type(*$C$DW$T$19)
   10892                      .dwattr $C$DW$697, DW_AT_name("Umin")
   10893                      .dwattr $C$DW$697, DW_AT_data_member_location[DW_OP_plus_uconst 0x10]
   10894                      .dwattr $C$DW$697, DW_AT_accessibility(DW_ACCESS_public)
   10895                      .dwattr $C$DW$697, DW_AT_decl_file("C:/ti/C2000Ware_MotorControl_SDK_5_04_00_00/libraries/observers/s
   10896                      .dwattr $C$DW$697, DW_AT_decl_line(0x3b)
   10897                      .dwattr $C$DW$697, DW_AT_decl_column(0x10)
   10898              
   10899              $C$DW$698       .dwtag  DW_TAG_member
   10900                      .dwattr $C$DW$698, DW_AT_type(*$C$DW$T$19)
   10901                      .dwattr $C$DW$698, DW_AT_name("up")
   10902                      .dwattr $C$DW$698, DW_AT_data_member_location[DW_OP_plus_uconst 0x12]
   10903                      .dwattr $C$DW$698, DW_AT_accessibility(DW_ACCESS_public)
   10904                      .dwattr $C$DW$698, DW_AT_decl_file("C:/ti/C2000Ware_MotorControl_SDK_5_04_00_00/libraries/observers/s
   10905                      .dwattr $C$DW$698, DW_AT_decl_line(0x3c)
   10906                      .dwattr $C$DW$698, DW_AT_decl_column(0x10)
   10907              
   10908              $C$DW$699       .dwtag  DW_TAG_member
   10909                      .dwattr $C$DW$699, DW_AT_type(*$C$DW$T$19)
   10910                      .dwattr $C$DW$699, DW_AT_name("ui")
   10911                      .dwattr $C$DW$699, DW_AT_data_member_location[DW_OP_plus_uconst 0x14]
   10912                      .dwattr $C$DW$699, DW_AT_accessibility(DW_ACCESS_public)
   10913                      .dwattr $C$DW$699, DW_AT_decl_file("C:/ti/C2000Ware_MotorControl_SDK_5_04_00_00/libraries/observers/s
   10914                      .dwattr $C$DW$699, DW_AT_decl_line(0x3d)
   10915                      .dwattr $C$DW$699, DW_AT_decl_column(0x10)
   10916              
   10917              $C$DW$700       .dwtag  DW_TAG_member
   10918                      .dwattr $C$DW$700, DW_AT_type(*$C$DW$T$19)
   10919                      .dwattr $C$DW$700, DW_AT_name("IqMax")
   10920                      .dwattr $C$DW$700, DW_AT_data_member_location[DW_OP_plus_uconst 0x16]
   10921                      .dwattr $C$DW$700, DW_AT_accessibility(DW_ACCESS_public)
   10922                      .dwattr $C$DW$700, DW_AT_decl_file("C:/ti/C2000Ware_MotorControl_SDK_5_04_00_00/libraries/observers/s
   10923                      .dwattr $C$DW$700, DW_AT_decl_line(0x3e)
   10924                      .dwattr $C$DW$700, DW_AT_decl_column(0x10)
   10925              
   10926              $C$DW$701       .dwtag  DW_TAG_member
   10927                      .dwattr $C$DW$701, DW_AT_type(*$C$DW$T$19)
   10928                      .dwattr $C$DW$701, DW_AT_name("IqKf")
   10929                      .dwattr $C$DW$701, DW_AT_data_member_location[DW_OP_plus_uconst 0x18]
   10930                      .dwattr $C$DW$701, DW_AT_accessibility(DW_ACCESS_public)
   10931                      .dwattr $C$DW$701, DW_AT_decl_file("C:/ti/C2000Ware_MotorControl_SDK_5_04_00_00/libraries/observers/s
   10932                      .dwattr $C$DW$701, DW_AT_decl_line(0x3f)
   10933                      .dwattr $C$DW$701, DW_AT_decl_column(0x10)
   10934              
   10935              $C$DW$702       .dwtag  DW_TAG_member
   10936                      .dwattr $C$DW$702, DW_AT_type(*$C$DW$T$19)
   10937                      .dwattr $C$DW$702, DW_AT_name("thetaMax")
   10938                      .dwattr $C$DW$702, DW_AT_data_member_location[DW_OP_plus_uconst 0x1a]
TMS320C2000 Assembler PC v22.6.2 Mon Jan 26 16:23:05 2026

Copyright (c) 1996-2018 Texas Instruments Incorporated
dual_axis_servo_drive_cpu.asm                                        PAGE  214

   10939                      .dwattr $C$DW$702, DW_AT_accessibility(DW_ACCESS_public)
   10940                      .dwattr $C$DW$702, DW_AT_decl_file("C:/ti/C2000Ware_MotorControl_SDK_5_04_00_00/libraries/observers/s
   10941                      .dwattr $C$DW$702, DW_AT_decl_line(0x40)
   10942                      .dwattr $C$DW$702, DW_AT_decl_column(0x10)
   10943              
   10944                      .dwattr $C$DW$T$125, DW_AT_decl_file("C:/ti/C2000Ware_MotorControl_SDK_5_04_00_00/libraries/observers
   10945                      .dwattr $C$DW$T$125, DW_AT_decl_line(0x31)
   10946                      .dwattr $C$DW$T$125, DW_AT_decl_column(0x10)
   10947                      .dwendtag $C$DW$T$125
   10948              
   10949                      .dwendtag $C$DW$TU$125
   10950              
   10951              
   10952              $C$DW$TU$101    .dwtag  DW_TAG_type_unit
   10953                      .dwmtype  $C$DW$T$101
   10954              $C$DW$T$101     .dwtag  DW_TAG_typedef
   10955                      .dwattr $C$DW$T$101, DW_AT_name("SPD_OBSERVER")
   10956                      .dwattr $C$DW$T$101, DW_AT_type(*$C$DW$T$125)
   10957                      .dwattr $C$DW$T$101, DW_AT_decl_file("C:/ti/C2000Ware_MotorControl_SDK_5_04_00_00/libraries/observers
   10958                      .dwattr $C$DW$T$101, DW_AT_decl_line(0x41)
   10959                      .dwattr $C$DW$T$101, DW_AT_decl_column(0x03)
   10960              
   10961                      .dwendtag $C$DW$TU$101
   10962              
   10963              
   10964              $C$DW$TU$2      .dwtag  DW_TAG_type_unit
   10965                      .dwmtype  $C$DW$T$2
   10966              $C$DW$T$2       .dwtag  DW_TAG_unspecified_type
   10967                      .dwattr $C$DW$T$2, DW_AT_name("void")
   10968              
   10969                      .dwendtag $C$DW$TU$2
   10970              
   10971              
   10972              $C$DW$TU$4      .dwtag  DW_TAG_type_unit
   10973                      .dwmtype  $C$DW$T$4
   10974              $C$DW$T$4       .dwtag  DW_TAG_base_type
   10975                      .dwattr $C$DW$T$4, DW_AT_encoding(DW_ATE_boolean)
   10976                      .dwattr $C$DW$T$4, DW_AT_name("bool")
   10977                      .dwattr $C$DW$T$4, DW_AT_byte_size(0x01)
   10978              
   10979                      .dwendtag $C$DW$TU$4
   10980              
   10981              
   10982              $C$DW$TU$5      .dwtag  DW_TAG_type_unit
   10983                      .dwmtype  $C$DW$T$5
   10984              $C$DW$T$5       .dwtag  DW_TAG_base_type
   10985                      .dwattr $C$DW$T$5, DW_AT_encoding(DW_ATE_signed_char)
   10986                      .dwattr $C$DW$T$5, DW_AT_name("signed char")
   10987                      .dwattr $C$DW$T$5, DW_AT_byte_size(0x01)
   10988              
   10989                      .dwendtag $C$DW$TU$5
   10990              
   10991              
   10992              $C$DW$TU$6      .dwtag  DW_TAG_type_unit
   10993                      .dwmtype  $C$DW$T$6
TMS320C2000 Assembler PC v22.6.2 Mon Jan 26 16:23:05 2026

Copyright (c) 1996-2018 Texas Instruments Incorporated
dual_axis_servo_drive_cpu.asm                                        PAGE  215

   10994              $C$DW$T$6       .dwtag  DW_TAG_base_type
   10995                      .dwattr $C$DW$T$6, DW_AT_encoding(DW_ATE_unsigned_char)
   10996                      .dwattr $C$DW$T$6, DW_AT_name("unsigned char")
   10997                      .dwattr $C$DW$T$6, DW_AT_byte_size(0x01)
   10998              
   10999                      .dwendtag $C$DW$TU$6
   11000              
   11001              
   11002              $C$DW$TU$7      .dwtag  DW_TAG_type_unit
   11003                      .dwmtype  $C$DW$T$7
   11004              $C$DW$T$7       .dwtag  DW_TAG_base_type
   11005                      .dwattr $C$DW$T$7, DW_AT_encoding(DW_ATE_signed_char)
   11006                      .dwattr $C$DW$T$7, DW_AT_name("wchar_t")
   11007                      .dwattr $C$DW$T$7, DW_AT_byte_size(0x02)
   11008              
   11009                      .dwendtag $C$DW$TU$7
   11010              
   11011              
   11012              $C$DW$TU$8      .dwtag  DW_TAG_type_unit
   11013                      .dwmtype  $C$DW$T$8
   11014              $C$DW$T$8       .dwtag  DW_TAG_base_type
   11015                      .dwattr $C$DW$T$8, DW_AT_encoding(DW_ATE_signed)
   11016                      .dwattr $C$DW$T$8, DW_AT_name("short")
   11017                      .dwattr $C$DW$T$8, DW_AT_byte_size(0x01)
   11018              
   11019                      .dwendtag $C$DW$TU$8
   11020              
   11021              
   11022              $C$DW$TU$9      .dwtag  DW_TAG_type_unit
   11023                      .dwmtype  $C$DW$T$9
   11024              $C$DW$T$9       .dwtag  DW_TAG_base_type
   11025                      .dwattr $C$DW$T$9, DW_AT_encoding(DW_ATE_unsigned)
   11026                      .dwattr $C$DW$T$9, DW_AT_name("unsigned short")
   11027                      .dwattr $C$DW$T$9, DW_AT_byte_size(0x01)
   11028              
   11029                      .dwendtag $C$DW$TU$9
   11030              
   11031              
   11032              $C$DW$TU$10     .dwtag  DW_TAG_type_unit
   11033                      .dwmtype  $C$DW$T$10
   11034              $C$DW$T$10      .dwtag  DW_TAG_base_type
   11035                      .dwattr $C$DW$T$10, DW_AT_encoding(DW_ATE_signed)
   11036                      .dwattr $C$DW$T$10, DW_AT_name("int")
   11037                      .dwattr $C$DW$T$10, DW_AT_byte_size(0x01)
   11038              
   11039                      .dwendtag $C$DW$TU$10
   11040              
   11041              
   11042              $C$DW$TU$44     .dwtag  DW_TAG_type_unit
   11043                      .dwmtype  $C$DW$T$44
   11044              $C$DW$T$44      .dwtag  DW_TAG_typedef
   11045                      .dwattr $C$DW$T$44, DW_AT_name("__int16_t")
   11046                      .dwattr $C$DW$T$44, DW_AT_type(*$C$DW$T$10)
   11047                      .dwattr $C$DW$T$44, DW_AT_decl_file("C:/ti/ccs2031/ccs/tools/compiler/ti-cgt-c2000_22.6.2.LTS/include
   11048                      .dwattr $C$DW$T$44, DW_AT_decl_line(0x40)
TMS320C2000 Assembler PC v22.6.2 Mon Jan 26 16:23:05 2026

Copyright (c) 1996-2018 Texas Instruments Incorporated
dual_axis_servo_drive_cpu.asm                                        PAGE  216

   11049                      .dwattr $C$DW$T$44, DW_AT_decl_column(0x1d)
   11050              
   11051                      .dwendtag $C$DW$TU$44
   11052              
   11053              
   11054              $C$DW$TU$45     .dwtag  DW_TAG_type_unit
   11055                      .dwmtype  $C$DW$T$45
   11056              $C$DW$T$45      .dwtag  DW_TAG_typedef
   11057                      .dwattr $C$DW$T$45, DW_AT_name("int16_t")
   11058                      .dwattr $C$DW$T$45, DW_AT_type(*$C$DW$T$44)
   11059                      .dwattr $C$DW$T$45, DW_AT_decl_file("C:/ti/ccs2031/ccs/tools/compiler/ti-cgt-c2000_22.6.2.LTS/include
   11060                      .dwattr $C$DW$T$45, DW_AT_decl_line(0x2b)
   11061                      .dwattr $C$DW$T$45, DW_AT_decl_column(0x14)
   11062              
   11063                      .dwendtag $C$DW$TU$45
   11064              
   11065              
   11066              $C$DW$TU$11     .dwtag  DW_TAG_type_unit
   11067                      .dwmtype  $C$DW$T$11
   11068              $C$DW$T$11      .dwtag  DW_TAG_base_type
   11069                      .dwattr $C$DW$T$11, DW_AT_encoding(DW_ATE_unsigned)
   11070                      .dwattr $C$DW$T$11, DW_AT_name("unsigned int")
   11071                      .dwattr $C$DW$T$11, DW_AT_byte_size(0x01)
   11072              
   11073                      .dwendtag $C$DW$TU$11
   11074              
   11075              
   11076              $C$DW$TU$47     .dwtag  DW_TAG_type_unit
   11077                      .dwmtype  $C$DW$T$47
   11078              $C$DW$T$47      .dwtag  DW_TAG_typedef
   11079                      .dwattr $C$DW$T$47, DW_AT_name("Uint16")
   11080                      .dwattr $C$DW$T$47, DW_AT_type(*$C$DW$T$11)
   11081                      .dwattr $C$DW$T$47, DW_AT_decl_file("C:/ti/C2000Ware_MotorControl_SDK_5_04_00_00/c2000ware/device_sup
   11082                      .dwattr $C$DW$T$47, DW_AT_decl_line(0xbe)
   11083                      .dwattr $C$DW$T$47, DW_AT_decl_column(0x31)
   11084              
   11085                      .dwendtag $C$DW$TU$47
   11086              
   11087              
   11088              $C$DW$TU$51     .dwtag  DW_TAG_type_unit
   11089                      .dwmtype  $C$DW$T$51
   11090              
   11091              $C$DW$T$51      .dwtag  DW_TAG_array_type
   11092                      .dwattr $C$DW$T$51, DW_AT_type(*$C$DW$T$47)
   11093                      .dwattr $C$DW$T$51, DW_AT_byte_size(0x0f)
   11094              $C$DW$703       .dwtag  DW_TAG_subrange_type
   11095                      .dwattr $C$DW$703, DW_AT_upper_bound(0x0e)
   11096              
   11097                      .dwendtag $C$DW$T$51
   11098              
   11099                      .dwendtag $C$DW$TU$51
   11100              
   11101              
   11102              $C$DW$TU$39     .dwtag  DW_TAG_type_unit
   11103                      .dwmtype  $C$DW$T$39
TMS320C2000 Assembler PC v22.6.2 Mon Jan 26 16:23:05 2026

Copyright (c) 1996-2018 Texas Instruments Incorporated
dual_axis_servo_drive_cpu.asm                                        PAGE  217

   11104              $C$DW$T$39      .dwtag  DW_TAG_typedef
   11105                      .dwattr $C$DW$T$39, DW_AT_name("__uint16_t")
   11106                      .dwattr $C$DW$T$39, DW_AT_type(*$C$DW$T$11)
   11107                      .dwattr $C$DW$T$39, DW_AT_decl_file("C:/ti/ccs2031/ccs/tools/compiler/ti-cgt-c2000_22.6.2.LTS/include
   11108                      .dwattr $C$DW$T$39, DW_AT_decl_line(0x41)
   11109                      .dwattr $C$DW$T$39, DW_AT_decl_column(0x1c)
   11110              
   11111                      .dwendtag $C$DW$TU$39
   11112              
   11113              
   11114              $C$DW$TU$40     .dwtag  DW_TAG_type_unit
   11115                      .dwmtype  $C$DW$T$40
   11116              $C$DW$T$40      .dwtag  DW_TAG_typedef
   11117                      .dwattr $C$DW$T$40, DW_AT_name("uint16_t")
   11118                      .dwattr $C$DW$T$40, DW_AT_type(*$C$DW$T$39)
   11119                      .dwattr $C$DW$T$40, DW_AT_decl_file("C:/ti/ccs2031/ccs/tools/compiler/ti-cgt-c2000_22.6.2.LTS/include
   11120                      .dwattr $C$DW$T$40, DW_AT_decl_line(0x41)
   11121                      .dwattr $C$DW$T$40, DW_AT_decl_column(0x15)
   11122              
   11123                      .dwendtag $C$DW$TU$40
   11124              
   11125              
   11126              $C$DW$TU$188    .dwtag  DW_TAG_type_unit
   11127                      .dwmtype  $C$DW$T$188
   11128              $C$DW$704       .dwtag  DW_TAG_TI_far_type
   11129                      .dwattr $C$DW$704, DW_AT_type(*$C$DW$T$40)
   11130              
   11131              $C$DW$T$188     .dwtag  DW_TAG_volatile_type
   11132                      .dwattr $C$DW$T$188, DW_AT_type(*$C$DW$704)
   11133              
   11134                      .dwendtag $C$DW$TU$188
   11135              
   11136              
   11137              $C$DW$TU$189    .dwtag  DW_TAG_type_unit
   11138                      .dwmtype  $C$DW$T$189
   11139              
   11140              $C$DW$T$189     .dwtag  DW_TAG_array_type
   11141                      .dwattr $C$DW$T$189, DW_AT_type(*$C$DW$T$188)
   11142                      .dwattr $C$DW$T$189, DW_AT_byte_size(0x02)
   11143              $C$DW$705       .dwtag  DW_TAG_subrange_type
   11144                      .dwattr $C$DW$705, DW_AT_upper_bound(0x01)
   11145              
   11146                      .dwendtag $C$DW$T$189
   11147              
   11148                      .dwendtag $C$DW$TU$189
   11149              
   11150              
   11151              $C$DW$TU$12     .dwtag  DW_TAG_type_unit
   11152                      .dwmtype  $C$DW$T$12
   11153              $C$DW$T$12      .dwtag  DW_TAG_base_type
   11154                      .dwattr $C$DW$T$12, DW_AT_encoding(DW_ATE_signed)
   11155                      .dwattr $C$DW$T$12, DW_AT_name("long")
   11156                      .dwattr $C$DW$T$12, DW_AT_byte_size(0x02)
   11157              
   11158                      .dwendtag $C$DW$TU$12
TMS320C2000 Assembler PC v22.6.2 Mon Jan 26 16:23:05 2026

Copyright (c) 1996-2018 Texas Instruments Incorporated
dual_axis_servo_drive_cpu.asm                                        PAGE  218

   11159              
   11160              
   11161              $C$DW$TU$191    .dwtag  DW_TAG_type_unit
   11162                      .dwmtype  $C$DW$T$191
   11163              $C$DW$706       .dwtag  DW_TAG_TI_far_type
   11164                      .dwattr $C$DW$706, DW_AT_type(*$C$DW$T$12)
   11165              
   11166              $C$DW$T$191     .dwtag  DW_TAG_const_type
   11167                      .dwattr $C$DW$T$191, DW_AT_type(*$C$DW$706)
   11168              
   11169                      .dwendtag $C$DW$TU$191
   11170              
   11171              
   11172              $C$DW$TU$24     .dwtag  DW_TAG_type_unit
   11173                      .dwmtype  $C$DW$T$24
   11174              $C$DW$T$24      .dwtag  DW_TAG_typedef
   11175                      .dwattr $C$DW$T$24, DW_AT_name("__int32_t")
   11176                      .dwattr $C$DW$T$24, DW_AT_type(*$C$DW$T$12)
   11177                      .dwattr $C$DW$T$24, DW_AT_decl_file("C:/ti/ccs2031/ccs/tools/compiler/ti-cgt-c2000_22.6.2.LTS/include
   11178                      .dwattr $C$DW$T$24, DW_AT_decl_line(0x42)
   11179                      .dwattr $C$DW$T$24, DW_AT_decl_column(0x1d)
   11180              
   11181                      .dwendtag $C$DW$TU$24
   11182              
   11183              
   11184              $C$DW$TU$25     .dwtag  DW_TAG_type_unit
   11185                      .dwmtype  $C$DW$T$25
   11186              $C$DW$T$25      .dwtag  DW_TAG_typedef
   11187                      .dwattr $C$DW$T$25, DW_AT_name("int32_t")
   11188                      .dwattr $C$DW$T$25, DW_AT_type(*$C$DW$T$24)
   11189                      .dwattr $C$DW$T$25, DW_AT_decl_file("C:/ti/ccs2031/ccs/tools/compiler/ti-cgt-c2000_22.6.2.LTS/include
   11190                      .dwattr $C$DW$T$25, DW_AT_decl_line(0x30)
   11191                      .dwattr $C$DW$T$25, DW_AT_decl_column(0x14)
   11192              
   11193                      .dwendtag $C$DW$TU$25
   11194              
   11195              
   11196              $C$DW$TU$192    .dwtag  DW_TAG_type_unit
   11197                      .dwmtype  $C$DW$T$192
   11198              $C$DW$T$192     .dwtag  DW_TAG_typedef
   11199                      .dwattr $C$DW$T$192, DW_AT_name("int32")
   11200                      .dwattr $C$DW$T$192, DW_AT_type(*$C$DW$T$12)
   11201                      .dwattr $C$DW$T$192, DW_AT_decl_file("C:/ti/C2000Ware_MotorControl_SDK_5_04_00_00/c2000ware/device_su
   11202                      .dwattr $C$DW$T$192, DW_AT_decl_line(0xbc)
   11203                      .dwattr $C$DW$T$192, DW_AT_decl_column(0x31)
   11204              
   11205                      .dwendtag $C$DW$TU$192
   11206              
   11207              
   11208              $C$DW$TU$13     .dwtag  DW_TAG_type_unit
   11209                      .dwmtype  $C$DW$T$13
   11210              $C$DW$T$13      .dwtag  DW_TAG_base_type
   11211                      .dwattr $C$DW$T$13, DW_AT_encoding(DW_ATE_unsigned)
   11212                      .dwattr $C$DW$T$13, DW_AT_name("unsigned long")
   11213                      .dwattr $C$DW$T$13, DW_AT_byte_size(0x02)
TMS320C2000 Assembler PC v22.6.2 Mon Jan 26 16:23:05 2026

Copyright (c) 1996-2018 Texas Instruments Incorporated
dual_axis_servo_drive_cpu.asm                                        PAGE  219

   11214              
   11215                      .dwendtag $C$DW$TU$13
   11216              
   11217              
   11218              $C$DW$TU$50     .dwtag  DW_TAG_type_unit
   11219                      .dwmtype  $C$DW$T$50
   11220              $C$DW$T$50      .dwtag  DW_TAG_typedef
   11221                      .dwattr $C$DW$T$50, DW_AT_name("Uint32")
   11222                      .dwattr $C$DW$T$50, DW_AT_type(*$C$DW$T$13)
   11223                      .dwattr $C$DW$T$50, DW_AT_decl_file("C:/ti/C2000Ware_MotorControl_SDK_5_04_00_00/c2000ware/device_sup
   11224                      .dwattr $C$DW$T$50, DW_AT_decl_line(0xbf)
   11225                      .dwattr $C$DW$T$50, DW_AT_decl_column(0x31)
   11226              
   11227                      .dwendtag $C$DW$TU$50
   11228              
   11229              
   11230              $C$DW$TU$21     .dwtag  DW_TAG_type_unit
   11231                      .dwmtype  $C$DW$T$21
   11232              $C$DW$T$21      .dwtag  DW_TAG_typedef
   11233                      .dwattr $C$DW$T$21, DW_AT_name("__uint32_t")
   11234                      .dwattr $C$DW$T$21, DW_AT_type(*$C$DW$T$13)
   11235                      .dwattr $C$DW$T$21, DW_AT_decl_file("C:/ti/ccs2031/ccs/tools/compiler/ti-cgt-c2000_22.6.2.LTS/include
   11236                      .dwattr $C$DW$T$21, DW_AT_decl_line(0x43)
   11237                      .dwattr $C$DW$T$21, DW_AT_decl_column(0x1c)
   11238              
   11239                      .dwendtag $C$DW$TU$21
   11240              
   11241              
   11242              $C$DW$TU$22     .dwtag  DW_TAG_type_unit
   11243                      .dwmtype  $C$DW$T$22
   11244              $C$DW$T$22      .dwtag  DW_TAG_typedef
   11245                      .dwattr $C$DW$T$22, DW_AT_name("uint32_t")
   11246                      .dwattr $C$DW$T$22, DW_AT_type(*$C$DW$T$21)
   11247                      .dwattr $C$DW$T$22, DW_AT_decl_file("C:/ti/ccs2031/ccs/tools/compiler/ti-cgt-c2000_22.6.2.LTS/include
   11248                      .dwattr $C$DW$T$22, DW_AT_decl_line(0x46)
   11249                      .dwattr $C$DW$T$22, DW_AT_decl_column(0x15)
   11250              
   11251                      .dwendtag $C$DW$TU$22
   11252              
   11253              
   11254              $C$DW$TU$87     .dwtag  DW_TAG_type_unit
   11255                      .dwmtype  $C$DW$T$87
   11256              
   11257              $C$DW$T$87      .dwtag  DW_TAG_array_type
   11258                      .dwattr $C$DW$T$87, DW_AT_type(*$C$DW$T$22)
   11259                      .dwattr $C$DW$T$87, DW_AT_byte_size(0x06)
   11260              $C$DW$707       .dwtag  DW_TAG_subrange_type
   11261                      .dwattr $C$DW$707, DW_AT_upper_bound(0x02)
   11262              
   11263                      .dwendtag $C$DW$T$87
   11264              
   11265                      .dwendtag $C$DW$TU$87
   11266              
   11267              
   11268              $C$DW$TU$92     .dwtag  DW_TAG_type_unit
TMS320C2000 Assembler PC v22.6.2 Mon Jan 26 16:23:05 2026

Copyright (c) 1996-2018 Texas Instruments Incorporated
dual_axis_servo_drive_cpu.asm                                        PAGE  220

   11269                      .dwmtype  $C$DW$T$92
   11270              
   11271              $C$DW$T$92      .dwtag  DW_TAG_array_type
   11272                      .dwattr $C$DW$T$92, DW_AT_type(*$C$DW$T$22)
   11273                      .dwattr $C$DW$T$92, DW_AT_byte_size(0x04)
   11274              $C$DW$708       .dwtag  DW_TAG_subrange_type
   11275                      .dwattr $C$DW$708, DW_AT_upper_bound(0x01)
   11276              
   11277                      .dwendtag $C$DW$T$92
   11278              
   11279                      .dwendtag $C$DW$TU$92
   11280              
   11281              
   11282              $C$DW$TU$106    .dwtag  DW_TAG_type_unit
   11283                      .dwmtype  $C$DW$T$106
   11284              $C$DW$709       .dwtag  DW_TAG_TI_far_type
   11285                      .dwattr $C$DW$709, DW_AT_type(*$C$DW$T$22)
   11286              
   11287              $C$DW$T$106     .dwtag  DW_TAG_volatile_type
   11288                      .dwattr $C$DW$T$106, DW_AT_type(*$C$DW$709)
   11289              
   11290                      .dwendtag $C$DW$TU$106
   11291              
   11292              
   11293              $C$DW$TU$107    .dwtag  DW_TAG_type_unit
   11294                      .dwmtype  $C$DW$T$107
   11295              $C$DW$T$107     .dwtag  DW_TAG_pointer_type
   11296                      .dwattr $C$DW$T$107, DW_AT_type(*$C$DW$T$106)
   11297                      .dwattr $C$DW$T$107, DW_AT_address_class(0x20)
   11298              
   11299                      .dwendtag $C$DW$TU$107
   11300              
   11301              
   11302              $C$DW$TU$14     .dwtag  DW_TAG_type_unit
   11303                      .dwmtype  $C$DW$T$14
   11304              $C$DW$T$14      .dwtag  DW_TAG_base_type
   11305                      .dwattr $C$DW$T$14, DW_AT_encoding(DW_ATE_signed)
   11306                      .dwattr $C$DW$T$14, DW_AT_name("long long")
   11307                      .dwattr $C$DW$T$14, DW_AT_byte_size(0x04)
   11308              
   11309                      .dwendtag $C$DW$TU$14
   11310              
   11311              
   11312              $C$DW$TU$15     .dwtag  DW_TAG_type_unit
   11313                      .dwmtype  $C$DW$T$15
   11314              $C$DW$T$15      .dwtag  DW_TAG_base_type
   11315                      .dwattr $C$DW$T$15, DW_AT_encoding(DW_ATE_unsigned)
   11316                      .dwattr $C$DW$T$15, DW_AT_name("unsigned long long")
   11317                      .dwattr $C$DW$T$15, DW_AT_byte_size(0x04)
   11318              
   11319                      .dwendtag $C$DW$TU$15
   11320              
   11321              
   11322              $C$DW$TU$16     .dwtag  DW_TAG_type_unit
   11323                      .dwmtype  $C$DW$T$16
TMS320C2000 Assembler PC v22.6.2 Mon Jan 26 16:23:05 2026

Copyright (c) 1996-2018 Texas Instruments Incorporated
dual_axis_servo_drive_cpu.asm                                        PAGE  221

   11324              $C$DW$T$16      .dwtag  DW_TAG_base_type
   11325                      .dwattr $C$DW$T$16, DW_AT_encoding(DW_ATE_float)
   11326                      .dwattr $C$DW$T$16, DW_AT_name("float")
   11327                      .dwattr $C$DW$T$16, DW_AT_byte_size(0x02)
   11328              
   11329                      .dwendtag $C$DW$TU$16
   11330              
   11331              
   11332              $C$DW$TU$82     .dwtag  DW_TAG_type_unit
   11333                      .dwmtype  $C$DW$T$82
   11334              
   11335              $C$DW$T$82      .dwtag  DW_TAG_array_type
   11336                      .dwattr $C$DW$T$82, DW_AT_type(*$C$DW$T$16)
   11337                      .dwattr $C$DW$T$82, DW_AT_byte_size(0x04)
   11338              $C$DW$710       .dwtag  DW_TAG_subrange_type
   11339                      .dwattr $C$DW$710, DW_AT_upper_bound(0x01)
   11340              
   11341                      .dwendtag $C$DW$T$82
   11342              
   11343                      .dwendtag $C$DW$TU$82
   11344              
   11345              
   11346              $C$DW$TU$203    .dwtag  DW_TAG_type_unit
   11347                      .dwmtype  $C$DW$T$203
   11348              $C$DW$711       .dwtag  DW_TAG_TI_far_type
   11349                      .dwattr $C$DW$711, DW_AT_type(*$C$DW$T$16)
   11350              
   11351              $C$DW$T$203     .dwtag  DW_TAG_const_type
   11352                      .dwattr $C$DW$T$203, DW_AT_type(*$C$DW$711)
   11353              
   11354                      .dwendtag $C$DW$TU$203
   11355              
   11356              
   11357              $C$DW$TU$19     .dwtag  DW_TAG_type_unit
   11358                      .dwmtype  $C$DW$T$19
   11359              $C$DW$T$19      .dwtag  DW_TAG_typedef
   11360                      .dwattr $C$DW$T$19, DW_AT_name("float32_t")
   11361                      .dwattr $C$DW$T$19, DW_AT_type(*$C$DW$T$16)
   11362                      .dwattr $C$DW$T$19, DW_AT_decl_file("C:\ti\C2000Ware_MotorControl_SDK_5_04_00_00\c2000ware\driverlib\
   11363                      .dwattr $C$DW$T$19, DW_AT_decl_line(0x64)
   11364                      .dwattr $C$DW$T$19, DW_AT_decl_column(0x17)
   11365              
   11366                      .dwendtag $C$DW$TU$19
   11367              
   11368              
   11369              $C$DW$TU$43     .dwtag  DW_TAG_type_unit
   11370                      .dwmtype  $C$DW$T$43
   11371              $C$DW$T$43      .dwtag  DW_TAG_pointer_type
   11372                      .dwattr $C$DW$T$43, DW_AT_type(*$C$DW$T$19)
   11373                      .dwattr $C$DW$T$43, DW_AT_address_class(0x20)
   11374              
   11375                      .dwendtag $C$DW$TU$43
   11376              
   11377              
   11378              $C$DW$TU$207    .dwtag  DW_TAG_type_unit
TMS320C2000 Assembler PC v22.6.2 Mon Jan 26 16:23:05 2026

Copyright (c) 1996-2018 Texas Instruments Incorporated
dual_axis_servo_drive_cpu.asm                                        PAGE  222

   11379                      .dwmtype  $C$DW$T$207
   11380              
   11381              $C$DW$T$207     .dwtag  DW_TAG_array_type
   11382                      .dwattr $C$DW$T$207, DW_AT_type(*$C$DW$T$19)
   11383                      .dwattr $C$DW$T$207, DW_AT_byte_size(0x10)
   11384              $C$DW$712       .dwtag  DW_TAG_subrange_type
   11385                      .dwattr $C$DW$712, DW_AT_upper_bound(0x07)
   11386              
   11387                      .dwendtag $C$DW$T$207
   11388              
   11389                      .dwendtag $C$DW$TU$207
   11390              
   11391              
   11392              $C$DW$TU$17     .dwtag  DW_TAG_type_unit
   11393                      .dwmtype  $C$DW$T$17
   11394              $C$DW$T$17      .dwtag  DW_TAG_base_type
   11395                      .dwattr $C$DW$T$17, DW_AT_encoding(DW_ATE_float)
   11396                      .dwattr $C$DW$T$17, DW_AT_name("double")
   11397                      .dwattr $C$DW$T$17, DW_AT_byte_size(0x04)
   11398              
   11399                      .dwendtag $C$DW$TU$17
   11400              
   11401              
   11402              $C$DW$TU$80     .dwtag  DW_TAG_type_unit
   11403                      .dwmtype  $C$DW$T$80
   11404              
   11405              $C$DW$T$80      .dwtag  DW_TAG_array_type
   11406                      .dwattr $C$DW$T$80, DW_AT_type(*$C$DW$T$17)
   11407                      .dwattr $C$DW$T$80, DW_AT_byte_size(0x08)
   11408              $C$DW$713       .dwtag  DW_TAG_subrange_type
   11409                      .dwattr $C$DW$713, DW_AT_upper_bound(0x01)
   11410              
   11411                      .dwendtag $C$DW$T$80
   11412              
   11413                      .dwendtag $C$DW$TU$80
   11414              
   11415              
   11416              $C$DW$TU$208    .dwtag  DW_TAG_type_unit
   11417                      .dwmtype  $C$DW$T$208
   11418              $C$DW$T$208     .dwtag  DW_TAG_pointer_type
   11419                      .dwattr $C$DW$T$208, DW_AT_type(*$C$DW$T$17)
   11420                      .dwattr $C$DW$T$208, DW_AT_address_class(0x20)
   11421              
   11422                      .dwendtag $C$DW$TU$208
   11423              
   11424              
   11425              $C$DW$TU$209    .dwtag  DW_TAG_type_unit
   11426                      .dwmtype  $C$DW$T$209
   11427              $C$DW$714       .dwtag  DW_TAG_TI_far_type
   11428                      .dwattr $C$DW$714, DW_AT_type(*$C$DW$T$208)
   11429              
   11430              $C$DW$T$209     .dwtag  DW_TAG_const_type
   11431                      .dwattr $C$DW$T$209, DW_AT_type(*$C$DW$714)
   11432              
   11433                      .dwendtag $C$DW$TU$209
TMS320C2000 Assembler PC v22.6.2 Mon Jan 26 16:23:05 2026

Copyright (c) 1996-2018 Texas Instruments Incorporated
dual_axis_servo_drive_cpu.asm                                        PAGE  223

   11434              
   11435              
   11436              $C$DW$TU$18     .dwtag  DW_TAG_type_unit
   11437                      .dwmtype  $C$DW$T$18
   11438              $C$DW$T$18      .dwtag  DW_TAG_base_type
   11439                      .dwattr $C$DW$T$18, DW_AT_encoding(DW_ATE_float)
   11440                      .dwattr $C$DW$T$18, DW_AT_name("long double")
   11441                      .dwattr $C$DW$T$18, DW_AT_byte_size(0x04)
   11442              
   11443                      .dwendtag $C$DW$TU$18
   11444              
   11445              
   11446              $C$DW$TU$84     .dwtag  DW_TAG_type_unit
   11447                      .dwmtype  $C$DW$T$84
   11448              
   11449              $C$DW$T$84      .dwtag  DW_TAG_array_type
   11450                      .dwattr $C$DW$T$84, DW_AT_type(*$C$DW$T$18)
   11451                      .dwattr $C$DW$T$84, DW_AT_byte_size(0x08)
   11452              $C$DW$715       .dwtag  DW_TAG_subrange_type
   11453                      .dwattr $C$DW$715, DW_AT_upper_bound(0x01)
   11454              
   11455                      .dwendtag $C$DW$T$84
   11456              
   11457                      .dwendtag $C$DW$TU$84
   11458              
   11459              
   11460              $C$DW$TU$211    .dwtag  DW_TAG_type_unit
   11461                      .dwmtype  $C$DW$T$211
   11462              $C$DW$T$211     .dwtag  DW_TAG_pointer_type
   11463                      .dwattr $C$DW$T$211, DW_AT_type(*$C$DW$T$18)
   11464                      .dwattr $C$DW$T$211, DW_AT_address_class(0x20)
   11465              
   11466                      .dwendtag $C$DW$TU$211
   11467              
   11468              
   11469              $C$DW$TU$212    .dwtag  DW_TAG_type_unit
   11470                      .dwmtype  $C$DW$T$212
   11471              $C$DW$716       .dwtag  DW_TAG_TI_far_type
   11472                      .dwattr $C$DW$716, DW_AT_type(*$C$DW$T$211)
   11473              
   11474              $C$DW$T$212     .dwtag  DW_TAG_const_type
   11475                      .dwattr $C$DW$T$212, DW_AT_type(*$C$DW$716)
   11476              
   11477                      .dwendtag $C$DW$TU$212
   11478              
   11479              
   11480              $C$DW$TU$90     .dwtag  DW_TAG_type_unit
   11481                      .dwmtype  $C$DW$T$90
   11482              $C$DW$T$90      .dwtag  DW_TAG_base_type
   11483                      .dwattr $C$DW$T$90, DW_AT_encoding(DW_ATE_unsigned_char)
   11484                      .dwattr $C$DW$T$90, DW_AT_name("unsigned char")
   11485                      .dwattr $C$DW$T$90, DW_AT_byte_size(0x01)
   11486              
   11487                      .dwendtag $C$DW$TU$90
   11488              
TMS320C2000 Assembler PC v22.6.2 Mon Jan 26 16:23:05 2026

Copyright (c) 1996-2018 Texas Instruments Incorporated
dual_axis_servo_drive_cpu.asm                                        PAGE  224


No Assembly Errors, No Assembly Warnings
