TMS320C2000 Assembler PC v22.6.2 Fri Jan  2 15:35:19 2026

Copyright (c) 1996-2018 Texas Instruments Incorporated
dual_axis_servo_drive_user_cpu.asm                                   PAGE    1

       1              ;***************************************************************
       2              ;* TMS320C2000 G3 C/C++ Codegen                               PC v22.6.2.LTS *
       3              ;* Date/Time created: Fri Jan  2 15:35:19 2026                 *
       4              ;***************************************************************
       5                      .compiler_opts --abi=eabi --diag_wrap=off --float_support=fpu32 --hll_source=on --idiv_support=idiv0 
       6                      .asg    XAR2, FP
       7              
       8              $C$DW$CU        .dwtag  DW_TAG_compile_unit
       9                      .dwattr $C$DW$CU, DW_AT_name("../sources/dual_axis_servo_drive_user_cpu.c")
      10                      .dwattr $C$DW$CU, DW_AT_producer("TI TMS320C2000 G3 C/C++ Codegen PC v22.6.2.LTS Copyright (c) 1996-2
      11                      .dwattr $C$DW$CU, DW_AT_TI_version(0x01)
      12                      .dwattr $C$DW$CU, DW_AT_comp_dir("C:\Users\Teddy\Documents\GitHub\2512_TI_DSP_BLDC_MotorControlSDK\1.
      13              
      14              $C$DW$1 .dwtag  DW_TAG_subprogram
      15                      .dwattr $C$DW$1, DW_AT_name("FCL_initADC_2In")
      16                      .dwattr $C$DW$1, DW_AT_linkage_name("FCL_initADC_2In")
      17                      .dwattr $C$DW$1, DW_AT_declaration
      18                      .dwattr $C$DW$1, DW_AT_external
      19                      .dwattr $C$DW$1, DW_AT_decl_file("..\sources\fcl_foc_cpu_dm.h")
      20                      .dwattr $C$DW$1, DW_AT_decl_line(0x123)
      21                      .dwattr $C$DW$1, DW_AT_decl_column(0x0d)
      22              $C$DW$2 .dwtag  DW_TAG_formal_parameter
      23                      .dwattr $C$DW$2, DW_AT_type(*$C$DW$T$138)
      24              
      25              $C$DW$3 .dwtag  DW_TAG_formal_parameter
      26                      .dwattr $C$DW$3, DW_AT_type(*$C$DW$T$24)
      27              
      28              $C$DW$4 .dwtag  DW_TAG_formal_parameter
      29                      .dwattr $C$DW$4, DW_AT_type(*$C$DW$T$146)
      30              
      31              $C$DW$5 .dwtag  DW_TAG_formal_parameter
      32                      .dwattr $C$DW$5, DW_AT_type(*$C$DW$T$107)
      33              
      34              $C$DW$6 .dwtag  DW_TAG_formal_parameter
      35                      .dwattr $C$DW$6, DW_AT_type(*$C$DW$T$146)
      36              
      37              $C$DW$7 .dwtag  DW_TAG_formal_parameter
      38                      .dwattr $C$DW$7, DW_AT_type(*$C$DW$T$107)
      39              
      40                      .dwendtag $C$DW$1
      41              
      42              
      43              $C$DW$8 .dwtag  DW_TAG_subprogram
      44                      .dwattr $C$DW$8, DW_AT_name("FCL_initPWM")
      45                      .dwattr $C$DW$8, DW_AT_linkage_name("FCL_initPWM")
      46                      .dwattr $C$DW$8, DW_AT_declaration
      47                      .dwattr $C$DW$8, DW_AT_external
      48                      .dwattr $C$DW$8, DW_AT_decl_file("..\sources\fcl_foc_cpu_dm.h")
      49                      .dwattr $C$DW$8, DW_AT_decl_line(0x11c)
      50                      .dwattr $C$DW$8, DW_AT_decl_column(0x0d)
      51              $C$DW$9 .dwtag  DW_TAG_formal_parameter
      52                      .dwattr $C$DW$9, DW_AT_type(*$C$DW$T$138)
      53              
      54              $C$DW$10        .dwtag  DW_TAG_formal_parameter
      55                      .dwattr $C$DW$10, DW_AT_type(*$C$DW$T$146)
TMS320C2000 Assembler PC v22.6.2 Fri Jan  2 15:35:19 2026

Copyright (c) 1996-2018 Texas Instruments Incorporated
dual_axis_servo_drive_user_cpu.asm                                   PAGE    2

      56              
      57              $C$DW$11        .dwtag  DW_TAG_formal_parameter
      58                      .dwattr $C$DW$11, DW_AT_type(*$C$DW$T$146)
      59              
      60              $C$DW$12        .dwtag  DW_TAG_formal_parameter
      61                      .dwattr $C$DW$12, DW_AT_type(*$C$DW$T$146)
      62              
      63                      .dwendtag $C$DW$8
      64              
      65              
      66              $C$DW$13        .dwtag  DW_TAG_subprogram
      67                      .dwattr $C$DW$13, DW_AT_name("FCL_initQEP")
      68                      .dwattr $C$DW$13, DW_AT_linkage_name("FCL_initQEP")
      69                      .dwattr $C$DW$13, DW_AT_declaration
      70                      .dwattr $C$DW$13, DW_AT_external
      71                      .dwattr $C$DW$13, DW_AT_decl_file("..\sources\fcl_foc_cpu_dm.h")
      72                      .dwattr $C$DW$13, DW_AT_decl_line(0x121)
      73                      .dwattr $C$DW$13, DW_AT_decl_column(0x0d)
      74              $C$DW$14        .dwtag  DW_TAG_formal_parameter
      75                      .dwattr $C$DW$14, DW_AT_type(*$C$DW$T$138)
      76              
      77              $C$DW$15        .dwtag  DW_TAG_formal_parameter
      78                      .dwattr $C$DW$15, DW_AT_type(*$C$DW$T$146)
      79              
      80                      .dwendtag $C$DW$13
      81              
      82                      .global ||offsetCalCounter||
      83 00000000               .data
      84                      .align  1
      85                      .elfsym ||offsetCalCounter||,SYM_SIZE(1),SYM_BLOCKED(1)
      86 00000000       ||offsetCalCounter||:
      87 00000000 0000          .bits           0,16
      88                                      ; offsetCalCounter @ 0
      89              
      90              $C$DW$16        .dwtag  DW_TAG_variable
      91                      .dwattr $C$DW$16, DW_AT_name("offsetCalCounter")
      92                      .dwattr $C$DW$16, DW_AT_linkage_name("offsetCalCounter")
      93                      .dwattr $C$DW$16, DW_AT_location[DW_OP_addr ||offsetCalCounter||]
      94                      .dwattr $C$DW$16, DW_AT_type(*$C$DW$T$30)
      95                      .dwattr $C$DW$16, DW_AT_external
      96                      .dwattr $C$DW$16, DW_AT_decl_file("../sources/dual_axis_servo_drive_user_cpu.c")
      97                      .dwattr $C$DW$16, DW_AT_decl_line(0x3b)
      98                      .dwattr $C$DW$16, DW_AT_decl_column(0x0a)
      99              
     100                      .global ||K1||
     101 00000001               .data
     102                      .align  2
     103                      .elfsym ||K1||,SYM_SIZE(2),SYM_BLOCKED(1)
     104 00000002       ||K1||:
     105 00000002 7CEE          .xfloat $strtod("0x1.fef9dcp-1")                ; K1 @ 0
         00000003 3F7F 
     106              
     107              $C$DW$17        .dwtag  DW_TAG_variable
     108                      .dwattr $C$DW$17, DW_AT_name("K1")
     109                      .dwattr $C$DW$17, DW_AT_linkage_name("K1")
TMS320C2000 Assembler PC v22.6.2 Fri Jan  2 15:35:19 2026

Copyright (c) 1996-2018 Texas Instruments Incorporated
dual_axis_servo_drive_user_cpu.asm                                   PAGE    3

     110                      .dwattr $C$DW$17, DW_AT_location[DW_OP_addr ||K1||]
     111                      .dwattr $C$DW$17, DW_AT_type(*$C$DW$T$21)
     112                      .dwattr $C$DW$17, DW_AT_external
     113                      .dwattr $C$DW$17, DW_AT_decl_file("../sources/dual_axis_servo_drive_user_cpu.c")
     114                      .dwattr $C$DW$17, DW_AT_decl_line(0x38)
     115                      .dwattr $C$DW$17, DW_AT_decl_column(0x0b)
     116              
     117                      .global ||K2||
     118 00000004               .data
     119                      .align  2
     120                      .elfsym ||K2||,SYM_SIZE(2),SYM_BLOCKED(1)
     121 00000004       ||K2||:
     122 00000004 01A8          .xfloat $strtod("0x1.06035p-9")         ; K2 @ 0
         00000005 3B03 
     123              
     124              $C$DW$18        .dwtag  DW_TAG_variable
     125                      .dwattr $C$DW$18, DW_AT_name("K2")
     126                      .dwattr $C$DW$18, DW_AT_linkage_name("K2")
     127                      .dwattr $C$DW$18, DW_AT_location[DW_OP_addr ||K2||]
     128                      .dwattr $C$DW$18, DW_AT_type(*$C$DW$T$21)
     129                      .dwattr $C$DW$18, DW_AT_external
     130                      .dwattr $C$DW$18, DW_AT_decl_file("../sources/dual_axis_servo_drive_user_cpu.c")
     131                      .dwattr $C$DW$18, DW_AT_decl_line(0x39)
     132                      .dwattr $C$DW$18, DW_AT_decl_column(0x0b)
     133              
     134              $C$DW$19        .dwtag  DW_TAG_variable
     135                      .dwattr $C$DW$19, DW_AT_name("motorVars")
     136                      .dwattr $C$DW$19, DW_AT_linkage_name("motorVars")
     137                      .dwattr $C$DW$19, DW_AT_type(*$C$DW$T$140)
     138                      .dwattr $C$DW$19, DW_AT_declaration
     139                      .dwattr $C$DW$19, DW_AT_external
     140                      .dwattr $C$DW$19, DW_AT_decl_file("..\sources\fcl_foc_cpu_dm.h")
     141                      .dwattr $C$DW$19, DW_AT_decl_line(0x113)
     142                      .dwattr $C$DW$19, DW_AT_decl_column(0x15)
     143              
     144                      .sblock ".data"
     145              ;       C:\ti\ccs2031\ccs\tools\compiler\ti-cgt-c2000_22.6.2.LTS\bin\opt2000.exe C:\\Users\\Teddy\\AppData\\L
     146              ;       C:\ti\ccs2031\ccs\tools\compiler\ti-cgt-c2000_22.6.2.LTS\bin\acia2000.exe -@C:\\Users\\Teddy\\AppData
     147 00000000               .sect   ".text:runOffsetsCalculation"
     148                      .clink
     149                      .global ||runOffsetsCalculation||
     150              
     151              $C$DW$20        .dwtag  DW_TAG_subprogram
     152                      .dwattr $C$DW$20, DW_AT_name("runOffsetsCalculation")
     153                      .dwattr $C$DW$20, DW_AT_low_pc(||runOffsetsCalculation||)
     154                      .dwattr $C$DW$20, DW_AT_high_pc(0x00)
     155                      .dwattr $C$DW$20, DW_AT_linkage_name("runOffsetsCalculation")
     156                      .dwattr $C$DW$20, DW_AT_external
     157                      .dwattr $C$DW$20, DW_AT_decl_file("../sources/dual_axis_servo_drive_user_cpu.c")
     158                      .dwattr $C$DW$20, DW_AT_decl_line(0x1a5)
     159                      .dwattr $C$DW$20, DW_AT_decl_column(0x06)
     160                      .dwattr $C$DW$20, DW_AT_TI_max_frame_size(-6)
     161                      .dwpsn  file "../sources/dual_axis_servo_drive_user_cpu.c",line 422,column 1,is_stmt,address ||runOff
     162              
     163                      .dwfde $C$DW$CIE, ||runOffsetsCalculation||
TMS320C2000 Assembler PC v22.6.2 Fri Jan  2 15:35:19 2026

Copyright (c) 1996-2018 Texas Instruments Incorporated
dual_axis_servo_drive_user_cpu.asm                                   PAGE    4

     164              $C$DW$21        .dwtag  DW_TAG_formal_parameter
     165                      .dwattr $C$DW$21, DW_AT_name("pMotor")
     166                      .dwattr $C$DW$21, DW_AT_type(*$C$DW$T$138)
     167                      .dwattr $C$DW$21, DW_AT_location[DW_OP_reg12]
     168              
     169              
     170              ;***************************************************************
     171              ;* FNAME: runOffsetsCalculation         FR SIZE:   4           *
     172              ;*                                                             *
     173              ;* FUNCTION ENVIRONMENT                                        *
     174              ;*                                                             *
     175              ;* FUNCTION PROPERTIES                                         *
     176              ;*                            0 Parameter,  0 Auto,  4 SOE     *
     177              ;***************************************************************
     178              
     179              ||runOffsetsCalculation||:
     180              ;* AL    assigned to $O$C11
     181              ;* AR5   assigned to $O$U14
     182              ;* AR5   assigned to $O$U14
     183              ;* R1    assigned to $O$v2
     184              ;* R1    assigned to $O$v2
     185              ;* R0    assigned to $O$v1
     186              ;* R0    assigned to $O$v1
     187              ;* AL    assigned to $O$R2
     188              ;* AL    assigned to $O$R3
     189              ;* AL    assigned to $O$R4
     190              ;* AL    assigned to $O$R7
     191              ;* AL    assigned to $O$R8
     192              ;* AL    assigned to $O$R9
     193              ;* AR4   assigned to pMotor
     194              $C$DW$22        .dwtag  DW_TAG_variable
     195                      .dwattr $C$DW$22, DW_AT_name("pMotor")
     196                      .dwattr $C$DW$22, DW_AT_type(*$C$DW$T$139)
     197                      .dwattr $C$DW$22, DW_AT_location[DW_OP_reg12]
     198              
     199              ;* R0    assigned to vdc
     200              $C$DW$23        .dwtag  DW_TAG_variable
     201                      .dwattr $C$DW$23, DW_AT_name("vdc")
     202                      .dwattr $C$DW$23, DW_AT_type(*$C$DW$T$21)
     203                      .dwattr $C$DW$23, DW_AT_location[DW_OP_regx 0x2b]
     204              
     205              ;* R0    assigned to vdc
     206              $C$DW$24        .dwtag  DW_TAG_variable
     207                      .dwattr $C$DW$24, DW_AT_name("vdc")
     208                      .dwattr $C$DW$24, DW_AT_type(*$C$DW$T$21)
     209                      .dwattr $C$DW$24, DW_AT_location[DW_OP_regx 0x2b]
     210              
     211                      .dwcfi  cfa_offset, -2
     212                      .dwcfi  save_reg_to_mem, 26, 0
     213 00000000 B2BD          MOVL      *SP++,XAR1            ; [CPU_ALU] 
     214                      .dwcfi  save_reg_to_mem, 7, 2
     215                      .dwcfi  cfa_offset, -4
     216                      .dwpsn  file "../sources/dual_axis_servo_drive_user_cpu.c",line 424,column 5,is_stmt,isa 0
     217 00000001 D032          MOVB      XAR0,#50              ; [CPU_ALU] |424| 
     218 00000002 E590          ZERO      R0H                   ; [CPU_FPU] |424| 
TMS320C2000 Assembler PC v22.6.2 Fri Jan  2 15:35:19 2026

Copyright (c) 1996-2018 Texas Instruments Incorporated
dual_axis_servo_drive_user_cpu.asm                                   PAGE    5

     219                      .dwpsn  file "../sources/dual_axis_servo_drive_user_cpu.c",line 425,column 5,is_stmt,isa 0
     220 00000003 E591          ZERO      R1H                   ; [CPU_FPU] |425| 
     221 00000004 D134          MOVB      XAR1,#52              ; [CPU_ALU] |425| 
     222 00000005 E203          MOV32     *SP++,R4H             ; [CPU_FPU] 
         00000006 04BD 
     223                      .dwcfi  save_reg_to_mem, 59, 4
     224                      .dwcfi  cfa_offset, -6
     225                      .dwpsn  file "../sources/dual_axis_servo_drive_user_cpu.c",line 424,column 5,is_stmt,isa 0
     226 00000007 E203          MOV32     *+XAR4[AR0],R0H       ; [CPU_FPU] |424| 
         00000008 0094 
     227                      .dwpsn  file "../sources/dual_axis_servo_drive_user_cpu.c",line 428,column 5,is_stmt,isa 0
     228 00000009 8D00          MOVL      XAR0,#450             ; [CPU_ALU] |428| 
         0000000a 01C2 
     229                      .dwpsn  file "../sources/dual_axis_servo_drive_user_cpu.c",line 425,column 5,is_stmt,isa 0
     230 0000000b E203          MOV32     *+XAR4[AR1],R1H       ; [CPU_FPU] |425| 
         0000000c 019C 
     231                      .dwpsn  file "../sources/dual_axis_servo_drive_user_cpu.c",line 428,column 5,is_stmt,isa 0
     232 0000000d 9294          MOV       AL,*+XAR4[AR0]        ; [CPU_ALU] |428| 
     233                      .dwpsn  file "../sources/dual_axis_servo_drive_user_cpu.c",line 426,column 5,is_stmt,isa 0
     234 0000000e D036          MOVB      XAR0,#54              ; [CPU_ALU] |426| 
     235 0000000f E203          MOV32     *+XAR4[AR0],R0H       ; [CPU_FPU] |426| 
         00000010 0094 
     236                      .dwpsn  file "../sources/dual_axis_servo_drive_user_cpu.c",line 428,column 5,is_stmt,isa 0
     237 00000011 FFE1          B         ||$C$L4||,EQ          ; [CPU_ALU] |428| 
         00000012 00A1 
     238                      ; branchcc occurs ; [] |428| 
     239                      .dwpsn  file "../sources/dual_axis_servo_drive_user_cpu.c",line 469,column 10,is_stmt,isa 0
     240 00000013 5201          CMPB      AL,#1                 ; [CPU_ALU] |469| 
     241 00000014 FFE0          B         ||$C$L8||,NEQ         ; [CPU_ALU] |469| 
         00000015 0138 
     242                      ; branchcc occurs ; [] |469| 
     243 00000016 8D00          MOVL      XAR0,#416             ; [CPU_ALU] 
         00000017 01A0 
     244 00000018 8394          MOVL      XAR5,*+XAR4[AR0]      ; [CPU_ALU] 
     245 00000019 761F!         MOVW      DP,#||offsetCalCounter|| ; [CPU_ARAU] 
         0000001a 0000 
     246                      .dwpsn  file "../sources/dual_axis_servo_drive_user_cpu.c",line 471,column 13,is_stmt,isa 0
     247 0000001b 2B00!         MOV       @||offsetCalCounter||,#0 ; [CPU_ALU] |471| 
     248 0000001c       ||$C$L1||:    
     249                      .dwpsn  file "C:/ti/C2000Ware_MotorControl_SDK_5_04_00_00/c2000ware/driverlib/f28002x/driverlib/epwm.
     250 0000001c A0A9          MOVL      ACC,XAR5              ; [CPU_ALU] |5070| 
     251 0000001d 09AA          ADDB      ACC,#170              ; [CPU_ALU] |5070| 
     252 0000001e 1EA6          MOVL      XAR6,ACC              ; [CPU_ALU] |5070| 
     253 0000001f 1AC6          OR        *+XAR6[0],#0x0001     ; [CPU_ALU] |5070| 
         00000020 0001 
     254 00000021       ||$C$L2||:    
     255                      .dwpsn  file "C:/ti/C2000Ware_MotorControl_SDK_5_04_00_00/c2000ware/driverlib/f28002x/driverlib/epwm.
     256 00000021 D0A8          MOVB      XAR0,#168             ; [CPU_ALU] |5045| 
     257 00000022 4095          TBIT      *+XAR5[AR0],#0        ; [CPU_ALU] |5045| 
     258 00000023 6CFE          B         ||$C$L2||,NTC         ; [CPU_ALU] |5045| 
     259                      ; branchcc occurs ; [] |5045| 
     260 00000024 761F!         MOVW      DP,#||offsetCalCounter|| ; [CPU_ARAU] 
         00000025 0000 
     261                      .dwpsn  file "../sources/dual_axis_servo_drive_user_cpu.c",line 477,column 13,is_stmt,isa 0
     262 00000026 1B00!         CMP       @||offsetCalCounter||,#1000 ; [CPU_ALU] |477| 
TMS320C2000 Assembler PC v22.6.2 Fri Jan  2 15:35:19 2026

Copyright (c) 1996-2018 Texas Instruments Incorporated
dual_axis_servo_drive_user_cpu.asm                                   PAGE    6

         00000027 03E8 
     263 00000028 694B          B         ||$C$L3||,LOS         ; [CPU_ALU] |477| 
     264                      ; branchcc occurs ; [] |477| 
     265                      .dwpsn  file "C:/ti/C2000Ware_MotorControl_SDK_5_04_00_00/c2000ware/driverlib/f28002x/driverlib/adc.h
     266 00000029 F5A9          MOV       AL,*(0:0x0b41)        ; [CPU_ALU] |918| 
         0000002a 0B41 
     267                      .dwpsn  file "../sources/dual_axis_servo_drive_user_cpu.c",line 480,column 17,is_stmt,isa 0
     268 0000002b 0EA9          MOVU      ACC,AL                ; [CPU_ALU] |480| 
     269 0000002c BDA9          MOV32     R3H,ACC               ; [CPU_FPU] |480| 
         0000002d 0F1E 
     270 0000002e 7700          NOP       ; [CPU_ALU] 
     271 0000002f D032          MOVB      XAR0,#50              ; [CPU_ALU] |480| 
     272 00000030 E2AF!         MOV32     R1H,@||K2||           ; [CPU_FPU] |480| 
         00000031 0100 
     273 00000032 D142          MOVB      XAR1,#66              ; [CPU_ALU] |480| 
     274 00000033 E68B          UI32TOF32 R3H,R3H               ; [CPU_FPU] |480| 
         00000034 001B 
     275 00000035 E2AF!         MOV32     R0H,@||K1||           ; [CPU_FPU] |480| 
         00000036 0000 
     276              
     277 00000037 E306          MPYF32    R3H,R1H,R3H           ; [CPU_FPU] |480| 
         00000038 5A94 
     278              ||      MOV32     R2H,*+XAR4[AR0]       ; [CPU_FPU] |480| 
     279              
     280 00000039 E304          MPYF32    R2H,R0H,R2H           ; [CPU_FPU] |480| 
         0000003a 149C 
     281              ||      MOV32     R4H,*+XAR4[AR1]       ; [CPU_FPU] |480| 
     282              
     283 0000003b E700          MPYF32    R3H,R4H,R3H           ; [CPU_FPU] |480| 
         0000003c 00E3 
     284 0000003d 7700          NOP       ; [CPU_ALU] 
     285 0000003e E710          ADDF32    R2H,R2H,R3H           ; [CPU_FPU] |480| 
         0000003f 00D2 
     286 00000040 D032          MOVB      XAR0,#50              ; [CPU_ALU] |480| 
     287 00000041 E203          MOV32     *+XAR4[AR0],R2H       ; [CPU_FPU] |480| 
         00000042 0294 
     288                      .dwpsn  file "C:/ti/C2000Ware_MotorControl_SDK_5_04_00_00/c2000ware/driverlib/f28002x/driverlib/adc.h
     289 00000043 F5A9          MOV       AL,*(0:0x0b40)        ; [CPU_ALU] |918| 
         00000044 0B40 
     290                      .dwpsn  file "../sources/dual_axis_servo_drive_user_cpu.c",line 483,column 17,is_stmt,isa 0
     291 00000045 0EA9          MOVU      ACC,AL                ; [CPU_ALU] |483| 
     292 00000046 BDA9          MOV32     R3H,ACC               ; [CPU_FPU] |483| 
         00000047 0F1E 
     293 00000048 7700          NOP       ; [CPU_ALU] 
     294 00000049 7700          NOP       ; [CPU_ALU] 
     295 0000004a 7700          NOP       ; [CPU_ALU] 
     296 0000004b D142          MOVB      XAR1,#66              ; [CPU_ALU] |483| 
     297 0000004c E68B          UI32TOF32 R3H,R3H               ; [CPU_FPU] |483| 
         0000004d 001B 
     298 0000004e D034          MOVB      XAR0,#52              ; [CPU_ALU] |483| 
     299              
     300 0000004f E306          MPYF32    R3H,R1H,R3H           ; [CPU_FPU] |483| 
         00000050 5A94 
     301              ||      MOV32     R2H,*+XAR4[AR0]       ; [CPU_FPU] |483| 
     302              
TMS320C2000 Assembler PC v22.6.2 Fri Jan  2 15:35:19 2026

Copyright (c) 1996-2018 Texas Instruments Incorporated
dual_axis_servo_drive_user_cpu.asm                                   PAGE    7

     303 00000051 E304          MPYF32    R2H,R0H,R2H           ; [CPU_FPU] |483| 
         00000052 149C 
     304              ||      MOV32     R4H,*+XAR4[AR1]       ; [CPU_FPU] |483| 
     305              
     306 00000053 E700          MPYF32    R3H,R4H,R3H           ; [CPU_FPU] |483| 
         00000054 00E3 
     307 00000055 7700          NOP       ; [CPU_ALU] 
     308 00000056 E710          ADDF32    R2H,R2H,R3H           ; [CPU_FPU] |483| 
         00000057 00D2 
     309 00000058 D034          MOVB      XAR0,#52              ; [CPU_ALU] |483| 
     310 00000059 E203          MOV32     *+XAR4[AR0],R2H       ; [CPU_FPU] |483| 
         0000005a 0294 
     311                      .dwpsn  file "C:/ti/C2000Ware_MotorControl_SDK_5_04_00_00/c2000ware/driverlib/f28002x/driverlib/adc.h
     312 0000005b F5A9          MOV       AL,*(0:0x0b00)        ; [CPU_ALU] |918| 
         0000005c 0B00 
     313                      .dwpsn  file "../sources/dual_axis_servo_drive_user_cpu.c",line 486,column 17,is_stmt,isa 0
     314 0000005d 0EA9          MOVU      ACC,AL                ; [CPU_ALU] |486| 
     315 0000005e BDA9          MOV32     R3H,ACC               ; [CPU_FPU] |486| 
         0000005f 0F1E 
     316 00000060 7700          NOP       ; [CPU_ALU] 
     317 00000061 7700          NOP       ; [CPU_ALU] 
     318 00000062 7700          NOP       ; [CPU_ALU] 
     319 00000063 D142          MOVB      XAR1,#66              ; [CPU_ALU] |486| 
     320 00000064 E68B          UI32TOF32 R3H,R3H               ; [CPU_FPU] |486| 
         00000065 001B 
     321 00000066 D036          MOVB      XAR0,#54              ; [CPU_ALU] |486| 
     322              
     323 00000067 E306          MPYF32    R1H,R1H,R3H           ; [CPU_FPU] |486| 
         00000068 4A94 
     324              ||      MOV32     R2H,*+XAR4[AR0]       ; [CPU_FPU] |486| 
     325              
     326                      MOV32     R3H,*+XAR4[AR1]       ; [CPU_FPU] |486| 
     327 00000069 E304  ||      MPYF32    R0H,R0H,R2H           ; [CPU_FPU] |486| 
         0000006a 039C 
     328              
     329 0000006b E700          MPYF32    R1H,R3H,R1H           ; [CPU_FPU] |486| 
         0000006c 0059 
     330 0000006d 7700          NOP       ; [CPU_ALU] 
     331 0000006e E710          ADDF32    R0H,R0H,R1H           ; [CPU_FPU] |486| 
         0000006f 0040 
     332 00000070 D036          MOVB      XAR0,#54              ; [CPU_ALU] |486| 
     333 00000071 E203          MOV32     *+XAR4[AR0],R0H       ; [CPU_FPU] |486| 
         00000072 0094 
     334 00000073       ||$C$L3||:    
     335                      .dwpsn  file "../sources/dual_axis_servo_drive_user_cpu.c",line 471,column 61,is_stmt,isa 0
     336 00000073 0A00!         INC       @||offsetCalCounter|| ; [CPU_ALU] |471| 
     337 00000074 1B00!         CMP       @||offsetCalCounter||,#10000 ; [CPU_ALU] |471| 
         00000075 2710 
     338 00000076 68A6          B         ||$C$L1||,LO          ; [CPU_ALU] |471| 
     339                      ; branchcc occurs ; [] |471| 
     340                      .dwpsn  file "C:/ti/C2000Ware_MotorControl_SDK_5_04_00_00/c2000ware/driverlib/f28002x/driverlib/adc.h
     341 00000077 D032          MOVB      XAR0,#50              ; [CPU_ALU] |1613| 
     342 00000078 E2AF          MOV32     R0H,*+XAR4[AR0]       ; [CPU_FPU] |1613| 
         00000079 0094 
     343                      .dwpsn  file "..\sources\dual_axis_servo_drive_cpu.h",line 304,column 5,is_stmt,isa 0
TMS320C2000 Assembler PC v22.6.2 Fri Jan  2 15:35:19 2026

Copyright (c) 1996-2018 Texas Instruments Incorporated
dual_axis_servo_drive_user_cpu.asm                                   PAGE    8

     344 0000007a 8D00          MOVL      XAR0,#404             ; [CPU_ALU] |304| 
         0000007b 0194 
     345 0000007c 8394          MOVL      XAR5,*+XAR4[AR0]      ; [CPU_ALU] |304| 
     346                      .dwpsn  file "C:/ti/C2000Ware_MotorControl_SDK_5_04_00_00/c2000ware/driverlib/f28002x/driverlib/adc.h
     347 0000007d E851          MPYF32    R0H,R0H,#17792        ; [CPU_FPU] |1613| 
         0000007e 6000 
     348                      .dwpsn  file "../sources/dual_axis_servo_drive_user_cpu.c",line 494,column 9,is_stmt,isa 0
     349 0000007f 8D40          MOVL      XAR1,#380             ; [CPU_ALU] |494| 
         00000080 017C 
     350                      .dwpsn  file "..\sources\dual_axis_servo_drive_cpu.h",line 304,column 5,is_stmt,isa 0
     351 00000081 D040          MOVB      XAR0,#64              ; [CPU_ALU] |304| 
     352                      .dwpsn  file "C:/ti/C2000Ware_MotorControl_SDK_5_04_00_00/c2000ware/driverlib/f28002x/driverlib/adc.h
     353 00000082 E68E          F32TOUI16 R0H,R0H               ; [CPU_FPU] |1613| 
         00000083 0000 
     354                      .dwpsn  file "..\sources\dual_axis_servo_drive_cpu.h",line 304,column 5,is_stmt,isa 0
     355 00000084 E2AF          MOV32     R4H,*+XAR4[AR0]       ; [CPU_FPU] |304| 
         00000085 0494 
     356 00000086 E2C4          UI16TOF32 R1H,*+XAR5[0]         ; [CPU_FPU] |304| 
         00000087 01C5 
     357                      .dwpsn  file "C:/ti/C2000Ware_MotorControl_SDK_5_04_00_00/c2000ware/driverlib/f28002x/driverlib/adc.h
     358 00000088 BFA9          MOV32     ACC,R0H               ; [CPU_FPU] |1613| 
         00000089 0F12 
     359                      .dwpsn  file "..\sources\dual_axis_servo_drive_cpu.h",line 304,column 5,is_stmt,isa 0
     360 0000008a E700          MPYF32    R0H,R4H,R1H           ; [CPU_FPU] |304| 
         0000008b 0060 
     361                      .dwpsn  file "C:/ti/C2000Ware_MotorControl_SDK_5_04_00_00/c2000ware/driverlib/f28002x/driverlib/adc.h
     362 0000008c D034          MOVB      XAR0,#52              ; [CPU_ALU] |1613| 
     363                      .dwpsn  file "..\sources\dual_axis_servo_drive_cpu.h",line 308,column 9,is_stmt,isa 0
     364 0000008d E821          MAXF32    R0H,#16256            ; [CPU_FPU] |308| 
         0000008e FC00 
     365                      .dwpsn  file "../sources/dual_axis_servo_drive_user_cpu.c",line 494,column 9,is_stmt,isa 0
     366 0000008f E203          MOV32     *+XAR4[AR1],R0H       ; [CPU_FPU] |494| 
         00000090 009C 
     367                      .dwpsn  file "C:/ti/C2000Ware_MotorControl_SDK_5_04_00_00/c2000ware/driverlib/f28002x/driverlib/adc.h
     368 00000091 F4A9          MOV       *(0:0x745b),AL        ; [CPU_ALU] |1613| 
         00000092 745B 
     369 00000093 E2AF          MOV32     R0H,*+XAR4[AR0]       ; [CPU_FPU] |1613| 
         00000094 0094 
     370 00000095 E851          MPYF32    R0H,R0H,#17792        ; [CPU_FPU] |1613| 
         00000096 6000 
     371 00000097 7700          NOP       ; [CPU_ALU] 
     372 00000098 E68E          F32TOUI16 R0H,R0H               ; [CPU_FPU] |1613| 
         00000099 0000 
     373 0000009a 7700          NOP       ; [CPU_ALU] 
     374 0000009b D036          MOVB      XAR0,#54              ; [CPU_ALU] |1613| 
     375 0000009c BFA9          MOV32     ACC,R0H               ; [CPU_FPU] |1613| 
         0000009d 0F12 
     376 0000009e F4A9          MOV       *(0:0x7453),AL        ; [CPU_ALU] |1613| 
         0000009f 7453 
     377 000000a0 E2AF          MOV32     R0H,*+XAR4[AR0]       ; [CPU_FPU] |1613| 
         000000a1 0094 
     378 000000a2 E851          MPYF32    R0H,R0H,#17792        ; [CPU_FPU] |1613| 
         000000a3 6000 
     379 000000a4 7700          NOP       ; [CPU_ALU] 
     380 000000a5 E68E          F32TOUI16 R0H,R0H               ; [CPU_FPU] |1613| 
TMS320C2000 Assembler PC v22.6.2 Fri Jan  2 15:35:19 2026

Copyright (c) 1996-2018 Texas Instruments Incorporated
dual_axis_servo_drive_user_cpu.asm                                   PAGE    9

         000000a6 0000 
     381 000000a7 7700          NOP       ; [CPU_ALU] 
     382 000000a8 7700          NOP       ; [CPU_ALU] 
     383 000000a9 BFA9          MOV32     ACC,R0H               ; [CPU_FPU] |1613| 
         000000aa 0F12 
     384 000000ab 9B00          MOVB      AH,#0                 ; [CPU_ALU] |1613| 
     385 000000ac F4A9          MOV       *(0:0x7553),AL        ; [CPU_ALU] |1613| 
         000000ad 7553 
     386 000000ae F4A8          MOV       *(0:0x755b),AH        ; [CPU_ALU] |1613| 
         000000af 755B 
     387                      .dwpsn  file "../sources/dual_axis_servo_drive_user_cpu.c",line 508,column 9,is_stmt,isa 0
     388 000000b0 FFEF          B         ||$C$L8||,UNC         ; [CPU_ALU] |508| 
         000000b1 009C 
     389                      ; branch occurs ; [] |508| 
     390 000000b2       ||$C$L4||:    
     391 000000b2 8D00          MOVL      XAR0,#416             ; [CPU_ALU] 
         000000b3 01A0 
     392 000000b4 8394          MOVL      XAR5,*+XAR4[AR0]      ; [CPU_ALU] 
     393 000000b5 761F!         MOVW      DP,#||offsetCalCounter|| ; [CPU_ARAU] 
         000000b6 0000 
     394                      .dwpsn  file "../sources/dual_axis_servo_drive_user_cpu.c",line 430,column 13,is_stmt,isa 0
     395 000000b7 2B00!         MOV       @||offsetCalCounter||,#0 ; [CPU_ALU] |430| 
     396 000000b8       ||$C$L5||:    
     397                      .dwpsn  file "C:/ti/C2000Ware_MotorControl_SDK_5_04_00_00/c2000ware/driverlib/f28002x/driverlib/epwm.
     398 000000b8 A0A9          MOVL      ACC,XAR5              ; [CPU_ALU] |5070| 
     399 000000b9 09AA          ADDB      ACC,#170              ; [CPU_ALU] |5070| 
     400 000000ba 1EA6          MOVL      XAR6,ACC              ; [CPU_ALU] |5070| 
     401 000000bb 1AC6          OR        *+XAR6[0],#0x0001     ; [CPU_ALU] |5070| 
         000000bc 0001 
     402 000000bd       ||$C$L6||:    
     403                      .dwpsn  file "C:/ti/C2000Ware_MotorControl_SDK_5_04_00_00/c2000ware/driverlib/f28002x/driverlib/epwm.
     404 000000bd D0A8          MOVB      XAR0,#168             ; [CPU_ALU] |5045| 
     405 000000be 4095          TBIT      *+XAR5[AR0],#0        ; [CPU_ALU] |5045| 
     406 000000bf 6CFE          B         ||$C$L6||,NTC         ; [CPU_ALU] |5045| 
     407                      ; branchcc occurs ; [] |5045| 
     408 000000c0 761F!         MOVW      DP,#||offsetCalCounter|| ; [CPU_ARAU] 
         000000c1 0000 
     409                      .dwpsn  file "../sources/dual_axis_servo_drive_user_cpu.c",line 436,column 13,is_stmt,isa 0
     410 000000c2 1B00!         CMP       @||offsetCalCounter||,#1000 ; [CPU_ALU] |436| 
         000000c3 03E8 
     411 000000c4 694B          B         ||$C$L7||,LOS         ; [CPU_ALU] |436| 
     412                      ; branchcc occurs ; [] |436| 
     413                      .dwpsn  file "C:/ti/C2000Ware_MotorControl_SDK_5_04_00_00/c2000ware/driverlib/f28002x/driverlib/adc.h
     414 000000c5 F5A9          MOV       AL,*(0:0x0b41)        ; [CPU_ALU] |918| 
         000000c6 0B41 
     415                      .dwpsn  file "../sources/dual_axis_servo_drive_user_cpu.c",line 439,column 17,is_stmt,isa 0
     416 000000c7 0EA9          MOVU      ACC,AL                ; [CPU_ALU] |439| 
     417 000000c8 BDA9          MOV32     R3H,ACC               ; [CPU_FPU] |439| 
         000000c9 0F1E 
     418 000000ca 7700          NOP       ; [CPU_ALU] 
     419 000000cb D032          MOVB      XAR0,#50              ; [CPU_ALU] |439| 
     420 000000cc E2AF!         MOV32     R1H,@||K2||           ; [CPU_FPU] |439| 
         000000cd 0100 
     421 000000ce D142          MOVB      XAR1,#66              ; [CPU_ALU] |439| 
     422 000000cf E68B          UI32TOF32 R3H,R3H               ; [CPU_FPU] |439| 
TMS320C2000 Assembler PC v22.6.2 Fri Jan  2 15:35:19 2026

Copyright (c) 1996-2018 Texas Instruments Incorporated
dual_axis_servo_drive_user_cpu.asm                                   PAGE   10

         000000d0 001B 
     423 000000d1 E2AF!         MOV32     R0H,@||K1||           ; [CPU_FPU] |439| 
         000000d2 0000 
     424              
     425 000000d3 E306          MPYF32    R3H,R1H,R3H           ; [CPU_FPU] |439| 
         000000d4 5A94 
     426              ||      MOV32     R2H,*+XAR4[AR0]       ; [CPU_FPU] |439| 
     427              
     428 000000d5 E304          MPYF32    R2H,R0H,R2H           ; [CPU_FPU] |439| 
         000000d6 149C 
     429              ||      MOV32     R4H,*+XAR4[AR1]       ; [CPU_FPU] |439| 
     430              
     431 000000d7 E700          MPYF32    R3H,R4H,R3H           ; [CPU_FPU] |439| 
         000000d8 00E3 
     432 000000d9 7700          NOP       ; [CPU_ALU] 
     433 000000da E710          ADDF32    R2H,R2H,R3H           ; [CPU_FPU] |439| 
         000000db 00D2 
     434 000000dc D032          MOVB      XAR0,#50              ; [CPU_ALU] |439| 
     435 000000dd E203          MOV32     *+XAR4[AR0],R2H       ; [CPU_FPU] |439| 
         000000de 0294 
     436                      .dwpsn  file "C:/ti/C2000Ware_MotorControl_SDK_5_04_00_00/c2000ware/driverlib/f28002x/driverlib/adc.h
     437 000000df F5A9          MOV       AL,*(0:0x0b40)        ; [CPU_ALU] |918| 
         000000e0 0B40 
     438                      .dwpsn  file "../sources/dual_axis_servo_drive_user_cpu.c",line 442,column 17,is_stmt,isa 0
     439 000000e1 0EA9          MOVU      ACC,AL                ; [CPU_ALU] |442| 
     440 000000e2 BDA9          MOV32     R3H,ACC               ; [CPU_FPU] |442| 
         000000e3 0F1E 
     441 000000e4 7700          NOP       ; [CPU_ALU] 
     442 000000e5 7700          NOP       ; [CPU_ALU] 
     443 000000e6 7700          NOP       ; [CPU_ALU] 
     444 000000e7 D142          MOVB      XAR1,#66              ; [CPU_ALU] |442| 
     445 000000e8 E68B          UI32TOF32 R3H,R3H               ; [CPU_FPU] |442| 
         000000e9 001B 
     446 000000ea D034          MOVB      XAR0,#52              ; [CPU_ALU] |442| 
     447              
     448 000000eb E306          MPYF32    R3H,R1H,R3H           ; [CPU_FPU] |442| 
         000000ec 5A94 
     449              ||      MOV32     R2H,*+XAR4[AR0]       ; [CPU_FPU] |442| 
     450              
     451 000000ed E304          MPYF32    R2H,R0H,R2H           ; [CPU_FPU] |442| 
         000000ee 149C 
     452              ||      MOV32     R4H,*+XAR4[AR1]       ; [CPU_FPU] |442| 
     453              
     454 000000ef E700          MPYF32    R3H,R4H,R3H           ; [CPU_FPU] |442| 
         000000f0 00E3 
     455 000000f1 7700          NOP       ; [CPU_ALU] 
     456 000000f2 E710          ADDF32    R2H,R2H,R3H           ; [CPU_FPU] |442| 
         000000f3 00D2 
     457 000000f4 D034          MOVB      XAR0,#52              ; [CPU_ALU] |442| 
     458 000000f5 E203          MOV32     *+XAR4[AR0],R2H       ; [CPU_FPU] |442| 
         000000f6 0294 
     459                      .dwpsn  file "C:/ti/C2000Ware_MotorControl_SDK_5_04_00_00/c2000ware/driverlib/f28002x/driverlib/adc.h
     460 000000f7 F5A9          MOV       AL,*(0:0x0b00)        ; [CPU_ALU] |918| 
         000000f8 0B00 
     461                      .dwpsn  file "../sources/dual_axis_servo_drive_user_cpu.c",line 445,column 17,is_stmt,isa 0
TMS320C2000 Assembler PC v22.6.2 Fri Jan  2 15:35:19 2026

Copyright (c) 1996-2018 Texas Instruments Incorporated
dual_axis_servo_drive_user_cpu.asm                                   PAGE   11

     462 000000f9 0EA9          MOVU      ACC,AL                ; [CPU_ALU] |445| 
     463 000000fa BDA9          MOV32     R3H,ACC               ; [CPU_FPU] |445| 
         000000fb 0F1E 
     464 000000fc 7700          NOP       ; [CPU_ALU] 
     465 000000fd 7700          NOP       ; [CPU_ALU] 
     466 000000fe 7700          NOP       ; [CPU_ALU] 
     467 000000ff D142          MOVB      XAR1,#66              ; [CPU_ALU] |445| 
     468 00000100 E68B          UI32TOF32 R3H,R3H               ; [CPU_FPU] |445| 
         00000101 001B 
     469 00000102 D036          MOVB      XAR0,#54              ; [CPU_ALU] |445| 
     470              
     471 00000103 E306          MPYF32    R1H,R1H,R3H           ; [CPU_FPU] |445| 
         00000104 4A94 
     472              ||      MOV32     R2H,*+XAR4[AR0]       ; [CPU_FPU] |445| 
     473              
     474                      MOV32     R3H,*+XAR4[AR1]       ; [CPU_FPU] |445| 
     475 00000105 E304  ||      MPYF32    R0H,R0H,R2H           ; [CPU_FPU] |445| 
         00000106 039C 
     476              
     477 00000107 E700          MPYF32    R1H,R3H,R1H           ; [CPU_FPU] |445| 
         00000108 0059 
     478 00000109 7700          NOP       ; [CPU_ALU] 
     479 0000010a E710          ADDF32    R0H,R0H,R1H           ; [CPU_FPU] |445| 
         0000010b 0040 
     480 0000010c D036          MOVB      XAR0,#54              ; [CPU_ALU] |445| 
     481 0000010d E203          MOV32     *+XAR4[AR0],R0H       ; [CPU_FPU] |445| 
         0000010e 0094 
     482 0000010f       ||$C$L7||:    
     483                      .dwpsn  file "../sources/dual_axis_servo_drive_user_cpu.c",line 430,column 61,is_stmt,isa 0
     484 0000010f 0A00!         INC       @||offsetCalCounter|| ; [CPU_ALU] |430| 
     485 00000110 1B00!         CMP       @||offsetCalCounter||,#10000 ; [CPU_ALU] |430| 
         00000111 2710 
     486 00000112 68A6          B         ||$C$L5||,LO          ; [CPU_ALU] |430| 
     487                      ; branchcc occurs ; [] |430| 
     488                      .dwpsn  file "C:/ti/C2000Ware_MotorControl_SDK_5_04_00_00/c2000ware/driverlib/f28002x/driverlib/adc.h
     489 00000113 D032          MOVB      XAR0,#50              ; [CPU_ALU] |1613| 
     490 00000114 E2AF          MOV32     R0H,*+XAR4[AR0]       ; [CPU_FPU] |1613| 
         00000115 0094 
     491                      .dwpsn  file "..\sources\dual_axis_servo_drive_cpu.h",line 304,column 5,is_stmt,isa 0
     492 00000116 8D00          MOVL      XAR0,#404             ; [CPU_ALU] |304| 
         00000117 0194 
     493 00000118 8394          MOVL      XAR5,*+XAR4[AR0]      ; [CPU_ALU] |304| 
     494                      .dwpsn  file "C:/ti/C2000Ware_MotorControl_SDK_5_04_00_00/c2000ware/driverlib/f28002x/driverlib/adc.h
     495 00000119 E851          MPYF32    R0H,R0H,#17792        ; [CPU_FPU] |1613| 
         0000011a 6000 
     496                      .dwpsn  file "../sources/dual_axis_servo_drive_user_cpu.c",line 453,column 9,is_stmt,isa 0
     497 0000011b 8D40          MOVL      XAR1,#380             ; [CPU_ALU] |453| 
         0000011c 017C 
     498                      .dwpsn  file "..\sources\dual_axis_servo_drive_cpu.h",line 304,column 5,is_stmt,isa 0
     499 0000011d D040          MOVB      XAR0,#64              ; [CPU_ALU] |304| 
     500                      .dwpsn  file "C:/ti/C2000Ware_MotorControl_SDK_5_04_00_00/c2000ware/driverlib/f28002x/driverlib/adc.h
     501 0000011e E68E          F32TOUI16 R0H,R0H               ; [CPU_FPU] |1613| 
         0000011f 0000 
     502                      .dwpsn  file "..\sources\dual_axis_servo_drive_cpu.h",line 304,column 5,is_stmt,isa 0
     503 00000120 E2AF          MOV32     R4H,*+XAR4[AR0]       ; [CPU_FPU] |304| 
TMS320C2000 Assembler PC v22.6.2 Fri Jan  2 15:35:19 2026

Copyright (c) 1996-2018 Texas Instruments Incorporated
dual_axis_servo_drive_user_cpu.asm                                   PAGE   12

         00000121 0494 
     504 00000122 E2C4          UI16TOF32 R1H,*+XAR5[0]         ; [CPU_FPU] |304| 
         00000123 01C5 
     505                      .dwpsn  file "C:/ti/C2000Ware_MotorControl_SDK_5_04_00_00/c2000ware/driverlib/f28002x/driverlib/adc.h
     506 00000124 BFA9          MOV32     ACC,R0H               ; [CPU_FPU] |1613| 
         00000125 0F12 
     507                      .dwpsn  file "..\sources\dual_axis_servo_drive_cpu.h",line 304,column 5,is_stmt,isa 0
     508 00000126 E700          MPYF32    R0H,R4H,R1H           ; [CPU_FPU] |304| 
         00000127 0060 
     509                      .dwpsn  file "C:/ti/C2000Ware_MotorControl_SDK_5_04_00_00/c2000ware/driverlib/f28002x/driverlib/adc.h
     510 00000128 D034          MOVB      XAR0,#52              ; [CPU_ALU] |1613| 
     511                      .dwpsn  file "..\sources\dual_axis_servo_drive_cpu.h",line 308,column 9,is_stmt,isa 0
     512 00000129 E821          MAXF32    R0H,#16256            ; [CPU_FPU] |308| 
         0000012a FC00 
     513                      .dwpsn  file "../sources/dual_axis_servo_drive_user_cpu.c",line 453,column 9,is_stmt,isa 0
     514 0000012b E203          MOV32     *+XAR4[AR1],R0H       ; [CPU_FPU] |453| 
         0000012c 009C 
     515                      .dwpsn  file "C:/ti/C2000Ware_MotorControl_SDK_5_04_00_00/c2000ware/driverlib/f28002x/driverlib/adc.h
     516 0000012d F4A9          MOV       *(0:0x754b),AL        ; [CPU_ALU] |1613| 
         0000012e 754B 
     517 0000012f E2AF          MOV32     R0H,*+XAR4[AR0]       ; [CPU_FPU] |1613| 
         00000130 0094 
     518 00000131 E851          MPYF32    R0H,R0H,#17792        ; [CPU_FPU] |1613| 
         00000132 6000 
     519 00000133 7700          NOP       ; [CPU_ALU] 
     520 00000134 E68E          F32TOUI16 R0H,R0H               ; [CPU_FPU] |1613| 
         00000135 0000 
     521 00000136 7700          NOP       ; [CPU_ALU] 
     522 00000137 D036          MOVB      XAR0,#54              ; [CPU_ALU] |1613| 
     523 00000138 BFA9          MOV32     ACC,R0H               ; [CPU_FPU] |1613| 
         00000139 0F12 
     524 0000013a F4A9          MOV       *(0:0x7543),AL        ; [CPU_ALU] |1613| 
         0000013b 7543 
     525 0000013c E2AF          MOV32     R0H,*+XAR4[AR0]       ; [CPU_FPU] |1613| 
         0000013d 0094 
     526 0000013e E851          MPYF32    R0H,R0H,#17792        ; [CPU_FPU] |1613| 
         0000013f 6000 
     527 00000140 7700          NOP       ; [CPU_ALU] 
     528 00000141 E68E          F32TOUI16 R0H,R0H               ; [CPU_FPU] |1613| 
         00000142 0000 
     529 00000143 7700          NOP       ; [CPU_ALU] 
     530 00000144 7700          NOP       ; [CPU_ALU] 
     531 00000145 BFA9          MOV32     ACC,R0H               ; [CPU_FPU] |1613| 
         00000146 0F12 
     532 00000147 9B00          MOVB      AH,#0                 ; [CPU_ALU] |1613| 
     533 00000148 F4A9          MOV       *(0:0x7443),AL        ; [CPU_ALU] |1613| 
         00000149 7443 
     534 0000014a F4A8          MOV       *(0:0x744b),AH        ; [CPU_ALU] |1613| 
         0000014b 744B 
     535 0000014c       ||$C$L8||:    
     536                      .dwpsn  file "../sources/dual_axis_servo_drive_user_cpu.c",line 511,column 5,is_stmt,isa 0
     537 0000014c 8D00          MOVL      XAR0,#455             ; [CPU_ALU] |511| 
         0000014d 01C7 
     538 0000014e 56BF          MOVB      *+XAR4[AR0],#1,UNC    ; [CPU_ALU] |511| 
         0000014f 0194 
TMS320C2000 Assembler PC v22.6.2 Fri Jan  2 15:35:19 2026

Copyright (c) 1996-2018 Texas Instruments Incorporated
dual_axis_servo_drive_user_cpu.asm                                   PAGE   13

     539 00000150 E2AF          MOV32     R4H,*--SP             ; [CPU_FPU] 
         00000151 04BE 
     540                      .dwcfi  cfa_offset, -4
     541                      .dwcfi  restore_reg, 59
     542 00000152 8BBE          MOVL      XAR1,*--SP            ; [CPU_ALU] 
     543                      .dwcfi  cfa_offset, -2
     544                      .dwcfi  restore_reg, 7
     545              $C$DW$25        .dwtag  DW_TAG_TI_branch
     546                      .dwattr $C$DW$25, DW_AT_low_pc(0x00)
     547                      .dwattr $C$DW$25, DW_AT_TI_return
     548              
     549 00000153 0006          LRETR     ; [CPU_ALU] 
     550                      ; return occurs ; [] 
     551                      .dwattr $C$DW$20, DW_AT_TI_end_file("../sources/dual_axis_servo_drive_user_cpu.c")
     552                      .dwattr $C$DW$20, DW_AT_TI_end_line(0x202)
     553                      .dwattr $C$DW$20, DW_AT_TI_end_column(0x01)
     554                      .dwendentry
     555                      .dwendtag $C$DW$20
     556              
     557 00000000               .sect   ".text:resetControlVars"
     558                      .clink
     559                      .global ||resetControlVars||
     560              
     561              $C$DW$26        .dwtag  DW_TAG_subprogram
     562                      .dwattr $C$DW$26, DW_AT_name("resetControlVars")
     563                      .dwattr $C$DW$26, DW_AT_low_pc(||resetControlVars||)
     564                      .dwattr $C$DW$26, DW_AT_high_pc(0x00)
     565                      .dwattr $C$DW$26, DW_AT_linkage_name("resetControlVars")
     566                      .dwattr $C$DW$26, DW_AT_external
     567                      .dwattr $C$DW$26, DW_AT_decl_file("../sources/dual_axis_servo_drive_user_cpu.c")
     568                      .dwattr $C$DW$26, DW_AT_decl_line(0x18c)
     569                      .dwattr $C$DW$26, DW_AT_decl_column(0x06)
     570                      .dwattr $C$DW$26, DW_AT_TI_max_frame_size(-4)
     571                      .dwpsn  file "../sources/dual_axis_servo_drive_user_cpu.c",line 397,column 1,is_stmt,address ||resetC
     572              
     573                      .dwfde $C$DW$CIE, ||resetControlVars||
     574              $C$DW$27        .dwtag  DW_TAG_formal_parameter
     575                      .dwattr $C$DW$27, DW_AT_name("pMotor")
     576                      .dwattr $C$DW$27, DW_AT_type(*$C$DW$T$138)
     577                      .dwattr $C$DW$27, DW_AT_location[DW_OP_reg12]
     578              
     579              
     580              ;***************************************************************
     581              ;* FNAME: resetControlVars              FR SIZE:   2           *
     582              ;*                                                             *
     583              ;* FUNCTION ENVIRONMENT                                        *
     584              ;*                                                             *
     585              ;* FUNCTION PROPERTIES                                         *
     586              ;*                            0 Parameter,  0 Auto,  2 SOE     *
     587              ;***************************************************************
     588              
     589              ||resetControlVars||:
     590              ;* AR4   assigned to pMotor
     591              $C$DW$28        .dwtag  DW_TAG_variable
     592                      .dwattr $C$DW$28, DW_AT_name("pMotor")
TMS320C2000 Assembler PC v22.6.2 Fri Jan  2 15:35:19 2026

Copyright (c) 1996-2018 Texas Instruments Incorporated
dual_axis_servo_drive_user_cpu.asm                                   PAGE   14

     593                      .dwattr $C$DW$28, DW_AT_type(*$C$DW$T$139)
     594                      .dwattr $C$DW$28, DW_AT_location[DW_OP_reg12]
     595              
     596                      .dwcfi  cfa_offset, -2
     597                      .dwcfi  save_reg_to_mem, 26, 0
     598 00000000 B2BD          MOVL      *SP++,XAR1            ; [CPU_ALU] 
     599                      .dwcfi  save_reg_to_mem, 7, 2
     600                      .dwcfi  cfa_offset, -4
     601                      .dwpsn  file "../sources/dual_axis_servo_drive_user_cpu.c",line 403,column 5,is_stmt,isa 0
     602 00000001 8D00          MOVL      XAR0,#294             ; [CPU_ALU] |403| 
         00000002 0126 
     603 00000003 E590          ZERO      R0H                   ; [CPU_FPU] |403| 
     604                      .dwpsn  file "../sources/dual_axis_servo_drive_user_cpu.c",line 411,column 5,is_stmt,isa 0
     605 00000004 8D40          MOVL      XAR1,#348             ; [CPU_ALU] |411| 
         00000005 015C 
     606                      .dwpsn  file "../sources/dual_axis_servo_drive_user_cpu.c",line 403,column 5,is_stmt,isa 0
     607 00000006 E203          MOV32     *+XAR4[AR0],R0H       ; [CPU_FPU] |403| 
         00000007 0094 
     608                      .dwpsn  file "../sources/dual_axis_servo_drive_user_cpu.c",line 404,column 5,is_stmt,isa 0
     609 00000008 8D00          MOVL      XAR0,#292             ; [CPU_ALU] |404| 
         00000009 0124 
     610                      .dwpsn  file "../sources/dual_axis_servo_drive_user_cpu.c",line 401,column 5,is_stmt,isa 0
     611 0000000a E591          ZERO      R1H                   ; [CPU_FPU] |401| 
     612                      .dwpsn  file "../sources/dual_axis_servo_drive_user_cpu.c",line 404,column 5,is_stmt,isa 0
     613 0000000b E203          MOV32     *+XAR4[AR0],R0H       ; [CPU_FPU] |404| 
         0000000c 0094 
     614                      .dwpsn  file "../sources/dual_axis_servo_drive_user_cpu.c",line 405,column 5,is_stmt,isa 0
     615 0000000d 8D00          MOVL      XAR0,#290             ; [CPU_ALU] |405| 
         0000000e 0122 
     616                      .dwpsn  file "../sources/dual_axis_servo_drive_user_cpu.c",line 411,column 5,is_stmt,isa 0
     617 0000000f E203          MOV32     *+XAR4[AR1],R0H       ; [CPU_FPU] |411| 
         00000010 009C 
     618                      .dwpsn  file "../sources/dual_axis_servo_drive_user_cpu.c",line 405,column 5,is_stmt,isa 0
     619 00000011 E203          MOV32     *+XAR4[AR0],R0H       ; [CPU_FPU] |405| 
         00000012 0094 
     620                      .dwpsn  file "../sources/dual_axis_servo_drive_user_cpu.c",line 406,column 5,is_stmt,isa 0
     621 00000013 8D00          MOVL      XAR0,#316             ; [CPU_ALU] |406| 
         00000014 013C 
     622 00000015 E203          MOV32     *+XAR4[AR0],R0H       ; [CPU_FPU] |406| 
         00000016 0094 
     623                      .dwpsn  file "../sources/dual_axis_servo_drive_user_cpu.c",line 408,column 5,is_stmt,isa 0
     624 00000017 8D00          MOVL      XAR0,#326             ; [CPU_ALU] |408| 
         00000018 0146 
     625 00000019 E203          MOV32     *+XAR4[AR0],R0H       ; [CPU_FPU] |408| 
         0000001a 0094 
     626                      .dwpsn  file "../sources/dual_axis_servo_drive_user_cpu.c",line 409,column 5,is_stmt,isa 0
     627 0000001b 8D00          MOVL      XAR0,#324             ; [CPU_ALU] |409| 
         0000001c 0144 
     628 0000001d E203          MOV32     *+XAR4[AR0],R0H       ; [CPU_FPU] |409| 
         0000001e 0094 
     629                      .dwpsn  file "../sources/dual_axis_servo_drive_user_cpu.c",line 410,column 5,is_stmt,isa 0
     630 0000001f 8D00          MOVL      XAR0,#322             ; [CPU_ALU] |410| 
         00000020 0142 
     631 00000021 E203          MOV32     *+XAR4[AR0],R0H       ; [CPU_FPU] |410| 
         00000022 0094 
TMS320C2000 Assembler PC v22.6.2 Fri Jan  2 15:35:19 2026

Copyright (c) 1996-2018 Texas Instruments Incorporated
dual_axis_servo_drive_user_cpu.asm                                   PAGE   15

     632                      .dwpsn  file "../sources/dual_axis_servo_drive_user_cpu.c",line 398,column 5,is_stmt,isa 0
     633 00000023 8D00          MOVL      XAR0,#451             ; [CPU_ALU] |398| 
         00000024 01C3 
     634 00000025 2B94          MOV       *+XAR4[AR0],#0        ; [CPU_ALU] |398| 
     635                      .dwpsn  file "../sources/dual_axis_servo_drive_user_cpu.c",line 400,column 5,is_stmt,isa 0
     636 00000026 8D00          MOVL      XAR0,#448             ; [CPU_ALU] |400| 
         00000027 01C0 
     637 00000028 2B94          MOV       *+XAR4[AR0],#0        ; [CPU_ALU] |400| 
     638                      .dwpsn  file "../sources/dual_axis_servo_drive_user_cpu.c",line 401,column 5,is_stmt,isa 0
     639 00000029 D04E          MOVB      XAR0,#78              ; [CPU_ALU] |401| 
     640 0000002a E203          MOV32     *+XAR4[AR0],R1H       ; [CPU_FPU] |401| 
         0000002b 0194 
     641 0000002c 8BBE          MOVL      XAR1,*--SP            ; [CPU_ALU] 
     642                      .dwcfi  cfa_offset, -2
     643                      .dwcfi  restore_reg, 7
     644              $C$DW$29        .dwtag  DW_TAG_TI_branch
     645                      .dwattr $C$DW$29, DW_AT_low_pc(0x00)
     646                      .dwattr $C$DW$29, DW_AT_TI_return
     647              
     648 0000002d 0006          LRETR     ; [CPU_ALU] 
     649                      ; return occurs ; [] 
     650                      .dwattr $C$DW$26, DW_AT_TI_end_file("../sources/dual_axis_servo_drive_user_cpu.c")
     651                      .dwattr $C$DW$26, DW_AT_TI_end_line(0x19e)
     652                      .dwattr $C$DW$26, DW_AT_TI_end_column(0x01)
     653                      .dwendentry
     654                      .dwendtag $C$DW$26
     655              
     656 00000000               .sect   ".text:initMotorParameters"
     657                      .clink
     658                      .global ||initMotorParameters||
     659              
     660              $C$DW$30        .dwtag  DW_TAG_subprogram
     661                      .dwattr $C$DW$30, DW_AT_name("initMotorParameters")
     662                      .dwattr $C$DW$30, DW_AT_low_pc(||initMotorParameters||)
     663                      .dwattr $C$DW$30, DW_AT_high_pc(0x00)
     664                      .dwattr $C$DW$30, DW_AT_linkage_name("initMotorParameters")
     665                      .dwattr $C$DW$30, DW_AT_external
     666                      .dwattr $C$DW$30, DW_AT_decl_file("../sources/dual_axis_servo_drive_user_cpu.c")
     667                      .dwattr $C$DW$30, DW_AT_decl_line(0x40)
     668                      .dwattr $C$DW$30, DW_AT_decl_column(0x06)
     669                      .dwattr $C$DW$30, DW_AT_TI_max_frame_size(-14)
     670                      .dwpsn  file "../sources/dual_axis_servo_drive_user_cpu.c",line 65,column 1,is_stmt,address ||initMot
     671              
     672                      .dwfde $C$DW$CIE, ||initMotorParameters||
     673              $C$DW$31        .dwtag  DW_TAG_formal_parameter
     674                      .dwattr $C$DW$31, DW_AT_name("pMotor")
     675                      .dwattr $C$DW$31, DW_AT_type(*$C$DW$T$138)
     676                      .dwattr $C$DW$31, DW_AT_location[DW_OP_reg12]
     677              
     678              $C$DW$32        .dwtag  DW_TAG_formal_parameter
     679                      .dwattr $C$DW$32, DW_AT_name("mtrHandle")
     680                      .dwattr $C$DW$32, DW_AT_type(*$C$DW$T$134)
     681                      .dwattr $C$DW$32, DW_AT_location[DW_OP_reg14]
     682              
     683              
TMS320C2000 Assembler PC v22.6.2 Fri Jan  2 15:35:19 2026

Copyright (c) 1996-2018 Texas Instruments Incorporated
dual_axis_servo_drive_user_cpu.asm                                   PAGE   16

     684              ;***************************************************************
     685              ;* FNAME: initMotorParameters           FR SIZE:  12           *
     686              ;*                                                             *
     687              ;* FUNCTION ENVIRONMENT                                        *
     688              ;*                                                             *
     689              ;* FUNCTION PROPERTIES                                         *
     690              ;*                            5 Parameter,  0 Auto,  6 SOE     *
     691              ;***************************************************************
     692              
     693              ||initMotorParameters||:
     694              ;* AR2   assigned to pMotor
     695              $C$DW$33        .dwtag  DW_TAG_variable
     696                      .dwattr $C$DW$33, DW_AT_name("pMotor")
     697                      .dwattr $C$DW$33, DW_AT_type(*$C$DW$T$139)
     698                      .dwattr $C$DW$33, DW_AT_location[DW_OP_reg8]
     699              
     700              ;* AR3   assigned to mtrHandle
     701              $C$DW$34        .dwtag  DW_TAG_variable
     702                      .dwattr $C$DW$34, DW_AT_name("mtrHandle")
     703                      .dwattr $C$DW$34, DW_AT_type(*$C$DW$T$135)
     704                      .dwattr $C$DW$34, DW_AT_location[DW_OP_reg10]
     705              
     706                      .dwcfi  cfa_offset, -2
     707                      .dwcfi  save_reg_to_mem, 26, 0
     708 00000000 B2BD          MOVL      *SP++,XAR1            ; [CPU_ALU] 
     709                      .dwcfi  save_reg_to_mem, 7, 2
     710                      .dwcfi  cfa_offset, -4
     711 00000001 AABD          MOVL      *SP++,XAR2            ; [CPU_ALU] 
     712                      .dwcfi  save_reg_to_mem, 9, 4
     713                      .dwcfi  cfa_offset, -6
     714 00000002 A2BD          MOVL      *SP++,XAR3            ; [CPU_ALU] 
     715                      .dwcfi  save_reg_to_mem, 11, 6
     716                      .dwcfi  cfa_offset, -8
     717 00000003 FE06          ADDB      SP,#6                 ; [CPU_ARAU] 
     718                      .dwcfi  cfa_offset, -14
     719 00000004 86A4          MOVL      XAR2,XAR4             ; [CPU_ALU] |65| 
     720                      .dwpsn  file "../sources/dual_axis_servo_drive_user_cpu.c",line 68,column 5,is_stmt,isa 0
     721 00000005 8F00!         MOVL      XAR4,#||motorVars||   ; [CPU_ARAU] |68| 
         00000006 0000 
     722                      .dwpsn  file "../sources/dual_axis_servo_drive_user_cpu.c",line 65,column 1,is_stmt,isa 0
     723 00000007 82A5          MOVL      XAR3,XAR5             ; [CPU_ALU] |65| 
     724                      .dwpsn  file "../sources/dual_axis_servo_drive_user_cpu.c",line 68,column 5,is_stmt,isa 0
     725 00000008 A8A9          MOVL      ACC,XAR4              ; [CPU_ALU] |68| 
     726 00000009 0FA2          CMPL      ACC,XAR2              ; [CPU_ALU] |68| 
     727 0000000a FFE0          B         ||$C$L9||,NEQ         ; [CPU_ALU] |68| 
         0000000b 0130 
     728                      ; branchcc occurs ; [] |68| 
     729                      .dwpsn  file "../sources/dual_axis_servo_drive_user_cpu.c",line 114,column 9,is_stmt,isa 0
     730 0000000c E802          MOVIZ     R1H,#19565            ; [CPU_FPU] |114| 
         0000000d 6369 
     731                      .dwpsn  file "../sources/dual_axis_servo_drive_user_cpu.c",line 135,column 9,is_stmt,isa 0
     732 0000000e E801          MOVIZ     R0H,#16349            ; [CPU_FPU] |135| 
         0000000f FEE8 
     733                      .dwpsn  file "../sources/dual_axis_servo_drive_user_cpu.c",line 114,column 9,is_stmt,isa 0
     734 00000010 8D40          MOVL      XAR1,#350             ; [CPU_ALU] |114| 
TMS320C2000 Assembler PC v22.6.2 Fri Jan  2 15:35:19 2026

Copyright (c) 1996-2018 Texas Instruments Incorporated
dual_axis_servo_drive_user_cpu.asm                                   PAGE   17

         00000011 015E 
     735                      .dwpsn  file "../sources/dual_axis_servo_drive_user_cpu.c",line 135,column 9,is_stmt,isa 0
     736 00000012 8D00          MOVL      XAR0,#350             ; [CPU_ALU] |135| 
         00000013 015E 
     737                      .dwpsn  file "../sources/dual_axis_servo_drive_user_cpu.c",line 125,column 9,is_stmt,isa 0
     738 00000014 E805          MOVIZ     R3H,#47616            ; [CPU_FPU] |125| 
         00000015 D003 
     739                      .dwpsn  file "../sources/dual_axis_servo_drive_user_cpu.c",line 114,column 9,is_stmt,isa 0
     740 00000016 E80C          MOVXI     R1H,#32768            ; [CPU_FPU] |114| 
         00000017 0001 
     741                      .dwpsn  file "../sources/dual_axis_servo_drive_user_cpu.c",line 126,column 9,is_stmt,isa 0
     742 00000018 E805          MOVIZ     R2H,#47616            ; [CPU_FPU] |126| 
         00000019 D002 
     743                      .dwpsn  file "../sources/dual_axis_servo_drive_user_cpu.c",line 135,column 9,is_stmt,isa 0
     744 0000001a E80D          MOVXI     R0H,#46039            ; [CPU_FPU] |135| 
         0000001b 9EB8 
     745                      .dwpsn  file "../sources/dual_axis_servo_drive_user_cpu.c",line 114,column 9,is_stmt,isa 0
     746 0000001c E203          MOV32     *+XAR2[AR1],R1H       ; [CPU_FPU] |114| 
         0000001d 019A 
     747                      .dwpsn  file "../sources/dual_axis_servo_drive_user_cpu.c",line 135,column 9,is_stmt,isa 0
     748 0000001e E2AF          MOV32     R1H,*+XAR2[AR0]       ; [CPU_FPU] |135| 
         0000001f 0192 
     749 00000020 E700          MPYF32    R0H,R0H,R1H           ; [CPU_FPU] |135| 
         00000021 0040 
     750 00000022 8D00          MOVL      XAR0,#358             ; [CPU_ALU] |135| 
         00000023 0166 
     751 00000024 E203          MOV32     *+XAR2[AR0],R0H       ; [CPU_FPU] |135| 
         00000025 0092 
     752                      .dwpsn  file "../sources/dual_axis_servo_drive_user_cpu.c",line 127,column 9,is_stmt,isa 0
     753 00000026 E805          MOVIZ     R1H,#47744            ; [CPU_FPU] |127| 
         00000027 D401 
     754                      .dwpsn  file "../sources/dual_axis_servo_drive_user_cpu.c",line 125,column 9,is_stmt,isa 0
     755 00000028 8D00          MOVL      XAR0,#352             ; [CPU_ALU] |125| 
         00000029 0160 
     756 0000002a E203          MOV32     *+XAR2[AR0],R3H       ; [CPU_FPU] |125| 
         0000002b 0392 
     757                      .dwpsn  file "../sources/dual_axis_servo_drive_user_cpu.c",line 126,column 9,is_stmt,isa 0
     758 0000002c 8D00          MOVL      XAR0,#354             ; [CPU_ALU] |126| 
         0000002d 0162 
     759 0000002e E203          MOV32     *+XAR2[AR0],R2H       ; [CPU_FPU] |126| 
         0000002f 0292 
     760                      .dwpsn  file "../sources/dual_axis_servo_drive_user_cpu.c",line 144,column 9,is_stmt,isa 0
     761 00000030 E802          MOVIZ     R3H,#16772            ; [CPU_FPU] |144| 
         00000031 0C23 
     762                      .dwpsn  file "../sources/dual_axis_servo_drive_user_cpu.c",line 127,column 9,is_stmt,isa 0
     763 00000032 8D00          MOVL      XAR0,#356             ; [CPU_ALU] |127| 
         00000033 0164 
     764 00000034 E203          MOV32     *+XAR2[AR0],R1H       ; [CPU_FPU] |127| 
         00000035 0192 
     765                      .dwpsn  file "../sources/dual_axis_servo_drive_user_cpu.c",line 73,column 9,is_stmt,isa 0
     766 00000036 E802          MOVIZ     R2H,#17530            ; [CPU_FPU] |73| 
         00000037 23D2 
     767                      .dwpsn  file "../sources/dual_axis_servo_drive_user_cpu.c",line 144,column 9,is_stmt,isa 0
     768 00000038 8D00          MOVL      XAR0,#372             ; [CPU_ALU] |144| 
         00000039 0174 
TMS320C2000 Assembler PC v22.6.2 Fri Jan  2 15:35:19 2026

Copyright (c) 1996-2018 Texas Instruments Incorporated
dual_axis_servo_drive_user_cpu.asm                                   PAGE   18

     769                      .dwpsn  file "../sources/dual_axis_servo_drive_user_cpu.c",line 72,column 9,is_stmt,isa 0
     770 0000003a E802          MOVIZ     R0H,#17352            ; [CPU_FPU] |72| 
         0000003b 1E40 
     771                      .dwpsn  file "../sources/dual_axis_servo_drive_user_cpu.c",line 144,column 9,is_stmt,isa 0
     772 0000003c E203          MOV32     *+XAR2[AR0],R3H       ; [CPU_FPU] |144| 
         0000003d 0392 
     773                      .dwpsn  file "../sources/dual_axis_servo_drive_user_cpu.c",line 75,column 9,is_stmt,isa 0
     774 0000003e E802          MOVIZ     R1H,#16736            ; [CPU_FPU] |75| 
         0000003f 0B01 
     775                      .dwpsn  file "../sources/dual_axis_servo_drive_user_cpu.c",line 73,column 9,is_stmt,isa 0
     776 00000040 D010          MOVB      XAR0,#16              ; [CPU_ALU] |73| 
     777 00000041 E203          MOV32     *+XAR2[AR0],R2H       ; [CPU_FPU] |73| 
         00000042 0292 
     778                      .dwpsn  file "../sources/dual_axis_servo_drive_user_cpu.c",line 80,column 9,is_stmt,isa 0
     779 00000043 E802          MOVIZ     R3H,#16912            ; [CPU_FPU] |80| 
         00000044 1083 
     780                      .dwpsn  file "../sources/dual_axis_servo_drive_user_cpu.c",line 75,column 9,is_stmt,isa 0
     781 00000045 D008          MOVB      XAR0,#8               ; [CPU_ALU] |75| 
     782 00000046 E203          MOV32     *+XAR2[AR0],R1H       ; [CPU_FPU] |75| 
         00000047 0192 
     783                      .dwpsn  file "../sources/dual_axis_servo_drive_user_cpu.c",line 81,column 9,is_stmt,isa 0
     784 00000048 E802          MOVIZ     R2H,#16624            ; [CPU_FPU] |81| 
         00000049 0782 
     785                      .dwpsn  file "../sources/dual_axis_servo_drive_user_cpu.c",line 80,column 9,is_stmt,isa 0
     786 0000004a D012          MOVB      XAR0,#18              ; [CPU_ALU] |80| 
     787 0000004b E203          MOV32     *+XAR2[AR0],R3H       ; [CPU_FPU] |80| 
         0000004c 0392 
     788                      .dwpsn  file "../sources/dual_axis_servo_drive_user_cpu.c",line 83,column 9,is_stmt,isa 0
     789 0000004d E801          MOVIZ     R1H,#16032            ; [CPU_FPU] |83| 
         0000004e F501 
     790                      .dwpsn  file "../sources/dual_axis_servo_drive_user_cpu.c",line 81,column 9,is_stmt,isa 0
     791 0000004f D014          MOVB      XAR0,#20              ; [CPU_ALU] |81| 
     792 00000050 E203          MOV32     *+XAR2[AR0],R2H       ; [CPU_FPU] |81| 
         00000051 0292 
     793                      .dwpsn  file "../sources/dual_axis_servo_drive_user_cpu.c",line 96,column 9,is_stmt,isa 0
     794 00000052 E593          ZERO      R3H                   ; [CPU_FPU] |96| 
     795                      .dwpsn  file "../sources/dual_axis_servo_drive_user_cpu.c",line 165,column 9,is_stmt,isa 0
     796 00000053 8F40          MOVL      XAR5,#2880            ; [CPU_ARAU] |165| 
         00000054 0B40 
     797                      .dwpsn  file "../sources/dual_axis_servo_drive_user_cpu.c",line 83,column 9,is_stmt,isa 0
     798 00000055 D018          MOVB      XAR0,#24              ; [CPU_ALU] |83| 
     799                      .dwpsn  file "../sources/dual_axis_servo_drive_user_cpu.c",line 165,column 9,is_stmt,isa 0
     800 00000056 8F00          MOVL      XAR4,#2816            ; [CPU_ARAU] |165| 
         00000057 0B00 
     801 00000058 FF20          MOV       ACC,#29696            ; [CPU_ALU] |165| 
         00000059 7400 
     802                      .dwpsn  file "../sources/dual_axis_servo_drive_user_cpu.c",line 83,column 9,is_stmt,isa 0
     803 0000005a E203          MOV32     *+XAR2[AR0],R1H       ; [CPU_FPU] |83| 
         0000005b 0192 
     804                      .dwpsn  file "../sources/dual_axis_servo_drive_user_cpu.c",line 101,column 9,is_stmt,isa 0
     805 0000005c E801          MOVIZ     R2H,#15364            ; [CPU_FPU] |101| 
         0000005d E022 
     806                      .dwpsn  file "../sources/dual_axis_servo_drive_user_cpu.c",line 96,column 9,is_stmt,isa 0
     807 0000005e D022          MOVB      XAR0,#34              ; [CPU_ALU] |96| 
     808 0000005f E203          MOV32     *+XAR2[AR0],R3H       ; [CPU_FPU] |96| 
TMS320C2000 Assembler PC v22.6.2 Fri Jan  2 15:35:19 2026

Copyright (c) 1996-2018 Texas Instruments Incorporated
dual_axis_servo_drive_user_cpu.asm                                   PAGE   19

         00000060 0392 
     809                      .dwpsn  file "../sources/dual_axis_servo_drive_user_cpu.c",line 102,column 9,is_stmt,isa 0
     810 00000061 E801          MOVIZ     R1H,#15523            ; [CPU_FPU] |102| 
         00000062 E519 
     811                      .dwpsn  file "../sources/dual_axis_servo_drive_user_cpu.c",line 101,column 9,is_stmt,isa 0
     812 00000063 D03E          MOVB      XAR0,#62              ; [CPU_ALU] |101| 
     813 00000064 E203          MOV32     *+XAR2[AR0],R2H       ; [CPU_FPU] |101| 
         00000065 0292 
     814                      .dwpsn  file "../sources/dual_axis_servo_drive_user_cpu.c",line 103,column 9,is_stmt,isa 0
     815 00000066 E801          MOVIZ     R3H,#14720            ; [CPU_FPU] |103| 
         00000067 CC03 
     816                      .dwpsn  file "../sources/dual_axis_servo_drive_user_cpu.c",line 102,column 9,is_stmt,isa 0
     817 00000068 D040          MOVB      XAR0,#64              ; [CPU_ALU] |102| 
     818 00000069 E203          MOV32     *+XAR2[AR0],R1H       ; [CPU_FPU] |102| 
         0000006a 0192 
     819                      .dwpsn  file "../sources/dual_axis_servo_drive_user_cpu.c",line 107,column 9,is_stmt,isa 0
     820 0000006b E802          MOVIZ     R2H,#16672            ; [CPU_FPU] |107| 
         0000006c 0902 
     821                      .dwpsn  file "../sources/dual_axis_servo_drive_user_cpu.c",line 103,column 9,is_stmt,isa 0
     822 0000006d D042          MOVB      XAR0,#66              ; [CPU_ALU] |103| 
     823                      .dwpsn  file "../sources/dual_axis_servo_drive_user_cpu.c",line 72,column 9,is_stmt,isa 0
     824 0000006e E203          MOV32     *+XAR2[6],R0H         ; [CPU_FPU] |72| 
         0000006f 00F2 
     825                      .dwpsn  file "../sources/dual_axis_servo_drive_user_cpu.c",line 103,column 9,is_stmt,isa 0
     826 00000070 E203          MOV32     *+XAR2[AR0],R3H       ; [CPU_FPU] |103| 
         00000071 0392 
     827                      .dwpsn  file "../sources/dual_axis_servo_drive_user_cpu.c",line 108,column 9,is_stmt,isa 0
     828 00000072 E802          MOVIZ     R1H,#16968            ; [CPU_FPU] |108| 
         00000073 1241 
     829                      .dwpsn  file "../sources/dual_axis_servo_drive_user_cpu.c",line 107,column 9,is_stmt,isa 0
     830 00000074 D054          MOVB      XAR0,#84              ; [CPU_ALU] |107| 
     831 00000075 E203          MOV32     *+XAR2[AR0],R2H       ; [CPU_FPU] |107| 
         00000076 0292 
     832                      .dwpsn  file "../sources/dual_axis_servo_drive_user_cpu.c",line 109,column 9,is_stmt,isa 0
     833 00000077 E802          MOVIZ     R3H,#16672            ; [CPU_FPU] |109| 
         00000078 0903 
     834                      .dwpsn  file "../sources/dual_axis_servo_drive_user_cpu.c",line 108,column 9,is_stmt,isa 0
     835 00000079 D056          MOVB      XAR0,#86              ; [CPU_ALU] |108| 
     836                      .dwpsn  file "../sources/dual_axis_servo_drive_user_cpu.c",line 138,column 9,is_stmt,isa 0
     837 0000007a E801          MOVIZ     R2H,#14375            ; [CPU_FPU] |138| 
         0000007b C13A 
     838                      .dwpsn  file "../sources/dual_axis_servo_drive_user_cpu.c",line 108,column 9,is_stmt,isa 0
     839 0000007c E203          MOV32     *+XAR2[AR0],R1H       ; [CPU_FPU] |108| 
         0000007d 0192 
     840                      .dwpsn  file "../sources/dual_axis_servo_drive_user_cpu.c",line 109,column 9,is_stmt,isa 0
     841 0000007e D058          MOVB      XAR0,#88              ; [CPU_ALU] |109| 
     842                      .dwpsn  file "../sources/dual_axis_servo_drive_user_cpu.c",line 138,column 9,is_stmt,isa 0
     843 0000007f E80E          MOVXI     R2H,#50604            ; [CPU_FPU] |138| 
         00000080 2D62 
     844                      .dwpsn  file "../sources/dual_axis_servo_drive_user_cpu.c",line 139,column 9,is_stmt,isa 0
     845 00000081 E801          MOVIZ     R1H,#15745            ; [CPU_FPU] |139| 
         00000082 EC09 
     846                      .dwpsn  file "../sources/dual_axis_servo_drive_user_cpu.c",line 109,column 9,is_stmt,isa 0
     847 00000083 E203          MOV32     *+XAR2[AR0],R3H       ; [CPU_FPU] |109| 
         00000084 0392 
TMS320C2000 Assembler PC v22.6.2 Fri Jan  2 15:35:19 2026

Copyright (c) 1996-2018 Texas Instruments Incorporated
dual_axis_servo_drive_user_cpu.asm                                   PAGE   20

     848                      .dwpsn  file "../sources/dual_axis_servo_drive_user_cpu.c",line 138,column 9,is_stmt,isa 0
     849 00000085 8D00          MOVL      XAR0,#360             ; [CPU_ALU] |138| 
         00000086 0168 
     850                      .dwpsn  file "../sources/dual_axis_servo_drive_user_cpu.c",line 140,column 9,is_stmt,isa 0
     851 00000087 E801          MOVIZ     R3H,#15745            ; [CPU_FPU] |140| 
         00000088 EC0B 
     852                      .dwpsn  file "../sources/dual_axis_servo_drive_user_cpu.c",line 139,column 9,is_stmt,isa 0
     853 00000089 E808          MOVXI     R1H,#1573             ; [CPU_FPU] |139| 
         0000008a 3129 
     854                      .dwpsn  file "../sources/dual_axis_servo_drive_user_cpu.c",line 138,column 9,is_stmt,isa 0
     855 0000008b E203          MOV32     *+XAR2[AR0],R2H       ; [CPU_FPU] |138| 
         0000008c 0292 
     856                      .dwpsn  file "../sources/dual_axis_servo_drive_user_cpu.c",line 139,column 9,is_stmt,isa 0
     857 0000008d 8D00          MOVL      XAR0,#362             ; [CPU_ALU] |139| 
         0000008e 016A 
     858                      .dwpsn  file "../sources/dual_axis_servo_drive_user_cpu.c",line 140,column 9,is_stmt,isa 0
     859 0000008f E808          MOVXI     R3H,#1573             ; [CPU_FPU] |140| 
         00000090 312B 
     860                      .dwpsn  file "../sources/dual_axis_servo_drive_user_cpu.c",line 141,column 9,is_stmt,isa 0
     861 00000091 E801          MOVIZ     R2H,#14656            ; [CPU_FPU] |141| 
         00000092 CA02 
     862                      .dwpsn  file "../sources/dual_axis_servo_drive_user_cpu.c",line 139,column 9,is_stmt,isa 0
     863 00000093 E203          MOV32     *+XAR2[AR0],R1H       ; [CPU_FPU] |139| 
         00000094 0192 
     864                      .dwpsn  file "../sources/dual_axis_servo_drive_user_cpu.c",line 140,column 9,is_stmt,isa 0
     865 00000095 8D00          MOVL      XAR0,#364             ; [CPU_ALU] |140| 
         00000096 016C 
     866                      .dwpsn  file "../sources/dual_axis_servo_drive_user_cpu.c",line 142,column 9,is_stmt,isa 0
     867 00000097 E801          MOVIZ     R1H,#14656            ; [CPU_FPU] |142| 
         00000098 CA01 
     868                      .dwpsn  file "../sources/dual_axis_servo_drive_user_cpu.c",line 141,column 9,is_stmt,isa 0
     869 00000099 E80A          MOVXI     R2H,#16804            ; [CPU_FPU] |141| 
         0000009a 0D22 
     870                      .dwpsn  file "../sources/dual_axis_servo_drive_user_cpu.c",line 140,column 9,is_stmt,isa 0
     871 0000009b E203          MOV32     *+XAR2[AR0],R3H       ; [CPU_FPU] |140| 
         0000009c 0392 
     872                      .dwpsn  file "../sources/dual_axis_servo_drive_user_cpu.c",line 141,column 9,is_stmt,isa 0
     873 0000009d 8D00          MOVL      XAR0,#366             ; [CPU_ALU] |141| 
         0000009e 016E 
     874                      .dwpsn  file "../sources/dual_axis_servo_drive_user_cpu.c",line 142,column 9,is_stmt,isa 0
     875 0000009f E80A          MOVXI     R1H,#16804            ; [CPU_FPU] |142| 
         000000a0 0D21 
     876                      .dwpsn  file "../sources/dual_axis_servo_drive_user_cpu.c",line 143,column 9,is_stmt,isa 0
     877 000000a1 E801          MOVIZ     R3H,#15651            ; [CPU_FPU] |143| 
         000000a2 E91B 
     878                      .dwpsn  file "../sources/dual_axis_servo_drive_user_cpu.c",line 141,column 9,is_stmt,isa 0
     879 000000a3 E203          MOV32     *+XAR2[AR0],R2H       ; [CPU_FPU] |141| 
         000000a4 0292 
     880                      .dwpsn  file "../sources/dual_axis_servo_drive_user_cpu.c",line 142,column 9,is_stmt,isa 0
     881 000000a5 8D00          MOVL      XAR0,#368             ; [CPU_ALU] |142| 
         000000a6 0170 
     882                      .dwpsn  file "../sources/dual_axis_servo_drive_user_cpu.c",line 145,column 9,is_stmt,isa 0
     883 000000a7 E802          MOVIZ     R2H,#17693            ; [CPU_FPU] |145| 
         000000a8 28EA 
     884                      .dwpsn  file "../sources/dual_axis_servo_drive_user_cpu.c",line 143,column 9,is_stmt,isa 0
TMS320C2000 Assembler PC v22.6.2 Fri Jan  2 15:35:19 2026

Copyright (c) 1996-2018 Texas Instruments Incorporated
dual_axis_servo_drive_user_cpu.asm                                   PAGE   21

     885 000000a9 E80E          MOVXI     R3H,#55050            ; [CPU_FPU] |143| 
         000000aa B853 
     886                      .dwpsn  file "../sources/dual_axis_servo_drive_user_cpu.c",line 142,column 9,is_stmt,isa 0
     887 000000ab E203          MOV32     *+XAR2[AR0],R1H       ; [CPU_FPU] |142| 
         000000ac 0192 
     888                      .dwpsn  file "../sources/dual_axis_servo_drive_user_cpu.c",line 143,column 9,is_stmt,isa 0
     889 000000ad 8D00          MOVL      XAR0,#382             ; [CPU_ALU] |143| 
         000000ae 017E 
     890                      .dwpsn  file "../sources/dual_axis_servo_drive_user_cpu.c",line 145,column 9,is_stmt,isa 0
     891 000000af E808          MOVXI     R2H,#5219             ; [CPU_FPU] |145| 
         000000b0 A31A 
     892                      .dwpsn  file "../sources/dual_axis_servo_drive_user_cpu.c",line 146,column 9,is_stmt,isa 0
     893 000000b1 E802          MOVIZ     R1H,#17604            ; [CPU_FPU] |146| 
         000000b2 2621 
     894                      .dwpsn  file "../sources/dual_axis_servo_drive_user_cpu.c",line 143,column 9,is_stmt,isa 0
     895 000000b3 E203          MOV32     *+XAR2[AR0],R3H       ; [CPU_FPU] |143| 
         000000b4 0392 
     896                      .dwpsn  file "../sources/dual_axis_servo_drive_user_cpu.c",line 145,column 9,is_stmt,isa 0
     897 000000b5 8D00          MOVL      XAR0,#384             ; [CPU_ALU] |145| 
         000000b6 0180 
     898                      .dwpsn  file "../sources/dual_axis_servo_drive_user_cpu.c",line 147,column 9,is_stmt,isa 0
     899 000000b7 E802          MOVIZ     R3H,#17604            ; [CPU_FPU] |147| 
         000000b8 2623 
     900                      .dwpsn  file "../sources/dual_axis_servo_drive_user_cpu.c",line 146,column 9,is_stmt,isa 0
     901 000000b9 E80A          MOVXI     R1H,#22908            ; [CPU_FPU] |146| 
         000000ba CBE1 
     902                      .dwpsn  file "../sources/dual_axis_servo_drive_user_cpu.c",line 145,column 9,is_stmt,isa 0
     903 000000bb E203          MOV32     *+XAR2[AR0],R2H       ; [CPU_FPU] |145| 
         000000bc 0292 
     904                      .dwpsn  file "../sources/dual_axis_servo_drive_user_cpu.c",line 146,column 9,is_stmt,isa 0
     905 000000bd 8D00          MOVL      XAR0,#376             ; [CPU_ALU] |146| 
         000000be 0178 
     906                      .dwpsn  file "../sources/dual_axis_servo_drive_user_cpu.c",line 147,column 9,is_stmt,isa 0
     907 000000bf E80A          MOVXI     R3H,#22908            ; [CPU_FPU] |147| 
         000000c0 CBE3 
     908                      .dwpsn  file "../sources/dual_axis_servo_drive_user_cpu.c",line 76,column 9,is_stmt,isa 0
     909 000000c1 E801          MOVIZ     R2H,#14851            ; [CPU_FPU] |76| 
         000000c2 D01A 
     910                      .dwpsn  file "../sources/dual_axis_servo_drive_user_cpu.c",line 146,column 9,is_stmt,isa 0
     911 000000c3 E203          MOV32     *+XAR2[AR0],R1H       ; [CPU_FPU] |146| 
         000000c4 0192 
     912                      .dwpsn  file "../sources/dual_axis_servo_drive_user_cpu.c",line 147,column 9,is_stmt,isa 0
     913 000000c5 8D00          MOVL      XAR0,#378             ; [CPU_ALU] |147| 
         000000c6 017A 
     914                      .dwpsn  file "../sources/dual_axis_servo_drive_user_cpu.c",line 78,column 9,is_stmt,isa 0
     915 000000c7 E801          MOVIZ     R1H,#14375            ; [CPU_FPU] |78| 
         000000c8 C139 
     916                      .dwpsn  file "../sources/dual_axis_servo_drive_user_cpu.c",line 76,column 9,is_stmt,isa 0
     917 000000c9 E808          MOVXI     R2H,#4719             ; [CPU_FPU] |76| 
         000000ca 937A 
     918                      .dwpsn  file "../sources/dual_axis_servo_drive_user_cpu.c",line 147,column 9,is_stmt,isa 0
     919 000000cb E203          MOV32     *+XAR2[AR0],R3H       ; [CPU_FPU] |147| 
         000000cc 0392 
     920                      .dwpsn  file "../sources/dual_axis_servo_drive_user_cpu.c",line 76,column 9,is_stmt,isa 0
     921 000000cd D00A          MOVB      XAR0,#10              ; [CPU_ALU] |76| 
TMS320C2000 Assembler PC v22.6.2 Fri Jan  2 15:35:19 2026

Copyright (c) 1996-2018 Texas Instruments Incorporated
dual_axis_servo_drive_user_cpu.asm                                   PAGE   22

     922                      .dwpsn  file "../sources/dual_axis_servo_drive_user_cpu.c",line 78,column 9,is_stmt,isa 0
     923 000000ce E80E          MOVXI     R1H,#50605            ; [CPU_FPU] |78| 
         000000cf 2D69 
     924                      .dwpsn  file "../sources/dual_axis_servo_drive_user_cpu.c",line 82,column 9,is_stmt,isa 0
     925 000000d0 E801          MOVIZ     R3H,#15564            ; [CPU_FPU] |82| 
         000000d1 E663 
     926                      .dwpsn  file "../sources/dual_axis_servo_drive_user_cpu.c",line 76,column 9,is_stmt,isa 0
     927 000000d2 E203          MOV32     *+XAR2[AR0],R2H       ; [CPU_FPU] |76| 
         000000d3 0292 
     928                      .dwpsn  file "../sources/dual_axis_servo_drive_user_cpu.c",line 78,column 9,is_stmt,isa 0
     929 000000d4 D00C          MOVB      XAR0,#12              ; [CPU_ALU] |78| 
     930                      .dwpsn  file "../sources/dual_axis_servo_drive_user_cpu.c",line 86,column 9,is_stmt,isa 0
     931 000000d5 E801          MOVIZ     R2H,#15948            ; [CPU_FPU] |86| 
         000000d6 F262 
     932                      .dwpsn  file "../sources/dual_axis_servo_drive_user_cpu.c",line 82,column 9,is_stmt,isa 0
     933 000000d7 E80E          MOVXI     R3H,#52429            ; [CPU_FPU] |82| 
         000000d8 666B 
     934                      .dwpsn  file "../sources/dual_axis_servo_drive_user_cpu.c",line 78,column 9,is_stmt,isa 0
     935 000000d9 E203          MOV32     *+XAR2[AR0],R1H       ; [CPU_FPU] |78| 
         000000da 0192 
     936                      .dwpsn  file "../sources/dual_axis_servo_drive_user_cpu.c",line 82,column 9,is_stmt,isa 0
     937 000000db D016          MOVB      XAR0,#22              ; [CPU_ALU] |82| 
     938                      .dwpsn  file "../sources/dual_axis_servo_drive_user_cpu.c",line 86,column 9,is_stmt,isa 0
     939 000000dc E80E          MOVXI     R2H,#52429            ; [CPU_FPU] |86| 
         000000dd 666A 
     940                      .dwpsn  file "../sources/dual_axis_servo_drive_user_cpu.c",line 87,column 9,is_stmt,isa 0
     941 000000de E801          MOVIZ     R1H,#15948            ; [CPU_FPU] |87| 
         000000df F261 
     942                      .dwpsn  file "../sources/dual_axis_servo_drive_user_cpu.c",line 82,column 9,is_stmt,isa 0
     943 000000e0 E203          MOV32     *+XAR2[AR0],R3H       ; [CPU_FPU] |82| 
         000000e1 0392 
     944                      .dwpsn  file "../sources/dual_axis_servo_drive_user_cpu.c",line 86,column 9,is_stmt,isa 0
     945 000000e2 D01E          MOVB      XAR0,#30              ; [CPU_ALU] |86| 
     946                      .dwpsn  file "../sources/dual_axis_servo_drive_user_cpu.c",line 88,column 9,is_stmt,isa 0
     947 000000e3 E801          MOVIZ     R3H,#15948            ; [CPU_FPU] |88| 
         000000e4 F263 
     948                      .dwpsn  file "../sources/dual_axis_servo_drive_user_cpu.c",line 87,column 9,is_stmt,isa 0
     949 000000e5 E80E          MOVXI     R1H,#52429            ; [CPU_FPU] |87| 
         000000e6 6669 
     950                      .dwpsn  file "../sources/dual_axis_servo_drive_user_cpu.c",line 86,column 9,is_stmt,isa 0
     951 000000e7 E203          MOV32     *+XAR2[AR0],R2H       ; [CPU_FPU] |86| 
         000000e8 0292 
     952                      .dwpsn  file "../sources/dual_axis_servo_drive_user_cpu.c",line 87,column 9,is_stmt,isa 0
     953 000000e9 D020          MOVB      XAR0,#32              ; [CPU_ALU] |87| 
     954                      .dwpsn  file "../sources/dual_axis_servo_drive_user_cpu.c",line 88,column 9,is_stmt,isa 0
     955 000000ea E80E          MOVXI     R3H,#52429            ; [CPU_FPU] |88| 
         000000eb 666B 
     956                      .dwpsn  file "../sources/dual_axis_servo_drive_user_cpu.c",line 97,column 9,is_stmt,isa 0
     957 000000ec E801          MOVIZ     R2H,#15820            ; [CPU_FPU] |97| 
         000000ed EE62 
     958                      .dwpsn  file "../sources/dual_axis_servo_drive_user_cpu.c",line 87,column 9,is_stmt,isa 0
     959 000000ee E203          MOV32     *+XAR2[AR0],R1H       ; [CPU_FPU] |87| 
         000000ef 0192 
     960                      .dwpsn  file "../sources/dual_axis_servo_drive_user_cpu.c",line 88,column 9,is_stmt,isa 0
     961 000000f0 D024          MOVB      XAR0,#36              ; [CPU_ALU] |88| 
TMS320C2000 Assembler PC v22.6.2 Fri Jan  2 15:35:19 2026

Copyright (c) 1996-2018 Texas Instruments Incorporated
dual_axis_servo_drive_user_cpu.asm                                   PAGE   23

     962                      .dwpsn  file "../sources/dual_axis_servo_drive_user_cpu.c",line 98,column 9,is_stmt,isa 0
     963 000000f1 E801          MOVIZ     R1H,#15692            ; [CPU_FPU] |98| 
         000000f2 EA61 
     964                      .dwpsn  file "../sources/dual_axis_servo_drive_user_cpu.c",line 97,column 9,is_stmt,isa 0
     965 000000f3 E80E          MOVXI     R2H,#52429            ; [CPU_FPU] |97| 
         000000f4 666A 
     966                      .dwpsn  file "../sources/dual_axis_servo_drive_user_cpu.c",line 88,column 9,is_stmt,isa 0
     967 000000f5 E203          MOV32     *+XAR2[AR0],R3H       ; [CPU_FPU] |88| 
         000000f6 0392 
     968                      .dwpsn  file "../sources/dual_axis_servo_drive_user_cpu.c",line 97,column 9,is_stmt,isa 0
     969 000000f7 D02C          MOVB      XAR0,#44              ; [CPU_ALU] |97| 
     970                      .dwpsn  file "../sources/dual_axis_servo_drive_user_cpu.c",line 98,column 9,is_stmt,isa 0
     971 000000f8 E80E          MOVXI     R1H,#52429            ; [CPU_FPU] |98| 
         000000f9 6669 
     972                      .dwpsn  file "../sources/dual_axis_servo_drive_user_cpu.c",line 104,column 9,is_stmt,isa 0
     973 000000fa E802          MOVIZ     R3H,#17144            ; [CPU_FPU] |104| 
         000000fb 17C3 
     974                      .dwpsn  file "../sources/dual_axis_servo_drive_user_cpu.c",line 97,column 9,is_stmt,isa 0
     975 000000fc E203          MOV32     *+XAR2[AR0],R2H       ; [CPU_FPU] |97| 
         000000fd 0292 
     976                      .dwpsn  file "../sources/dual_axis_servo_drive_user_cpu.c",line 98,column 9,is_stmt,isa 0
     977 000000fe D030          MOVB      XAR0,#48              ; [CPU_ALU] |98| 
     978                      .dwpsn  file "../sources/dual_axis_servo_drive_user_cpu.c",line 105,column 9,is_stmt,isa 0
     979 000000ff E802          MOVIZ     R2H,#16969            ; [CPU_FPU] |105| 
         00000100 124A 
     980                      .dwpsn  file "../sources/dual_axis_servo_drive_user_cpu.c",line 104,column 9,is_stmt,isa 0
     981 00000101 E809          MOVXI     R3H,#15888            ; [CPU_FPU] |104| 
         00000102 F083 
     982                      .dwpsn  file "../sources/dual_axis_servo_drive_user_cpu.c",line 98,column 9,is_stmt,isa 0
     983 00000103 E203          MOV32     *+XAR2[AR0],R1H       ; [CPU_FPU] |98| 
         00000104 0192 
     984                      .dwpsn  file "../sources/dual_axis_servo_drive_user_cpu.c",line 104,column 9,is_stmt,isa 0
     985 00000105 D044          MOVB      XAR0,#68              ; [CPU_ALU] |104| 
     986                      .dwpsn  file "../sources/dual_axis_servo_drive_user_cpu.c",line 105,column 9,is_stmt,isa 0
     987 00000106 E808          MOVXI     R2H,#2010             ; [CPU_FPU] |105| 
         00000107 3ED2 
     988                      .dwpsn  file "../sources/dual_axis_servo_drive_user_cpu.c",line 112,column 9,is_stmt,isa 0
     989 00000108 E801          MOVIZ     R1H,#16243            ; [CPU_FPU] |112| 
         00000109 FB99 
     990                      .dwpsn  file "../sources/dual_axis_servo_drive_user_cpu.c",line 104,column 9,is_stmt,isa 0
     991 0000010a E203          MOV32     *+XAR2[AR0],R3H       ; [CPU_FPU] |104| 
         0000010b 0392 
     992                      .dwpsn  file "../sources/dual_axis_servo_drive_user_cpu.c",line 105,column 9,is_stmt,isa 0
     993 0000010c D046          MOVB      XAR0,#70              ; [CPU_ALU] |105| 
     994                      .dwpsn  file "../sources/dual_axis_servo_drive_user_cpu.c",line 112,column 9,is_stmt,isa 0
     995 0000010d E809          MOVXI     R1H,#13107            ; [CPU_FPU] |112| 
         0000010e 9999 
     996                      .dwpsn  file "../sources/dual_axis_servo_drive_user_cpu.c",line 105,column 9,is_stmt,isa 0
     997 0000010f E203          MOV32     *+XAR2[AR0],R2H       ; [CPU_FPU] |105| 
         00000110 0292 
     998                      .dwpsn  file "../sources/dual_axis_servo_drive_user_cpu.c",line 112,column 9,is_stmt,isa 0
     999 00000111 D00E          MOVB      XAR0,#14              ; [CPU_ALU] |112| 
    1000 00000112 E203          MOV32     *+XAR2[AR0],R1H       ; [CPU_FPU] |112| 
         00000113 0192 
    1001                      .dwpsn  file "../sources/dual_axis_servo_drive_user_cpu.c",line 70,column 9,is_stmt,isa 0
TMS320C2000 Assembler PC v22.6.2 Fri Jan  2 15:35:19 2026

Copyright (c) 1996-2018 Texas Instruments Incorporated
dual_axis_servo_drive_user_cpu.asm                                   PAGE   24

    1002 00000114 8D00          MOVL      XAR0,#450             ; [CPU_ALU] |70| 
         00000115 01C2 
    1003 00000116 2B92          MOV       *+XAR2[AR0],#0        ; [CPU_ALU] |70| 
    1004                      .dwpsn  file "../sources/dual_axis_servo_drive_user_cpu.c",line 149,column 9,is_stmt,isa 0
    1005 00000117 8D00          MOVL      XAR0,#442             ; [CPU_ALU] |149| 
         00000118 01BA 
    1006 00000119 56BF          MOVB      *+XAR2[AR0],#23,UNC   ; [CPU_ALU] |149| 
         0000011a 1792 
    1007                      .dwpsn  file "../sources/dual_axis_servo_drive_user_cpu.c",line 150,column 9,is_stmt,isa 0
    1008 0000011b 8D00          MOVL      XAR0,#443             ; [CPU_ALU] |150| 
         0000011c 01BB 
    1009 0000011d 56BF          MOVB      *+XAR2[AR0],#42,UNC   ; [CPU_ALU] |150| 
         0000011e 2A92 
    1010                      .dwpsn  file "../sources/dual_axis_servo_drive_user_cpu.c",line 151,column 9,is_stmt,isa 0
    1011 0000011f 8D00          MOVL      XAR0,#444             ; [CPU_ALU] |151| 
         00000120 01BC 
    1012 00000121 56BF          MOVB      *+XAR2[AR0],#5,UNC    ; [CPU_ALU] |151| 
         00000122 0592 
    1013                      .dwpsn  file "../sources/dual_axis_servo_drive_user_cpu.c",line 153,column 9,is_stmt,isa 0
    1014 00000123 8D00          MOVL      XAR0,#440             ; [CPU_ALU] |153| 
         00000124 01B8 
    1015 00000125 2892          MOV       *+XAR2[AR0],#2978     ; [CPU_ALU] |153| 
         00000126 0BA2 
    1016                      .dwpsn  file "../sources/dual_axis_servo_drive_user_cpu.c",line 156,column 9,is_stmt,isa 0
    1017 00000127 8D00          MOVL      XAR0,#441             ; [CPU_ALU] |156| 
         00000128 01B9 
    1018 00000129 2892          MOV       *+XAR2[AR0],#1118     ; [CPU_ALU] |156| 
         0000012a 045E 
    1019                      .dwpsn  file "../sources/dual_axis_servo_drive_user_cpu.c",line 165,column 9,is_stmt,isa 0
    1020 0000012b A042          MOVL      *-SP[2],XAR5          ; [CPU_ALU] |165| 
    1021 0000012c D500          MOVB      XAR5,#0               ; [CPU_ALU] |165| 
    1022 0000012d A844          MOVL      *-SP[4],XAR4          ; [CPU_ALU] |165| 
    1023 0000012e 8AA2          MOVL      XAR4,XAR2             ; [CPU_ALU] |165| 
    1024 0000012f 2B45          MOV       *-SP[5],#0            ; [CPU_ALU] |165| 
    1025              $C$DW$35        .dwtag  DW_TAG_TI_branch
    1026                      .dwattr $C$DW$35, DW_AT_low_pc(0x00)
    1027                      .dwattr $C$DW$35, DW_AT_name("FCL_initADC_2In")
    1028                      .dwattr $C$DW$35, DW_AT_TI_call
    1029              
    1030 00000130 7640!         LCR       #||FCL_initADC_2In||  ; [CPU_ALU] |165| 
         00000131 0000 
    1031                      ; call occurs [#||FCL_initADC_2In||] ; [] |165| 
    1032                      .dwpsn  file "../sources/dual_axis_servo_drive_user_cpu.c",line 169,column 9,is_stmt,isa 0
    1033 00000132 8D40          MOVL      XAR1,#427             ; [CPU_ALU] |169| 
         00000133 01AB 
    1034                      .dwpsn  file "../sources/dual_axis_servo_drive_user_cpu.c",line 171,column 9,is_stmt,isa 0
    1035 00000134 8D00          MOVL      XAR0,#404             ; [CPU_ALU] |171| 
         00000135 0194 
    1036 00000136 8F00          MOVL      XAR4,#2834            ; [CPU_ARAU] |171| 
         00000137 0B12 
    1037                      .dwpsn  file "../sources/dual_axis_servo_drive_user_cpu.c",line 169,column 9,is_stmt,isa 0
    1038 00000138 2B9A          MOV       *+XAR2[AR1],#0        ; [CPU_ALU] |169| 
    1039                      .dwpsn  file "../sources/dual_axis_servo_drive_user_cpu.c",line 171,column 9,is_stmt,isa 0
    1040 00000139 A892          MOVL      *+XAR2[AR0],XAR4      ; [CPU_ALU] |171| 
    1041 0000013a       ||$C$L9||:    
TMS320C2000 Assembler PC v22.6.2 Fri Jan  2 15:35:19 2026

Copyright (c) 1996-2018 Texas Instruments Incorporated
dual_axis_servo_drive_user_cpu.asm                                   PAGE   25

    1042                      .dwpsn  file "../sources/dual_axis_servo_drive_user_cpu.c",line 286,column 5,is_stmt,isa 0
    1043 0000013a 06D3          MOVL      ACC,*+XAR3[2]         ; [CPU_ALU] |286| 
    1044 0000013b 1E42          MOVL      *-SP[2],ACC           ; [CPU_ALU] |286| 
    1045 0000013c 8AA2          MOVL      XAR4,XAR2             ; [CPU_ALU] |286| 
    1046 0000013d 06E3          MOVL      ACC,*+XAR3[4]         ; [CPU_ALU] |286| 
    1047 0000013e 1E44          MOVL      *-SP[4],ACC           ; [CPU_ALU] |286| 
    1048 0000013f 06C3          MOVL      ACC,*+XAR3[0]         ; [CPU_ALU] |286| 
    1049              $C$DW$36        .dwtag  DW_TAG_TI_branch
    1050                      .dwattr $C$DW$36, DW_AT_low_pc(0x00)
    1051                      .dwattr $C$DW$36, DW_AT_name("FCL_initPWM")
    1052                      .dwattr $C$DW$36, DW_AT_TI_call
    1053              
    1054 00000140 7640!         LCR       #||FCL_initPWM||      ; [CPU_ALU] |286| 
         00000141 0000 
    1055                      ; call occurs [#||FCL_initPWM||] ; [] |286| 
    1056                      .dwpsn  file "../sources/dual_axis_servo_drive_user_cpu.c",line 290,column 5,is_stmt,isa 0
    1057 00000142 D00E          MOVB      XAR0,#14              ; [CPU_ALU] |290| 
    1058 00000143 8AA2          MOVL      XAR4,XAR2             ; [CPU_ALU] |290| 
    1059 00000144 0693          MOVL      ACC,*+XAR3[AR0]       ; [CPU_ALU] |290| 
    1060              $C$DW$37        .dwtag  DW_TAG_TI_branch
    1061                      .dwattr $C$DW$37, DW_AT_low_pc(0x00)
    1062                      .dwattr $C$DW$37, DW_AT_name("FCL_initQEP")
    1063                      .dwattr $C$DW$37, DW_AT_TI_call
    1064              
    1065 00000145 7640!         LCR       #||FCL_initQEP||      ; [CPU_ALU] |290| 
         00000146 0000 
    1066                      ; call occurs [#||FCL_initQEP||] ; [] |290| 
    1067 00000147 FE86          SUBB      SP,#6                 ; [CPU_ARAU] 
    1068                      .dwcfi  cfa_offset, -8
    1069 00000148 82BE          MOVL      XAR3,*--SP            ; [CPU_ALU] 
    1070                      .dwcfi  cfa_offset, -6
    1071                      .dwcfi  restore_reg, 11
    1072 00000149 86BE          MOVL      XAR2,*--SP            ; [CPU_ALU] 
    1073                      .dwcfi  cfa_offset, -4
    1074                      .dwcfi  restore_reg, 9
    1075 0000014a 8BBE          MOVL      XAR1,*--SP            ; [CPU_ALU] 
    1076                      .dwcfi  cfa_offset, -2
    1077                      .dwcfi  restore_reg, 7
    1078              $C$DW$38        .dwtag  DW_TAG_TI_branch
    1079                      .dwattr $C$DW$38, DW_AT_low_pc(0x00)
    1080                      .dwattr $C$DW$38, DW_AT_TI_return
    1081              
    1082 0000014b 0006          LRETR     ; [CPU_ALU] 
    1083                      ; return occurs ; [] 
    1084                      .dwattr $C$DW$30, DW_AT_TI_end_file("../sources/dual_axis_servo_drive_user_cpu.c")
    1085                      .dwattr $C$DW$30, DW_AT_TI_end_line(0x125)
    1086                      .dwattr $C$DW$30, DW_AT_TI_end_column(0x01)
    1087                      .dwendentry
    1088                      .dwendtag $C$DW$30
    1089              
    1090 00000000               .sect   ".text:initControlVars"
    1091                      .clink
    1092                      .global ||initControlVars||
    1093              
    1094              $C$DW$39        .dwtag  DW_TAG_subprogram
TMS320C2000 Assembler PC v22.6.2 Fri Jan  2 15:35:19 2026

Copyright (c) 1996-2018 Texas Instruments Incorporated
dual_axis_servo_drive_user_cpu.asm                                   PAGE   26

    1095                      .dwattr $C$DW$39, DW_AT_name("initControlVars")
    1096                      .dwattr $C$DW$39, DW_AT_low_pc(||initControlVars||)
    1097                      .dwattr $C$DW$39, DW_AT_high_pc(0x00)
    1098                      .dwattr $C$DW$39, DW_AT_linkage_name("initControlVars")
    1099                      .dwattr $C$DW$39, DW_AT_external
    1100                      .dwattr $C$DW$39, DW_AT_decl_file("../sources/dual_axis_servo_drive_user_cpu.c")
    1101                      .dwattr $C$DW$39, DW_AT_decl_line(0x12a)
    1102                      .dwattr $C$DW$39, DW_AT_decl_column(0x06)
    1103                      .dwattr $C$DW$39, DW_AT_TI_max_frame_size(-8)
    1104                      .dwpsn  file "../sources/dual_axis_servo_drive_user_cpu.c",line 299,column 1,is_stmt,address ||initCo
    1105              
    1106                      .dwfde $C$DW$CIE, ||initControlVars||
    1107              $C$DW$40        .dwtag  DW_TAG_formal_parameter
    1108                      .dwattr $C$DW$40, DW_AT_name("pMotor")
    1109                      .dwattr $C$DW$40, DW_AT_type(*$C$DW$T$138)
    1110                      .dwattr $C$DW$40, DW_AT_location[DW_OP_reg12]
    1111              
    1112              
    1113              ;***************************************************************
    1114              ;* FNAME: initControlVars               FR SIZE:   6           *
    1115              ;*                                                             *
    1116              ;* FUNCTION ENVIRONMENT                                        *
    1117              ;*                                                             *
    1118              ;* FUNCTION PROPERTIES                                         *
    1119              ;*                            0 Parameter,  0 Auto,  6 SOE     *
    1120              ;***************************************************************
    1121              
    1122              ||initControlVars||:
    1123              ;* AR4   assigned to pMotor
    1124              $C$DW$41        .dwtag  DW_TAG_variable
    1125                      .dwattr $C$DW$41, DW_AT_name("pMotor")
    1126                      .dwattr $C$DW$41, DW_AT_type(*$C$DW$T$139)
    1127                      .dwattr $C$DW$41, DW_AT_location[DW_OP_reg12]
    1128              
    1129                      .dwcfi  cfa_offset, -2
    1130                      .dwcfi  save_reg_to_mem, 26, 0
    1131 00000000 B2BD          MOVL      *SP++,XAR1            ; [CPU_ALU] 
    1132                      .dwcfi  save_reg_to_mem, 7, 2
    1133                      .dwcfi  cfa_offset, -4
    1134                      .dwpsn  file "../sources/dual_axis_servo_drive_user_cpu.c",line 343,column 5,is_stmt,isa 0
    1135 00000001 D00C          MOVB      XAR0,#12              ; [CPU_ALU] |343| 
    1136 00000002 E203          MOV32     *SP++,R4H             ; [CPU_FPU] 
         00000003 04BD 
    1137                      .dwcfi  save_reg_to_mem, 59, 4
    1138                      .dwcfi  cfa_offset, -6
    1139                      .dwpsn  file "../sources/dual_axis_servo_drive_user_cpu.c",line 351,column 5,is_stmt,isa 0
    1140 00000004 8D40          MOVL      XAR1,#330             ; [CPU_ALU] |351| 
         00000005 014A 
    1141 00000006 E203          MOV32     *SP++,R5H             ; [CPU_FPU] 
         00000007 05BD 
    1142                      .dwcfi  save_reg_to_mem, 63, 6
    1143                      .dwcfi  cfa_offset, -8
    1144                      .dwpsn  file "../sources/dual_axis_servo_drive_user_cpu.c",line 343,column 5,is_stmt,isa 0
    1145 00000008 E2AF          MOV32     R0H,*+XAR4[AR0]       ; [CPU_FPU] |343| 
         00000009 0094 
TMS320C2000 Assembler PC v22.6.2 Fri Jan  2 15:35:19 2026

Copyright (c) 1996-2018 Texas Instruments Incorporated
dual_axis_servo_drive_user_cpu.asm                                   PAGE   27

    1146 0000000a E850          MPYF32    R0H,R0H,#16840        ; [CPU_FPU] |343| 
         0000000b 7200 
    1147 0000000c 8D00          MOVL      XAR0,#298             ; [CPU_ALU] |343| 
         0000000d 012A 
    1148 0000000e E203          MOV32     *+XAR4[AR0],R0H       ; [CPU_FPU] |343| 
         0000000f 0094 
    1149                      .dwpsn  file "../sources/dual_axis_servo_drive_user_cpu.c",line 342,column 5,is_stmt,isa 0
    1150 00000010 E801          MOVIZ     R0H,#16256            ; [CPU_FPU] |342| 
         00000011 FC00 
    1151                      .dwpsn  file "../sources/dual_axis_servo_drive_user_cpu.c",line 351,column 5,is_stmt,isa 0
    1152 00000012 0694          MOVL      ACC,*+XAR4[AR0]       ; [CPU_ALU] |351| 
    1153                      .dwpsn  file "../sources/dual_axis_servo_drive_user_cpu.c",line 342,column 5,is_stmt,isa 0
    1154 00000013 8D00          MOVL      XAR0,#296             ; [CPU_ALU] |342| 
         00000014 0128 
    1155                      .dwpsn  file "../sources/dual_axis_servo_drive_user_cpu.c",line 351,column 5,is_stmt,isa 0
    1156 00000015 1E9C          MOVL      *+XAR4[AR1],ACC       ; [CPU_ALU] |351| 
    1157                      .dwpsn  file "../sources/dual_axis_servo_drive_user_cpu.c",line 342,column 5,is_stmt,isa 0
    1158 00000016 E203          MOV32     *+XAR4[AR0],R0H       ; [CPU_FPU] |342| 
         00000017 0094 
    1159                      .dwpsn  file "../sources/dual_axis_servo_drive_user_cpu.c",line 350,column 5,is_stmt,isa 0
    1160 00000018 0694          MOVL      ACC,*+XAR4[AR0]       ; [CPU_ALU] |350| 
    1161 00000019 8D00          MOVL      XAR0,#328             ; [CPU_ALU] |350| 
         0000001a 0148 
    1162 0000001b 1E94          MOVL      *+XAR4[AR0],ACC       ; [CPU_ALU] |350| 
    1163                      .dwpsn  file "../sources/dual_axis_servo_drive_user_cpu.c",line 352,column 5,is_stmt,isa 0
    1164 0000001c 8D00          MOVL      XAR0,#330             ; [CPU_ALU] |352| 
         0000001d 014A 
    1165 0000001e E2AF          MOV32     R0H,*+XAR4[AR0]       ; [CPU_FPU] |352| 
         0000001f 0094 
    1166 00000020 8D00          MOVL      XAR0,#328             ; [CPU_ALU] |352| 
         00000021 0148 
    1167 00000022 E84F          MPYF32    R0H,R0H,#16128        ; [CPU_FPU] |352| 
         00000023 C000 
    1168 00000024 E2AF          MOV32     R1H,*+XAR4[AR0]       ; [CPU_FPU] |352| 
         00000025 0194 
    1169                      .dwpsn  file "../sources/dual_axis_servo_drive_user_cpu.c",line 355,column 5,is_stmt,isa 0
    1170 00000026 8D00          MOVL      XAR0,#330             ; [CPU_ALU] |355| 
         00000027 014A 
    1171                      .dwpsn  file "../sources/dual_axis_servo_drive_user_cpu.c",line 352,column 5,is_stmt,isa 0
    1172              
    1173                      MOV32     R1H,*+XAR4[AR0]       ; [CPU_FPU] |355| 
    1174 00000028 E312  ||      ADDF32    R0H,R0H,R1H           ; [CPU_FPU] |352| 
         00000029 0194 
    1175              
    1176                      .dwpsn  file "../sources/dual_axis_servo_drive_user_cpu.c",line 355,column 5,is_stmt,isa 0
    1177 0000002a 8D00          MOVL      XAR0,#328             ; [CPU_ALU] |355| 
         0000002b 0148 
    1178 0000002c E84F          MPYF32    R2H,R1H,#16128        ; [CPU_FPU] |355| 
         0000002d C00A 
    1179 0000002e E2AF          MOV32     R1H,*+XAR4[AR0]       ; [CPU_FPU] |355| 
         0000002f 0194 
    1180                      .dwpsn  file "../sources/dual_axis_servo_drive_user_cpu.c",line 352,column 5,is_stmt,isa 0
    1181 00000030 8D00          MOVL      XAR0,#332             ; [CPU_ALU] |352| 
         00000031 014C 
    1182 00000032 E203          MOV32     *+XAR4[AR0],R0H       ; [CPU_FPU] |352| 
TMS320C2000 Assembler PC v22.6.2 Fri Jan  2 15:35:19 2026

Copyright (c) 1996-2018 Texas Instruments Incorporated
dual_axis_servo_drive_user_cpu.asm                                   PAGE   28

         00000033 0094 
    1183                      .dwpsn  file "../sources/dual_axis_servo_drive_user_cpu.c",line 324,column 5,is_stmt,isa 0
    1184 00000034 D00C          MOVB      XAR0,#12              ; [CPU_ALU] |324| 
    1185 00000035 E2AF          MOV32     R0H,*+XAR4[6]         ; [CPU_FPU] |324| 
         00000036 00F4 
    1186              
    1187                      MOV32     R1H,*+XAR4[AR0]       ; [CPU_FPU] |324| 
    1188 00000037 E322  ||      SUBF32    R2H,R2H,R1H           ; [CPU_FPU] |355| 
         00000038 9194 
    1189              
    1190                      .dwpsn  file "../sources/dual_axis_servo_drive_user_cpu.c",line 344,column 5,is_stmt,isa 0
    1191 00000039 8D00          MOVL      XAR0,#298             ; [CPU_ALU] |344| 
         0000003a 012A 
    1192                      .dwpsn  file "../sources/dual_axis_servo_drive_user_cpu.c",line 324,column 5,is_stmt,isa 0
    1193              
    1194                      MOV32     R0H,*+XAR4[AR0]       ; [CPU_FPU] |344| 
    1195 0000003b E300  ||      MPYF32    R5H,R1H,R0H           ; [CPU_FPU] |324| 
         0000003c 6894 
    1196              
    1197                      .dwpsn  file "../sources/dual_axis_servo_drive_user_cpu.c",line 344,column 5,is_stmt,isa 0
    1198 0000003d 8D00          MOVL      XAR0,#296             ; [CPU_ALU] |344| 
         0000003e 0128 
    1199 0000003f E84F          MPYF32    R0H,R0H,#16128        ; [CPU_FPU] |344| 
         00000040 C000 
    1200 00000041 E2AF          MOV32     R1H,*+XAR4[AR0]       ; [CPU_FPU] |344| 
         00000042 0194 
    1201                      .dwpsn  file "../sources/dual_axis_servo_drive_user_cpu.c",line 345,column 5,is_stmt,isa 0
    1202 00000043 8D00          MOVL      XAR0,#298             ; [CPU_ALU] |345| 
         00000044 012A 
    1203                      .dwpsn  file "../sources/dual_axis_servo_drive_user_cpu.c",line 344,column 5,is_stmt,isa 0
    1204              
    1205                      MOV32     R0H,*+XAR4[AR0]       ; [CPU_FPU] |345| 
    1206 00000045 E310  ||      ADDF32    R4H,R1H,R0H           ; [CPU_FPU] |344| 
         00000046 6094 
    1207              
    1208                      .dwpsn  file "../sources/dual_axis_servo_drive_user_cpu.c",line 345,column 5,is_stmt,isa 0
    1209 00000047 8D00          MOVL      XAR0,#296             ; [CPU_ALU] |345| 
         00000048 0128 
    1210 00000049 E84F          MPYF32    R1H,R0H,#16128        ; [CPU_FPU] |345| 
         0000004a C001 
    1211 0000004b E2AF          MOV32     R0H,*+XAR4[AR0]       ; [CPU_FPU] |345| 
         0000004c 0094 
    1212                      .dwpsn  file "../sources/dual_axis_servo_drive_user_cpu.c",line 365,column 5,is_stmt,isa 0
    1213 0000004d D00C          MOVB      XAR0,#12              ; [CPU_ALU] |365| 
    1214                      .dwpsn  file "../sources/dual_axis_servo_drive_user_cpu.c",line 345,column 5,is_stmt,isa 0
    1215 0000004e E720          SUBF32    R3H,R1H,R0H           ; [CPU_FPU] |345| 
         0000004f 000B 
    1216                      .dwpsn  file "../sources/dual_axis_servo_drive_user_cpu.c",line 365,column 5,is_stmt,isa 0
    1217 00000050 E802          MOVIZ     R0H,#16585            ; [CPU_FPU] |365| 
         00000051 0648 
    1218 00000052 E808          MOVXI     R0H,#4059             ; [CPU_FPU] |365| 
         00000053 7ED8 
    1219 00000054 E2AF          MOV32     R1H,*+XAR4[AR0]       ; [CPU_FPU] |365| 
         00000055 0194 
    1220 00000056 E700          MPYF32    R0H,R0H,R1H           ; [CPU_FPU] |365| 
TMS320C2000 Assembler PC v22.6.2 Fri Jan  2 15:35:19 2026

Copyright (c) 1996-2018 Texas Instruments Incorporated
dual_axis_servo_drive_user_cpu.asm                                   PAGE   29

         00000057 0040 
    1221 00000058 7700          NOP       ; [CPU_ALU] 
    1222 00000059 E850          MPYF32    R0H,R0H,#16544        ; [CPU_FPU] |365| 
         0000005a 2800 
    1223 0000005b 7700          NOP       ; [CPU_ALU] 
    1224 0000005c E88F          ADDF32    R0H,R0H,#16256        ; [CPU_FPU] |365| 
         0000005d E000 
    1225 0000005e 7700          NOP       ; [CPU_ALU] 
    1226 0000005f E801          MOVIZ     R1H,#16256            ; [CPU_FPU] |365| 
         00000060 FC01 
    1227 00000061 E274          DIVF32    R0H,R1H,R0H           ; [CPU_FPU] |365| 
         00000062 0008 
    1228 00000063 7700          NOP       ; [CPU_ALU] 
    1229 00000064 7700          NOP       ; [CPU_ALU] 
    1230 00000065 7700          NOP       ; [CPU_ALU] 
    1231 00000066 D0BA          MOVB      XAR0,#186             ; [CPU_ALU] |365| 
    1232 00000067 E203          MOV32     *+XAR4[AR0],R0H       ; [CPU_FPU] |365| 
         00000068 0094 
    1233                      .dwpsn  file "../sources/dual_axis_servo_drive_user_cpu.c",line 358,column 5,is_stmt,isa 0
    1234 00000069 D00E          MOVB      XAR0,#14              ; [CPU_ALU] |358| 
    1235 0000006a E801          MOVIZ     R0H,#16204            ; [CPU_FPU] |358| 
         0000006b FA60 
    1236 0000006c E2AF          MOV32     R1H,*+XAR4[AR0]       ; [CPU_FPU] |358| 
         0000006d 0194 
    1237 0000006e E80E          MOVXI     R0H,#52429            ; [CPU_FPU] |358| 
         0000006f 6668 
    1238 00000070 E700          MPYF32    R0H,R0H,R1H           ; [CPU_FPU] |358| 
         00000071 0040 
    1239 00000072 8D00          MOVL      XAR0,#336             ; [CPU_ALU] |358| 
         00000073 0150 
    1240 00000074 E203          MOV32     *+XAR4[AR0],R0H       ; [CPU_FPU] |358| 
         00000075 0094 
    1241                      .dwpsn  file "../sources/dual_axis_servo_drive_user_cpu.c",line 359,column 5,is_stmt,isa 0
    1242 00000076 D00E          MOVB      XAR0,#14              ; [CPU_ALU] |359| 
    1243 00000077 E805          MOVIZ     R0H,#48972            ; [CPU_FPU] |359| 
         00000078 FA60 
    1244 00000079 E80E          MOVXI     R0H,#52429            ; [CPU_FPU] |359| 
         0000007a 6668 
    1245 0000007b E2AF          MOV32     R1H,*+XAR4[AR0]       ; [CPU_FPU] |359| 
         0000007c 0194 
    1246 0000007d E700          MPYF32    R0H,R0H,R1H           ; [CPU_FPU] |359| 
         0000007e 0040 
    1247 0000007f 8D00          MOVL      XAR0,#338             ; [CPU_ALU] |359| 
         00000080 0152 
    1248 00000081 E203          MOV32     *+XAR4[AR0],R0H       ; [CPU_FPU] |359| 
         00000082 0094 
    1249                      .dwpsn  file "../sources/dual_axis_servo_drive_user_cpu.c",line 324,column 5,is_stmt,isa 0
    1250 00000083 D05C          MOVB      XAR0,#92              ; [CPU_ALU] |324| 
    1251                      .dwpsn  file "../sources/dual_axis_servo_drive_user_cpu.c",line 362,column 5,is_stmt,isa 0
    1252 00000084 E2AF          MOV32     R0H,*+XAR4[6]         ; [CPU_FPU] |362| 
         00000085 00F4 
    1253                      .dwpsn  file "../sources/dual_axis_servo_drive_user_cpu.c",line 324,column 5,is_stmt,isa 0
    1254 00000086 E203          MOV32     *+XAR4[AR0],R5H       ; [CPU_FPU] |324| 
         00000087 0594 
    1255                      .dwpsn  file "../sources/dual_axis_servo_drive_user_cpu.c",line 362,column 5,is_stmt,isa 0
TMS320C2000 Assembler PC v22.6.2 Fri Jan  2 15:35:19 2026

Copyright (c) 1996-2018 Texas Instruments Incorporated
dual_axis_servo_drive_user_cpu.asm                                   PAGE   30

    1256 00000088 D00C          MOVB      XAR0,#12              ; [CPU_ALU] |362| 
    1257 00000089 E2AF          MOV32     R1H,*+XAR4[AR0]       ; [CPU_FPU] |362| 
         0000008a 0194 
    1258 0000008b E700          MPYF32    R0H,R1H,R0H           ; [CPU_FPU] |362| 
         0000008c 0008 
    1259 0000008d 7700          NOP       ; [CPU_ALU] 
    1260 0000008e E801          MOVIZ     R1H,#16256            ; [CPU_FPU] |362| 
         0000008f FC01 
    1261 00000090 E274          DIVF32    R0H,R1H,R0H           ; [CPU_FPU] |362| 
         00000091 0008 
    1262 00000092 7700          NOP       ; [CPU_ALU] 
    1263 00000093 7700          NOP       ; [CPU_ALU] 
    1264 00000094 7700          NOP       ; [CPU_ALU] 
    1265 00000095 D0B8          MOVB      XAR0,#184             ; [CPU_ALU] |362| 
    1266 00000096 E203          MOV32     *+XAR4[AR0],R0H       ; [CPU_FPU] |362| 
         00000097 0094 
    1267                      .dwpsn  file "../sources/dual_axis_servo_drive_user_cpu.c",line 367,column 5,is_stmt,isa 0
    1268 00000098 E2AF          MOV32     R0H,*+XAR4[6]         ; [CPU_FPU] |367| 
         00000099 00F4 
    1269 0000009a E850          MPYF32    R1H,R0H,#17008        ; [CPU_FPU] |367| 
         0000009b 9C01 
    1270 0000009c D008          MOVB      XAR0,#8               ; [CPU_ALU] |367| 
    1271 0000009d E2AF          MOV32     R0H,*+XAR4[AR0]       ; [CPU_FPU] |367| 
         0000009e 0094 
    1272 0000009f E274          DIVF32    R0H,R1H,R0H           ; [CPU_FPU] |367| 
         000000a0 0008 
    1273 000000a1 7700          NOP       ; [CPU_ALU] 
    1274                      .dwpsn  file "../sources/dual_axis_servo_drive_user_cpu.c",line 313,column 5,is_stmt,isa 0
    1275 000000a2 8F40          MOVL      XAR5,#5000            ; [CPU_ARAU] |313| 
         000000a3 1388 
    1276                      .dwpsn  file "../sources/dual_axis_servo_drive_user_cpu.c",line 319,column 5,is_stmt,isa 0
    1277 000000a4 0201          MOVB      ACC,#1                ; [CPU_ALU] |319| 
    1278                      .dwpsn  file "../sources/dual_axis_servo_drive_user_cpu.c",line 313,column 5,is_stmt,isa 0
    1279 000000a5 A0D4          MOVL      *+XAR4[2],XAR5        ; [CPU_ALU] |313| 
    1280                      .dwpsn  file "../sources/dual_axis_servo_drive_user_cpu.c",line 367,column 5,is_stmt,isa 0
    1281 000000a6 E68A          F32TOUI32 R0H,R0H               ; [CPU_FPU] |367| 
         000000a7 0000 
    1282 000000a8 D0B6          MOVB      XAR0,#182             ; [CPU_ALU] |367| 
    1283 000000a9 E203          MOV32     *+XAR4[AR0],R0H       ; [CPU_FPU] |367| 
         000000aa 0094 
    1284                      .dwpsn  file "../sources/dual_axis_servo_drive_user_cpu.c",line 344,column 5,is_stmt,isa 0
    1285 000000ab 8D00          MOVL      XAR0,#300             ; [CPU_ALU] |344| 
         000000ac 012C 
    1286 000000ad E203          MOV32     *+XAR4[AR0],R4H       ; [CPU_FPU] |344| 
         000000ae 0494 
    1287                      .dwpsn  file "../sources/dual_axis_servo_drive_user_cpu.c",line 345,column 5,is_stmt,isa 0
    1288 000000af 8D00          MOVL      XAR0,#302             ; [CPU_ALU] |345| 
         000000b0 012E 
    1289 000000b1 E203          MOV32     *+XAR4[AR0],R3H       ; [CPU_FPU] |345| 
         000000b2 0394 
    1290                      .dwpsn  file "../sources/dual_axis_servo_drive_user_cpu.c",line 366,column 5,is_stmt,isa 0
    1291 000000b3 D0BA          MOVB      XAR0,#186             ; [CPU_ALU] |366| 
    1292 000000b4 E2AF          MOV32     R0H,*+XAR4[AR0]       ; [CPU_FPU] |366| 
         000000b5 0094 
    1293 000000b6 E8CF          SUBF32    R0H,#16256,R0H        ; [CPU_FPU] |366| 
TMS320C2000 Assembler PC v22.6.2 Fri Jan  2 15:35:19 2026

Copyright (c) 1996-2018 Texas Instruments Incorporated
dual_axis_servo_drive_user_cpu.asm                                   PAGE   31

         000000b7 E000 
    1294 000000b8 D0BC          MOVB      XAR0,#188             ; [CPU_ALU] |366| 
    1295 000000b9 E203          MOV32     *+XAR4[AR0],R0H       ; [CPU_FPU] |366| 
         000000ba 0094 
    1296                      .dwpsn  file "../sources/dual_axis_servo_drive_user_cpu.c",line 346,column 5,is_stmt,isa 0
    1297 000000bb D00E          MOVB      XAR0,#14              ; [CPU_ALU] |346| 
    1298 000000bc E2AF          MOV32     R0H,*+XAR4[AR0]       ; [CPU_FPU] |346| 
         000000bd 0094 
    1299 000000be E84F          MPYF32    R0H,R0H,#16128        ; [CPU_FPU] |346| 
         000000bf C000 
    1300 000000c0 8D00          MOVL      XAR0,#304             ; [CPU_ALU] |346| 
         000000c1 0130 
    1301 000000c2 E203          MOV32     *+XAR4[AR0],R0H       ; [CPU_FPU] |346| 
         000000c3 0094 
    1302                      .dwpsn  file "../sources/dual_axis_servo_drive_user_cpu.c",line 347,column 5,is_stmt,isa 0
    1303 000000c4 D00E          MOVB      XAR0,#14              ; [CPU_ALU] |347| 
    1304 000000c5 E2AF          MOV32     R0H,*+XAR4[AR0]       ; [CPU_FPU] |347| 
         000000c6 0094 
    1305 000000c7 E86F          MPYF32    R0H,R0H,#48896        ; [CPU_FPU] |347| 
         000000c8 C000 
    1306 000000c9 8D00          MOVL      XAR0,#306             ; [CPU_ALU] |347| 
         000000ca 0132 
    1307 000000cb E203          MOV32     *+XAR4[AR0],R0H       ; [CPU_FPU] |347| 
         000000cc 0094 
    1308                      .dwpsn  file "../sources/dual_axis_servo_drive_user_cpu.c",line 372,column 5,is_stmt,isa 0
    1309 000000cd D00C          MOVB      XAR0,#12              ; [CPU_ALU] |372| 
    1310 000000ce E2AF          MOV32     R0H,*+XAR4[AR0]       ; [CPU_FPU] |372| 
         000000cf 0094 
    1311 000000d0 E850          MPYF32    R0H,R0H,#16752        ; [CPU_FPU] |372| 
         000000d1 5C00 
    1312 000000d2 D0CC          MOVB      XAR0,#204             ; [CPU_ALU] |372| 
    1313 000000d3 E203          MOV32     *+XAR4[AR0],R0H       ; [CPU_FPU] |372| 
         000000d4 0094 
    1314                      .dwpsn  file "../sources/dual_axis_servo_drive_user_cpu.c",line 319,column 5,is_stmt,isa 0
    1315 000000d5 D068          MOVB      XAR0,#104             ; [CPU_ALU] |319| 
    1316                      .dwpsn  file "../sources/dual_axis_servo_drive_user_cpu.c",line 328,column 5,is_stmt,isa 0
    1317 000000d6 E801          MOVIZ     R0H,#16000            ; [CPU_FPU] |328| 
         000000d7 F400 
    1318                      .dwpsn  file "../sources/dual_axis_servo_drive_user_cpu.c",line 319,column 5,is_stmt,isa 0
    1319 000000d8 1E94          MOVL      *+XAR4[AR0],ACC       ; [CPU_ALU] |319| 
    1320                      .dwpsn  file "../sources/dual_axis_servo_drive_user_cpu.c",line 328,column 5,is_stmt,isa 0
    1321 000000d9 8D00          MOVL      XAR0,#268             ; [CPU_ALU] |328| 
         000000da 010C 
    1322 000000db E203          MOV32     *+XAR4[AR0],R0H       ; [CPU_FPU] |328| 
         000000dc 0094 
    1323                      .dwpsn  file "../sources/dual_axis_servo_drive_user_cpu.c",line 330,column 5,is_stmt,isa 0
    1324 000000dd 8D00          MOVL      XAR0,#272             ; [CPU_ALU] |330| 
         000000de 0110 
    1325 000000df E801          MOVIZ     R0H,#16256            ; [CPU_FPU] |330| 
         000000e0 FC00 
    1326 000000e1 E203          MOV32     *+XAR4[AR0],R0H       ; [CPU_FPU] |330| 
         000000e2 0094 
    1327                      .dwpsn  file "../sources/dual_axis_servo_drive_user_cpu.c",line 331,column 5,is_stmt,isa 0
    1328 000000e3 8D00          MOVL      XAR0,#274             ; [CPU_ALU] |331| 
         000000e4 0112 
TMS320C2000 Assembler PC v22.6.2 Fri Jan  2 15:35:19 2026

Copyright (c) 1996-2018 Texas Instruments Incorporated
dual_axis_servo_drive_user_cpu.asm                                   PAGE   32

    1329 000000e5 E805          MOVIZ     R0H,#49024            ; [CPU_FPU] |331| 
         000000e6 FC00 
    1330 000000e7 E203          MOV32     *+XAR4[AR0],R0H       ; [CPU_FPU] |331| 
         000000e8 0094 
    1331                      .dwpsn  file "../sources/dual_axis_servo_drive_user_cpu.c",line 320,column 5,is_stmt,isa 0
    1332 000000e9 D06A          MOVB      XAR0,#106             ; [CPU_ALU] |320| 
    1333 000000ea E805          MOVIZ     R0H,#49024            ; [CPU_FPU] |320| 
         000000eb FC00 
    1334 000000ec E203          MOV32     *+XAR4[AR0],R0H       ; [CPU_FPU] |320| 
         000000ed 0094 
    1335                      .dwpsn  file "../sources/dual_axis_servo_drive_user_cpu.c",line 321,column 5,is_stmt,isa 0
    1336 000000ee D06C          MOVB      XAR0,#108             ; [CPU_ALU] |321| 
    1337 000000ef E801          MOVIZ     R0H,#16256            ; [CPU_FPU] |321| 
         000000f0 FC00 
    1338 000000f1 E203          MOV32     *+XAR4[AR0],R0H       ; [CPU_FPU] |321| 
         000000f2 0094 
    1339                      .dwpsn  file "../sources/dual_axis_servo_drive_user_cpu.c",line 325,column 5,is_stmt,isa 0
    1340 000000f3 D060          MOVB      XAR0,#96              ; [CPU_ALU] |325| 
    1341 000000f4 E801          MOVIZ     R0H,#16256            ; [CPU_FPU] |325| 
         000000f5 FC00 
    1342 000000f6 E203          MOV32     *+XAR4[AR0],R0H       ; [CPU_FPU] |325| 
         000000f7 0094 
    1343                      .dwpsn  file "../sources/dual_axis_servo_drive_user_cpu.c",line 326,column 5,is_stmt,isa 0
    1344 000000f8 D064          MOVB      XAR0,#100             ; [CPU_ALU] |326| 
    1345 000000f9 E801          MOVIZ     R0H,#16256            ; [CPU_FPU] |326| 
         000000fa FC00 
    1346 000000fb E203          MOV32     *+XAR4[AR0],R0H       ; [CPU_FPU] |326| 
         000000fc 0094 
    1347                      .dwpsn  file "../sources/dual_axis_servo_drive_user_cpu.c",line 334,column 5,is_stmt,isa 0
    1348 000000fd D0EA          MOVB      XAR0,#234             ; [CPU_ALU] |334| 
    1349 000000fe E801          MOVIZ     R0H,#16000            ; [CPU_FPU] |334| 
         000000ff F400 
    1350 00000100 E203          MOV32     *+XAR4[AR0],R0H       ; [CPU_FPU] |334| 
         00000101 0094 
    1351                      .dwpsn  file "../sources/dual_axis_servo_drive_user_cpu.c",line 336,column 5,is_stmt,isa 0
    1352 00000102 D0EE          MOVB      XAR0,#238             ; [CPU_ALU] |336| 
    1353 00000103 E590          ZERO      R0H                   ; [CPU_FPU] |336| 
    1354 00000104 E203          MOV32     *+XAR4[AR0],R0H       ; [CPU_FPU] |336| 
         00000105 0094 
    1355                      .dwpsn  file "../sources/dual_axis_servo_drive_user_cpu.c",line 337,column 5,is_stmt,isa 0
    1356 00000106 D0E8          MOVB      XAR0,#232             ; [CPU_ALU] |337| 
    1357 00000107 E801          MOVIZ     R0H,#16256            ; [CPU_FPU] |337| 
         00000108 FC00 
    1358 00000109 E203          MOV32     *+XAR4[AR0],R0H       ; [CPU_FPU] |337| 
         0000010a 0094 
    1359                      .dwpsn  file "../sources/dual_axis_servo_drive_user_cpu.c",line 371,column 5,is_stmt,isa 0
    1360 0000010b D0CA          MOVB      XAR0,#202             ; [CPU_ALU] |371| 
    1361 0000010c E802          MOVIZ     R0H,#16752            ; [CPU_FPU] |371| 
         0000010d 0B80 
    1362 0000010e E203          MOV32     *+XAR4[AR0],R0H       ; [CPU_FPU] |371| 
         0000010f 0094 
    1363                      .dwpsn  file "../sources/dual_axis_servo_drive_user_cpu.c",line 373,column 5,is_stmt,isa 0
    1364 00000110 D0D0          MOVB      XAR0,#208             ; [CPU_ALU] |373| 
    1365 00000111 E801          MOVIZ     R0H,#16256            ; [CPU_FPU] |373| 
         00000112 FC00 
TMS320C2000 Assembler PC v22.6.2 Fri Jan  2 15:35:19 2026

Copyright (c) 1996-2018 Texas Instruments Incorporated
dual_axis_servo_drive_user_cpu.asm                                   PAGE   33

    1366 00000113 E203          MOV32     *+XAR4[AR0],R0H       ; [CPU_FPU] |373| 
         00000114 0094 
    1367                      .dwpsn  file "../sources/dual_axis_servo_drive_user_cpu.c",line 374,column 5,is_stmt,isa 0
    1368 00000115 D0D2          MOVB      XAR0,#210             ; [CPU_ALU] |374| 
    1369 00000116 E805          MOVIZ     R0H,#49024            ; [CPU_FPU] |374| 
         00000117 FC00 
    1370 00000118 E203          MOV32     *+XAR4[AR0],R0H       ; [CPU_FPU] |374| 
         00000119 0094 
    1371                      .dwpsn  file "../sources/dual_axis_servo_drive_user_cpu.c",line 375,column 5,is_stmt,isa 0
    1372 0000011a D0D6          MOVB      XAR0,#214             ; [CPU_ALU] |375| 
    1373 0000011b E590          ZERO      R0H                   ; [CPU_FPU] |375| 
    1374 0000011c E203          MOV32     *+XAR4[AR0],R0H       ; [CPU_FPU] |375| 
         0000011d 0094 
    1375                      .dwpsn  file "../sources/dual_axis_servo_drive_user_cpu.c",line 329,column 5,is_stmt,isa 0
    1376 0000011e 8D00          MOVL      XAR0,#270             ; [CPU_ALU] |329| 
         0000011f 010E 
    1377 00000120 E801          MOVIZ     R0H,#14979            ; [CPU_FPU] |329| 
         00000121 D418 
    1378 00000122 E808          MOVXI     R0H,#4719             ; [CPU_FPU] |329| 
         00000123 9378 
    1379 00000124 E203          MOV32     *+XAR4[AR0],R0H       ; [CPU_FPU] |329| 
         00000125 0094 
    1380                      .dwpsn  file "../sources/dual_axis_servo_drive_user_cpu.c",line 305,column 5,is_stmt,isa 0
    1381 00000126 D01E          MOVB      XAR0,#30              ; [CPU_ALU] |305| 
    1382 00000127 E801          MOVIZ     R0H,#15948            ; [CPU_FPU] |305| 
         00000128 F260 
    1383 00000129 E80E          MOVXI     R0H,#52429            ; [CPU_FPU] |305| 
         0000012a 6668 
    1384 0000012b E203          MOV32     *+XAR4[AR0],R0H       ; [CPU_FPU] |305| 
         0000012c 0094 
    1385                      .dwpsn  file "../sources/dual_axis_servo_drive_user_cpu.c",line 306,column 5,is_stmt,isa 0
    1386 0000012d D026          MOVB      XAR0,#38              ; [CPU_ALU] |306| 
    1387 0000012e E801          MOVIZ     R0H,#15820            ; [CPU_FPU] |306| 
         0000012f EE60 
    1388 00000130 E80E          MOVXI     R0H,#52429            ; [CPU_FPU] |306| 
         00000131 6668 
    1389 00000132 E203          MOV32     *+XAR4[AR0],R0H       ; [CPU_FPU] |306| 
         00000133 0094 
    1390                      .dwpsn  file "../sources/dual_axis_servo_drive_user_cpu.c",line 307,column 5,is_stmt,isa 0
    1391 00000134 D02C          MOVB      XAR0,#44              ; [CPU_ALU] |307| 
    1392 00000135 E801          MOVIZ     R0H,#15820            ; [CPU_FPU] |307| 
         00000136 EE60 
    1393 00000137 E80E          MOVXI     R0H,#52429            ; [CPU_FPU] |307| 
         00000138 6668 
    1394 00000139 E203          MOV32     *+XAR4[AR0],R0H       ; [CPU_FPU] |307| 
         0000013a 0094 
    1395                      .dwpsn  file "../sources/dual_axis_servo_drive_user_cpu.c",line 308,column 5,is_stmt,isa 0
    1396 0000013b D030          MOVB      XAR0,#48              ; [CPU_ALU] |308| 
    1397 0000013c E801          MOVIZ     R0H,#15523            ; [CPU_FPU] |308| 
         0000013d E518 
    1398 0000013e E80E          MOVXI     R0H,#55050            ; [CPU_FPU] |308| 
         0000013f B850 
    1399 00000140 E203          MOV32     *+XAR4[AR0],R0H       ; [CPU_FPU] |308| 
         00000141 0094 
    1400                      .dwpsn  file "../sources/dual_axis_servo_drive_user_cpu.c",line 335,column 5,is_stmt,isa 0
TMS320C2000 Assembler PC v22.6.2 Fri Jan  2 15:35:19 2026

Copyright (c) 1996-2018 Texas Instruments Incorporated
dual_axis_servo_drive_user_cpu.asm                                   PAGE   34

    1401 00000142 D0EC          MOVB      XAR0,#236             ; [CPU_ALU] |335| 
    1402 00000143 E801          MOVIZ     R0H,#14979            ; [CPU_FPU] |335| 
         00000144 D418 
    1403 00000145 E808          MOVXI     R0H,#4719             ; [CPU_FPU] |335| 
         00000146 9378 
    1404 00000147 E203          MOV32     *+XAR4[AR0],R0H       ; [CPU_FPU] |335| 
         00000148 0094 
    1405                      .dwpsn  file "../sources/dual_axis_servo_drive_user_cpu.c",line 338,column 5,is_stmt,isa 0
    1406 00000149 D0F2          MOVB      XAR0,#242             ; [CPU_ALU] |338| 
    1407 0000014a E801          MOVIZ     R0H,#16243            ; [CPU_FPU] |338| 
         0000014b FB98 
    1408 0000014c E809          MOVXI     R0H,#13107            ; [CPU_FPU] |338| 
         0000014d 9998 
    1409 0000014e E203          MOV32     *+XAR4[AR0],R0H       ; [CPU_FPU] |338| 
         0000014f 0094 
    1410                      .dwpsn  file "../sources/dual_axis_servo_drive_user_cpu.c",line 339,column 5,is_stmt,isa 0
    1411 00000150 D0F4          MOVB      XAR0,#244             ; [CPU_ALU] |339| 
    1412 00000151 E805          MOVIZ     R0H,#49011            ; [CPU_FPU] |339| 
         00000152 FB98 
    1413 00000153 E809          MOVXI     R0H,#13107            ; [CPU_FPU] |339| 
         00000154 9998 
    1414 00000155 E203          MOV32     *+XAR4[AR0],R0H       ; [CPU_FPU] |339| 
         00000156 0094 
    1415                      .dwpsn  file "../sources/dual_axis_servo_drive_user_cpu.c",line 300,column 5,is_stmt,isa 0
    1416 00000157 8D00          MOVL      XAR0,#446             ; [CPU_ALU] |300| 
         00000158 01BE 
    1417                      .dwpsn  file "../sources/dual_axis_servo_drive_user_cpu.c",line 314,column 5,is_stmt,isa 0
    1418 00000159 E801          MOVIZ     R0H,#14979            ; [CPU_FPU] |314| 
         0000015a D418 
    1419                      .dwpsn  file "../sources/dual_axis_servo_drive_user_cpu.c",line 300,column 5,is_stmt,isa 0
    1420 0000015b 2B94          MOV       *+XAR4[AR0],#0        ; [CPU_ALU] |300| 
    1421                      .dwpsn  file "../sources/dual_axis_servo_drive_user_cpu.c",line 301,column 5,is_stmt,isa 0
    1422 0000015c 8D00          MOVL      XAR0,#447             ; [CPU_ALU] |301| 
         0000015d 01BF 
    1423                      .dwpsn  file "../sources/dual_axis_servo_drive_user_cpu.c",line 314,column 5,is_stmt,isa 0
    1424 0000015e E808          MOVXI     R0H,#4719             ; [CPU_FPU] |314| 
         0000015f 9378 
    1425                      .dwpsn  file "../sources/dual_axis_servo_drive_user_cpu.c",line 301,column 5,is_stmt,isa 0
    1426 00000160 2B94          MOV       *+XAR4[AR0],#0        ; [CPU_ALU] |301| 
    1427                      .dwpsn  file "../sources/dual_axis_servo_drive_user_cpu.c",line 302,column 5,is_stmt,isa 0
    1428 00000161 8D00          MOVL      XAR0,#445             ; [CPU_ALU] |302| 
         00000162 01BD 
    1429                      .dwpsn  file "../sources/dual_axis_servo_drive_user_cpu.c",line 314,column 5,is_stmt,isa 0
    1430 00000163 E203          MOV32     *+XAR4[4],R0H         ; [CPU_FPU] |314| 
         00000164 00E4 
    1431                      .dwpsn  file "../sources/dual_axis_servo_drive_user_cpu.c",line 302,column 5,is_stmt,isa 0
    1432 00000165 2B94          MOV       *+XAR4[AR0],#0        ; [CPU_ALU] |302| 
    1433                      .dwpsn  file "../sources/dual_axis_servo_drive_user_cpu.c",line 310,column 5,is_stmt,isa 0
    1434 00000166 8D00          MOVL      XAR0,#437             ; [CPU_ALU] |310| 
         00000167 01B5 
    1435 00000168 2894          MOV       *+XAR4[AR0],#2000     ; [CPU_ALU] |310| 
         00000169 07D0 
    1436                      .dwpsn  file "../sources/dual_axis_servo_drive_user_cpu.c",line 376,column 5,is_stmt,isa 0
    1437 0000016a E2AF          MOV32     R0H,*+XAR4[6]         ; [CPU_FPU] |376| 
         0000016b 00F4 
TMS320C2000 Assembler PC v22.6.2 Fri Jan  2 15:35:19 2026

Copyright (c) 1996-2018 Texas Instruments Incorporated
dual_axis_servo_drive_user_cpu.asm                                   PAGE   35

    1438                      .dwpsn  file "../sources/dual_axis_servo_drive_user_cpu.c",line 311,column 5,is_stmt,isa 0
    1439 0000016c 8D00          MOVL      XAR0,#438             ; [CPU_ALU] |311| 
         0000016d 01B6 
    1440 0000016e 56BF          MOVB      *+XAR4[AR0],#2,UNC    ; [CPU_ALU] |311| 
         0000016f 0294 
    1441                      .dwpsn  file "../sources/dual_axis_servo_drive_user_cpu.c",line 312,column 5,is_stmt,isa 0
    1442 00000170 8D00          MOVL      XAR0,#439             ; [CPU_ALU] |312| 
         00000171 01B7 
    1443 00000172 2B94          MOV       *+XAR4[AR0],#0        ; [CPU_ALU] |312| 
    1444                      .dwpsn  file "../sources/dual_axis_servo_drive_user_cpu.c",line 315,column 5,is_stmt,isa 0
    1445 00000173 8D00          MOVL      XAR0,#428             ; [CPU_ALU] |315| 
         00000174 01AC 
    1446 00000175 56BF          MOVB      *+XAR4[AR0],#1,UNC    ; [CPU_ALU] |315| 
         00000176 0194 
    1447                      .dwpsn  file "../sources/dual_axis_servo_drive_user_cpu.c",line 378,column 5,is_stmt,isa 0
    1448 00000177 8D00          MOVL      XAR0,#434             ; [CPU_ALU] |378| 
         00000178 01B2 
    1449 00000179 56BF          MOVB      *+XAR4[AR0],#10,UNC   ; [CPU_ALU] |378| 
         0000017a 0A94 
    1450                      .dwpsn  file "../sources/dual_axis_servo_drive_user_cpu.c",line 376,column 5,is_stmt,isa 0
    1451 0000017b D00C          MOVB      XAR0,#12              ; [CPU_ALU] |376| 
    1452 0000017c E2AF          MOV32     R1H,*+XAR4[AR0]       ; [CPU_FPU] |376| 
         0000017d 0194 
    1453 0000017e E700          MPYF32    R0H,R1H,R0H           ; [CPU_FPU] |376| 
         0000017f 0008 
    1454 00000180 D0DC          MOVB      XAR0,#220             ; [CPU_ALU] |376| 
    1455 00000181 E203          MOV32     *+XAR4[AR0],R0H       ; [CPU_FPU] |376| 
         00000182 0094 
    1456                      .dwpsn  file "../sources/dual_axis_servo_drive_user_cpu.c",line 355,column 5,is_stmt,isa 0
    1457 00000183 8D00          MOVL      XAR0,#334             ; [CPU_ALU] |355| 
         00000184 014E 
    1458 00000185 E203          MOV32     *+XAR4[AR0],R2H       ; [CPU_FPU] |355| 
         00000186 0294 
    1459 00000187 E2AF          MOV32     R5H,*--SP             ; [CPU_FPU] 
         00000188 05BE 
    1460                      .dwcfi  cfa_offset, -6
    1461                      .dwcfi  restore_reg, 63
    1462 00000189 E2AF          MOV32     R4H,*--SP             ; [CPU_FPU] 
         0000018a 04BE 
    1463                      .dwcfi  cfa_offset, -4
    1464                      .dwcfi  restore_reg, 59
    1465 0000018b 8BBE          MOVL      XAR1,*--SP            ; [CPU_ALU] 
    1466                      .dwcfi  cfa_offset, -2
    1467                      .dwcfi  restore_reg, 7
    1468              $C$DW$42        .dwtag  DW_TAG_TI_branch
    1469                      .dwattr $C$DW$42, DW_AT_low_pc(0x00)
    1470                      .dwattr $C$DW$42, DW_AT_TI_return
    1471              
    1472 0000018c 0006          LRETR     ; [CPU_ALU] 
    1473                      ; return occurs ; [] 
    1474                      .dwattr $C$DW$39, DW_AT_TI_end_file("../sources/dual_axis_servo_drive_user_cpu.c")
    1475                      .dwattr $C$DW$39, DW_AT_TI_end_line(0x186)
    1476                      .dwattr $C$DW$39, DW_AT_TI_end_column(0x01)
    1477                      .dwendentry
    1478                      .dwendtag $C$DW$39
TMS320C2000 Assembler PC v22.6.2 Fri Jan  2 15:35:19 2026

Copyright (c) 1996-2018 Texas Instruments Incorporated
dual_axis_servo_drive_user_cpu.asm                                   PAGE   36

    1479              
    1480 00000000               .sect   ".text:__signbitl"
    1481                      .clink
    1482                      .global ||__signbitl||
    1483              
    1484              $C$DW$43        .dwtag  DW_TAG_subprogram
    1485                      .dwattr $C$DW$43, DW_AT_name("__signbitl")
    1486                      .dwattr $C$DW$43, DW_AT_low_pc(||__signbitl||)
    1487                      .dwattr $C$DW$43, DW_AT_high_pc(0x00)
    1488                      .dwattr $C$DW$43, DW_AT_linkage_name("__signbitl")
    1489                      .dwattr $C$DW$43, DW_AT_external
    1490                      .dwattr $C$DW$43, DW_AT_type(*$C$DW$T$10)
    1491                      .dwattr $C$DW$43, DW_AT_decl_file("C:/ti/ccs2031/ccs/tools/compiler/ti-cgt-c2000_22.6.2.LTS/include/_
    1492                      .dwattr $C$DW$43, DW_AT_decl_line(0x16f)
    1493                      .dwattr $C$DW$43, DW_AT_decl_column(0x18)
    1494                      .dwattr $C$DW$43, DW_AT_TI_max_frame_size(-6)
    1495                      .dwpsn  file "C:/ti/ccs2031/ccs/tools/compiler/ti-cgt-c2000_22.6.2.LTS/include/_defs.h",line 368,colu
    1496              
    1497                      .dwfde $C$DW$CIE, ||__signbitl||
    1498              $C$DW$44        .dwtag  DW_TAG_formal_parameter
    1499                      .dwattr $C$DW$44, DW_AT_name("e")
    1500                      .dwattr $C$DW$44, DW_AT_type(*$C$DW$T$175)
    1501                      .dwattr $C$DW$44, DW_AT_location[DW_OP_reg12]
    1502              
    1503              
    1504              ;***************************************************************
    1505              ;* FNAME: __signbitl                    FR SIZE:   4           *
    1506              ;*                                                             *
    1507              ;* FUNCTION ENVIRONMENT                                        *
    1508              ;*                                                             *
    1509              ;* FUNCTION PROPERTIES                                         *
    1510              ;*                            4 Parameter,  0 Auto,  0 SOE     *
    1511              ;***************************************************************
    1512              
    1513              ||__signbitl||:
    1514              ;* AR4   assigned to e
    1515              $C$DW$45        .dwtag  DW_TAG_variable
    1516                      .dwattr $C$DW$45, DW_AT_name("e")
    1517                      .dwattr $C$DW$45, DW_AT_type(*$C$DW$T$176)
    1518                      .dwattr $C$DW$45, DW_AT_location[DW_OP_reg12]
    1519              
    1520                      .dwcfi  cfa_offset, -2
    1521                      .dwcfi  save_reg_to_mem, 26, 0
    1522 00000000 FE04          ADDB      SP,#4                 ; [CPU_ARAU] 
    1523                      .dwcfi  cfa_offset, -6
    1524                      .dwpsn  file "C:/ti/ccs2031/ccs/tools/compiler/ti-cgt-c2000_22.6.2.LTS/include/_defs.h",line 368,colu
    1525 00000001 0200          MOVB      ACC,#0                ; [CPU_ALU] |368| 
    1526 00000002 1E44          MOVL      *-SP[4],ACC           ; [CPU_ALU] |368| 
    1527 00000003 2B42          MOV       *-SP[2],#0            ; [CPU_ALU] |368| 
    1528 00000004 2B41          MOV       *-SP[1],#0            ; [CPU_ALU] |368| 
    1529 00000005 A3C4          MOVL      P,*+XAR4[0]           ; [CPU_ALU] |368| 
    1530 00000006 06D4          MOVL      ACC,*+XAR4[2]         ; [CPU_ALU] |368| 
    1531 00000007 18AB          AND       PL,#0                 ; [CPU_ALU] |368| 
         00000008 0000 
    1532 00000009 18AA          AND       PH,#0                 ; [CPU_ALU] |368| 
TMS320C2000 Assembler PC v22.6.2 Fri Jan  2 15:35:19 2026

Copyright (c) 1996-2018 Texas Instruments Incorporated
dual_axis_servo_drive_user_cpu.asm                                   PAGE   37

         0000000a 0000 
    1533 0000000b 9000          ANDB      AL,#0                 ; [CPU_ALU] |368| 
    1534 0000000c 18A8          AND       AH,#32768             ; [CPU_ALU] |368| 
         0000000d 8000 
    1535              $C$DW$46        .dwtag  DW_TAG_TI_branch
    1536                      .dwattr $C$DW$46, DW_AT_low_pc(0x00)
    1537                      .dwattr $C$DW$46, DW_AT_name("__c28xabi_cmpull")
    1538                      .dwattr $C$DW$46, DW_AT_TI_call
    1539              
    1540 0000000e 7640!         LCR       #||__c28xabi_cmpull|| ; [CPU_ALU] |368| 
         0000000f 0000 
    1541                      ; call occurs [#||__c28xabi_cmpull||] ; [] |368| 
    1542 00000010 9B00          MOVB      AH,#0                 ; [CPU_ALU] |368| 
    1543 00000011 5200          CMPB      AL,#0                 ; [CPU_ALU] |368| 
    1544 00000012 56B0          MOVB      AH,#1,NEQ             ; [CPU_ALU] |368| 
         00000013 01A8 
    1545 00000014 92A8          MOV       AL,AH                 ; [CPU_ALU] |368| 
    1546 00000015 FE84          SUBB      SP,#4                 ; [CPU_ARAU] 
    1547                      .dwcfi  cfa_offset, -2
    1548              $C$DW$47        .dwtag  DW_TAG_TI_branch
    1549                      .dwattr $C$DW$47, DW_AT_low_pc(0x00)
    1550                      .dwattr $C$DW$47, DW_AT_TI_return
    1551              
    1552 00000016 0006          LRETR     ; [CPU_ALU] 
    1553                      ; return occurs ; [] 
    1554                      .dwattr $C$DW$43, DW_AT_TI_end_file("C:/ti/ccs2031/ccs/tools/compiler/ti-cgt-c2000_22.6.2.LTS/include
    1555                      .dwattr $C$DW$43, DW_AT_TI_end_line(0x170)
    1556                      .dwattr $C$DW$43, DW_AT_TI_end_column(0x2b)
    1557                      .dwendentry
    1558                      .dwendtag $C$DW$43
    1559              
    1560 00000000               .sect   ".text:__signbitf"
    1561                      .clink
    1562                      .global ||__signbitf||
    1563              
    1564              $C$DW$48        .dwtag  DW_TAG_subprogram
    1565                      .dwattr $C$DW$48, DW_AT_name("__signbitf")
    1566                      .dwattr $C$DW$48, DW_AT_low_pc(||__signbitf||)
    1567                      .dwattr $C$DW$48, DW_AT_high_pc(0x00)
    1568                      .dwattr $C$DW$48, DW_AT_linkage_name("__signbitf")
    1569                      .dwattr $C$DW$48, DW_AT_external
    1570                      .dwattr $C$DW$48, DW_AT_type(*$C$DW$T$10)
    1571                      .dwattr $C$DW$48, DW_AT_decl_file("C:/ti/ccs2031/ccs/tools/compiler/ti-cgt-c2000_22.6.2.LTS/include/_
    1572                      .dwattr $C$DW$48, DW_AT_decl_line(0x16d)
    1573                      .dwattr $C$DW$48, DW_AT_decl_column(0x18)
    1574                      .dwattr $C$DW$48, DW_AT_TI_max_frame_size(-2)
    1575                      .dwpsn  file "C:/ti/ccs2031/ccs/tools/compiler/ti-cgt-c2000_22.6.2.LTS/include/_defs.h",line 366,colu
    1576              
    1577                      .dwfde $C$DW$CIE, ||__signbitf||
    1578              $C$DW$49        .dwtag  DW_TAG_formal_parameter
    1579                      .dwattr $C$DW$49, DW_AT_name("f")
    1580                      .dwattr $C$DW$49, DW_AT_type(*$C$DW$T$16)
    1581                      .dwattr $C$DW$49, DW_AT_location[DW_OP_regx 0x2b]
    1582              
    1583              
TMS320C2000 Assembler PC v22.6.2 Fri Jan  2 15:35:19 2026

Copyright (c) 1996-2018 Texas Instruments Incorporated
dual_axis_servo_drive_user_cpu.asm                                   PAGE   38

    1584              ;***************************************************************
    1585              ;* FNAME: __signbitf                    FR SIZE:   0           *
    1586              ;*                                                             *
    1587              ;* FUNCTION ENVIRONMENT                                        *
    1588              ;*                                                             *
    1589              ;* FUNCTION PROPERTIES                                         *
    1590              ;*                            0 Parameter,  0 Auto,  0 SOE     *
    1591              ;***************************************************************
    1592              
    1593              ||__signbitf||:
    1594              ;* R0    assigned to f
    1595              $C$DW$50        .dwtag  DW_TAG_variable
    1596                      .dwattr $C$DW$50, DW_AT_name("f")
    1597                      .dwattr $C$DW$50, DW_AT_type(*$C$DW$T$170)
    1598                      .dwattr $C$DW$50, DW_AT_location[DW_OP_regx 0x2b]
    1599              
    1600                      .dwcfi  cfa_offset, -2
    1601                      .dwcfi  save_reg_to_mem, 26, 0
    1602                      .dwpsn  file "C:/ti/ccs2031/ccs/tools/compiler/ti-cgt-c2000_22.6.2.LTS/include/_defs.h",line 366,colu
    1603 00000000 BFA9          MOV32     ACC,R0H               ; [CPU_FPU] |366| 
         00000001 0F12 
    1604 00000002 BE00          MOVB      XAR6,#0               ; [CPU_ALU] |366| 
    1605 00000003 9000          ANDB      AL,#0                 ; [CPU_ALU] |366| 
    1606 00000004 18A8          AND       AH,#32768             ; [CPU_ALU] |366| 
         00000005 8000 
    1607 00000006 FF58          TEST      ACC                   ; [CPU_ALU] |366| 
    1608 00000007 56B0          MOVB      XAR6,#1,NEQ           ; [CPU_ALU] |366| 
         00000008 01A6 
    1609 00000009 92A6          MOV       AL,AR6                ; [CPU_ALU] |366| 
    1610              $C$DW$51        .dwtag  DW_TAG_TI_branch
    1611                      .dwattr $C$DW$51, DW_AT_low_pc(0x00)
    1612                      .dwattr $C$DW$51, DW_AT_TI_return
    1613              
    1614 0000000a 0006          LRETR     ; [CPU_ALU] 
    1615                      ; return occurs ; [] 
    1616                      .dwattr $C$DW$48, DW_AT_TI_end_file("C:/ti/ccs2031/ccs/tools/compiler/ti-cgt-c2000_22.6.2.LTS/include
    1617                      .dwattr $C$DW$48, DW_AT_TI_end_line(0x16e)
    1618                      .dwattr $C$DW$48, DW_AT_TI_end_column(0x29)
    1619                      .dwendentry
    1620                      .dwendtag $C$DW$48
    1621              
    1622 00000000               .sect   ".text:__signbit"
    1623                      .clink
    1624                      .global ||__signbit||
    1625              
    1626              $C$DW$52        .dwtag  DW_TAG_subprogram
    1627                      .dwattr $C$DW$52, DW_AT_name("__signbit")
    1628                      .dwattr $C$DW$52, DW_AT_low_pc(||__signbit||)
    1629                      .dwattr $C$DW$52, DW_AT_high_pc(0x00)
    1630                      .dwattr $C$DW$52, DW_AT_linkage_name("__signbit")
    1631                      .dwattr $C$DW$52, DW_AT_external
    1632                      .dwattr $C$DW$52, DW_AT_type(*$C$DW$T$10)
    1633                      .dwattr $C$DW$52, DW_AT_decl_file("C:/ti/ccs2031/ccs/tools/compiler/ti-cgt-c2000_22.6.2.LTS/include/_
    1634                      .dwattr $C$DW$52, DW_AT_decl_line(0x16b)
    1635                      .dwattr $C$DW$52, DW_AT_decl_column(0x18)
TMS320C2000 Assembler PC v22.6.2 Fri Jan  2 15:35:19 2026

Copyright (c) 1996-2018 Texas Instruments Incorporated
dual_axis_servo_drive_user_cpu.asm                                   PAGE   39

    1636                      .dwattr $C$DW$52, DW_AT_TI_max_frame_size(-6)
    1637                      .dwpsn  file "C:/ti/ccs2031/ccs/tools/compiler/ti-cgt-c2000_22.6.2.LTS/include/_defs.h",line 364,colu
    1638              
    1639                      .dwfde $C$DW$CIE, ||__signbit||
    1640              $C$DW$53        .dwtag  DW_TAG_formal_parameter
    1641                      .dwattr $C$DW$53, DW_AT_name("d")
    1642                      .dwattr $C$DW$53, DW_AT_type(*$C$DW$T$172)
    1643                      .dwattr $C$DW$53, DW_AT_location[DW_OP_reg12]
    1644              
    1645              
    1646              ;***************************************************************
    1647              ;* FNAME: __signbit                     FR SIZE:   4           *
    1648              ;*                                                             *
    1649              ;* FUNCTION ENVIRONMENT                                        *
    1650              ;*                                                             *
    1651              ;* FUNCTION PROPERTIES                                         *
    1652              ;*                            4 Parameter,  0 Auto,  0 SOE     *
    1653              ;***************************************************************
    1654              
    1655              ||__signbit||:
    1656              ;* AR4   assigned to d
    1657              $C$DW$54        .dwtag  DW_TAG_variable
    1658                      .dwattr $C$DW$54, DW_AT_name("d")
    1659                      .dwattr $C$DW$54, DW_AT_type(*$C$DW$T$173)
    1660                      .dwattr $C$DW$54, DW_AT_location[DW_OP_reg12]
    1661              
    1662                      .dwcfi  cfa_offset, -2
    1663                      .dwcfi  save_reg_to_mem, 26, 0
    1664 00000000 FE04          ADDB      SP,#4                 ; [CPU_ARAU] 
    1665                      .dwcfi  cfa_offset, -6
    1666                      .dwpsn  file "C:/ti/ccs2031/ccs/tools/compiler/ti-cgt-c2000_22.6.2.LTS/include/_defs.h",line 364,colu
    1667 00000001 0200          MOVB      ACC,#0                ; [CPU_ALU] |364| 
    1668 00000002 1E44          MOVL      *-SP[4],ACC           ; [CPU_ALU] |364| 
    1669 00000003 2B42          MOV       *-SP[2],#0            ; [CPU_ALU] |364| 
    1670 00000004 2B41          MOV       *-SP[1],#0            ; [CPU_ALU] |364| 
    1671 00000005 A3C4          MOVL      P,*+XAR4[0]           ; [CPU_ALU] |364| 
    1672 00000006 06D4          MOVL      ACC,*+XAR4[2]         ; [CPU_ALU] |364| 
    1673 00000007 18AB          AND       PL,#0                 ; [CPU_ALU] |364| 
         00000008 0000 
    1674 00000009 18AA          AND       PH,#0                 ; [CPU_ALU] |364| 
         0000000a 0000 
    1675 0000000b 9000          ANDB      AL,#0                 ; [CPU_ALU] |364| 
    1676 0000000c 18A8          AND       AH,#32768             ; [CPU_ALU] |364| 
         0000000d 8000 
    1677              $C$DW$55        .dwtag  DW_TAG_TI_branch
    1678                      .dwattr $C$DW$55, DW_AT_low_pc(0x00)
    1679                      .dwattr $C$DW$55, DW_AT_name("__c28xabi_cmpull")
    1680                      .dwattr $C$DW$55, DW_AT_TI_call
    1681              
    1682 0000000e 7640!         LCR       #||__c28xabi_cmpull|| ; [CPU_ALU] |364| 
         0000000f 0000 
    1683                      ; call occurs [#||__c28xabi_cmpull||] ; [] |364| 
    1684 00000010 9B00          MOVB      AH,#0                 ; [CPU_ALU] |364| 
    1685 00000011 5200          CMPB      AL,#0                 ; [CPU_ALU] |364| 
    1686 00000012 56B0          MOVB      AH,#1,NEQ             ; [CPU_ALU] |364| 
TMS320C2000 Assembler PC v22.6.2 Fri Jan  2 15:35:19 2026

Copyright (c) 1996-2018 Texas Instruments Incorporated
dual_axis_servo_drive_user_cpu.asm                                   PAGE   40

         00000013 01A8 
    1687 00000014 92A8          MOV       AL,AH                 ; [CPU_ALU] |364| 
    1688 00000015 FE84          SUBB      SP,#4                 ; [CPU_ARAU] 
    1689                      .dwcfi  cfa_offset, -2
    1690              $C$DW$56        .dwtag  DW_TAG_TI_branch
    1691                      .dwattr $C$DW$56, DW_AT_low_pc(0x00)
    1692                      .dwattr $C$DW$56, DW_AT_TI_return
    1693              
    1694 00000016 0006          LRETR     ; [CPU_ALU] 
    1695                      ; return occurs ; [] 
    1696                      .dwattr $C$DW$52, DW_AT_TI_end_file("C:/ti/ccs2031/ccs/tools/compiler/ti-cgt-c2000_22.6.2.LTS/include
    1697                      .dwattr $C$DW$52, DW_AT_TI_end_line(0x16c)
    1698                      .dwattr $C$DW$52, DW_AT_TI_end_column(0x2a)
    1699                      .dwendentry
    1700                      .dwendtag $C$DW$52
    1701              
    1702 00000000               .sect   ".text:__relaxed_sqrtf"
    1703                      .clink
    1704                      .global ||__relaxed_sqrtf||
    1705              
    1706              $C$DW$57        .dwtag  DW_TAG_subprogram
    1707                      .dwattr $C$DW$57, DW_AT_name("__relaxed_sqrtf")
    1708                      .dwattr $C$DW$57, DW_AT_low_pc(||__relaxed_sqrtf||)
    1709                      .dwattr $C$DW$57, DW_AT_high_pc(0x00)
    1710                      .dwattr $C$DW$57, DW_AT_linkage_name("__relaxed_sqrtf")
    1711                      .dwattr $C$DW$57, DW_AT_external
    1712                      .dwattr $C$DW$57, DW_AT_type(*$C$DW$T$16)
    1713                      .dwattr $C$DW$57, DW_AT_decl_file("C:/ti/ccs2031/ccs/tools/compiler/ti-cgt-c2000_22.6.2.LTS/include/m
    1714                      .dwattr $C$DW$57, DW_AT_decl_line(0x103)
    1715                      .dwattr $C$DW$57, DW_AT_decl_column(0x10)
    1716                      .dwattr $C$DW$57, DW_AT_TI_max_frame_size(-2)
    1717                      .dwpsn  file "C:/ti/ccs2031/ccs/tools/compiler/ti-cgt-c2000_22.6.2.LTS/include/math.h",line 260,colum
    1718              
    1719                      .dwfde $C$DW$CIE, ||__relaxed_sqrtf||
    1720              $C$DW$58        .dwtag  DW_TAG_formal_parameter
    1721                      .dwattr $C$DW$58, DW_AT_name("x")
    1722                      .dwattr $C$DW$58, DW_AT_type(*$C$DW$T$16)
    1723                      .dwattr $C$DW$58, DW_AT_location[DW_OP_regx 0x2b]
    1724              
    1725              
    1726              ;***************************************************************
    1727              ;* FNAME: __relaxed_sqrtf               FR SIZE:   0           *
    1728              ;*                                                             *
    1729              ;* FUNCTION ENVIRONMENT                                        *
    1730              ;*                                                             *
    1731              ;* FUNCTION PROPERTIES                                         *
    1732              ;*                            0 Parameter,  0 Auto,  0 SOE     *
    1733              ;***************************************************************
    1734              
    1735              ||__relaxed_sqrtf||:
    1736              ;* R0    assigned to x
    1737              $C$DW$59        .dwtag  DW_TAG_variable
    1738                      .dwattr $C$DW$59, DW_AT_name("x")
    1739                      .dwattr $C$DW$59, DW_AT_type(*$C$DW$T$170)
    1740                      .dwattr $C$DW$59, DW_AT_location[DW_OP_regx 0x2b]
TMS320C2000 Assembler PC v22.6.2 Fri Jan  2 15:35:19 2026

Copyright (c) 1996-2018 Texas Instruments Incorporated
dual_axis_servo_drive_user_cpu.asm                                   PAGE   41

    1741              
    1742                      .dwcfi  cfa_offset, -2
    1743                      .dwcfi  save_reg_to_mem, 26, 0
    1744                      .dwpsn  file "C:/ti/ccs2031/ccs/tools/compiler/ti-cgt-c2000_22.6.2.LTS/include/math.h",line 261,colum
    1745 00000000 E277          SQRTF32   R0H,R0H               ; [CPU_FPU] |261| 
         00000001 0000 
    1746 00000002 7700          NOP       ; [CPU_ALU] 
    1747 00000003 7700          NOP       ; [CPU_ALU] 
    1748 00000004 7700          NOP       ; [CPU_ALU] 
    1749              $C$DW$60        .dwtag  DW_TAG_TI_branch
    1750                      .dwattr $C$DW$60, DW_AT_low_pc(0x00)
    1751                      .dwattr $C$DW$60, DW_AT_TI_return
    1752              
    1753 00000005 0006          LRETR     ; [CPU_ALU] 
    1754                      ; return occurs ; [] 
    1755                      .dwattr $C$DW$57, DW_AT_TI_end_file("C:/ti/ccs2031/ccs/tools/compiler/ti-cgt-c2000_22.6.2.LTS/include
    1756                      .dwattr $C$DW$57, DW_AT_TI_end_line(0x106)
    1757                      .dwattr $C$DW$57, DW_AT_TI_end_column(0x01)
    1758                      .dwendentry
    1759                      .dwendtag $C$DW$57
    1760              
    1761 00000000               .sect   ".text:__relaxed_sinf"
    1762                      .clink
    1763                      .global ||__relaxed_sinf||
    1764              
    1765              $C$DW$61        .dwtag  DW_TAG_subprogram
    1766                      .dwattr $C$DW$61, DW_AT_name("__relaxed_sinf")
    1767                      .dwattr $C$DW$61, DW_AT_low_pc(||__relaxed_sinf||)
    1768                      .dwattr $C$DW$61, DW_AT_high_pc(0x00)
    1769                      .dwattr $C$DW$61, DW_AT_linkage_name("__relaxed_sinf")
    1770                      .dwattr $C$DW$61, DW_AT_external
    1771                      .dwattr $C$DW$61, DW_AT_type(*$C$DW$T$16)
    1772                      .dwattr $C$DW$61, DW_AT_decl_file("C:/ti/ccs2031/ccs/tools/compiler/ti-cgt-c2000_22.6.2.LTS/include/m
    1773                      .dwattr $C$DW$61, DW_AT_decl_line(0x108)
    1774                      .dwattr $C$DW$61, DW_AT_decl_column(0x10)
    1775                      .dwattr $C$DW$61, DW_AT_TI_max_frame_size(-2)
    1776                      .dwpsn  file "C:/ti/ccs2031/ccs/tools/compiler/ti-cgt-c2000_22.6.2.LTS/include/math.h",line 265,colum
    1777              
    1778                      .dwfde $C$DW$CIE, ||__relaxed_sinf||
    1779              $C$DW$62        .dwtag  DW_TAG_formal_parameter
    1780                      .dwattr $C$DW$62, DW_AT_name("x")
    1781                      .dwattr $C$DW$62, DW_AT_type(*$C$DW$T$16)
    1782                      .dwattr $C$DW$62, DW_AT_location[DW_OP_regx 0x2b]
    1783              
    1784              
    1785              ;***************************************************************
    1786              ;* FNAME: __relaxed_sinf                FR SIZE:   0           *
    1787              ;*                                                             *
    1788              ;* FUNCTION ENVIRONMENT                                        *
    1789              ;*                                                             *
    1790              ;* FUNCTION PROPERTIES                                         *
    1791              ;*                            0 Parameter,  0 Auto,  0 SOE     *
    1792              ;***************************************************************
    1793              
    1794              ||__relaxed_sinf||:
TMS320C2000 Assembler PC v22.6.2 Fri Jan  2 15:35:19 2026

Copyright (c) 1996-2018 Texas Instruments Incorporated
dual_axis_servo_drive_user_cpu.asm                                   PAGE   42

    1795              ;* R0    assigned to x
    1796              $C$DW$63        .dwtag  DW_TAG_variable
    1797                      .dwattr $C$DW$63, DW_AT_name("x")
    1798                      .dwattr $C$DW$63, DW_AT_type(*$C$DW$T$170)
    1799                      .dwattr $C$DW$63, DW_AT_location[DW_OP_regx 0x2b]
    1800              
    1801                      .dwcfi  cfa_offset, -2
    1802                      .dwcfi  save_reg_to_mem, 26, 0
    1803                      .dwpsn  file "C:/ti/ccs2031/ccs/tools/compiler/ti-cgt-c2000_22.6.2.LTS/include/math.h",line 266,colum
    1804 00000000 E271          DIV2PIF32 R0H,R0H               ; [CPU_FPU] |266| 
         00000001 0000 
    1805 00000002 7700          NOP       ; [CPU_ALU] 
    1806 00000003 E278          SINPUF32  R0H,R0H               ; [CPU_FPU] |266| 
         00000004 0000 
    1807 00000005 7700          NOP       ; [CPU_ALU] 
    1808 00000006 7700          NOP       ; [CPU_ALU] 
    1809              $C$DW$64        .dwtag  DW_TAG_TI_branch
    1810                      .dwattr $C$DW$64, DW_AT_low_pc(0x00)
    1811                      .dwattr $C$DW$64, DW_AT_TI_return
    1812              
    1813 00000007 0006          LRETR     ; [CPU_ALU] 
    1814                      ; return occurs ; [] 
    1815                      .dwattr $C$DW$61, DW_AT_TI_end_file("C:/ti/ccs2031/ccs/tools/compiler/ti-cgt-c2000_22.6.2.LTS/include
    1816                      .dwattr $C$DW$61, DW_AT_TI_end_line(0x10b)
    1817                      .dwattr $C$DW$61, DW_AT_TI_end_column(0x01)
    1818                      .dwendentry
    1819                      .dwendtag $C$DW$61
    1820              
    1821 00000000               .sect   ".text:__relaxed_powf"
    1822                      .clink
    1823                      .global ||__relaxed_powf||
    1824              
    1825              $C$DW$65        .dwtag  DW_TAG_subprogram
    1826                      .dwattr $C$DW$65, DW_AT_name("__relaxed_powf")
    1827                      .dwattr $C$DW$65, DW_AT_low_pc(||__relaxed_powf||)
    1828                      .dwattr $C$DW$65, DW_AT_high_pc(0x00)
    1829                      .dwattr $C$DW$65, DW_AT_linkage_name("__relaxed_powf")
    1830                      .dwattr $C$DW$65, DW_AT_external
    1831                      .dwattr $C$DW$65, DW_AT_type(*$C$DW$T$16)
    1832                      .dwattr $C$DW$65, DW_AT_decl_file("C:/ti/ccs2031/ccs/tools/compiler/ti-cgt-c2000_22.6.2.LTS/include/m
    1833                      .dwattr $C$DW$65, DW_AT_decl_line(0x13b)
    1834                      .dwattr $C$DW$65, DW_AT_decl_column(0x10)
    1835                      .dwattr $C$DW$65, DW_AT_TI_max_frame_size(-4)
    1836                      .dwpsn  file "C:/ti/ccs2031/ccs/tools/compiler/ti-cgt-c2000_22.6.2.LTS/include/math.h",line 316,colum
    1837              
    1838                      .dwfde $C$DW$CIE, ||__relaxed_powf||
    1839              $C$DW$66        .dwtag  DW_TAG_formal_parameter
    1840                      .dwattr $C$DW$66, DW_AT_name("x")
    1841                      .dwattr $C$DW$66, DW_AT_type(*$C$DW$T$16)
    1842                      .dwattr $C$DW$66, DW_AT_location[DW_OP_regx 0x2b]
    1843              
    1844              $C$DW$67        .dwtag  DW_TAG_formal_parameter
    1845                      .dwattr $C$DW$67, DW_AT_name("y")
    1846                      .dwattr $C$DW$67, DW_AT_type(*$C$DW$T$16)
    1847                      .dwattr $C$DW$67, DW_AT_location[DW_OP_regx 0x2f]
TMS320C2000 Assembler PC v22.6.2 Fri Jan  2 15:35:19 2026

Copyright (c) 1996-2018 Texas Instruments Incorporated
dual_axis_servo_drive_user_cpu.asm                                   PAGE   43

    1848              
    1849              
    1850              ;***************************************************************
    1851              ;* FNAME: __relaxed_powf                FR SIZE:   2           *
    1852              ;*                                                             *
    1853              ;* FUNCTION ENVIRONMENT                                        *
    1854              ;*                                                             *
    1855              ;* FUNCTION PROPERTIES                                         *
    1856              ;*                            2 Parameter,  0 Auto,  0 SOE     *
    1857              ;***************************************************************
    1858              
    1859              ||__relaxed_powf||:
    1860              ;* R1    assigned to $O$C2
    1861              ;* R0    assigned to $O$K4
    1862              ;* R0    assigned to $O$R1
    1863              ;* R0    assigned to x
    1864              $C$DW$68        .dwtag  DW_TAG_variable
    1865                      .dwattr $C$DW$68, DW_AT_name("x")
    1866                      .dwattr $C$DW$68, DW_AT_type(*$C$DW$T$170)
    1867                      .dwattr $C$DW$68, DW_AT_location[DW_OP_regx 0x2b]
    1868              
    1869              ;* R1    assigned to y
    1870              $C$DW$69        .dwtag  DW_TAG_variable
    1871                      .dwattr $C$DW$69, DW_AT_name("y")
    1872                      .dwattr $C$DW$69, DW_AT_type(*$C$DW$T$170)
    1873                      .dwattr $C$DW$69, DW_AT_location[DW_OP_regx 0x2f]
    1874              
    1875              ;* R0    assigned to iexp2f
    1876              $C$DW$70        .dwtag  DW_TAG_variable
    1877                      .dwattr $C$DW$70, DW_AT_name("iexp2f")
    1878                      .dwattr $C$DW$70, DW_AT_type(*$C$DW$T$16)
    1879                      .dwattr $C$DW$70, DW_AT_location[DW_OP_regx 0x2b]
    1880              
    1881                      .dwcfi  cfa_offset, -2
    1882                      .dwcfi  save_reg_to_mem, 26, 0
    1883 00000000 FE02          ADDB      SP,#2                 ; [CPU_ARAU] 
    1884                      .dwcfi  cfa_offset, -4
    1885                      .dwpsn  file "C:/ti/ccs2031/ccs/tools/compiler/ti-cgt-c2000_22.6.2.LTS/include/math.h",line 298,colum
    1886 00000001 E272          LOG2F32   R0H,R0H               ; [CPU_FPU] |298| 
         00000002 0000 
    1887 00000003 7700          NOP       ; [CPU_ALU] 
    1888 00000004 7700          NOP       ; [CPU_ALU] 
    1889 00000005 7700          NOP       ; [CPU_ALU] 
    1890 00000006 E700          MPYF32    R1H,R1H,R0H           ; [CPU_FPU] |298| 
         00000007 0009 
    1891 00000008 7700          NOP       ; [CPU_ALU] 
    1892                      .dwpsn  file "C:/ti/ccs2031/ccs/tools/compiler/ti-cgt-c2000_22.6.2.LTS/include/math.h",line 299,colum
    1893 00000009 E5A1          CMPF32    R1H,#0                ; [CPU_FPU] |299| 
    1894 0000000a AD14          MOVST0    ZF, NF                ; [CPU_FPU] |299| 
    1895                      .dwpsn  file "C:/ti/ccs2031/ccs/tools/compiler/ti-cgt-c2000_22.6.2.LTS/include/math.h",line 298,colum
    1896 0000000b E273          IEXP2F32  R0H,R1H               ; [CPU_FPU] |298| 
         0000000c 0008 
    1897                      .dwpsn  file "C:/ti/ccs2031/ccs/tools/compiler/ti-cgt-c2000_22.6.2.LTS/include/math.h",line 299,colum
    1898 0000000d 6507          B         ||$C$L10||,LEQ        ; [CPU_ALU] |299| 
    1899                      ; branchcc occurs ; [] |299| 
TMS320C2000 Assembler PC v22.6.2 Fri Jan  2 15:35:19 2026

Copyright (c) 1996-2018 Texas Instruments Incorporated
dual_axis_servo_drive_user_cpu.asm                                   PAGE   44

    1900 0000000e E801          MOVIZ     R1H,#16256            ; [CPU_FPU] |299| 
         0000000f FC01 
    1901 00000010 E274          DIVF32    R0H,R1H,R0H           ; [CPU_FPU] |299| 
         00000011 0008 
    1902 00000012 7700          NOP       ; [CPU_ALU] 
    1903 00000013 7700          NOP       ; [CPU_ALU] 
    1904 00000014       ||$C$L10||:    
    1905 00000014 FE82          SUBB      SP,#2                 ; [CPU_ARAU] 
    1906                      .dwcfi  cfa_offset, -2
    1907              $C$DW$71        .dwtag  DW_TAG_TI_branch
    1908                      .dwattr $C$DW$71, DW_AT_low_pc(0x00)
    1909                      .dwattr $C$DW$71, DW_AT_TI_return
    1910              
    1911 00000015 0006          LRETR     ; [CPU_ALU] 
    1912                      ; return occurs ; [] 
    1913                      .dwattr $C$DW$65, DW_AT_TI_end_file("C:/ti/ccs2031/ccs/tools/compiler/ti-cgt-c2000_22.6.2.LTS/include
    1914                      .dwattr $C$DW$65, DW_AT_TI_end_line(0x141)
    1915                      .dwattr $C$DW$65, DW_AT_TI_end_column(0x01)
    1916                      .dwendentry
    1917                      .dwendtag $C$DW$65
    1918              
    1919 00000000               .sect   ".text:__relaxed_logf"
    1920                      .clink
    1921                      .global ||__relaxed_logf||
    1922              
    1923              $C$DW$72        .dwtag  DW_TAG_subprogram
    1924                      .dwattr $C$DW$72, DW_AT_name("__relaxed_logf")
    1925                      .dwattr $C$DW$72, DW_AT_low_pc(||__relaxed_logf||)
    1926                      .dwattr $C$DW$72, DW_AT_high_pc(0x00)
    1927                      .dwattr $C$DW$72, DW_AT_linkage_name("__relaxed_logf")
    1928                      .dwattr $C$DW$72, DW_AT_external
    1929                      .dwattr $C$DW$72, DW_AT_type(*$C$DW$T$16)
    1930                      .dwattr $C$DW$72, DW_AT_decl_file("C:/ti/ccs2031/ccs/tools/compiler/ti-cgt-c2000_22.6.2.LTS/include/m
    1931                      .dwattr $C$DW$72, DW_AT_decl_line(0x135)
    1932                      .dwattr $C$DW$72, DW_AT_decl_column(0x10)
    1933                      .dwattr $C$DW$72, DW_AT_TI_max_frame_size(-2)
    1934                      .dwpsn  file "C:/ti/ccs2031/ccs/tools/compiler/ti-cgt-c2000_22.6.2.LTS/include/math.h",line 310,colum
    1935              
    1936                      .dwfde $C$DW$CIE, ||__relaxed_logf||
    1937              $C$DW$73        .dwtag  DW_TAG_formal_parameter
    1938                      .dwattr $C$DW$73, DW_AT_name("x")
    1939                      .dwattr $C$DW$73, DW_AT_type(*$C$DW$T$16)
    1940                      .dwattr $C$DW$73, DW_AT_location[DW_OP_regx 0x2b]
    1941              
    1942              
    1943              ;***************************************************************
    1944              ;* FNAME: __relaxed_logf                FR SIZE:   0           *
    1945              ;*                                                             *
    1946              ;* FUNCTION ENVIRONMENT                                        *
    1947              ;*                                                             *
    1948              ;* FUNCTION PROPERTIES                                         *
    1949              ;*                            0 Parameter,  0 Auto,  0 SOE     *
    1950              ;***************************************************************
    1951              
    1952              ||__relaxed_logf||:
TMS320C2000 Assembler PC v22.6.2 Fri Jan  2 15:35:19 2026

Copyright (c) 1996-2018 Texas Instruments Incorporated
dual_axis_servo_drive_user_cpu.asm                                   PAGE   45

    1953              ;* R0    assigned to x
    1954              $C$DW$74        .dwtag  DW_TAG_variable
    1955                      .dwattr $C$DW$74, DW_AT_name("x")
    1956                      .dwattr $C$DW$74, DW_AT_type(*$C$DW$T$170)
    1957                      .dwattr $C$DW$74, DW_AT_location[DW_OP_regx 0x2b]
    1958              
    1959                      .dwcfi  cfa_offset, -2
    1960                      .dwcfi  save_reg_to_mem, 26, 0
    1961                      .dwpsn  file "C:/ti/ccs2031/ccs/tools/compiler/ti-cgt-c2000_22.6.2.LTS/include/math.h",line 312,colum
    1962 00000000 E272          LOG2F32   R1H,R0H               ; [CPU_FPU] |312| 
         00000001 0001 
    1963 00000002 7700          NOP       ; [CPU_ALU] 
    1964 00000003 E801          MOVIZ     R0H,#16177            ; [CPU_FPU] |312| 
         00000004 F988 
    1965 00000005 E80B          MOVXI     R0H,#29205            ; [CPU_FPU] |312| 
         00000006 90A8 
    1966 00000007 E700          MPYF32    R0H,R0H,R1H           ; [CPU_FPU] |312| 
         00000008 0040 
    1967              $C$DW$75        .dwtag  DW_TAG_TI_branch
    1968                      .dwattr $C$DW$75, DW_AT_low_pc(0x00)
    1969                      .dwattr $C$DW$75, DW_AT_TI_return
    1970              
    1971 00000009 0006          LRETR     ; [CPU_ALU] 
    1972                      ; return occurs ; [] 
    1973                      .dwattr $C$DW$72, DW_AT_TI_end_file("C:/ti/ccs2031/ccs/tools/compiler/ti-cgt-c2000_22.6.2.LTS/include
    1974                      .dwattr $C$DW$72, DW_AT_TI_end_line(0x139)
    1975                      .dwattr $C$DW$72, DW_AT_TI_end_column(0x01)
    1976                      .dwendentry
    1977                      .dwendtag $C$DW$72
    1978              
    1979 00000000               .sect   ".text:__relaxed_log2f"
    1980                      .clink
    1981                      .global ||__relaxed_log2f||
    1982              
    1983              $C$DW$76        .dwtag  DW_TAG_subprogram
    1984                      .dwattr $C$DW$76, DW_AT_name("__relaxed_log2f")
    1985                      .dwattr $C$DW$76, DW_AT_low_pc(||__relaxed_log2f||)
    1986                      .dwattr $C$DW$76, DW_AT_high_pc(0x00)
    1987                      .dwattr $C$DW$76, DW_AT_linkage_name("__relaxed_log2f")
    1988                      .dwattr $C$DW$76, DW_AT_external
    1989                      .dwattr $C$DW$76, DW_AT_type(*$C$DW$T$16)
    1990                      .dwattr $C$DW$76, DW_AT_decl_file("C:/ti/ccs2031/ccs/tools/compiler/ti-cgt-c2000_22.6.2.LTS/include/m
    1991                      .dwattr $C$DW$76, DW_AT_decl_line(0x123)
    1992                      .dwattr $C$DW$76, DW_AT_decl_column(0x10)
    1993                      .dwattr $C$DW$76, DW_AT_TI_max_frame_size(-2)
    1994                      .dwpsn  file "C:/ti/ccs2031/ccs/tools/compiler/ti-cgt-c2000_22.6.2.LTS/include/math.h",line 292,colum
    1995              
    1996                      .dwfde $C$DW$CIE, ||__relaxed_log2f||
    1997              $C$DW$77        .dwtag  DW_TAG_formal_parameter
    1998                      .dwattr $C$DW$77, DW_AT_name("x")
    1999                      .dwattr $C$DW$77, DW_AT_type(*$C$DW$T$16)
    2000                      .dwattr $C$DW$77, DW_AT_location[DW_OP_regx 0x2b]
    2001              
    2002              
    2003              ;***************************************************************
TMS320C2000 Assembler PC v22.6.2 Fri Jan  2 15:35:19 2026

Copyright (c) 1996-2018 Texas Instruments Incorporated
dual_axis_servo_drive_user_cpu.asm                                   PAGE   46

    2004              ;* FNAME: __relaxed_log2f               FR SIZE:   0           *
    2005              ;*                                                             *
    2006              ;* FUNCTION ENVIRONMENT                                        *
    2007              ;*                                                             *
    2008              ;* FUNCTION PROPERTIES                                         *
    2009              ;*                            0 Parameter,  0 Auto,  0 SOE     *
    2010              ;***************************************************************
    2011              
    2012              ||__relaxed_log2f||:
    2013              ;* R0    assigned to x
    2014              $C$DW$78        .dwtag  DW_TAG_variable
    2015                      .dwattr $C$DW$78, DW_AT_name("x")
    2016                      .dwattr $C$DW$78, DW_AT_type(*$C$DW$T$170)
    2017                      .dwattr $C$DW$78, DW_AT_location[DW_OP_regx 0x2b]
    2018              
    2019                      .dwcfi  cfa_offset, -2
    2020                      .dwcfi  save_reg_to_mem, 26, 0
    2021                      .dwpsn  file "C:/ti/ccs2031/ccs/tools/compiler/ti-cgt-c2000_22.6.2.LTS/include/math.h",line 293,colum
    2022 00000000 E272          LOG2F32   R0H,R0H               ; [CPU_FPU] |293| 
         00000001 0000 
    2023 00000002 7700          NOP       ; [CPU_ALU] 
    2024 00000003 7700          NOP       ; [CPU_ALU] 
    2025              $C$DW$79        .dwtag  DW_TAG_TI_branch
    2026                      .dwattr $C$DW$79, DW_AT_low_pc(0x00)
    2027                      .dwattr $C$DW$79, DW_AT_TI_return
    2028              
    2029 00000004 0006          LRETR     ; [CPU_ALU] 
    2030                      ; return occurs ; [] 
    2031                      .dwattr $C$DW$76, DW_AT_TI_end_file("C:/ti/ccs2031/ccs/tools/compiler/ti-cgt-c2000_22.6.2.LTS/include
    2032                      .dwattr $C$DW$76, DW_AT_TI_end_line(0x126)
    2033                      .dwattr $C$DW$76, DW_AT_TI_end_column(0x01)
    2034                      .dwendentry
    2035                      .dwendtag $C$DW$76
    2036              
    2037 00000000               .sect   ".text:__relaxed_fmodf"
    2038                      .clink
    2039                      .global ||__relaxed_fmodf||
    2040              
    2041              $C$DW$80        .dwtag  DW_TAG_subprogram
    2042                      .dwattr $C$DW$80, DW_AT_name("__relaxed_fmodf")
    2043                      .dwattr $C$DW$80, DW_AT_low_pc(||__relaxed_fmodf||)
    2044                      .dwattr $C$DW$80, DW_AT_high_pc(0x00)
    2045                      .dwattr $C$DW$80, DW_AT_linkage_name("__relaxed_fmodf")
    2046                      .dwattr $C$DW$80, DW_AT_external
    2047                      .dwattr $C$DW$80, DW_AT_type(*$C$DW$T$16)
    2048                      .dwattr $C$DW$80, DW_AT_decl_file("C:/ti/ccs2031/ccs/tools/compiler/ti-cgt-c2000_22.6.2.LTS/include/m
    2049                      .dwattr $C$DW$80, DW_AT_decl_line(0x11c)
    2050                      .dwattr $C$DW$80, DW_AT_decl_column(0x10)
    2051                      .dwattr $C$DW$80, DW_AT_TI_max_frame_size(-2)
    2052                      .dwpsn  file "C:/ti/ccs2031/ccs/tools/compiler/ti-cgt-c2000_22.6.2.LTS/include/math.h",line 285,colum
    2053              
    2054                      .dwfde $C$DW$CIE, ||__relaxed_fmodf||
    2055              $C$DW$81        .dwtag  DW_TAG_formal_parameter
    2056                      .dwattr $C$DW$81, DW_AT_name("y")
    2057                      .dwattr $C$DW$81, DW_AT_type(*$C$DW$T$16)
TMS320C2000 Assembler PC v22.6.2 Fri Jan  2 15:35:19 2026

Copyright (c) 1996-2018 Texas Instruments Incorporated
dual_axis_servo_drive_user_cpu.asm                                   PAGE   47

    2058                      .dwattr $C$DW$81, DW_AT_location[DW_OP_regx 0x2b]
    2059              
    2060              $C$DW$82        .dwtag  DW_TAG_formal_parameter
    2061                      .dwattr $C$DW$82, DW_AT_name("x")
    2062                      .dwattr $C$DW$82, DW_AT_type(*$C$DW$T$16)
    2063                      .dwattr $C$DW$82, DW_AT_location[DW_OP_regx 0x2f]
    2064              
    2065              
    2066              ;***************************************************************
    2067              ;* FNAME: __relaxed_fmodf               FR SIZE:   0           *
    2068              ;*                                                             *
    2069              ;* FUNCTION ENVIRONMENT                                        *
    2070              ;*                                                             *
    2071              ;* FUNCTION PROPERTIES                                         *
    2072              ;*                            0 Parameter,  0 Auto,  0 SOE     *
    2073              ;***************************************************************
    2074              
    2075              ||__relaxed_fmodf||:
    2076              ;* R0    assigned to y
    2077              $C$DW$83        .dwtag  DW_TAG_variable
    2078                      .dwattr $C$DW$83, DW_AT_name("y")
    2079                      .dwattr $C$DW$83, DW_AT_type(*$C$DW$T$170)
    2080                      .dwattr $C$DW$83, DW_AT_location[DW_OP_regx 0x2b]
    2081              
    2082              ;* R1    assigned to x
    2083              $C$DW$84        .dwtag  DW_TAG_variable
    2084                      .dwattr $C$DW$84, DW_AT_name("x")
    2085                      .dwattr $C$DW$84, DW_AT_type(*$C$DW$T$170)
    2086                      .dwattr $C$DW$84, DW_AT_location[DW_OP_regx 0x2f]
    2087              
    2088                      .dwcfi  cfa_offset, -2
    2089                      .dwcfi  save_reg_to_mem, 26, 0
    2090                      .dwpsn  file "C:/ti/ccs2031/ccs/tools/compiler/ti-cgt-c2000_22.6.2.LTS/include/math.h",line 286,colum
    2091 00000000 E274          DIVF32    R2H,R0H,R1H           ; [CPU_FPU] |286| 
         00000001 0042 
    2092 00000002 7700          NOP       ; [CPU_ALU] 
    2093 00000003 7700          NOP       ; [CPU_ALU] 
    2094 00000004 7700          NOP       ; [CPU_ALU] 
    2095 00000005 7700          NOP       ; [CPU_ALU] 
    2096 00000006 E688          F32TOI32  R2H,R2H               ; [CPU_FPU] |286| 
         00000007 0012 
    2097 00000008 7700          NOP       ; [CPU_ALU] 
    2098 00000009 E689          I32TOF32  R2H,R2H               ; [CPU_FPU] |286| 
         0000000a 0012 
    2099 0000000b 7700          NOP       ; [CPU_ALU] 
    2100 0000000c E700          MPYF32    R1H,R1H,R2H           ; [CPU_FPU] |286| 
         0000000d 0089 
    2101 0000000e 7700          NOP       ; [CPU_ALU] 
    2102 0000000f E720          SUBF32    R0H,R0H,R1H           ; [CPU_FPU] |286| 
         00000010 0040 
    2103              $C$DW$85        .dwtag  DW_TAG_TI_branch
    2104                      .dwattr $C$DW$85, DW_AT_low_pc(0x00)
    2105                      .dwattr $C$DW$85, DW_AT_TI_return
    2106              
    2107 00000011 0006          LRETR     ; [CPU_ALU] 
TMS320C2000 Assembler PC v22.6.2 Fri Jan  2 15:35:19 2026

Copyright (c) 1996-2018 Texas Instruments Incorporated
dual_axis_servo_drive_user_cpu.asm                                   PAGE   48

    2108                      ; return occurs ; [] 
    2109                      .dwattr $C$DW$80, DW_AT_TI_end_file("C:/ti/ccs2031/ccs/tools/compiler/ti-cgt-c2000_22.6.2.LTS/include
    2110                      .dwattr $C$DW$80, DW_AT_TI_end_line(0x11f)
    2111                      .dwattr $C$DW$80, DW_AT_TI_end_column(0x01)
    2112                      .dwendentry
    2113                      .dwendtag $C$DW$80
    2114              
    2115 00000000               .sect   ".text:__relaxed_fminf"
    2116                      .clink
    2117                      .global ||__relaxed_fminf||
    2118              
    2119              $C$DW$86        .dwtag  DW_TAG_subprogram
    2120                      .dwattr $C$DW$86, DW_AT_name("__relaxed_fminf")
    2121                      .dwattr $C$DW$86, DW_AT_low_pc(||__relaxed_fminf||)
    2122                      .dwattr $C$DW$86, DW_AT_high_pc(0x00)
    2123                      .dwattr $C$DW$86, DW_AT_linkage_name("__relaxed_fminf")
    2124                      .dwattr $C$DW$86, DW_AT_external
    2125                      .dwattr $C$DW$86, DW_AT_type(*$C$DW$T$16)
    2126                      .dwattr $C$DW$86, DW_AT_decl_file("C:/ti/ccs2031/ccs/tools/compiler/ti-cgt-c2000_22.6.2.LTS/include/m
    2127                      .dwattr $C$DW$86, DW_AT_decl_line(0xee)
    2128                      .dwattr $C$DW$86, DW_AT_decl_column(0x10)
    2129                      .dwattr $C$DW$86, DW_AT_TI_max_frame_size(-2)
    2130                      .dwpsn  file "C:/ti/ccs2031/ccs/tools/compiler/ti-cgt-c2000_22.6.2.LTS/include/math.h",line 239,colum
    2131              
    2132                      .dwfde $C$DW$CIE, ||__relaxed_fminf||
    2133              $C$DW$87        .dwtag  DW_TAG_formal_parameter
    2134                      .dwattr $C$DW$87, DW_AT_name("x")
    2135                      .dwattr $C$DW$87, DW_AT_type(*$C$DW$T$16)
    2136                      .dwattr $C$DW$87, DW_AT_location[DW_OP_regx 0x2b]
    2137              
    2138              $C$DW$88        .dwtag  DW_TAG_formal_parameter
    2139                      .dwattr $C$DW$88, DW_AT_name("y")
    2140                      .dwattr $C$DW$88, DW_AT_type(*$C$DW$T$16)
    2141                      .dwattr $C$DW$88, DW_AT_location[DW_OP_regx 0x2f]
    2142              
    2143              
    2144              ;***************************************************************
    2145              ;* FNAME: __relaxed_fminf               FR SIZE:   0           *
    2146              ;*                                                             *
    2147              ;* FUNCTION ENVIRONMENT                                        *
    2148              ;*                                                             *
    2149              ;* FUNCTION PROPERTIES                                         *
    2150              ;*                            0 Parameter,  0 Auto,  0 SOE     *
    2151              ;***************************************************************
    2152              
    2153              ||__relaxed_fminf||:
    2154              ;* R1    assigned to y
    2155              $C$DW$89        .dwtag  DW_TAG_variable
    2156                      .dwattr $C$DW$89, DW_AT_name("y")
    2157                      .dwattr $C$DW$89, DW_AT_type(*$C$DW$T$170)
    2158                      .dwattr $C$DW$89, DW_AT_location[DW_OP_regx 0x2f]
    2159              
    2160                      .dwcfi  cfa_offset, -2
    2161                      .dwcfi  save_reg_to_mem, 26, 0
    2162                      .dwpsn  file "C:/ti/ccs2031/ccs/tools/compiler/ti-cgt-c2000_22.6.2.LTS/include/math.h",line 240,colum
TMS320C2000 Assembler PC v22.6.2 Fri Jan  2 15:35:19 2026

Copyright (c) 1996-2018 Texas Instruments Incorporated
dual_axis_servo_drive_user_cpu.asm                                   PAGE   49

    2163 00000000 E697          MINF32    R0H,R1H               ; [CPU_FPU] |240| 
         00000001 0008 
    2164              $C$DW$90        .dwtag  DW_TAG_TI_branch
    2165                      .dwattr $C$DW$90, DW_AT_low_pc(0x00)
    2166                      .dwattr $C$DW$90, DW_AT_TI_return
    2167              
    2168 00000002 0006          LRETR     ; [CPU_ALU] 
    2169                      ; return occurs ; [] 
    2170                      .dwattr $C$DW$86, DW_AT_TI_end_file("C:/ti/ccs2031/ccs/tools/compiler/ti-cgt-c2000_22.6.2.LTS/include
    2171                      .dwattr $C$DW$86, DW_AT_TI_end_line(0xf1)
    2172                      .dwattr $C$DW$86, DW_AT_TI_end_column(0x01)
    2173                      .dwendentry
    2174                      .dwendtag $C$DW$86
    2175              
    2176 00000000               .sect   ".text:__relaxed_fmaxf"
    2177                      .clink
    2178                      .global ||__relaxed_fmaxf||
    2179              
    2180              $C$DW$91        .dwtag  DW_TAG_subprogram
    2181                      .dwattr $C$DW$91, DW_AT_name("__relaxed_fmaxf")
    2182                      .dwattr $C$DW$91, DW_AT_low_pc(||__relaxed_fmaxf||)
    2183                      .dwattr $C$DW$91, DW_AT_high_pc(0x00)
    2184                      .dwattr $C$DW$91, DW_AT_linkage_name("__relaxed_fmaxf")
    2185                      .dwattr $C$DW$91, DW_AT_external
    2186                      .dwattr $C$DW$91, DW_AT_type(*$C$DW$T$16)
    2187                      .dwattr $C$DW$91, DW_AT_decl_file("C:/ti/ccs2031/ccs/tools/compiler/ti-cgt-c2000_22.6.2.LTS/include/m
    2188                      .dwattr $C$DW$91, DW_AT_decl_line(0xe8)
    2189                      .dwattr $C$DW$91, DW_AT_decl_column(0x10)
    2190                      .dwattr $C$DW$91, DW_AT_TI_max_frame_size(-2)
    2191                      .dwpsn  file "C:/ti/ccs2031/ccs/tools/compiler/ti-cgt-c2000_22.6.2.LTS/include/math.h",line 233,colum
    2192              
    2193                      .dwfde $C$DW$CIE, ||__relaxed_fmaxf||
    2194              $C$DW$92        .dwtag  DW_TAG_formal_parameter
    2195                      .dwattr $C$DW$92, DW_AT_name("x")
    2196                      .dwattr $C$DW$92, DW_AT_type(*$C$DW$T$16)
    2197                      .dwattr $C$DW$92, DW_AT_location[DW_OP_regx 0x2b]
    2198              
    2199              $C$DW$93        .dwtag  DW_TAG_formal_parameter
    2200                      .dwattr $C$DW$93, DW_AT_name("y")
    2201                      .dwattr $C$DW$93, DW_AT_type(*$C$DW$T$16)
    2202                      .dwattr $C$DW$93, DW_AT_location[DW_OP_regx 0x2f]
    2203              
    2204              
    2205              ;***************************************************************
    2206              ;* FNAME: __relaxed_fmaxf               FR SIZE:   0           *
    2207              ;*                                                             *
    2208              ;* FUNCTION ENVIRONMENT                                        *
    2209              ;*                                                             *
    2210              ;* FUNCTION PROPERTIES                                         *
    2211              ;*                            0 Parameter,  0 Auto,  0 SOE     *
    2212              ;***************************************************************
    2213              
    2214              ||__relaxed_fmaxf||:
    2215              ;* R1    assigned to y
    2216              $C$DW$94        .dwtag  DW_TAG_variable
TMS320C2000 Assembler PC v22.6.2 Fri Jan  2 15:35:19 2026

Copyright (c) 1996-2018 Texas Instruments Incorporated
dual_axis_servo_drive_user_cpu.asm                                   PAGE   50

    2217                      .dwattr $C$DW$94, DW_AT_name("y")
    2218                      .dwattr $C$DW$94, DW_AT_type(*$C$DW$T$170)
    2219                      .dwattr $C$DW$94, DW_AT_location[DW_OP_regx 0x2f]
    2220              
    2221                      .dwcfi  cfa_offset, -2
    2222                      .dwcfi  save_reg_to_mem, 26, 0
    2223                      .dwpsn  file "C:/ti/ccs2031/ccs/tools/compiler/ti-cgt-c2000_22.6.2.LTS/include/math.h",line 234,colum
    2224 00000000 E696          MAXF32    R0H,R1H               ; [CPU_FPU] |234| 
         00000001 0008 
    2225              $C$DW$95        .dwtag  DW_TAG_TI_branch
    2226                      .dwattr $C$DW$95, DW_AT_low_pc(0x00)
    2227                      .dwattr $C$DW$95, DW_AT_TI_return
    2228              
    2229 00000002 0006          LRETR     ; [CPU_ALU] 
    2230                      ; return occurs ; [] 
    2231                      .dwattr $C$DW$91, DW_AT_TI_end_file("C:/ti/ccs2031/ccs/tools/compiler/ti-cgt-c2000_22.6.2.LTS/include
    2232                      .dwattr $C$DW$91, DW_AT_TI_end_line(0xeb)
    2233                      .dwattr $C$DW$91, DW_AT_TI_end_column(0x01)
    2234                      .dwendentry
    2235                      .dwendtag $C$DW$91
    2236              
    2237 00000000               .sect   ".text:__relaxed_expf"
    2238                      .clink
    2239                      .global ||__relaxed_expf||
    2240              
    2241              $C$DW$96        .dwtag  DW_TAG_subprogram
    2242                      .dwattr $C$DW$96, DW_AT_name("__relaxed_expf")
    2243                      .dwattr $C$DW$96, DW_AT_low_pc(||__relaxed_expf||)
    2244                      .dwattr $C$DW$96, DW_AT_high_pc(0x00)
    2245                      .dwattr $C$DW$96, DW_AT_linkage_name("__relaxed_expf")
    2246                      .dwattr $C$DW$96, DW_AT_external
    2247                      .dwattr $C$DW$96, DW_AT_type(*$C$DW$T$16)
    2248                      .dwattr $C$DW$96, DW_AT_decl_file("C:/ti/ccs2031/ccs/tools/compiler/ti-cgt-c2000_22.6.2.LTS/include/m
    2249                      .dwattr $C$DW$96, DW_AT_decl_line(0x12f)
    2250                      .dwattr $C$DW$96, DW_AT_decl_column(0x10)
    2251                      .dwattr $C$DW$96, DW_AT_TI_max_frame_size(-4)
    2252                      .dwpsn  file "C:/ti/ccs2031/ccs/tools/compiler/ti-cgt-c2000_22.6.2.LTS/include/math.h",line 304,colum
    2253              
    2254                      .dwfde $C$DW$CIE, ||__relaxed_expf||
    2255              $C$DW$97        .dwtag  DW_TAG_formal_parameter
    2256                      .dwattr $C$DW$97, DW_AT_name("x")
    2257                      .dwattr $C$DW$97, DW_AT_type(*$C$DW$T$16)
    2258                      .dwattr $C$DW$97, DW_AT_location[DW_OP_regx 0x2b]
    2259              
    2260              
    2261              ;***************************************************************
    2262              ;* FNAME: __relaxed_expf                FR SIZE:   2           *
    2263              ;*                                                             *
    2264              ;* FUNCTION ENVIRONMENT                                        *
    2265              ;*                                                             *
    2266              ;* FUNCTION PROPERTIES                                         *
    2267              ;*                            2 Parameter,  0 Auto,  0 SOE     *
    2268              ;***************************************************************
    2269              
    2270              ||__relaxed_expf||:
TMS320C2000 Assembler PC v22.6.2 Fri Jan  2 15:35:19 2026

Copyright (c) 1996-2018 Texas Instruments Incorporated
dual_axis_servo_drive_user_cpu.asm                                   PAGE   51

    2271              ;* R1    assigned to $O$C2
    2272              ;* R0    assigned to $O$K3
    2273              ;* R0    assigned to $O$R1
    2274              ;* R0    assigned to x
    2275              $C$DW$98        .dwtag  DW_TAG_variable
    2276                      .dwattr $C$DW$98, DW_AT_name("x")
    2277                      .dwattr $C$DW$98, DW_AT_type(*$C$DW$T$170)
    2278                      .dwattr $C$DW$98, DW_AT_location[DW_OP_regx 0x2b]
    2279              
    2280              ;* R0    assigned to iexp2f
    2281              $C$DW$99        .dwtag  DW_TAG_variable
    2282                      .dwattr $C$DW$99, DW_AT_name("iexp2f")
    2283                      .dwattr $C$DW$99, DW_AT_type(*$C$DW$T$16)
    2284                      .dwattr $C$DW$99, DW_AT_location[DW_OP_regx 0x2b]
    2285              
    2286                      .dwcfi  cfa_offset, -2
    2287                      .dwcfi  save_reg_to_mem, 26, 0
    2288 00000000 FE02          ADDB      SP,#2                 ; [CPU_ARAU] 
    2289                      .dwcfi  cfa_offset, -4
    2290                      .dwpsn  file "C:/ti/ccs2031/ccs/tools/compiler/ti-cgt-c2000_22.6.2.LTS/include/math.h",line 298,colum
    2291 00000001 E801          MOVIZ     R1H,#16312            ; [CPU_FPU] |298| 
         00000002 FDC1 
    2292 00000003 E80D          MOVXI     R1H,#43537            ; [CPU_FPU] |298| 
         00000004 5089 
    2293 00000005 E700          MPYF32    R1H,R1H,R0H           ; [CPU_FPU] |298| 
         00000006 0009 
    2294 00000007 7700          NOP       ; [CPU_ALU] 
    2295                      .dwpsn  file "C:/ti/ccs2031/ccs/tools/compiler/ti-cgt-c2000_22.6.2.LTS/include/math.h",line 299,colum
    2296 00000008 E5A1          CMPF32    R1H,#0                ; [CPU_FPU] |299| 
    2297 00000009 AD14          MOVST0    ZF, NF                ; [CPU_FPU] |299| 
    2298                      .dwpsn  file "C:/ti/ccs2031/ccs/tools/compiler/ti-cgt-c2000_22.6.2.LTS/include/math.h",line 298,colum
    2299 0000000a E273          IEXP2F32  R0H,R1H               ; [CPU_FPU] |298| 
         0000000b 0008 
    2300                      .dwpsn  file "C:/ti/ccs2031/ccs/tools/compiler/ti-cgt-c2000_22.6.2.LTS/include/math.h",line 299,colum
    2301 0000000c 6507          B         ||$C$L11||,LEQ        ; [CPU_ALU] |299| 
    2302                      ; branchcc occurs ; [] |299| 
    2303 0000000d E801          MOVIZ     R1H,#16256            ; [CPU_FPU] |299| 
         0000000e FC01 
    2304 0000000f E274          DIVF32    R0H,R1H,R0H           ; [CPU_FPU] |299| 
         00000010 0008 
    2305 00000011 7700          NOP       ; [CPU_ALU] 
    2306 00000012 7700          NOP       ; [CPU_ALU] 
    2307 00000013       ||$C$L11||:    
    2308 00000013 FE82          SUBB      SP,#2                 ; [CPU_ARAU] 
    2309                      .dwcfi  cfa_offset, -2
    2310              $C$DW$100       .dwtag  DW_TAG_TI_branch
    2311                      .dwattr $C$DW$100, DW_AT_low_pc(0x00)
    2312                      .dwattr $C$DW$100, DW_AT_TI_return
    2313              
    2314 00000014 0006          LRETR     ; [CPU_ALU] 
    2315                      ; return occurs ; [] 
    2316                      .dwattr $C$DW$96, DW_AT_TI_end_file("C:/ti/ccs2031/ccs/tools/compiler/ti-cgt-c2000_22.6.2.LTS/include
    2317                      .dwattr $C$DW$96, DW_AT_TI_end_line(0x133)
    2318                      .dwattr $C$DW$96, DW_AT_TI_end_column(0x01)
    2319                      .dwendentry
TMS320C2000 Assembler PC v22.6.2 Fri Jan  2 15:35:19 2026

Copyright (c) 1996-2018 Texas Instruments Incorporated
dual_axis_servo_drive_user_cpu.asm                                   PAGE   52

    2320                      .dwendtag $C$DW$96
    2321              
    2322 00000000               .sect   ".text:__relaxed_cosf"
    2323                      .clink
    2324                      .global ||__relaxed_cosf||
    2325              
    2326              $C$DW$101       .dwtag  DW_TAG_subprogram
    2327                      .dwattr $C$DW$101, DW_AT_name("__relaxed_cosf")
    2328                      .dwattr $C$DW$101, DW_AT_low_pc(||__relaxed_cosf||)
    2329                      .dwattr $C$DW$101, DW_AT_high_pc(0x00)
    2330                      .dwattr $C$DW$101, DW_AT_linkage_name("__relaxed_cosf")
    2331                      .dwattr $C$DW$101, DW_AT_external
    2332                      .dwattr $C$DW$101, DW_AT_type(*$C$DW$T$16)
    2333                      .dwattr $C$DW$101, DW_AT_decl_file("C:/ti/ccs2031/ccs/tools/compiler/ti-cgt-c2000_22.6.2.LTS/include/
    2334                      .dwattr $C$DW$101, DW_AT_decl_line(0x10d)
    2335                      .dwattr $C$DW$101, DW_AT_decl_column(0x10)
    2336                      .dwattr $C$DW$101, DW_AT_TI_max_frame_size(-2)
    2337                      .dwpsn  file "C:/ti/ccs2031/ccs/tools/compiler/ti-cgt-c2000_22.6.2.LTS/include/math.h",line 270,colum
    2338              
    2339                      .dwfde $C$DW$CIE, ||__relaxed_cosf||
    2340              $C$DW$102       .dwtag  DW_TAG_formal_parameter
    2341                      .dwattr $C$DW$102, DW_AT_name("x")
    2342                      .dwattr $C$DW$102, DW_AT_type(*$C$DW$T$16)
    2343                      .dwattr $C$DW$102, DW_AT_location[DW_OP_regx 0x2b]
    2344              
    2345              
    2346              ;***************************************************************
    2347              ;* FNAME: __relaxed_cosf                FR SIZE:   0           *
    2348              ;*                                                             *
    2349              ;* FUNCTION ENVIRONMENT                                        *
    2350              ;*                                                             *
    2351              ;* FUNCTION PROPERTIES                                         *
    2352              ;*                            0 Parameter,  0 Auto,  0 SOE     *
    2353              ;***************************************************************
    2354              
    2355              ||__relaxed_cosf||:
    2356              ;* R0    assigned to x
    2357              $C$DW$103       .dwtag  DW_TAG_variable
    2358                      .dwattr $C$DW$103, DW_AT_name("x")
    2359                      .dwattr $C$DW$103, DW_AT_type(*$C$DW$T$170)
    2360                      .dwattr $C$DW$103, DW_AT_location[DW_OP_regx 0x2b]
    2361              
    2362                      .dwcfi  cfa_offset, -2
    2363                      .dwcfi  save_reg_to_mem, 26, 0
    2364                      .dwpsn  file "C:/ti/ccs2031/ccs/tools/compiler/ti-cgt-c2000_22.6.2.LTS/include/math.h",line 271,colum
    2365 00000000 E271          DIV2PIF32 R0H,R0H               ; [CPU_FPU] |271| 
         00000001 0000 
    2366 00000002 7700          NOP       ; [CPU_ALU] 
    2367 00000003 E279          COSPUF32  R0H,R0H               ; [CPU_FPU] |271| 
         00000004 0000 
    2368 00000005 7700          NOP       ; [CPU_ALU] 
    2369 00000006 7700          NOP       ; [CPU_ALU] 
    2370              $C$DW$104       .dwtag  DW_TAG_TI_branch
    2371                      .dwattr $C$DW$104, DW_AT_low_pc(0x00)
    2372                      .dwattr $C$DW$104, DW_AT_TI_return
TMS320C2000 Assembler PC v22.6.2 Fri Jan  2 15:35:19 2026

Copyright (c) 1996-2018 Texas Instruments Incorporated
dual_axis_servo_drive_user_cpu.asm                                   PAGE   53

    2373              
    2374 00000007 0006          LRETR     ; [CPU_ALU] 
    2375                      ; return occurs ; [] 
    2376                      .dwattr $C$DW$101, DW_AT_TI_end_file("C:/ti/ccs2031/ccs/tools/compiler/ti-cgt-c2000_22.6.2.LTS/includ
    2377                      .dwattr $C$DW$101, DW_AT_TI_end_line(0x110)
    2378                      .dwattr $C$DW$101, DW_AT_TI_end_column(0x01)
    2379                      .dwendentry
    2380                      .dwendtag $C$DW$101
    2381              
    2382 00000000               .sect   ".text:__relaxed_atanf"
    2383                      .clink
    2384                      .global ||__relaxed_atanf||
    2385              
    2386              $C$DW$105       .dwtag  DW_TAG_subprogram
    2387                      .dwattr $C$DW$105, DW_AT_name("__relaxed_atanf")
    2388                      .dwattr $C$DW$105, DW_AT_low_pc(||__relaxed_atanf||)
    2389                      .dwattr $C$DW$105, DW_AT_high_pc(0x00)
    2390                      .dwattr $C$DW$105, DW_AT_linkage_name("__relaxed_atanf")
    2391                      .dwattr $C$DW$105, DW_AT_external
    2392                      .dwattr $C$DW$105, DW_AT_type(*$C$DW$T$16)
    2393                      .dwattr $C$DW$105, DW_AT_decl_file("C:/ti/ccs2031/ccs/tools/compiler/ti-cgt-c2000_22.6.2.LTS/include/
    2394                      .dwattr $C$DW$105, DW_AT_decl_line(0x112)
    2395                      .dwattr $C$DW$105, DW_AT_decl_column(0x10)
    2396                      .dwattr $C$DW$105, DW_AT_TI_max_frame_size(-2)
    2397                      .dwpsn  file "C:/ti/ccs2031/ccs/tools/compiler/ti-cgt-c2000_22.6.2.LTS/include/math.h",line 275,colum
    2398              
    2399                      .dwfde $C$DW$CIE, ||__relaxed_atanf||
    2400              $C$DW$106       .dwtag  DW_TAG_formal_parameter
    2401                      .dwattr $C$DW$106, DW_AT_name("x")
    2402                      .dwattr $C$DW$106, DW_AT_type(*$C$DW$T$16)
    2403                      .dwattr $C$DW$106, DW_AT_location[DW_OP_regx 0x2b]
    2404              
    2405              
    2406              ;***************************************************************
    2407              ;* FNAME: __relaxed_atanf               FR SIZE:   0           *
    2408              ;*                                                             *
    2409              ;* FUNCTION ENVIRONMENT                                        *
    2410              ;*                                                             *
    2411              ;* FUNCTION PROPERTIES                                         *
    2412              ;*                            0 Parameter,  0 Auto,  0 SOE     *
    2413              ;***************************************************************
    2414              
    2415              ||__relaxed_atanf||:
    2416              ;* R0    assigned to x
    2417              $C$DW$107       .dwtag  DW_TAG_variable
    2418                      .dwattr $C$DW$107, DW_AT_name("x")
    2419                      .dwattr $C$DW$107, DW_AT_type(*$C$DW$T$170)
    2420                      .dwattr $C$DW$107, DW_AT_location[DW_OP_regx 0x2b]
    2421              
    2422                      .dwcfi  cfa_offset, -2
    2423                      .dwcfi  save_reg_to_mem, 26, 0
    2424                      .dwpsn  file "C:/ti/ccs2031/ccs/tools/compiler/ti-cgt-c2000_22.6.2.LTS/include/math.h",line 276,colum
    2425 00000000 E801          MOVIZ     R1H,#16256            ; [CPU_FPU] |276| 
         00000001 FC01 
    2426 00000002 E27C          QUADF32   R1H,R0H,R0H,R1H       ; [CPU_FPU] |276| 
TMS320C2000 Assembler PC v22.6.2 Fri Jan  2 15:35:19 2026

Copyright (c) 1996-2018 Texas Instruments Incorporated
dual_axis_servo_drive_user_cpu.asm                                   PAGE   54

         00000003 0201 
    2427 00000004 7700          NOP       ; [CPU_ALU] 
    2428 00000005 7700          NOP       ; [CPU_ALU] 
    2429 00000006 7700          NOP       ; [CPU_ALU] 
    2430 00000007 7700          NOP       ; [CPU_ALU] 
    2431 00000008 E27A          ATANPUF32 R0H,R0H               ; [CPU_FPU] |276| 
         00000009 0000 
    2432 0000000a 7700          NOP       ; [CPU_ALU] 
    2433 0000000b 7700          NOP       ; [CPU_ALU] 
    2434 0000000c 7700          NOP       ; [CPU_ALU] 
    2435 0000000d E710          ADDF32    R0H,R0H,R1H           ; [CPU_FPU] |276| 
         0000000e 0040 
    2436 0000000f 7700          NOP       ; [CPU_ALU] 
    2437 00000010 7700          NOP       ; [CPU_ALU] 
    2438 00000011 E270          MPY2PIF32 R0H,R0H               ; [CPU_FPU] |276| 
         00000012 0000 
    2439 00000013 7700          NOP       ; [CPU_ALU] 
    2440              $C$DW$108       .dwtag  DW_TAG_TI_branch
    2441                      .dwattr $C$DW$108, DW_AT_low_pc(0x00)
    2442                      .dwattr $C$DW$108, DW_AT_TI_return
    2443              
    2444 00000014 0006          LRETR     ; [CPU_ALU] 
    2445                      ; return occurs ; [] 
    2446                      .dwattr $C$DW$105, DW_AT_TI_end_file("C:/ti/ccs2031/ccs/tools/compiler/ti-cgt-c2000_22.6.2.LTS/includ
    2447                      .dwattr $C$DW$105, DW_AT_TI_end_line(0x115)
    2448                      .dwattr $C$DW$105, DW_AT_TI_end_column(0x01)
    2449                      .dwendentry
    2450                      .dwendtag $C$DW$105
    2451              
    2452 00000000               .sect   ".text:__relaxed_atan2f"
    2453                      .clink
    2454                      .global ||__relaxed_atan2f||
    2455              
    2456              $C$DW$109       .dwtag  DW_TAG_subprogram
    2457                      .dwattr $C$DW$109, DW_AT_name("__relaxed_atan2f")
    2458                      .dwattr $C$DW$109, DW_AT_low_pc(||__relaxed_atan2f||)
    2459                      .dwattr $C$DW$109, DW_AT_high_pc(0x00)
    2460                      .dwattr $C$DW$109, DW_AT_linkage_name("__relaxed_atan2f")
    2461                      .dwattr $C$DW$109, DW_AT_external
    2462                      .dwattr $C$DW$109, DW_AT_type(*$C$DW$T$16)
    2463                      .dwattr $C$DW$109, DW_AT_decl_file("C:/ti/ccs2031/ccs/tools/compiler/ti-cgt-c2000_22.6.2.LTS/include/
    2464                      .dwattr $C$DW$109, DW_AT_decl_line(0x117)
    2465                      .dwattr $C$DW$109, DW_AT_decl_column(0x10)
    2466                      .dwattr $C$DW$109, DW_AT_TI_max_frame_size(-2)
    2467                      .dwpsn  file "C:/ti/ccs2031/ccs/tools/compiler/ti-cgt-c2000_22.6.2.LTS/include/math.h",line 280,colum
    2468              
    2469                      .dwfde $C$DW$CIE, ||__relaxed_atan2f||
    2470              $C$DW$110       .dwtag  DW_TAG_formal_parameter
    2471                      .dwattr $C$DW$110, DW_AT_name("y")
    2472                      .dwattr $C$DW$110, DW_AT_type(*$C$DW$T$16)
    2473                      .dwattr $C$DW$110, DW_AT_location[DW_OP_regx 0x2b]
    2474              
    2475              $C$DW$111       .dwtag  DW_TAG_formal_parameter
    2476                      .dwattr $C$DW$111, DW_AT_name("x")
    2477                      .dwattr $C$DW$111, DW_AT_type(*$C$DW$T$16)
TMS320C2000 Assembler PC v22.6.2 Fri Jan  2 15:35:19 2026

Copyright (c) 1996-2018 Texas Instruments Incorporated
dual_axis_servo_drive_user_cpu.asm                                   PAGE   55

    2478                      .dwattr $C$DW$111, DW_AT_location[DW_OP_regx 0x2f]
    2479              
    2480              
    2481              ;***************************************************************
    2482              ;* FNAME: __relaxed_atan2f              FR SIZE:   0           *
    2483              ;*                                                             *
    2484              ;* FUNCTION ENVIRONMENT                                        *
    2485              ;*                                                             *
    2486              ;* FUNCTION PROPERTIES                                         *
    2487              ;*                            0 Parameter,  0 Auto,  0 SOE     *
    2488              ;***************************************************************
    2489              
    2490              ||__relaxed_atan2f||:
    2491              ;* R0    assigned to y
    2492              $C$DW$112       .dwtag  DW_TAG_variable
    2493                      .dwattr $C$DW$112, DW_AT_name("y")
    2494                      .dwattr $C$DW$112, DW_AT_type(*$C$DW$T$170)
    2495                      .dwattr $C$DW$112, DW_AT_location[DW_OP_regx 0x2b]
    2496              
    2497              ;* R1    assigned to x
    2498              $C$DW$113       .dwtag  DW_TAG_variable
    2499                      .dwattr $C$DW$113, DW_AT_name("x")
    2500                      .dwattr $C$DW$113, DW_AT_type(*$C$DW$T$170)
    2501                      .dwattr $C$DW$113, DW_AT_location[DW_OP_regx 0x2f]
    2502              
    2503                      .dwcfi  cfa_offset, -2
    2504                      .dwcfi  save_reg_to_mem, 26, 0
    2505                      .dwpsn  file "C:/ti/ccs2031/ccs/tools/compiler/ti-cgt-c2000_22.6.2.LTS/include/math.h",line 281,colum
    2506 00000000 E27C          QUADF32   R1H,R0H,R0H,R1H       ; [CPU_FPU] |281| 
         00000001 0201 
    2507 00000002 7700          NOP       ; [CPU_ALU] 
    2508 00000003 7700          NOP       ; [CPU_ALU] 
    2509 00000004 7700          NOP       ; [CPU_ALU] 
    2510 00000005 7700          NOP       ; [CPU_ALU] 
    2511 00000006 E27A          ATANPUF32 R0H,R0H               ; [CPU_FPU] |281| 
         00000007 0000 
    2512 00000008 7700          NOP       ; [CPU_ALU] 
    2513 00000009 7700          NOP       ; [CPU_ALU] 
    2514 0000000a 7700          NOP       ; [CPU_ALU] 
    2515 0000000b E710          ADDF32    R0H,R0H,R1H           ; [CPU_FPU] |281| 
         0000000c 0040 
    2516 0000000d 7700          NOP       ; [CPU_ALU] 
    2517 0000000e 7700          NOP       ; [CPU_ALU] 
    2518 0000000f E270          MPY2PIF32 R0H,R0H               ; [CPU_FPU] |281| 
         00000010 0000 
    2519 00000011 7700          NOP       ; [CPU_ALU] 
    2520              $C$DW$114       .dwtag  DW_TAG_TI_branch
    2521                      .dwattr $C$DW$114, DW_AT_low_pc(0x00)
    2522                      .dwattr $C$DW$114, DW_AT_TI_return
    2523              
    2524 00000012 0006          LRETR     ; [CPU_ALU] 
    2525                      ; return occurs ; [] 
    2526                      .dwattr $C$DW$109, DW_AT_TI_end_file("C:/ti/ccs2031/ccs/tools/compiler/ti-cgt-c2000_22.6.2.LTS/includ
    2527                      .dwattr $C$DW$109, DW_AT_TI_end_line(0x11a)
    2528                      .dwattr $C$DW$109, DW_AT_TI_end_column(0x01)
TMS320C2000 Assembler PC v22.6.2 Fri Jan  2 15:35:19 2026

Copyright (c) 1996-2018 Texas Instruments Incorporated
dual_axis_servo_drive_user_cpu.asm                                   PAGE   56

    2529                      .dwendentry
    2530                      .dwendtag $C$DW$109
    2531              
    2532 00000000               .sect   ".text:__isnormall"
    2533                      .clink
    2534                      .global ||__isnormall||
    2535              
    2536              $C$DW$115       .dwtag  DW_TAG_subprogram
    2537                      .dwattr $C$DW$115, DW_AT_name("__isnormall")
    2538                      .dwattr $C$DW$115, DW_AT_low_pc(||__isnormall||)
    2539                      .dwattr $C$DW$115, DW_AT_high_pc(0x00)
    2540                      .dwattr $C$DW$115, DW_AT_linkage_name("__isnormall")
    2541                      .dwattr $C$DW$115, DW_AT_external
    2542                      .dwattr $C$DW$115, DW_AT_type(*$C$DW$T$10)
    2543                      .dwattr $C$DW$115, DW_AT_decl_file("C:/ti/ccs2031/ccs/tools/compiler/ti-cgt-c2000_22.6.2.LTS/include/
    2544                      .dwattr $C$DW$115, DW_AT_decl_line(0x167)
    2545                      .dwattr $C$DW$115, DW_AT_decl_column(0x18)
    2546                      .dwattr $C$DW$115, DW_AT_TI_max_frame_size(-6)
    2547                      .dwpsn  file "C:/ti/ccs2031/ccs/tools/compiler/ti-cgt-c2000_22.6.2.LTS/include/_defs.h",line 360,colu
    2548              
    2549                      .dwfde $C$DW$CIE, ||__isnormall||
    2550              $C$DW$116       .dwtag  DW_TAG_formal_parameter
    2551                      .dwattr $C$DW$116, DW_AT_name("e")
    2552                      .dwattr $C$DW$116, DW_AT_type(*$C$DW$T$175)
    2553                      .dwattr $C$DW$116, DW_AT_location[DW_OP_reg12]
    2554              
    2555              
    2556              ;***************************************************************
    2557              ;* FNAME: __isnormall                   FR SIZE:   4           *
    2558              ;*                                                             *
    2559              ;* FUNCTION ENVIRONMENT                                        *
    2560              ;*                                                             *
    2561              ;* FUNCTION PROPERTIES                                         *
    2562              ;*                            4 Parameter,  0 Auto,  0 SOE     *
    2563              ;***************************************************************
    2564              
    2565              ||__isnormall||:
    2566              ;* AR5   assigned to $O$C2
    2567              ;* AR6   assigned to $O$S1
    2568              ;* AR4   assigned to e
    2569              $C$DW$117       .dwtag  DW_TAG_variable
    2570                      .dwattr $C$DW$117, DW_AT_name("e")
    2571                      .dwattr $C$DW$117, DW_AT_type(*$C$DW$T$176)
    2572                      .dwattr $C$DW$117, DW_AT_location[DW_OP_reg12]
    2573              
    2574                      .dwcfi  cfa_offset, -2
    2575                      .dwcfi  save_reg_to_mem, 26, 0
    2576 00000000 FE04          ADDB      SP,#4                 ; [CPU_ARAU] 
    2577                      .dwcfi  cfa_offset, -6
    2578                      .dwpsn  file "C:/ti/ccs2031/ccs/tools/compiler/ti-cgt-c2000_22.6.2.LTS/include/_defs.h",line 360,colu
    2579 00000001 83C4          MOVL      XAR5,*+XAR4[0]        ; [CPU_ALU] |360| 
    2580 00000002 8AD4          MOVL      XAR4,*+XAR4[2]        ; [CPU_ALU] |360| 
    2581 00000003 BE00          MOVB      XAR6,#0               ; [CPU_ALU] |360| 
    2582 00000004 28AC          MOV       T,#52                 ; [CPU_ALU] |360| 
         00000005 0034 
TMS320C2000 Assembler PC v22.6.2 Fri Jan  2 15:35:19 2026

Copyright (c) 1996-2018 Texas Instruments Incorporated
dual_axis_servo_drive_user_cpu.asm                                   PAGE   57

    2583 00000006 A0AB          MOVL      P,XAR5                ; [CPU_ALU] |360| 
    2584 00000007 A8A9          MOVL      ACC,XAR4              ; [CPU_ALU] |360| 
    2585 00000008 C244          MOVL      *-SP[4],XAR6          ; [CPU_ALU] |360| 
    2586 00000009 2B42          MOV       *-SP[2],#0            ; [CPU_ALU] |360| 
    2587 0000000a 565B          LSR64     ACC:P,T               ; [CPU_ALU] |360| 
    2588 0000000b 2B41          MOV       *-SP[1],#0            ; [CPU_FPU] |360| 
    2589 0000000c 9000          ANDB      AL,#0                 ; [CPU_ALU] |360| 
    2590 0000000d 9100          ANDB      AH,#0                 ; [CPU_ALU] |360| 
    2591 0000000e 18AB          AND       PL,#2047              ; [CPU_ALU] |360| 
         0000000f 07FF 
    2592 00000010 18AA          AND       PH,#0                 ; [CPU_ALU] |360| 
         00000011 0000 
    2593              $C$DW$118       .dwtag  DW_TAG_TI_branch
    2594                      .dwattr $C$DW$118, DW_AT_low_pc(0x00)
    2595                      .dwattr $C$DW$118, DW_AT_name("__c28xabi_cmpull")
    2596                      .dwattr $C$DW$118, DW_AT_TI_call
    2597              
    2598 00000012 7640!         LCR       #||__c28xabi_cmpull|| ; [CPU_ALU] |360| 
         00000013 0000 
    2599                      ; call occurs [#||__c28xabi_cmpull||] ; [] |360| 
    2600 00000014 BE00          MOVB      XAR6,#0               ; [CPU_ALU] |360| 
    2601 00000015 5200          CMPB      AL,#0                 ; [CPU_ALU] |360| 
    2602 00000016 610E          B         ||$C$L12||,EQ         ; [CPU_ALU] |360| 
    2603                      ; branchcc occurs ; [] |360| 
    2604 00000017 A0AB          MOVL      P,XAR5                ; [CPU_ALU] |360| 
    2605 00000018 A8A9          MOVL      ACC,XAR4              ; [CPU_ALU] |360| 
    2606 00000019 28AC          MOV       T,#48                 ; [CPU_ALU] |360| 
         0000001a 0030 
    2607 0000001b 565B          LSR64     ACC:P,T               ; [CPU_ALU] |360| 
    2608 0000001c 18AB          AND       PL,#0x7ff0            ; [CPU_ALU] |360| 
         0000001d 7FF0 
    2609 0000001e 80AB          MOVZ      AR7,PL                ; [CPU_ALU] |360| 
    2610 0000001f FF20          MOV       ACC,#32752            ; [CPU_ALU] |360| 
         00000020 7FF0 
    2611 00000021 0FA7          CMPL      ACC,XAR7              ; [CPU_ALU] |360| 
    2612 00000022 56B0          MOVB      XAR6,#1,NEQ           ; [CPU_ALU] |360| 
         00000023 01A6 
    2613 00000024       ||$C$L12||:    
    2614 00000024 FE84          SUBB      SP,#4                 ; [CPU_ARAU] 
    2615                      .dwcfi  cfa_offset, -2
    2616 00000025 92A6          MOV       AL,AR6                ; [CPU_ALU] |360| 
    2617              $C$DW$119       .dwtag  DW_TAG_TI_branch
    2618                      .dwattr $C$DW$119, DW_AT_low_pc(0x00)
    2619                      .dwattr $C$DW$119, DW_AT_TI_return
    2620              
    2621 00000026 0006          LRETR     ; [CPU_ALU] 
    2622                      ; return occurs ; [] 
    2623                      .dwattr $C$DW$115, DW_AT_TI_end_file("C:/ti/ccs2031/ccs/tools/compiler/ti-cgt-c2000_22.6.2.LTS/includ
    2624                      .dwattr $C$DW$115, DW_AT_TI_end_line(0x169)
    2625                      .dwattr $C$DW$115, DW_AT_TI_end_column(0x31)
    2626                      .dwendentry
    2627                      .dwendtag $C$DW$115
    2628              
    2629 00000000               .sect   ".text:__isnormalf"
    2630                      .clink
TMS320C2000 Assembler PC v22.6.2 Fri Jan  2 15:35:19 2026

Copyright (c) 1996-2018 Texas Instruments Incorporated
dual_axis_servo_drive_user_cpu.asm                                   PAGE   58

    2631                      .global ||__isnormalf||
    2632              
    2633              $C$DW$120       .dwtag  DW_TAG_subprogram
    2634                      .dwattr $C$DW$120, DW_AT_name("__isnormalf")
    2635                      .dwattr $C$DW$120, DW_AT_low_pc(||__isnormalf||)
    2636                      .dwattr $C$DW$120, DW_AT_high_pc(0x00)
    2637                      .dwattr $C$DW$120, DW_AT_linkage_name("__isnormalf")
    2638                      .dwattr $C$DW$120, DW_AT_external
    2639                      .dwattr $C$DW$120, DW_AT_type(*$C$DW$T$10)
    2640                      .dwattr $C$DW$120, DW_AT_decl_file("C:/ti/ccs2031/ccs/tools/compiler/ti-cgt-c2000_22.6.2.LTS/include/
    2641                      .dwattr $C$DW$120, DW_AT_decl_line(0x163)
    2642                      .dwattr $C$DW$120, DW_AT_decl_column(0x18)
    2643                      .dwattr $C$DW$120, DW_AT_TI_max_frame_size(-2)
    2644                      .dwpsn  file "C:/ti/ccs2031/ccs/tools/compiler/ti-cgt-c2000_22.6.2.LTS/include/_defs.h",line 356,colu
    2645              
    2646                      .dwfde $C$DW$CIE, ||__isnormalf||
    2647              $C$DW$121       .dwtag  DW_TAG_formal_parameter
    2648                      .dwattr $C$DW$121, DW_AT_name("f")
    2649                      .dwattr $C$DW$121, DW_AT_type(*$C$DW$T$16)
    2650                      .dwattr $C$DW$121, DW_AT_location[DW_OP_regx 0x2b]
    2651              
    2652              
    2653              ;***************************************************************
    2654              ;* FNAME: __isnormalf                   FR SIZE:   0           *
    2655              ;*                                                             *
    2656              ;* FUNCTION ENVIRONMENT                                        *
    2657              ;*                                                             *
    2658              ;* FUNCTION PROPERTIES                                         *
    2659              ;*                            0 Parameter,  0 Auto,  0 SOE     *
    2660              ;***************************************************************
    2661              
    2662              ||__isnormalf||:
    2663              ;* PL    assigned to $O$K3
    2664              ;* AR6   assigned to $O$S1
    2665              ;* R0    assigned to f
    2666              $C$DW$122       .dwtag  DW_TAG_variable
    2667                      .dwattr $C$DW$122, DW_AT_name("f")
    2668                      .dwattr $C$DW$122, DW_AT_type(*$C$DW$T$170)
    2669                      .dwattr $C$DW$122, DW_AT_location[DW_OP_regx 0x2b]
    2670              
    2671                      .dwcfi  cfa_offset, -2
    2672                      .dwcfi  save_reg_to_mem, 26, 0
    2673                      .dwpsn  file "C:/ti/ccs2031/ccs/tools/compiler/ti-cgt-c2000_22.6.2.LTS/include/_defs.h",line 356,colu
    2674 00000000 BFAB          MOV32     P,R0H                 ; [CPU_FPU] |356| 
         00000001 0F12 
    2675 00000002 28AC          MOV       T,#23                 ; [CPU_ALU] |356| 
         00000003 0017 
    2676 00000004 A9A9          MOVL      ACC,P                 ; [CPU_ALU] |356| 
    2677 00000005 BE00          MOVB      XAR6,#0               ; [CPU_ALU] |356| 
    2678 00000006 5622          LSRL      ACC,T                 ; [CPU_ALU] |356| 
    2679 00000007 90FF          ANDB      AL,#0xff              ; [CPU_ALU] |356| 
    2680 00000008 6109          B         ||$C$L13||,EQ         ; [CPU_ALU] |356| 
    2681                      ; branchcc occurs ; [] |356| 
    2682 00000009 CCAA          AND       AL,PH,#0x7f80         ; [CPU_ALU] |356| 
         0000000a 7F80 
TMS320C2000 Assembler PC v22.6.2 Fri Jan  2 15:35:19 2026

Copyright (c) 1996-2018 Texas Instruments Incorporated
dual_axis_servo_drive_user_cpu.asm                                   PAGE   59

    2683 0000000b 80A9          MOVZ      AR7,AL                ; [CPU_ALU] |356| 
    2684 0000000c FF20          MOV       ACC,#32640            ; [CPU_ALU] |356| 
         0000000d 7F80 
    2685 0000000e 0FA7          CMPL      ACC,XAR7              ; [CPU_ALU] |356| 
    2686 0000000f 56B0          MOVB      XAR6,#1,NEQ           ; [CPU_ALU] |356| 
         00000010 01A6 
    2687 00000011       ||$C$L13||:    
    2688 00000011 92A6          MOV       AL,AR6                ; [CPU_ALU] |356| 
    2689              $C$DW$123       .dwtag  DW_TAG_TI_branch
    2690                      .dwattr $C$DW$123, DW_AT_low_pc(0x00)
    2691                      .dwattr $C$DW$123, DW_AT_TI_return
    2692              
    2693 00000012 0006          LRETR     ; [CPU_ALU] 
    2694                      ; return occurs ; [] 
    2695                      .dwattr $C$DW$120, DW_AT_TI_end_file("C:/ti/ccs2031/ccs/tools/compiler/ti-cgt-c2000_22.6.2.LTS/includ
    2696                      .dwattr $C$DW$120, DW_AT_TI_end_line(0x165)
    2697                      .dwattr $C$DW$120, DW_AT_TI_end_column(0x2f)
    2698                      .dwendentry
    2699                      .dwendtag $C$DW$120
    2700              
    2701 00000000               .sect   ".text:__isnormal"
    2702                      .clink
    2703                      .global ||__isnormal||
    2704              
    2705              $C$DW$124       .dwtag  DW_TAG_subprogram
    2706                      .dwattr $C$DW$124, DW_AT_name("__isnormal")
    2707                      .dwattr $C$DW$124, DW_AT_low_pc(||__isnormal||)
    2708                      .dwattr $C$DW$124, DW_AT_high_pc(0x00)
    2709                      .dwattr $C$DW$124, DW_AT_linkage_name("__isnormal")
    2710                      .dwattr $C$DW$124, DW_AT_external
    2711                      .dwattr $C$DW$124, DW_AT_type(*$C$DW$T$10)
    2712                      .dwattr $C$DW$124, DW_AT_decl_file("C:/ti/ccs2031/ccs/tools/compiler/ti-cgt-c2000_22.6.2.LTS/include/
    2713                      .dwattr $C$DW$124, DW_AT_decl_line(0x15f)
    2714                      .dwattr $C$DW$124, DW_AT_decl_column(0x18)
    2715                      .dwattr $C$DW$124, DW_AT_TI_max_frame_size(-6)
    2716                      .dwpsn  file "C:/ti/ccs2031/ccs/tools/compiler/ti-cgt-c2000_22.6.2.LTS/include/_defs.h",line 352,colu
    2717              
    2718                      .dwfde $C$DW$CIE, ||__isnormal||
    2719              $C$DW$125       .dwtag  DW_TAG_formal_parameter
    2720                      .dwattr $C$DW$125, DW_AT_name("d")
    2721                      .dwattr $C$DW$125, DW_AT_type(*$C$DW$T$172)
    2722                      .dwattr $C$DW$125, DW_AT_location[DW_OP_reg12]
    2723              
    2724              
    2725              ;***************************************************************
    2726              ;* FNAME: __isnormal                    FR SIZE:   4           *
    2727              ;*                                                             *
    2728              ;* FUNCTION ENVIRONMENT                                        *
    2729              ;*                                                             *
    2730              ;* FUNCTION PROPERTIES                                         *
    2731              ;*                            4 Parameter,  0 Auto,  0 SOE     *
    2732              ;***************************************************************
    2733              
    2734              ||__isnormal||:
    2735              ;* AR5   assigned to $O$C2
TMS320C2000 Assembler PC v22.6.2 Fri Jan  2 15:35:19 2026

Copyright (c) 1996-2018 Texas Instruments Incorporated
dual_axis_servo_drive_user_cpu.asm                                   PAGE   60

    2736              ;* AR6   assigned to $O$S1
    2737              ;* AR4   assigned to d
    2738              $C$DW$126       .dwtag  DW_TAG_variable
    2739                      .dwattr $C$DW$126, DW_AT_name("d")
    2740                      .dwattr $C$DW$126, DW_AT_type(*$C$DW$T$173)
    2741                      .dwattr $C$DW$126, DW_AT_location[DW_OP_reg12]
    2742              
    2743                      .dwcfi  cfa_offset, -2
    2744                      .dwcfi  save_reg_to_mem, 26, 0
    2745 00000000 FE04          ADDB      SP,#4                 ; [CPU_ARAU] 
    2746                      .dwcfi  cfa_offset, -6
    2747                      .dwpsn  file "C:/ti/ccs2031/ccs/tools/compiler/ti-cgt-c2000_22.6.2.LTS/include/_defs.h",line 352,colu
    2748 00000001 83C4          MOVL      XAR5,*+XAR4[0]        ; [CPU_ALU] |352| 
    2749 00000002 8AD4          MOVL      XAR4,*+XAR4[2]        ; [CPU_ALU] |352| 
    2750 00000003 BE00          MOVB      XAR6,#0               ; [CPU_ALU] |352| 
    2751 00000004 28AC          MOV       T,#52                 ; [CPU_ALU] |352| 
         00000005 0034 
    2752 00000006 A0AB          MOVL      P,XAR5                ; [CPU_ALU] |352| 
    2753 00000007 A8A9          MOVL      ACC,XAR4              ; [CPU_ALU] |352| 
    2754 00000008 C244          MOVL      *-SP[4],XAR6          ; [CPU_ALU] |352| 
    2755 00000009 2B42          MOV       *-SP[2],#0            ; [CPU_ALU] |352| 
    2756 0000000a 565B          LSR64     ACC:P,T               ; [CPU_ALU] |352| 
    2757 0000000b 2B41          MOV       *-SP[1],#0            ; [CPU_FPU] |352| 
    2758 0000000c 9000          ANDB      AL,#0                 ; [CPU_ALU] |352| 
    2759 0000000d 9100          ANDB      AH,#0                 ; [CPU_ALU] |352| 
    2760 0000000e 18AB          AND       PL,#2047              ; [CPU_ALU] |352| 
         0000000f 07FF 
    2761 00000010 18AA          AND       PH,#0                 ; [CPU_ALU] |352| 
         00000011 0000 
    2762              $C$DW$127       .dwtag  DW_TAG_TI_branch
    2763                      .dwattr $C$DW$127, DW_AT_low_pc(0x00)
    2764                      .dwattr $C$DW$127, DW_AT_name("__c28xabi_cmpull")
    2765                      .dwattr $C$DW$127, DW_AT_TI_call
    2766              
    2767 00000012 7640!         LCR       #||__c28xabi_cmpull|| ; [CPU_ALU] |352| 
         00000013 0000 
    2768                      ; call occurs [#||__c28xabi_cmpull||] ; [] |352| 
    2769 00000014 BE00          MOVB      XAR6,#0               ; [CPU_ALU] |352| 
    2770 00000015 5200          CMPB      AL,#0                 ; [CPU_ALU] |352| 
    2771 00000016 610E          B         ||$C$L14||,EQ         ; [CPU_ALU] |352| 
    2772                      ; branchcc occurs ; [] |352| 
    2773 00000017 A0AB          MOVL      P,XAR5                ; [CPU_ALU] |352| 
    2774 00000018 A8A9          MOVL      ACC,XAR4              ; [CPU_ALU] |352| 
    2775 00000019 28AC          MOV       T,#48                 ; [CPU_ALU] |352| 
         0000001a 0030 
    2776 0000001b 565B          LSR64     ACC:P,T               ; [CPU_ALU] |352| 
    2777 0000001c 18AB          AND       PL,#0x7ff0            ; [CPU_ALU] |352| 
         0000001d 7FF0 
    2778 0000001e 80AB          MOVZ      AR7,PL                ; [CPU_ALU] |352| 
    2779 0000001f FF20          MOV       ACC,#32752            ; [CPU_ALU] |352| 
         00000020 7FF0 
    2780 00000021 0FA7          CMPL      ACC,XAR7              ; [CPU_ALU] |352| 
    2781 00000022 56B0          MOVB      XAR6,#1,NEQ           ; [CPU_ALU] |352| 
         00000023 01A6 
    2782 00000024       ||$C$L14||:    
TMS320C2000 Assembler PC v22.6.2 Fri Jan  2 15:35:19 2026

Copyright (c) 1996-2018 Texas Instruments Incorporated
dual_axis_servo_drive_user_cpu.asm                                   PAGE   61

    2783 00000024 FE84          SUBB      SP,#4                 ; [CPU_ARAU] 
    2784                      .dwcfi  cfa_offset, -2
    2785 00000025 92A6          MOV       AL,AR6                ; [CPU_ALU] |352| 
    2786              $C$DW$128       .dwtag  DW_TAG_TI_branch
    2787                      .dwattr $C$DW$128, DW_AT_low_pc(0x00)
    2788                      .dwattr $C$DW$128, DW_AT_TI_return
    2789              
    2790 00000026 0006          LRETR     ; [CPU_ALU] 
    2791                      ; return occurs ; [] 
    2792                      .dwattr $C$DW$124, DW_AT_TI_end_file("C:/ti/ccs2031/ccs/tools/compiler/ti-cgt-c2000_22.6.2.LTS/includ
    2793                      .dwattr $C$DW$124, DW_AT_TI_end_line(0x161)
    2794                      .dwattr $C$DW$124, DW_AT_TI_end_column(0x30)
    2795                      .dwendentry
    2796                      .dwendtag $C$DW$124
    2797              
    2798 00000000               .sect   ".text:__isnanl"
    2799                      .clink
    2800                      .global ||__isnanl||
    2801              
    2802              $C$DW$129       .dwtag  DW_TAG_subprogram
    2803                      .dwattr $C$DW$129, DW_AT_name("__isnanl")
    2804                      .dwattr $C$DW$129, DW_AT_low_pc(||__isnanl||)
    2805                      .dwattr $C$DW$129, DW_AT_high_pc(0x00)
    2806                      .dwattr $C$DW$129, DW_AT_linkage_name("__isnanl")
    2807                      .dwattr $C$DW$129, DW_AT_external
    2808                      .dwattr $C$DW$129, DW_AT_type(*$C$DW$T$10)
    2809                      .dwattr $C$DW$129, DW_AT_decl_file("C:/ti/ccs2031/ccs/tools/compiler/ti-cgt-c2000_22.6.2.LTS/include/
    2810                      .dwattr $C$DW$129, DW_AT_decl_line(0x15b)
    2811                      .dwattr $C$DW$129, DW_AT_decl_column(0x18)
    2812                      .dwattr $C$DW$129, DW_AT_TI_max_frame_size(-6)
    2813                      .dwpsn  file "C:/ti/ccs2031/ccs/tools/compiler/ti-cgt-c2000_22.6.2.LTS/include/_defs.h",line 348,colu
    2814              
    2815                      .dwfde $C$DW$CIE, ||__isnanl||
    2816              $C$DW$130       .dwtag  DW_TAG_formal_parameter
    2817                      .dwattr $C$DW$130, DW_AT_name("e")
    2818                      .dwattr $C$DW$130, DW_AT_type(*$C$DW$T$175)
    2819                      .dwattr $C$DW$130, DW_AT_location[DW_OP_reg12]
    2820              
    2821              
    2822              ;***************************************************************
    2823              ;* FNAME: __isnanl                      FR SIZE:   4           *
    2824              ;*                                                             *
    2825              ;* FUNCTION ENVIRONMENT                                        *
    2826              ;*                                                             *
    2827              ;* FUNCTION PROPERTIES                                         *
    2828              ;*                            4 Parameter,  0 Auto,  0 SOE     *
    2829              ;***************************************************************
    2830              
    2831              ||__isnanl||:
    2832              ;* AR7   assigned to $O$C2
    2833              ;* AR4   assigned to $O$S1
    2834              ;* AR4   assigned to e
    2835              $C$DW$131       .dwtag  DW_TAG_variable
    2836                      .dwattr $C$DW$131, DW_AT_name("e")
    2837                      .dwattr $C$DW$131, DW_AT_type(*$C$DW$T$176)
TMS320C2000 Assembler PC v22.6.2 Fri Jan  2 15:35:19 2026

Copyright (c) 1996-2018 Texas Instruments Incorporated
dual_axis_servo_drive_user_cpu.asm                                   PAGE   62

    2838                      .dwattr $C$DW$131, DW_AT_location[DW_OP_reg12]
    2839              
    2840                      .dwcfi  cfa_offset, -2
    2841                      .dwcfi  save_reg_to_mem, 26, 0
    2842 00000000 FE04          ADDB      SP,#4                 ; [CPU_ARAU] 
    2843                      .dwcfi  cfa_offset, -6
    2844                      .dwpsn  file "C:/ti/ccs2031/ccs/tools/compiler/ti-cgt-c2000_22.6.2.LTS/include/_defs.h",line 348,colu
    2845 00000001 C5C4          MOVL      XAR7,*+XAR4[0]        ; [CPU_ALU] |348| 
    2846 00000002 06D4          MOVL      ACC,*+XAR4[2]         ; [CPU_ALU] |348| 
    2847 00000003 28AC          MOV       T,#48                 ; [CPU_ALU] |348| 
         00000004 0030 
    2848 00000005 1EA6          MOVL      XAR6,ACC              ; [CPU_ALU] |348| 
    2849 00000006 A3A7          MOVL      P,XAR7                ; [CPU_ALU] |348| 
    2850 00000007 D400          MOVB      XAR4,#0               ; [CPU_ALU] |348| 
    2851 00000008 565B          LSR64     ACC:P,T               ; [CPU_ALU] |348| 
    2852 00000009 2BAA          MOV       PH,#0                 ; [CPU_ALU] |348| 
    2853 0000000a 18AB          AND       PL,#0x7ff0            ; [CPU_ALU] |348| 
         0000000b 7FF0 
    2854 0000000c FF20          MOV       ACC,#32752            ; [CPU_ALU] |348| 
         0000000d 7FF0 
    2855 0000000e 0FAB          CMPL      ACC,P                 ; [CPU_ALU] |348| 
    2856 0000000f 6013          B         ||$C$L15||,NEQ        ; [CPU_ALU] |348| 
    2857                      ; branchcc occurs ; [] |348| 
    2858 00000010 06A6          MOVL      ACC,XAR6              ; [CPU_ALU] |348| 
    2859 00000011 A3A7          MOVL      P,XAR7                ; [CPU_ALU] |348| 
    2860 00000012 BE00          MOVB      XAR6,#0               ; [CPU_ALU] |348| 
    2861 00000013 18A9          AND       AL,#65535             ; [CPU_ALU] |348| 
         00000014 FFFF 
    2862 00000015 910F          ANDB      AH,#15                ; [CPU_ALU] |348| 
    2863 00000016 18AB          AND       PL,#65535             ; [CPU_ALU] |348| 
         00000017 FFFF 
    2864 00000018 18AA          AND       PH,#65535             ; [CPU_ALU] |348| 
         00000019 FFFF 
    2865 0000001a C244          MOVL      *-SP[4],XAR6          ; [CPU_FPU] |348| 
    2866 0000001b 2B42          MOV       *-SP[2],#0            ; [CPU_FPU] |348| 
    2867 0000001c 2B41          MOV       *-SP[1],#0            ; [CPU_FPU] |348| 
    2868              $C$DW$132       .dwtag  DW_TAG_TI_branch
    2869                      .dwattr $C$DW$132, DW_AT_low_pc(0x00)
    2870                      .dwattr $C$DW$132, DW_AT_name("__c28xabi_cmpull")
    2871                      .dwattr $C$DW$132, DW_AT_TI_call
    2872              
    2873 0000001d 7640!         LCR       #||__c28xabi_cmpull|| ; [CPU_ALU] |348| 
         0000001e 0000 
    2874                      ; call occurs [#||__c28xabi_cmpull||] ; [] |348| 
    2875 0000001f 5200          CMPB      AL,#0                 ; [CPU_ALU] |348| 
    2876 00000020 56B0          MOVB      XAR4,#1,NEQ           ; [CPU_ALU] |348| 
         00000021 01A4 
    2877 00000022       ||$C$L15||:    
    2878 00000022 FE84          SUBB      SP,#4                 ; [CPU_ARAU] 
    2879                      .dwcfi  cfa_offset, -2
    2880 00000023 92A4          MOV       AL,AR4                ; [CPU_ALU] |348| 
    2881              $C$DW$133       .dwtag  DW_TAG_TI_branch
    2882                      .dwattr $C$DW$133, DW_AT_low_pc(0x00)
    2883                      .dwattr $C$DW$133, DW_AT_TI_return
    2884              
TMS320C2000 Assembler PC v22.6.2 Fri Jan  2 15:35:19 2026

Copyright (c) 1996-2018 Texas Instruments Incorporated
dual_axis_servo_drive_user_cpu.asm                                   PAGE   63

    2885 00000024 0006          LRETR     ; [CPU_ALU] 
    2886                      ; return occurs ; [] 
    2887                      .dwattr $C$DW$129, DW_AT_TI_end_file("C:/ti/ccs2031/ccs/tools/compiler/ti-cgt-c2000_22.6.2.LTS/includ
    2888                      .dwattr $C$DW$129, DW_AT_TI_end_line(0x15d)
    2889                      .dwattr $C$DW$129, DW_AT_TI_end_column(0x30)
    2890                      .dwendentry
    2891                      .dwendtag $C$DW$129
    2892              
    2893 00000000               .sect   ".text:__isnanf"
    2894                      .clink
    2895                      .global ||__isnanf||
    2896              
    2897              $C$DW$134       .dwtag  DW_TAG_subprogram
    2898                      .dwattr $C$DW$134, DW_AT_name("__isnanf")
    2899                      .dwattr $C$DW$134, DW_AT_low_pc(||__isnanf||)
    2900                      .dwattr $C$DW$134, DW_AT_high_pc(0x00)
    2901                      .dwattr $C$DW$134, DW_AT_linkage_name("__isnanf")
    2902                      .dwattr $C$DW$134, DW_AT_external
    2903                      .dwattr $C$DW$134, DW_AT_type(*$C$DW$T$10)
    2904                      .dwattr $C$DW$134, DW_AT_decl_file("C:/ti/ccs2031/ccs/tools/compiler/ti-cgt-c2000_22.6.2.LTS/include/
    2905                      .dwattr $C$DW$134, DW_AT_decl_line(0x158)
    2906                      .dwattr $C$DW$134, DW_AT_decl_column(0x18)
    2907                      .dwattr $C$DW$134, DW_AT_TI_max_frame_size(-2)
    2908                      .dwpsn  file "C:/ti/ccs2031/ccs/tools/compiler/ti-cgt-c2000_22.6.2.LTS/include/_defs.h",line 345,colu
    2909              
    2910                      .dwfde $C$DW$CIE, ||__isnanf||
    2911              $C$DW$135       .dwtag  DW_TAG_formal_parameter
    2912                      .dwattr $C$DW$135, DW_AT_name("f")
    2913                      .dwattr $C$DW$135, DW_AT_type(*$C$DW$T$16)
    2914                      .dwattr $C$DW$135, DW_AT_location[DW_OP_regx 0x2b]
    2915              
    2916              
    2917              ;***************************************************************
    2918              ;* FNAME: __isnanf                      FR SIZE:   0           *
    2919              ;*                                                             *
    2920              ;* FUNCTION ENVIRONMENT                                        *
    2921              ;*                                                             *
    2922              ;* FUNCTION PROPERTIES                                         *
    2923              ;*                            0 Parameter,  0 Auto,  0 SOE     *
    2924              ;***************************************************************
    2925              
    2926              ||__isnanf||:
    2927              ;* PL    assigned to $O$K3
    2928              ;* AR6   assigned to $O$S1
    2929              ;* R0    assigned to f
    2930              $C$DW$136       .dwtag  DW_TAG_variable
    2931                      .dwattr $C$DW$136, DW_AT_name("f")
    2932                      .dwattr $C$DW$136, DW_AT_type(*$C$DW$T$170)
    2933                      .dwattr $C$DW$136, DW_AT_location[DW_OP_regx 0x2b]
    2934              
    2935                      .dwcfi  cfa_offset, -2
    2936                      .dwcfi  save_reg_to_mem, 26, 0
    2937                      .dwpsn  file "C:/ti/ccs2031/ccs/tools/compiler/ti-cgt-c2000_22.6.2.LTS/include/_defs.h",line 345,colu
    2938 00000000 BFAB          MOV32     P,R0H                 ; [CPU_FPU] |345| 
         00000001 0F12 
TMS320C2000 Assembler PC v22.6.2 Fri Jan  2 15:35:19 2026

Copyright (c) 1996-2018 Texas Instruments Incorporated
dual_axis_servo_drive_user_cpu.asm                                   PAGE   64

    2939 00000002 CCAA          AND       AL,PH,#0x7f80         ; [CPU_ALU] |345| 
         00000003 7F80 
    2940 00000004 80A9          MOVZ      AR7,AL                ; [CPU_ALU] |345| 
    2941 00000005 BE00          MOVB      XAR6,#0               ; [CPU_ALU] |345| 
    2942 00000006 FF20          MOV       ACC,#32640            ; [CPU_ALU] |345| 
         00000007 7F80 
    2943 00000008 0FA7          CMPL      ACC,XAR7              ; [CPU_ALU] |345| 
    2944 00000009 6006          B         ||$C$L16||,NEQ        ; [CPU_ALU] |345| 
    2945                      ; branchcc occurs ; [] |345| 
    2946 0000000a A9A9          MOVL      ACC,P                 ; [CPU_ALU] |345| 
    2947 0000000b 917F          ANDB      AH,#127               ; [CPU_ALU] |345| 
    2948 0000000c FF58          TEST      ACC                   ; [CPU_ALU] |345| 
    2949 0000000d 56B0          MOVB      XAR6,#1,NEQ           ; [CPU_ALU] |345| 
         0000000e 01A6 
    2950 0000000f       ||$C$L16||:    
    2951 0000000f 92A6          MOV       AL,AR6                ; [CPU_ALU] |345| 
    2952              $C$DW$137       .dwtag  DW_TAG_TI_branch
    2953                      .dwattr $C$DW$137, DW_AT_low_pc(0x00)
    2954                      .dwattr $C$DW$137, DW_AT_TI_return
    2955              
    2956 00000010 0006          LRETR     ; [CPU_ALU] 
    2957                      ; return occurs ; [] 
    2958                      .dwattr $C$DW$134, DW_AT_TI_end_file("C:/ti/ccs2031/ccs/tools/compiler/ti-cgt-c2000_22.6.2.LTS/includ
    2959                      .dwattr $C$DW$134, DW_AT_TI_end_line(0x15a)
    2960                      .dwattr $C$DW$134, DW_AT_TI_end_column(0x2e)
    2961                      .dwendentry
    2962                      .dwendtag $C$DW$134
    2963              
    2964 00000000               .sect   ".text:__isnan"
    2965                      .clink
    2966                      .global ||__isnan||
    2967              
    2968              $C$DW$138       .dwtag  DW_TAG_subprogram
    2969                      .dwattr $C$DW$138, DW_AT_name("__isnan")
    2970                      .dwattr $C$DW$138, DW_AT_low_pc(||__isnan||)
    2971                      .dwattr $C$DW$138, DW_AT_high_pc(0x00)
    2972                      .dwattr $C$DW$138, DW_AT_linkage_name("__isnan")
    2973                      .dwattr $C$DW$138, DW_AT_external
    2974                      .dwattr $C$DW$138, DW_AT_type(*$C$DW$T$10)
    2975                      .dwattr $C$DW$138, DW_AT_decl_file("C:/ti/ccs2031/ccs/tools/compiler/ti-cgt-c2000_22.6.2.LTS/include/
    2976                      .dwattr $C$DW$138, DW_AT_decl_line(0x155)
    2977                      .dwattr $C$DW$138, DW_AT_decl_column(0x18)
    2978                      .dwattr $C$DW$138, DW_AT_TI_max_frame_size(-6)
    2979                      .dwpsn  file "C:/ti/ccs2031/ccs/tools/compiler/ti-cgt-c2000_22.6.2.LTS/include/_defs.h",line 342,colu
    2980              
    2981                      .dwfde $C$DW$CIE, ||__isnan||
    2982              $C$DW$139       .dwtag  DW_TAG_formal_parameter
    2983                      .dwattr $C$DW$139, DW_AT_name("d")
    2984                      .dwattr $C$DW$139, DW_AT_type(*$C$DW$T$172)
    2985                      .dwattr $C$DW$139, DW_AT_location[DW_OP_reg12]
    2986              
    2987              
    2988              ;***************************************************************
    2989              ;* FNAME: __isnan                       FR SIZE:   4           *
    2990              ;*                                                             *
TMS320C2000 Assembler PC v22.6.2 Fri Jan  2 15:35:19 2026

Copyright (c) 1996-2018 Texas Instruments Incorporated
dual_axis_servo_drive_user_cpu.asm                                   PAGE   65

    2991              ;* FUNCTION ENVIRONMENT                                        *
    2992              ;*                                                             *
    2993              ;* FUNCTION PROPERTIES                                         *
    2994              ;*                            4 Parameter,  0 Auto,  0 SOE     *
    2995              ;***************************************************************
    2996              
    2997              ||__isnan||:
    2998              ;* AR7   assigned to $O$C2
    2999              ;* AR4   assigned to $O$S1
    3000              ;* AR4   assigned to d
    3001              $C$DW$140       .dwtag  DW_TAG_variable
    3002                      .dwattr $C$DW$140, DW_AT_name("d")
    3003                      .dwattr $C$DW$140, DW_AT_type(*$C$DW$T$173)
    3004                      .dwattr $C$DW$140, DW_AT_location[DW_OP_reg12]
    3005              
    3006                      .dwcfi  cfa_offset, -2
    3007                      .dwcfi  save_reg_to_mem, 26, 0
    3008 00000000 FE04          ADDB      SP,#4                 ; [CPU_ARAU] 
    3009                      .dwcfi  cfa_offset, -6
    3010                      .dwpsn  file "C:/ti/ccs2031/ccs/tools/compiler/ti-cgt-c2000_22.6.2.LTS/include/_defs.h",line 342,colu
    3011 00000001 C5C4          MOVL      XAR7,*+XAR4[0]        ; [CPU_ALU] |342| 
    3012 00000002 06D4          MOVL      ACC,*+XAR4[2]         ; [CPU_ALU] |342| 
    3013 00000003 28AC          MOV       T,#48                 ; [CPU_ALU] |342| 
         00000004 0030 
    3014 00000005 1EA6          MOVL      XAR6,ACC              ; [CPU_ALU] |342| 
    3015 00000006 A3A7          MOVL      P,XAR7                ; [CPU_ALU] |342| 
    3016 00000007 D400          MOVB      XAR4,#0               ; [CPU_ALU] |342| 
    3017 00000008 565B          LSR64     ACC:P,T               ; [CPU_ALU] |342| 
    3018 00000009 2BAA          MOV       PH,#0                 ; [CPU_ALU] |342| 
    3019 0000000a 18AB          AND       PL,#0x7ff0            ; [CPU_ALU] |342| 
         0000000b 7FF0 
    3020 0000000c FF20          MOV       ACC,#32752            ; [CPU_ALU] |342| 
         0000000d 7FF0 
    3021 0000000e 0FAB          CMPL      ACC,P                 ; [CPU_ALU] |342| 
    3022 0000000f 6013          B         ||$C$L17||,NEQ        ; [CPU_ALU] |342| 
    3023                      ; branchcc occurs ; [] |342| 
    3024 00000010 06A6          MOVL      ACC,XAR6              ; [CPU_ALU] |342| 
    3025 00000011 A3A7          MOVL      P,XAR7                ; [CPU_ALU] |342| 
    3026 00000012 BE00          MOVB      XAR6,#0               ; [CPU_ALU] |342| 
    3027 00000013 18A9          AND       AL,#65535             ; [CPU_ALU] |342| 
         00000014 FFFF 
    3028 00000015 910F          ANDB      AH,#15                ; [CPU_ALU] |342| 
    3029 00000016 18AB          AND       PL,#65535             ; [CPU_ALU] |342| 
         00000017 FFFF 
    3030 00000018 18AA          AND       PH,#65535             ; [CPU_ALU] |342| 
         00000019 FFFF 
    3031 0000001a C244          MOVL      *-SP[4],XAR6          ; [CPU_FPU] |342| 
    3032 0000001b 2B42          MOV       *-SP[2],#0            ; [CPU_FPU] |342| 
    3033 0000001c 2B41          MOV       *-SP[1],#0            ; [CPU_FPU] |342| 
    3034              $C$DW$141       .dwtag  DW_TAG_TI_branch
    3035                      .dwattr $C$DW$141, DW_AT_low_pc(0x00)
    3036                      .dwattr $C$DW$141, DW_AT_name("__c28xabi_cmpull")
    3037                      .dwattr $C$DW$141, DW_AT_TI_call
    3038              
    3039 0000001d 7640!         LCR       #||__c28xabi_cmpull|| ; [CPU_ALU] |342| 
TMS320C2000 Assembler PC v22.6.2 Fri Jan  2 15:35:19 2026

Copyright (c) 1996-2018 Texas Instruments Incorporated
dual_axis_servo_drive_user_cpu.asm                                   PAGE   66

         0000001e 0000 
    3040                      ; call occurs [#||__c28xabi_cmpull||] ; [] |342| 
    3041 0000001f 5200          CMPB      AL,#0                 ; [CPU_ALU] |342| 
    3042 00000020 56B0          MOVB      XAR4,#1,NEQ           ; [CPU_ALU] |342| 
         00000021 01A4 
    3043 00000022       ||$C$L17||:    
    3044 00000022 FE84          SUBB      SP,#4                 ; [CPU_ARAU] 
    3045                      .dwcfi  cfa_offset, -2
    3046 00000023 92A4          MOV       AL,AR4                ; [CPU_ALU] |342| 
    3047              $C$DW$142       .dwtag  DW_TAG_TI_branch
    3048                      .dwattr $C$DW$142, DW_AT_low_pc(0x00)
    3049                      .dwattr $C$DW$142, DW_AT_TI_return
    3050              
    3051 00000024 0006          LRETR     ; [CPU_ALU] 
    3052                      ; return occurs ; [] 
    3053                      .dwattr $C$DW$138, DW_AT_TI_end_file("C:/ti/ccs2031/ccs/tools/compiler/ti-cgt-c2000_22.6.2.LTS/includ
    3054                      .dwattr $C$DW$138, DW_AT_TI_end_line(0x157)
    3055                      .dwattr $C$DW$138, DW_AT_TI_end_column(0x2f)
    3056                      .dwendentry
    3057                      .dwendtag $C$DW$138
    3058              
    3059 00000000               .sect   ".text:__isinfl"
    3060                      .clink
    3061                      .global ||__isinfl||
    3062              
    3063              $C$DW$143       .dwtag  DW_TAG_subprogram
    3064                      .dwattr $C$DW$143, DW_AT_name("__isinfl")
    3065                      .dwattr $C$DW$143, DW_AT_low_pc(||__isinfl||)
    3066                      .dwattr $C$DW$143, DW_AT_high_pc(0x00)
    3067                      .dwattr $C$DW$143, DW_AT_linkage_name("__isinfl")
    3068                      .dwattr $C$DW$143, DW_AT_external
    3069                      .dwattr $C$DW$143, DW_AT_type(*$C$DW$T$10)
    3070                      .dwattr $C$DW$143, DW_AT_decl_file("C:/ti/ccs2031/ccs/tools/compiler/ti-cgt-c2000_22.6.2.LTS/include/
    3071                      .dwattr $C$DW$143, DW_AT_decl_line(0x17a)
    3072                      .dwattr $C$DW$143, DW_AT_decl_column(0x18)
    3073                      .dwattr $C$DW$143, DW_AT_TI_max_frame_size(-6)
    3074                      .dwpsn  file "C:/ti/ccs2031/ccs/tools/compiler/ti-cgt-c2000_22.6.2.LTS/include/_defs.h",line 379,colu
    3075              
    3076                      .dwfde $C$DW$CIE, ||__isinfl||
    3077              $C$DW$144       .dwtag  DW_TAG_formal_parameter
    3078                      .dwattr $C$DW$144, DW_AT_name("e")
    3079                      .dwattr $C$DW$144, DW_AT_type(*$C$DW$T$175)
    3080                      .dwattr $C$DW$144, DW_AT_location[DW_OP_reg12]
    3081              
    3082              
    3083              ;***************************************************************
    3084              ;* FNAME: __isinfl                      FR SIZE:   4           *
    3085              ;*                                                             *
    3086              ;* FUNCTION ENVIRONMENT                                        *
    3087              ;*                                                             *
    3088              ;* FUNCTION PROPERTIES                                         *
    3089              ;*                            4 Parameter,  0 Auto,  0 SOE     *
    3090              ;***************************************************************
    3091              
    3092              ||__isinfl||:
TMS320C2000 Assembler PC v22.6.2 Fri Jan  2 15:35:19 2026

Copyright (c) 1996-2018 Texas Instruments Incorporated
dual_axis_servo_drive_user_cpu.asm                                   PAGE   67

    3093              ;* AR7   assigned to $O$C2
    3094              ;* AR4   assigned to $O$S1
    3095              ;* AR4   assigned to e
    3096              $C$DW$145       .dwtag  DW_TAG_variable
    3097                      .dwattr $C$DW$145, DW_AT_name("e")
    3098                      .dwattr $C$DW$145, DW_AT_type(*$C$DW$T$176)
    3099                      .dwattr $C$DW$145, DW_AT_location[DW_OP_reg12]
    3100              
    3101                      .dwcfi  cfa_offset, -2
    3102                      .dwcfi  save_reg_to_mem, 26, 0
    3103 00000000 FE04          ADDB      SP,#4                 ; [CPU_ARAU] 
    3104                      .dwcfi  cfa_offset, -6
    3105                      .dwpsn  file "C:/ti/ccs2031/ccs/tools/compiler/ti-cgt-c2000_22.6.2.LTS/include/_defs.h",line 379,colu
    3106 00000001 C5C4          MOVL      XAR7,*+XAR4[0]        ; [CPU_ALU] |379| 
    3107 00000002 06D4          MOVL      ACC,*+XAR4[2]         ; [CPU_ALU] |379| 
    3108 00000003 28AC          MOV       T,#48                 ; [CPU_ALU] |379| 
         00000004 0030 
    3109 00000005 1EA6          MOVL      XAR6,ACC              ; [CPU_ALU] |379| 
    3110 00000006 A3A7          MOVL      P,XAR7                ; [CPU_ALU] |379| 
    3111 00000007 D400          MOVB      XAR4,#0               ; [CPU_ALU] |379| 
    3112 00000008 565B          LSR64     ACC:P,T               ; [CPU_ALU] |379| 
    3113 00000009 2BAA          MOV       PH,#0                 ; [CPU_ALU] |379| 
    3114 0000000a 18AB          AND       PL,#0x7ff0            ; [CPU_ALU] |379| 
         0000000b 7FF0 
    3115 0000000c FF20          MOV       ACC,#32752            ; [CPU_ALU] |379| 
         0000000d 7FF0 
    3116 0000000e 0FAB          CMPL      ACC,P                 ; [CPU_ALU] |379| 
    3117 0000000f 6013          B         ||$C$L18||,NEQ        ; [CPU_ALU] |379| 
    3118                      ; branchcc occurs ; [] |379| 
    3119 00000010 06A6          MOVL      ACC,XAR6              ; [CPU_ALU] |379| 
    3120 00000011 A3A7          MOVL      P,XAR7                ; [CPU_ALU] |379| 
    3121 00000012 BE00          MOVB      XAR6,#0               ; [CPU_ALU] |379| 
    3122 00000013 18A9          AND       AL,#65535             ; [CPU_ALU] |379| 
         00000014 FFFF 
    3123 00000015 910F          ANDB      AH,#15                ; [CPU_ALU] |379| 
    3124 00000016 18AB          AND       PL,#65535             ; [CPU_ALU] |379| 
         00000017 FFFF 
    3125 00000018 18AA          AND       PH,#65535             ; [CPU_ALU] |379| 
         00000019 FFFF 
    3126 0000001a C244          MOVL      *-SP[4],XAR6          ; [CPU_FPU] |379| 
    3127 0000001b 2B42          MOV       *-SP[2],#0            ; [CPU_FPU] |379| 
    3128 0000001c 2B41          MOV       *-SP[1],#0            ; [CPU_FPU] |379| 
    3129              $C$DW$146       .dwtag  DW_TAG_TI_branch
    3130                      .dwattr $C$DW$146, DW_AT_low_pc(0x00)
    3131                      .dwattr $C$DW$146, DW_AT_name("__c28xabi_cmpull")
    3132                      .dwattr $C$DW$146, DW_AT_TI_call
    3133              
    3134 0000001d 7640!         LCR       #||__c28xabi_cmpull|| ; [CPU_ALU] |379| 
         0000001e 0000 
    3135                      ; call occurs [#||__c28xabi_cmpull||] ; [] |379| 
    3136 0000001f 5200          CMPB      AL,#0                 ; [CPU_ALU] |379| 
    3137 00000020 56B1          MOVB      XAR4,#1,EQ            ; [CPU_ALU] |379| 
         00000021 01A4 
    3138 00000022       ||$C$L18||:    
    3139 00000022 FE84          SUBB      SP,#4                 ; [CPU_ARAU] 
TMS320C2000 Assembler PC v22.6.2 Fri Jan  2 15:35:19 2026

Copyright (c) 1996-2018 Texas Instruments Incorporated
dual_axis_servo_drive_user_cpu.asm                                   PAGE   68

    3140                      .dwcfi  cfa_offset, -2
    3141 00000023 92A4          MOV       AL,AR4                ; [CPU_ALU] |379| 
    3142              $C$DW$147       .dwtag  DW_TAG_TI_branch
    3143                      .dwattr $C$DW$147, DW_AT_low_pc(0x00)
    3144                      .dwattr $C$DW$147, DW_AT_TI_return
    3145              
    3146 00000024 0006          LRETR     ; [CPU_ALU] 
    3147                      ; return occurs ; [] 
    3148                      .dwattr $C$DW$143, DW_AT_TI_end_file("C:/ti/ccs2031/ccs/tools/compiler/ti-cgt-c2000_22.6.2.LTS/includ
    3149                      .dwattr $C$DW$143, DW_AT_TI_end_line(0x17b)
    3150                      .dwattr $C$DW$143, DW_AT_TI_end_column(0x4c)
    3151                      .dwendentry
    3152                      .dwendtag $C$DW$143
    3153              
    3154 00000000               .sect   ".text:__isinff"
    3155                      .clink
    3156                      .global ||__isinff||
    3157              
    3158              $C$DW$148       .dwtag  DW_TAG_subprogram
    3159                      .dwattr $C$DW$148, DW_AT_name("__isinff")
    3160                      .dwattr $C$DW$148, DW_AT_low_pc(||__isinff||)
    3161                      .dwattr $C$DW$148, DW_AT_high_pc(0x00)
    3162                      .dwattr $C$DW$148, DW_AT_linkage_name("__isinff")
    3163                      .dwattr $C$DW$148, DW_AT_external
    3164                      .dwattr $C$DW$148, DW_AT_type(*$C$DW$T$10)
    3165                      .dwattr $C$DW$148, DW_AT_decl_file("C:/ti/ccs2031/ccs/tools/compiler/ti-cgt-c2000_22.6.2.LTS/include/
    3166                      .dwattr $C$DW$148, DW_AT_decl_line(0x176)
    3167                      .dwattr $C$DW$148, DW_AT_decl_column(0x18)
    3168                      .dwattr $C$DW$148, DW_AT_TI_max_frame_size(-2)
    3169                      .dwpsn  file "C:/ti/ccs2031/ccs/tools/compiler/ti-cgt-c2000_22.6.2.LTS/include/_defs.h",line 375,colu
    3170              
    3171                      .dwfde $C$DW$CIE, ||__isinff||
    3172              $C$DW$149       .dwtag  DW_TAG_formal_parameter
    3173                      .dwattr $C$DW$149, DW_AT_name("f")
    3174                      .dwattr $C$DW$149, DW_AT_type(*$C$DW$T$16)
    3175                      .dwattr $C$DW$149, DW_AT_location[DW_OP_regx 0x2b]
    3176              
    3177              
    3178              ;***************************************************************
    3179              ;* FNAME: __isinff                      FR SIZE:   0           *
    3180              ;*                                                             *
    3181              ;* FUNCTION ENVIRONMENT                                        *
    3182              ;*                                                             *
    3183              ;* FUNCTION PROPERTIES                                         *
    3184              ;*                            0 Parameter,  0 Auto,  0 SOE     *
    3185              ;***************************************************************
    3186              
    3187              ||__isinff||:
    3188              ;* PL    assigned to $O$K3
    3189              ;* AR6   assigned to $O$S1
    3190              ;* R0    assigned to f
    3191              $C$DW$150       .dwtag  DW_TAG_variable
    3192                      .dwattr $C$DW$150, DW_AT_name("f")
    3193                      .dwattr $C$DW$150, DW_AT_type(*$C$DW$T$170)
    3194                      .dwattr $C$DW$150, DW_AT_location[DW_OP_regx 0x2b]
TMS320C2000 Assembler PC v22.6.2 Fri Jan  2 15:35:19 2026

Copyright (c) 1996-2018 Texas Instruments Incorporated
dual_axis_servo_drive_user_cpu.asm                                   PAGE   69

    3195              
    3196                      .dwcfi  cfa_offset, -2
    3197                      .dwcfi  save_reg_to_mem, 26, 0
    3198                      .dwpsn  file "C:/ti/ccs2031/ccs/tools/compiler/ti-cgt-c2000_22.6.2.LTS/include/_defs.h",line 375,colu
    3199 00000000 BFAB          MOV32     P,R0H                 ; [CPU_FPU] |375| 
         00000001 0F12 
    3200 00000002 CCAA          AND       AL,PH,#0x7f80         ; [CPU_ALU] |375| 
         00000003 7F80 
    3201 00000004 80A9          MOVZ      AR7,AL                ; [CPU_ALU] |375| 
    3202 00000005 BE00          MOVB      XAR6,#0               ; [CPU_ALU] |375| 
    3203 00000006 FF20          MOV       ACC,#32640            ; [CPU_ALU] |375| 
         00000007 7F80 
    3204 00000008 0FA7          CMPL      ACC,XAR7              ; [CPU_ALU] |375| 
    3205 00000009 6006          B         ||$C$L19||,NEQ        ; [CPU_ALU] |375| 
    3206                      ; branchcc occurs ; [] |375| 
    3207 0000000a A9A9          MOVL      ACC,P                 ; [CPU_ALU] |375| 
    3208 0000000b 917F          ANDB      AH,#127               ; [CPU_ALU] |375| 
    3209 0000000c FF58          TEST      ACC                   ; [CPU_ALU] |375| 
    3210 0000000d 56B1          MOVB      XAR6,#1,EQ            ; [CPU_ALU] |375| 
         0000000e 01A6 
    3211 0000000f       ||$C$L19||:    
    3212 0000000f 92A6          MOV       AL,AR6                ; [CPU_ALU] |375| 
    3213              $C$DW$151       .dwtag  DW_TAG_TI_branch
    3214                      .dwattr $C$DW$151, DW_AT_low_pc(0x00)
    3215                      .dwattr $C$DW$151, DW_AT_TI_return
    3216              
    3217 00000010 0006          LRETR     ; [CPU_ALU] 
    3218                      ; return occurs ; [] 
    3219                      .dwattr $C$DW$148, DW_AT_TI_end_file("C:/ti/ccs2031/ccs/tools/compiler/ti-cgt-c2000_22.6.2.LTS/includ
    3220                      .dwattr $C$DW$148, DW_AT_TI_end_line(0x177)
    3221                      .dwattr $C$DW$148, DW_AT_TI_end_column(0x48)
    3222                      .dwendentry
    3223                      .dwendtag $C$DW$148
    3224              
    3225 00000000               .sect   ".text:__isinf"
    3226                      .clink
    3227                      .global ||__isinf||
    3228              
    3229              $C$DW$152       .dwtag  DW_TAG_subprogram
    3230                      .dwattr $C$DW$152, DW_AT_name("__isinf")
    3231                      .dwattr $C$DW$152, DW_AT_low_pc(||__isinf||)
    3232                      .dwattr $C$DW$152, DW_AT_high_pc(0x00)
    3233                      .dwattr $C$DW$152, DW_AT_linkage_name("__isinf")
    3234                      .dwattr $C$DW$152, DW_AT_external
    3235                      .dwattr $C$DW$152, DW_AT_type(*$C$DW$T$10)
    3236                      .dwattr $C$DW$152, DW_AT_decl_file("C:/ti/ccs2031/ccs/tools/compiler/ti-cgt-c2000_22.6.2.LTS/include/
    3237                      .dwattr $C$DW$152, DW_AT_decl_line(0x178)
    3238                      .dwattr $C$DW$152, DW_AT_decl_column(0x18)
    3239                      .dwattr $C$DW$152, DW_AT_TI_max_frame_size(-6)
    3240                      .dwpsn  file "C:/ti/ccs2031/ccs/tools/compiler/ti-cgt-c2000_22.6.2.LTS/include/_defs.h",line 377,colu
    3241              
    3242                      .dwfde $C$DW$CIE, ||__isinf||
    3243              $C$DW$153       .dwtag  DW_TAG_formal_parameter
    3244                      .dwattr $C$DW$153, DW_AT_name("d")
    3245                      .dwattr $C$DW$153, DW_AT_type(*$C$DW$T$172)
TMS320C2000 Assembler PC v22.6.2 Fri Jan  2 15:35:19 2026

Copyright (c) 1996-2018 Texas Instruments Incorporated
dual_axis_servo_drive_user_cpu.asm                                   PAGE   70

    3246                      .dwattr $C$DW$153, DW_AT_location[DW_OP_reg12]
    3247              
    3248              
    3249              ;***************************************************************
    3250              ;* FNAME: __isinf                       FR SIZE:   4           *
    3251              ;*                                                             *
    3252              ;* FUNCTION ENVIRONMENT                                        *
    3253              ;*                                                             *
    3254              ;* FUNCTION PROPERTIES                                         *
    3255              ;*                            4 Parameter,  0 Auto,  0 SOE     *
    3256              ;***************************************************************
    3257              
    3258              ||__isinf||:
    3259              ;* AR7   assigned to $O$C2
    3260              ;* AR4   assigned to $O$S1
    3261              ;* AR4   assigned to d
    3262              $C$DW$154       .dwtag  DW_TAG_variable
    3263                      .dwattr $C$DW$154, DW_AT_name("d")
    3264                      .dwattr $C$DW$154, DW_AT_type(*$C$DW$T$173)
    3265                      .dwattr $C$DW$154, DW_AT_location[DW_OP_reg12]
    3266              
    3267                      .dwcfi  cfa_offset, -2
    3268                      .dwcfi  save_reg_to_mem, 26, 0
    3269 00000000 FE04          ADDB      SP,#4                 ; [CPU_ARAU] 
    3270                      .dwcfi  cfa_offset, -6
    3271                      .dwpsn  file "C:/ti/ccs2031/ccs/tools/compiler/ti-cgt-c2000_22.6.2.LTS/include/_defs.h",line 377,colu
    3272 00000001 C5C4          MOVL      XAR7,*+XAR4[0]        ; [CPU_ALU] |377| 
    3273 00000002 06D4          MOVL      ACC,*+XAR4[2]         ; [CPU_ALU] |377| 
    3274 00000003 28AC          MOV       T,#48                 ; [CPU_ALU] |377| 
         00000004 0030 
    3275 00000005 1EA6          MOVL      XAR6,ACC              ; [CPU_ALU] |377| 
    3276 00000006 A3A7          MOVL      P,XAR7                ; [CPU_ALU] |377| 
    3277 00000007 D400          MOVB      XAR4,#0               ; [CPU_ALU] |377| 
    3278 00000008 565B          LSR64     ACC:P,T               ; [CPU_ALU] |377| 
    3279 00000009 2BAA          MOV       PH,#0                 ; [CPU_ALU] |377| 
    3280 0000000a 18AB          AND       PL,#0x7ff0            ; [CPU_ALU] |377| 
         0000000b 7FF0 
    3281 0000000c FF20          MOV       ACC,#32752            ; [CPU_ALU] |377| 
         0000000d 7FF0 
    3282 0000000e 0FAB          CMPL      ACC,P                 ; [CPU_ALU] |377| 
    3283 0000000f 6013          B         ||$C$L20||,NEQ        ; [CPU_ALU] |377| 
    3284                      ; branchcc occurs ; [] |377| 
    3285 00000010 06A6          MOVL      ACC,XAR6              ; [CPU_ALU] |377| 
    3286 00000011 A3A7          MOVL      P,XAR7                ; [CPU_ALU] |377| 
    3287 00000012 BE00          MOVB      XAR6,#0               ; [CPU_ALU] |377| 
    3288 00000013 18A9          AND       AL,#65535             ; [CPU_ALU] |377| 
         00000014 FFFF 
    3289 00000015 910F          ANDB      AH,#15                ; [CPU_ALU] |377| 
    3290 00000016 18AB          AND       PL,#65535             ; [CPU_ALU] |377| 
         00000017 FFFF 
    3291 00000018 18AA          AND       PH,#65535             ; [CPU_ALU] |377| 
         00000019 FFFF 
    3292 0000001a C244          MOVL      *-SP[4],XAR6          ; [CPU_FPU] |377| 
    3293 0000001b 2B42          MOV       *-SP[2],#0            ; [CPU_FPU] |377| 
    3294 0000001c 2B41          MOV       *-SP[1],#0            ; [CPU_FPU] |377| 
TMS320C2000 Assembler PC v22.6.2 Fri Jan  2 15:35:19 2026

Copyright (c) 1996-2018 Texas Instruments Incorporated
dual_axis_servo_drive_user_cpu.asm                                   PAGE   71

    3295              $C$DW$155       .dwtag  DW_TAG_TI_branch
    3296                      .dwattr $C$DW$155, DW_AT_low_pc(0x00)
    3297                      .dwattr $C$DW$155, DW_AT_name("__c28xabi_cmpull")
    3298                      .dwattr $C$DW$155, DW_AT_TI_call
    3299              
    3300 0000001d 7640!         LCR       #||__c28xabi_cmpull|| ; [CPU_ALU] |377| 
         0000001e 0000 
    3301                      ; call occurs [#||__c28xabi_cmpull||] ; [] |377| 
    3302 0000001f 5200          CMPB      AL,#0                 ; [CPU_ALU] |377| 
    3303 00000020 56B1          MOVB      XAR4,#1,EQ            ; [CPU_ALU] |377| 
         00000021 01A4 
    3304 00000022       ||$C$L20||:    
    3305 00000022 FE84          SUBB      SP,#4                 ; [CPU_ARAU] 
    3306                      .dwcfi  cfa_offset, -2
    3307 00000023 92A4          MOV       AL,AR4                ; [CPU_ALU] |377| 
    3308              $C$DW$156       .dwtag  DW_TAG_TI_branch
    3309                      .dwattr $C$DW$156, DW_AT_low_pc(0x00)
    3310                      .dwattr $C$DW$156, DW_AT_TI_return
    3311              
    3312 00000024 0006          LRETR     ; [CPU_ALU] 
    3313                      ; return occurs ; [] 
    3314                      .dwattr $C$DW$152, DW_AT_TI_end_file("C:/ti/ccs2031/ccs/tools/compiler/ti-cgt-c2000_22.6.2.LTS/includ
    3315                      .dwattr $C$DW$152, DW_AT_TI_end_line(0x179)
    3316                      .dwattr $C$DW$152, DW_AT_TI_end_column(0x4a)
    3317                      .dwendentry
    3318                      .dwendtag $C$DW$152
    3319              
    3320 00000000               .sect   ".text:__isfinitel"
    3321                      .clink
    3322                      .global ||__isfinitel||
    3323              
    3324              $C$DW$157       .dwtag  DW_TAG_subprogram
    3325                      .dwattr $C$DW$157, DW_AT_name("__isfinitel")
    3326                      .dwattr $C$DW$157, DW_AT_low_pc(||__isfinitel||)
    3327                      .dwattr $C$DW$157, DW_AT_high_pc(0x00)
    3328                      .dwattr $C$DW$157, DW_AT_linkage_name("__isfinitel")
    3329                      .dwattr $C$DW$157, DW_AT_external
    3330                      .dwattr $C$DW$157, DW_AT_type(*$C$DW$T$10)
    3331                      .dwattr $C$DW$157, DW_AT_decl_file("C:/ti/ccs2031/ccs/tools/compiler/ti-cgt-c2000_22.6.2.LTS/include/
    3332                      .dwattr $C$DW$157, DW_AT_decl_line(0x152)
    3333                      .dwattr $C$DW$157, DW_AT_decl_column(0x18)
    3334                      .dwattr $C$DW$157, DW_AT_TI_max_frame_size(-2)
    3335                      .dwpsn  file "C:/ti/ccs2031/ccs/tools/compiler/ti-cgt-c2000_22.6.2.LTS/include/_defs.h",line 339,colu
    3336              
    3337                      .dwfde $C$DW$CIE, ||__isfinitel||
    3338              $C$DW$158       .dwtag  DW_TAG_formal_parameter
    3339                      .dwattr $C$DW$158, DW_AT_name("e")
    3340                      .dwattr $C$DW$158, DW_AT_type(*$C$DW$T$175)
    3341                      .dwattr $C$DW$158, DW_AT_location[DW_OP_reg12]
    3342              
    3343              
    3344              ;***************************************************************
    3345              ;* FNAME: __isfinitel                   FR SIZE:   0           *
    3346              ;*                                                             *
    3347              ;* FUNCTION ENVIRONMENT                                        *
TMS320C2000 Assembler PC v22.6.2 Fri Jan  2 15:35:19 2026

Copyright (c) 1996-2018 Texas Instruments Incorporated
dual_axis_servo_drive_user_cpu.asm                                   PAGE   72

    3348              ;*                                                             *
    3349              ;* FUNCTION PROPERTIES                                         *
    3350              ;*                            0 Parameter,  0 Auto,  0 SOE     *
    3351              ;***************************************************************
    3352              
    3353              ||__isfinitel||:
    3354              ;* AR4   assigned to e
    3355              $C$DW$159       .dwtag  DW_TAG_variable
    3356                      .dwattr $C$DW$159, DW_AT_name("e")
    3357                      .dwattr $C$DW$159, DW_AT_type(*$C$DW$T$176)
    3358                      .dwattr $C$DW$159, DW_AT_location[DW_OP_reg12]
    3359              
    3360                      .dwcfi  cfa_offset, -2
    3361                      .dwcfi  save_reg_to_mem, 26, 0
    3362                      .dwpsn  file "C:/ti/ccs2031/ccs/tools/compiler/ti-cgt-c2000_22.6.2.LTS/include/_defs.h",line 339,colu
    3363 00000000 A3C4          MOVL      P,*+XAR4[0]           ; [CPU_ALU] |339| 
    3364 00000001 06D4          MOVL      ACC,*+XAR4[2]         ; [CPU_ALU] |339| 
    3365 00000002 28AC          MOV       T,#48                 ; [CPU_ALU] |339| 
         00000003 0030 
    3366 00000004 565B          LSR64     ACC:P,T               ; [CPU_ALU] |339| 
    3367 00000005 18AB          AND       PL,#0x7ff0            ; [CPU_ALU] |339| 
         00000006 7FF0 
    3368 00000007 80AB          MOVZ      AR7,PL                ; [CPU_ALU] |339| 
    3369 00000008 FF20          MOV       ACC,#32752            ; [CPU_ALU] |339| 
         00000009 7FF0 
    3370 0000000a BE00          MOVB      XAR6,#0               ; [CPU_ALU] |339| 
    3371 0000000b 0FA7          CMPL      ACC,XAR7              ; [CPU_ALU] |339| 
    3372 0000000c 56B0          MOVB      XAR6,#1,NEQ           ; [CPU_ALU] |339| 
         0000000d 01A6 
    3373 0000000e 92A6          MOV       AL,AR6                ; [CPU_ALU] |339| 
    3374              $C$DW$160       .dwtag  DW_TAG_TI_branch
    3375                      .dwattr $C$DW$160, DW_AT_low_pc(0x00)
    3376                      .dwattr $C$DW$160, DW_AT_TI_return
    3377              
    3378 0000000f 0006          LRETR     ; [CPU_ALU] 
    3379                      ; return occurs ; [] 
    3380                      .dwattr $C$DW$157, DW_AT_TI_end_file("C:/ti/ccs2031/ccs/tools/compiler/ti-cgt-c2000_22.6.2.LTS/includ
    3381                      .dwattr $C$DW$157, DW_AT_TI_end_line(0x153)
    3382                      .dwattr $C$DW$157, DW_AT_TI_end_column(0x2f)
    3383                      .dwendentry
    3384                      .dwendtag $C$DW$157
    3385              
    3386 00000000               .sect   ".text:__isfinitef"
    3387                      .clink
    3388                      .global ||__isfinitef||
    3389              
    3390              $C$DW$161       .dwtag  DW_TAG_subprogram
    3391                      .dwattr $C$DW$161, DW_AT_name("__isfinitef")
    3392                      .dwattr $C$DW$161, DW_AT_low_pc(||__isfinitef||)
    3393                      .dwattr $C$DW$161, DW_AT_high_pc(0x00)
    3394                      .dwattr $C$DW$161, DW_AT_linkage_name("__isfinitef")
    3395                      .dwattr $C$DW$161, DW_AT_external
    3396                      .dwattr $C$DW$161, DW_AT_type(*$C$DW$T$10)
    3397                      .dwattr $C$DW$161, DW_AT_decl_file("C:/ti/ccs2031/ccs/tools/compiler/ti-cgt-c2000_22.6.2.LTS/include/
    3398                      .dwattr $C$DW$161, DW_AT_decl_line(0x150)
TMS320C2000 Assembler PC v22.6.2 Fri Jan  2 15:35:19 2026

Copyright (c) 1996-2018 Texas Instruments Incorporated
dual_axis_servo_drive_user_cpu.asm                                   PAGE   73

    3399                      .dwattr $C$DW$161, DW_AT_decl_column(0x18)
    3400                      .dwattr $C$DW$161, DW_AT_TI_max_frame_size(-2)
    3401                      .dwpsn  file "C:/ti/ccs2031/ccs/tools/compiler/ti-cgt-c2000_22.6.2.LTS/include/_defs.h",line 337,colu
    3402              
    3403                      .dwfde $C$DW$CIE, ||__isfinitef||
    3404              $C$DW$162       .dwtag  DW_TAG_formal_parameter
    3405                      .dwattr $C$DW$162, DW_AT_name("f")
    3406                      .dwattr $C$DW$162, DW_AT_type(*$C$DW$T$16)
    3407                      .dwattr $C$DW$162, DW_AT_location[DW_OP_regx 0x2b]
    3408              
    3409              
    3410              ;***************************************************************
    3411              ;* FNAME: __isfinitef                   FR SIZE:   0           *
    3412              ;*                                                             *
    3413              ;* FUNCTION ENVIRONMENT                                        *
    3414              ;*                                                             *
    3415              ;* FUNCTION PROPERTIES                                         *
    3416              ;*                            0 Parameter,  0 Auto,  0 SOE     *
    3417              ;***************************************************************
    3418              
    3419              ||__isfinitef||:
    3420              ;* R0    assigned to f
    3421              $C$DW$163       .dwtag  DW_TAG_variable
    3422                      .dwattr $C$DW$163, DW_AT_name("f")
    3423                      .dwattr $C$DW$163, DW_AT_type(*$C$DW$T$170)
    3424                      .dwattr $C$DW$163, DW_AT_location[DW_OP_regx 0x2b]
    3425              
    3426                      .dwcfi  cfa_offset, -2
    3427                      .dwcfi  save_reg_to_mem, 26, 0
    3428                      .dwpsn  file "C:/ti/ccs2031/ccs/tools/compiler/ti-cgt-c2000_22.6.2.LTS/include/_defs.h",line 337,colu
    3429 00000000 BFAB          MOV32     P,R0H                 ; [CPU_FPU] |337| 
         00000001 0F12 
    3430 00000002 18AA          AND       PH,#0x7f80            ; [CPU_ALU] |337| 
         00000003 7F80 
    3431 00000004 80AA          MOVZ      AR7,PH                ; [CPU_ALU] |337| 
    3432 00000005 FF20          MOV       ACC,#32640            ; [CPU_ALU] |337| 
         00000006 7F80 
    3433 00000007 BE00          MOVB      XAR6,#0               ; [CPU_ALU] |337| 
    3434 00000008 0FA7          CMPL      ACC,XAR7              ; [CPU_ALU] |337| 
    3435 00000009 56B0          MOVB      XAR6,#1,NEQ           ; [CPU_ALU] |337| 
         0000000a 01A6 
    3436 0000000b 92A6          MOV       AL,AR6                ; [CPU_ALU] |337| 
    3437              $C$DW$164       .dwtag  DW_TAG_TI_branch
    3438                      .dwattr $C$DW$164, DW_AT_low_pc(0x00)
    3439                      .dwattr $C$DW$164, DW_AT_TI_return
    3440              
    3441 0000000c 0006          LRETR     ; [CPU_ALU] 
    3442                      ; return occurs ; [] 
    3443                      .dwattr $C$DW$161, DW_AT_TI_end_file("C:/ti/ccs2031/ccs/tools/compiler/ti-cgt-c2000_22.6.2.LTS/includ
    3444                      .dwattr $C$DW$161, DW_AT_TI_end_line(0x151)
    3445                      .dwattr $C$DW$161, DW_AT_TI_end_column(0x2d)
    3446                      .dwendentry
    3447                      .dwendtag $C$DW$161
    3448              
    3449 00000000               .sect   ".text:__isfinite"
TMS320C2000 Assembler PC v22.6.2 Fri Jan  2 15:35:19 2026

Copyright (c) 1996-2018 Texas Instruments Incorporated
dual_axis_servo_drive_user_cpu.asm                                   PAGE   74

    3450                      .clink
    3451                      .global ||__isfinite||
    3452              
    3453              $C$DW$165       .dwtag  DW_TAG_subprogram
    3454                      .dwattr $C$DW$165, DW_AT_name("__isfinite")
    3455                      .dwattr $C$DW$165, DW_AT_low_pc(||__isfinite||)
    3456                      .dwattr $C$DW$165, DW_AT_high_pc(0x00)
    3457                      .dwattr $C$DW$165, DW_AT_linkage_name("__isfinite")
    3458                      .dwattr $C$DW$165, DW_AT_external
    3459                      .dwattr $C$DW$165, DW_AT_type(*$C$DW$T$10)
    3460                      .dwattr $C$DW$165, DW_AT_decl_file("C:/ti/ccs2031/ccs/tools/compiler/ti-cgt-c2000_22.6.2.LTS/include/
    3461                      .dwattr $C$DW$165, DW_AT_decl_line(0x14e)
    3462                      .dwattr $C$DW$165, DW_AT_decl_column(0x18)
    3463                      .dwattr $C$DW$165, DW_AT_TI_max_frame_size(-2)
    3464                      .dwpsn  file "C:/ti/ccs2031/ccs/tools/compiler/ti-cgt-c2000_22.6.2.LTS/include/_defs.h",line 335,colu
    3465              
    3466                      .dwfde $C$DW$CIE, ||__isfinite||
    3467              $C$DW$166       .dwtag  DW_TAG_formal_parameter
    3468                      .dwattr $C$DW$166, DW_AT_name("d")
    3469                      .dwattr $C$DW$166, DW_AT_type(*$C$DW$T$172)
    3470                      .dwattr $C$DW$166, DW_AT_location[DW_OP_reg12]
    3471              
    3472              
    3473              ;***************************************************************
    3474              ;* FNAME: __isfinite                    FR SIZE:   0           *
    3475              ;*                                                             *
    3476              ;* FUNCTION ENVIRONMENT                                        *
    3477              ;*                                                             *
    3478              ;* FUNCTION PROPERTIES                                         *
    3479              ;*                            0 Parameter,  0 Auto,  0 SOE     *
    3480              ;***************************************************************
    3481              
    3482              ||__isfinite||:
    3483              ;* AR4   assigned to d
    3484              $C$DW$167       .dwtag  DW_TAG_variable
    3485                      .dwattr $C$DW$167, DW_AT_name("d")
    3486                      .dwattr $C$DW$167, DW_AT_type(*$C$DW$T$173)
    3487                      .dwattr $C$DW$167, DW_AT_location[DW_OP_reg12]
    3488              
    3489                      .dwcfi  cfa_offset, -2
    3490                      .dwcfi  save_reg_to_mem, 26, 0
    3491                      .dwpsn  file "C:/ti/ccs2031/ccs/tools/compiler/ti-cgt-c2000_22.6.2.LTS/include/_defs.h",line 335,colu
    3492 00000000 A3C4          MOVL      P,*+XAR4[0]           ; [CPU_ALU] |335| 
    3493 00000001 06D4          MOVL      ACC,*+XAR4[2]         ; [CPU_ALU] |335| 
    3494 00000002 28AC          MOV       T,#48                 ; [CPU_ALU] |335| 
         00000003 0030 
    3495 00000004 565B          LSR64     ACC:P,T               ; [CPU_ALU] |335| 
    3496 00000005 18AB          AND       PL,#0x7ff0            ; [CPU_ALU] |335| 
         00000006 7FF0 
    3497 00000007 80AB          MOVZ      AR7,PL                ; [CPU_ALU] |335| 
    3498 00000008 FF20          MOV       ACC,#32752            ; [CPU_ALU] |335| 
         00000009 7FF0 
    3499 0000000a BE00          MOVB      XAR6,#0               ; [CPU_ALU] |335| 
    3500 0000000b 0FA7          CMPL      ACC,XAR7              ; [CPU_ALU] |335| 
    3501 0000000c 56B0          MOVB      XAR6,#1,NEQ           ; [CPU_ALU] |335| 
TMS320C2000 Assembler PC v22.6.2 Fri Jan  2 15:35:19 2026

Copyright (c) 1996-2018 Texas Instruments Incorporated
dual_axis_servo_drive_user_cpu.asm                                   PAGE   75

         0000000d 01A6 
    3502 0000000e 92A6          MOV       AL,AR6                ; [CPU_ALU] |335| 
    3503              $C$DW$168       .dwtag  DW_TAG_TI_branch
    3504                      .dwattr $C$DW$168, DW_AT_low_pc(0x00)
    3505                      .dwattr $C$DW$168, DW_AT_TI_return
    3506              
    3507 0000000f 0006          LRETR     ; [CPU_ALU] 
    3508                      ; return occurs ; [] 
    3509                      .dwattr $C$DW$165, DW_AT_TI_end_file("C:/ti/ccs2031/ccs/tools/compiler/ti-cgt-c2000_22.6.2.LTS/includ
    3510                      .dwattr $C$DW$165, DW_AT_TI_end_line(0x14f)
    3511                      .dwattr $C$DW$165, DW_AT_TI_end_column(0x2e)
    3512                      .dwendentry
    3513                      .dwendtag $C$DW$165
    3514              
    3515 00000000               .sect   ".text:__fpclassifyl"
    3516                      .clink
    3517                      .global ||__fpclassifyl||
    3518              
    3519              $C$DW$169       .dwtag  DW_TAG_subprogram
    3520                      .dwattr $C$DW$169, DW_AT_name("__fpclassifyl")
    3521                      .dwattr $C$DW$169, DW_AT_low_pc(||__fpclassifyl||)
    3522                      .dwattr $C$DW$169, DW_AT_high_pc(0x00)
    3523                      .dwattr $C$DW$169, DW_AT_linkage_name("__fpclassifyl")
    3524                      .dwattr $C$DW$169, DW_AT_external
    3525                      .dwattr $C$DW$169, DW_AT_type(*$C$DW$T$10)
    3526                      .dwattr $C$DW$169, DW_AT_decl_file("C:/ti/ccs2031/ccs/tools/compiler/ti-cgt-c2000_22.6.2.LTS/include/
    3527                      .dwattr $C$DW$169, DW_AT_decl_line(0x1ae)
    3528                      .dwattr $C$DW$169, DW_AT_decl_column(0x18)
    3529                      .dwattr $C$DW$169, DW_AT_TI_max_frame_size(-10)
    3530                      .dwpsn  file "C:/ti/ccs2031/ccs/tools/compiler/ti-cgt-c2000_22.6.2.LTS/include/_defs.h",line 431,colu
    3531              
    3532                      .dwfde $C$DW$CIE, ||__fpclassifyl||
    3533              $C$DW$170       .dwtag  DW_TAG_formal_parameter
    3534                      .dwattr $C$DW$170, DW_AT_name("e")
    3535                      .dwattr $C$DW$170, DW_AT_type(*$C$DW$T$175)
    3536                      .dwattr $C$DW$170, DW_AT_location[DW_OP_reg12]
    3537              
    3538              
    3539              ;***************************************************************
    3540              ;* FNAME: __fpclassifyl                 FR SIZE:   8           *
    3541              ;*                                                             *
    3542              ;* FUNCTION ENVIRONMENT                                        *
    3543              ;*                                                             *
    3544              ;* FUNCTION PROPERTIES                                         *
    3545              ;*                            4 Parameter,  4 Auto,  0 SOE     *
    3546              ;***************************************************************
    3547              
    3548              ||__fpclassifyl||:
    3549              $C$DW$171       .dwtag  DW_TAG_variable
    3550                      .dwattr $C$DW$171, DW_AT_name("e")
    3551                      .dwattr $C$DW$171, DW_AT_type(*$C$DW$T$18)
    3552                      .dwattr $C$DW$171, DW_AT_location[DW_OP_breg20 -8]
    3553              
    3554              ;* AR5   assigned to $O$C1
    3555              ;* AR4   assigned to e
TMS320C2000 Assembler PC v22.6.2 Fri Jan  2 15:35:19 2026

Copyright (c) 1996-2018 Texas Instruments Incorporated
dual_axis_servo_drive_user_cpu.asm                                   PAGE   76

    3556              $C$DW$172       .dwtag  DW_TAG_variable
    3557                      .dwattr $C$DW$172, DW_AT_name("e")
    3558                      .dwattr $C$DW$172, DW_AT_type(*$C$DW$T$176)
    3559                      .dwattr $C$DW$172, DW_AT_location[DW_OP_reg12]
    3560              
    3561                      .dwcfi  cfa_offset, -2
    3562                      .dwcfi  save_reg_to_mem, 26, 0
    3563 00000000 FE08          ADDB      SP,#8                 ; [CPU_ARAU] 
    3564                      .dwcfi  cfa_offset, -10
    3565 00000001 C4D4          MOVL      XAR6,*+XAR4[2]        ; [CPU_ALU] |431| 
    3566 00000002 06C4          MOVL      ACC,*+XAR4[0]         ; [CPU_ALU] |431| 
    3567 00000003 1E48          MOVL      *-SP[8],ACC           ; [CPU_ALU] |431| 
    3568 00000004 C246          MOVL      *-SP[6],XAR6          ; [CPU_ALU] |431| 
    3569                      .dwpsn  file "C:/ti/ccs2031/ccs/tools/compiler/ti-cgt-c2000_22.6.2.LTS/include/_defs.h",line 432,colu
    3570 00000005 8348          MOVL      XAR5,*-SP[8]          ; [CPU_ALU] |432| 
    3571 00000006 8A46          MOVL      XAR4,*-SP[6]          ; [CPU_ALU] |432| 
    3572                      .dwpsn  file "C:/ti/ccs2031/ccs/tools/compiler/ti-cgt-c2000_22.6.2.LTS/include/_defs.h",line 436,colu
    3573 00000007 28AC          MOV       T,#48                 ; [CPU_ALU] |436| 
         00000008 0030 
    3574 00000009 A0AB          MOVL      P,XAR5                ; [CPU_ALU] |436| 
    3575 0000000a A8A9          MOVL      ACC,XAR4              ; [CPU_ALU] |436| 
    3576 0000000b 565B          LSR64     ACC:P,T               ; [CPU_ALU] |436| 
    3577 0000000c 18AB          AND       PL,#0x7ff0            ; [CPU_ALU] |436| 
         0000000d 7FF0 
    3578 0000000e 88AB          MOVZ      AR6,PL                ; [CPU_ALU] |436| 
    3579 0000000f FF20          MOV       ACC,#32752            ; [CPU_ALU] |436| 
         00000010 7FF0 
    3580 00000011 0FA6          CMPL      ACC,XAR6              ; [CPU_ALU] |436| 
    3581 00000012 6016          B         ||$C$L22||,NEQ        ; [CPU_ALU] |436| 
    3582                      ; branchcc occurs ; [] |436| 
    3583 00000013 0200          MOVB      ACC,#0                ; [CPU_ALU] |436| 
    3584 00000014 1E44          MOVL      *-SP[4],ACC           ; [CPU_ALU] |436| 
    3585 00000015 2B42          MOV       *-SP[2],#0            ; [CPU_ALU] |436| 
    3586 00000016 2B41          MOV       *-SP[1],#0            ; [CPU_ALU] |436| 
    3587 00000017 A348          MOVL      P,*-SP[8]             ; [CPU_ALU] |436| 
    3588 00000018 0646          MOVL      ACC,*-SP[6]           ; [CPU_ALU] |436| 
    3589 00000019 18AB          AND       PL,#65535             ; [CPU_ALU] |436| 
         0000001a FFFF 
    3590 0000001b 18AA          AND       PH,#65535             ; [CPU_ALU] |436| 
         0000001c FFFF 
    3591 0000001d 18A9          AND       AL,#65535             ; [CPU_ALU] |436| 
         0000001e FFFF 
    3592 0000001f 910F          ANDB      AH,#15                ; [CPU_ALU] |436| 
    3593              $C$DW$173       .dwtag  DW_TAG_TI_branch
    3594                      .dwattr $C$DW$173, DW_AT_low_pc(0x00)
    3595                      .dwattr $C$DW$173, DW_AT_name("__c28xabi_cmpull")
    3596                      .dwattr $C$DW$173, DW_AT_TI_call
    3597              
    3598 00000020 7640!         LCR       #||__c28xabi_cmpull|| ; [CPU_ALU] |436| 
         00000021 0000 
    3599                      ; call occurs [#||__c28xabi_cmpull||] ; [] |436| 
    3600 00000022 5200          CMPB      AL,#0                 ; [CPU_ALU] |436| 
    3601 00000023 6103          B         ||$C$L21||,EQ         ; [CPU_ALU] |436| 
    3602                      ; branchcc occurs ; [] |436| 
    3603 00000024 9A02          MOVB      AL,#2                 ; [CPU_ALU] |436| 
TMS320C2000 Assembler PC v22.6.2 Fri Jan  2 15:35:19 2026

Copyright (c) 1996-2018 Texas Instruments Incorporated
dual_axis_servo_drive_user_cpu.asm                                   PAGE   77

    3604 00000025 6F2D          B         ||$C$L25||,UNC        ; [CPU_ALU] |436| 
    3605                      ; branch occurs ; [] |436| 
    3606 00000026       ||$C$L21||:    
    3607 00000026 9A01          MOVB      AL,#1                 ; [CPU_ALU] |436| 
    3608 00000027 6F2B          B         ||$C$L25||,UNC        ; [CPU_ALU] |436| 
    3609                      ; branch occurs ; [] |436| 
    3610 00000028       ||$C$L22||:    
    3611 00000028 BE00          MOVB      XAR6,#0               ; [CPU_ALU] |436| 
    3612 00000029 A0AB          MOVL      P,XAR5                ; [CPU_ALU] |436| 
    3613 0000002a A8A9          MOVL      ACC,XAR4              ; [CPU_ALU] |436| 
    3614 0000002b 28AC          MOV       T,#52                 ; [CPU_ALU] |436| 
         0000002c 0034 
    3615 0000002d C244          MOVL      *-SP[4],XAR6          ; [CPU_ALU] |436| 
    3616 0000002e 2B42          MOV       *-SP[2],#0            ; [CPU_ALU] |436| 
    3617 0000002f 565B          LSR64     ACC:P,T               ; [CPU_ALU] |436| 
    3618 00000030 2B41          MOV       *-SP[1],#0            ; [CPU_FPU] |436| 
    3619 00000031 9000          ANDB      AL,#0                 ; [CPU_ALU] |436| 
    3620 00000032 9100          ANDB      AH,#0                 ; [CPU_ALU] |436| 
    3621 00000033 18AB          AND       PL,#2047              ; [CPU_ALU] |436| 
         00000034 07FF 
    3622 00000035 18AA          AND       PH,#0                 ; [CPU_ALU] |436| 
         00000036 0000 
    3623              $C$DW$174       .dwtag  DW_TAG_TI_branch
    3624                      .dwattr $C$DW$174, DW_AT_low_pc(0x00)
    3625                      .dwattr $C$DW$174, DW_AT_name("__c28xabi_cmpull")
    3626                      .dwattr $C$DW$174, DW_AT_TI_call
    3627              
    3628 00000037 7640!         LCR       #||__c28xabi_cmpull|| ; [CPU_ALU] |436| 
         00000038 0000 
    3629                      ; call occurs [#||__c28xabi_cmpull||] ; [] |436| 
    3630 00000039 5200          CMPB      AL,#0                 ; [CPU_ALU] |436| 
    3631 0000003a 6104          B         ||$C$L23||,EQ         ; [CPU_ALU] |436| 
    3632                      ; branchcc occurs ; [] |436| 
    3633 0000003b 28A9          MOV       AL,#-1                ; [CPU_ALU] |436| 
         0000003c FFFF 
    3634 0000003d 6F15          B         ||$C$L25||,UNC        ; [CPU_ALU] |436| 
    3635                      ; branch occurs ; [] |436| 
    3636 0000003e       ||$C$L23||:    
    3637 0000003e C244          MOVL      *-SP[4],XAR6          ; [CPU_ALU] |436| 
    3638 0000003f A8A9          MOVL      ACC,XAR4              ; [CPU_ALU] |436| 
    3639 00000040 A0AB          MOVL      P,XAR5                ; [CPU_ALU] |436| 
    3640 00000041 2B42          MOV       *-SP[2],#0            ; [CPU_ALU] |436| 
    3641 00000042 18A9          AND       AL,#65535             ; [CPU_ALU] |436| 
         00000043 FFFF 
    3642 00000044 910F          ANDB      AH,#15                ; [CPU_ALU] |436| 
    3643 00000045 18AB          AND       PL,#65535             ; [CPU_ALU] |436| 
         00000046 FFFF 
    3644 00000047 18AA          AND       PH,#65535             ; [CPU_ALU] |436| 
         00000048 FFFF 
    3645 00000049 2B41          MOV       *-SP[1],#0            ; [CPU_FPU] |436| 
    3646              $C$DW$175       .dwtag  DW_TAG_TI_branch
    3647                      .dwattr $C$DW$175, DW_AT_low_pc(0x00)
    3648                      .dwattr $C$DW$175, DW_AT_name("__c28xabi_cmpull")
    3649                      .dwattr $C$DW$175, DW_AT_TI_call
    3650              
TMS320C2000 Assembler PC v22.6.2 Fri Jan  2 15:35:19 2026

Copyright (c) 1996-2018 Texas Instruments Incorporated
dual_axis_servo_drive_user_cpu.asm                                   PAGE   78

    3651 0000004a 7640!         LCR       #||__c28xabi_cmpull|| ; [CPU_ALU] |436| 
         0000004b 0000 
    3652                      ; call occurs [#||__c28xabi_cmpull||] ; [] |436| 
    3653 0000004c 5200          CMPB      AL,#0                 ; [CPU_ALU] |436| 
    3654 0000004d 6104          B         ||$C$L24||,EQ         ; [CPU_ALU] |436| 
    3655                      ; branchcc occurs ; [] |436| 
    3656 0000004e 28A9          MOV       AL,#-2                ; [CPU_ALU] |436| 
         0000004f FFFE 
    3657 00000050 6F02          B         ||$C$L25||,UNC        ; [CPU_ALU] |436| 
    3658                      ; branch occurs ; [] |436| 
    3659 00000051       ||$C$L24||:    
    3660 00000051 9A00          MOVB      AL,#0                 ; [CPU_ALU] |436| 
    3661 00000052       ||$C$L25||:    
    3662 00000052 FE88          SUBB      SP,#8                 ; [CPU_ARAU] 
    3663                      .dwcfi  cfa_offset, -2
    3664              $C$DW$176       .dwtag  DW_TAG_TI_branch
    3665                      .dwattr $C$DW$176, DW_AT_low_pc(0x00)
    3666                      .dwattr $C$DW$176, DW_AT_TI_return
    3667              
    3668 00000053 0006          LRETR     ; [CPU_ALU] 
    3669                      ; return occurs ; [] 
    3670                      .dwattr $C$DW$169, DW_AT_TI_end_file("C:/ti/ccs2031/ccs/tools/compiler/ti-cgt-c2000_22.6.2.LTS/includ
    3671                      .dwattr $C$DW$169, DW_AT_TI_end_line(0x1bd)
    3672                      .dwattr $C$DW$169, DW_AT_TI_end_column(0x01)
    3673                      .dwendentry
    3674                      .dwendtag $C$DW$169
    3675              
    3676 00000000               .sect   ".text:__fpclassifyf"
    3677                      .clink
    3678                      .global ||__fpclassifyf||
    3679              
    3680              $C$DW$177       .dwtag  DW_TAG_subprogram
    3681                      .dwattr $C$DW$177, DW_AT_name("__fpclassifyf")
    3682                      .dwattr $C$DW$177, DW_AT_low_pc(||__fpclassifyf||)
    3683                      .dwattr $C$DW$177, DW_AT_high_pc(0x00)
    3684                      .dwattr $C$DW$177, DW_AT_linkage_name("__fpclassifyf")
    3685                      .dwattr $C$DW$177, DW_AT_external
    3686                      .dwattr $C$DW$177, DW_AT_type(*$C$DW$T$10)
    3687                      .dwattr $C$DW$177, DW_AT_decl_file("C:/ti/ccs2031/ccs/tools/compiler/ti-cgt-c2000_22.6.2.LTS/include/
    3688                      .dwattr $C$DW$177, DW_AT_decl_line(0x18c)
    3689                      .dwattr $C$DW$177, DW_AT_decl_column(0x18)
    3690                      .dwattr $C$DW$177, DW_AT_TI_max_frame_size(-2)
    3691                      .dwpsn  file "C:/ti/ccs2031/ccs/tools/compiler/ti-cgt-c2000_22.6.2.LTS/include/_defs.h",line 397,colu
    3692              
    3693                      .dwfde $C$DW$CIE, ||__fpclassifyf||
    3694              $C$DW$178       .dwtag  DW_TAG_formal_parameter
    3695                      .dwattr $C$DW$178, DW_AT_name("f")
    3696                      .dwattr $C$DW$178, DW_AT_type(*$C$DW$T$16)
    3697                      .dwattr $C$DW$178, DW_AT_location[DW_OP_regx 0x2b]
    3698              
    3699              
    3700              ;***************************************************************
    3701              ;* FNAME: __fpclassifyf                 FR SIZE:   0           *
    3702              ;*                                                             *
    3703              ;* FUNCTION ENVIRONMENT                                        *
TMS320C2000 Assembler PC v22.6.2 Fri Jan  2 15:35:19 2026

Copyright (c) 1996-2018 Texas Instruments Incorporated
dual_axis_servo_drive_user_cpu.asm                                   PAGE   79

    3704              ;*                                                             *
    3705              ;* FUNCTION PROPERTIES                                         *
    3706              ;*                            0 Parameter,  0 Auto,  0 SOE     *
    3707              ;***************************************************************
    3708              
    3709              ||__fpclassifyf||:
    3710              ;* PL    assigned to $O$K1
    3711              ;* R0    assigned to f
    3712              $C$DW$179       .dwtag  DW_TAG_variable
    3713                      .dwattr $C$DW$179, DW_AT_name("f")
    3714                      .dwattr $C$DW$179, DW_AT_type(*$C$DW$T$170)
    3715                      .dwattr $C$DW$179, DW_AT_location[DW_OP_regx 0x2b]
    3716              
    3717                      .dwcfi  cfa_offset, -2
    3718                      .dwcfi  save_reg_to_mem, 26, 0
    3719                      .dwpsn  file "C:/ti/ccs2031/ccs/tools/compiler/ti-cgt-c2000_22.6.2.LTS/include/_defs.h",line 398,colu
    3720 00000000 BFAB          MOV32     P,R0H                 ; [CPU_FPU] |398| 
         00000001 0F12 
    3721                      .dwpsn  file "C:/ti/ccs2031/ccs/tools/compiler/ti-cgt-c2000_22.6.2.LTS/include/_defs.h",line 402,colu
    3722 00000002 CCAA          AND       AL,PH,#0x7f80         ; [CPU_ALU] |402| 
         00000003 7F80 
    3723 00000004 88A9          MOVZ      AR6,AL                ; [CPU_ALU] |402| 
    3724 00000005 FF20          MOV       ACC,#32640            ; [CPU_ALU] |402| 
         00000006 7F80 
    3725 00000007 0FA6          CMPL      ACC,XAR6              ; [CPU_ALU] |402| 
    3726 00000008 6009          B         ||$C$L27||,NEQ        ; [CPU_ALU] |402| 
    3727                      ; branchcc occurs ; [] |402| 
    3728 00000009 A9A9          MOVL      ACC,P                 ; [CPU_ALU] |402| 
    3729 0000000a 917F          ANDB      AH,#127               ; [CPU_ALU] |402| 
    3730 0000000b FF58          TEST      ACC                   ; [CPU_ALU] |402| 
    3731 0000000c 6103          B         ||$C$L26||,EQ         ; [CPU_ALU] |402| 
    3732                      ; branchcc occurs ; [] |402| 
    3733                      .dwcfi  remember_state
    3734 0000000d 9A02          MOVB      AL,#2                 ; [CPU_ALU] |402| 
    3735              $C$DW$180       .dwtag  DW_TAG_TI_branch
    3736                      .dwattr $C$DW$180, DW_AT_low_pc(0x00)
    3737                      .dwattr $C$DW$180, DW_AT_TI_return
    3738              
    3739 0000000e 0006          LRETR     ; [CPU_ALU] 
    3740                      ; return occurs ; [] 
    3741                      .dwcfi  restore_state
    3742 0000000f       ||$C$L26||:    
    3743                      .dwcfi  remember_state
    3744 0000000f 9A01          MOVB      AL,#1                 ; [CPU_ALU] |402| 
    3745              $C$DW$181       .dwtag  DW_TAG_TI_branch
    3746                      .dwattr $C$DW$181, DW_AT_low_pc(0x00)
    3747                      .dwattr $C$DW$181, DW_AT_TI_return
    3748              
    3749 00000010 0006          LRETR     ; [CPU_ALU] 
    3750                      ; return occurs ; [] 
    3751                      .dwcfi  restore_state
    3752 00000011       ||$C$L27||:    
    3753 00000011 A9A9          MOVL      ACC,P                 ; [CPU_ALU] |402| 
    3754 00000012 28AC          MOV       T,#23                 ; [CPU_ALU] |402| 
         00000013 0017 
TMS320C2000 Assembler PC v22.6.2 Fri Jan  2 15:35:19 2026

Copyright (c) 1996-2018 Texas Instruments Incorporated
dual_axis_servo_drive_user_cpu.asm                                   PAGE   80

    3755 00000014 5622          LSRL      ACC,T                 ; [CPU_ALU] |402| 
    3756 00000015 90FF          ANDB      AL,#0xff              ; [CPU_ALU] |402| 
    3757 00000016 6104          B         ||$C$L28||,EQ         ; [CPU_ALU] |402| 
    3758                      ; branchcc occurs ; [] |402| 
    3759                      .dwcfi  remember_state
    3760 00000017 28A9          MOV       AL,#-1                ; [CPU_ALU] |402| 
         00000018 FFFF 
    3761              $C$DW$182       .dwtag  DW_TAG_TI_branch
    3762                      .dwattr $C$DW$182, DW_AT_low_pc(0x00)
    3763                      .dwattr $C$DW$182, DW_AT_TI_return
    3764              
    3765 00000019 0006          LRETR     ; [CPU_ALU] 
    3766                      ; return occurs ; [] 
    3767                      .dwcfi  restore_state
    3768 0000001a       ||$C$L28||:    
    3769 0000001a A9A9          MOVL      ACC,P                 ; [CPU_ALU] |402| 
    3770 0000001b 917F          ANDB      AH,#127               ; [CPU_ALU] |402| 
    3771 0000001c FF58          TEST      ACC                   ; [CPU_ALU] |402| 
    3772 0000001d 6104          B         ||$C$L29||,EQ         ; [CPU_ALU] |402| 
    3773                      ; branchcc occurs ; [] |402| 
    3774                      .dwcfi  remember_state
    3775 0000001e 28A9          MOV       AL,#-2                ; [CPU_ALU] |402| 
         0000001f FFFE 
    3776              $C$DW$183       .dwtag  DW_TAG_TI_branch
    3777                      .dwattr $C$DW$183, DW_AT_low_pc(0x00)
    3778                      .dwattr $C$DW$183, DW_AT_TI_return
    3779              
    3780 00000020 0006          LRETR     ; [CPU_ALU] 
    3781                      ; return occurs ; [] 
    3782                      .dwcfi  restore_state
    3783 00000021       ||$C$L29||:    
    3784 00000021 9A00          MOVB      AL,#0                 ; [CPU_ALU] |402| 
    3785              $C$DW$184       .dwtag  DW_TAG_TI_branch
    3786                      .dwattr $C$DW$184, DW_AT_low_pc(0x00)
    3787                      .dwattr $C$DW$184, DW_AT_TI_return
    3788              
    3789 00000022 0006          LRETR     ; [CPU_ALU] 
    3790                      ; return occurs ; [] 
    3791                      .dwattr $C$DW$177, DW_AT_TI_end_file("C:/ti/ccs2031/ccs/tools/compiler/ti-cgt-c2000_22.6.2.LTS/includ
    3792                      .dwattr $C$DW$177, DW_AT_TI_end_line(0x19b)
    3793                      .dwattr $C$DW$177, DW_AT_TI_end_column(0x01)
    3794                      .dwendentry
    3795                      .dwendtag $C$DW$177
    3796              
    3797 00000000               .sect   ".text:__fpclassify"
    3798                      .clink
    3799                      .global ||__fpclassify||
    3800              
    3801              $C$DW$185       .dwtag  DW_TAG_subprogram
    3802                      .dwattr $C$DW$185, DW_AT_name("__fpclassify")
    3803                      .dwattr $C$DW$185, DW_AT_low_pc(||__fpclassify||)
    3804                      .dwattr $C$DW$185, DW_AT_high_pc(0x00)
    3805                      .dwattr $C$DW$185, DW_AT_linkage_name("__fpclassify")
    3806                      .dwattr $C$DW$185, DW_AT_external
    3807                      .dwattr $C$DW$185, DW_AT_type(*$C$DW$T$10)
TMS320C2000 Assembler PC v22.6.2 Fri Jan  2 15:35:19 2026

Copyright (c) 1996-2018 Texas Instruments Incorporated
dual_axis_servo_drive_user_cpu.asm                                   PAGE   81

    3808                      .dwattr $C$DW$185, DW_AT_decl_file("C:/ti/ccs2031/ccs/tools/compiler/ti-cgt-c2000_22.6.2.LTS/include/
    3809                      .dwattr $C$DW$185, DW_AT_decl_line(0x19d)
    3810                      .dwattr $C$DW$185, DW_AT_decl_column(0x18)
    3811                      .dwattr $C$DW$185, DW_AT_TI_max_frame_size(-10)
    3812                      .dwpsn  file "C:/ti/ccs2031/ccs/tools/compiler/ti-cgt-c2000_22.6.2.LTS/include/_defs.h",line 414,colu
    3813              
    3814                      .dwfde $C$DW$CIE, ||__fpclassify||
    3815              $C$DW$186       .dwtag  DW_TAG_formal_parameter
    3816                      .dwattr $C$DW$186, DW_AT_name("d")
    3817                      .dwattr $C$DW$186, DW_AT_type(*$C$DW$T$172)
    3818                      .dwattr $C$DW$186, DW_AT_location[DW_OP_reg12]
    3819              
    3820              
    3821              ;***************************************************************
    3822              ;* FNAME: __fpclassify                  FR SIZE:   8           *
    3823              ;*                                                             *
    3824              ;* FUNCTION ENVIRONMENT                                        *
    3825              ;*                                                             *
    3826              ;* FUNCTION PROPERTIES                                         *
    3827              ;*                            4 Parameter,  4 Auto,  0 SOE     *
    3828              ;***************************************************************
    3829              
    3830              ||__fpclassify||:
    3831              $C$DW$187       .dwtag  DW_TAG_variable
    3832                      .dwattr $C$DW$187, DW_AT_name("d")
    3833                      .dwattr $C$DW$187, DW_AT_type(*$C$DW$T$17)
    3834                      .dwattr $C$DW$187, DW_AT_location[DW_OP_breg20 -8]
    3835              
    3836              ;* AR5   assigned to $O$C1
    3837              ;* AR4   assigned to d
    3838              $C$DW$188       .dwtag  DW_TAG_variable
    3839                      .dwattr $C$DW$188, DW_AT_name("d")
    3840                      .dwattr $C$DW$188, DW_AT_type(*$C$DW$T$173)
    3841                      .dwattr $C$DW$188, DW_AT_location[DW_OP_reg12]
    3842              
    3843                      .dwcfi  cfa_offset, -2
    3844                      .dwcfi  save_reg_to_mem, 26, 0
    3845 00000000 FE08          ADDB      SP,#8                 ; [CPU_ARAU] 
    3846                      .dwcfi  cfa_offset, -10
    3847 00000001 C4D4          MOVL      XAR6,*+XAR4[2]        ; [CPU_ALU] |414| 
    3848 00000002 06C4          MOVL      ACC,*+XAR4[0]         ; [CPU_ALU] |414| 
    3849 00000003 1E48          MOVL      *-SP[8],ACC           ; [CPU_ALU] |414| 
    3850 00000004 C246          MOVL      *-SP[6],XAR6          ; [CPU_ALU] |414| 
    3851                      .dwpsn  file "C:/ti/ccs2031/ccs/tools/compiler/ti-cgt-c2000_22.6.2.LTS/include/_defs.h",line 415,colu
    3852 00000005 8348          MOVL      XAR5,*-SP[8]          ; [CPU_ALU] |415| 
    3853 00000006 8A46          MOVL      XAR4,*-SP[6]          ; [CPU_ALU] |415| 
    3854                      .dwpsn  file "C:/ti/ccs2031/ccs/tools/compiler/ti-cgt-c2000_22.6.2.LTS/include/_defs.h",line 419,colu
    3855 00000007 28AC          MOV       T,#48                 ; [CPU_ALU] |419| 
         00000008 0030 
    3856 00000009 A0AB          MOVL      P,XAR5                ; [CPU_ALU] |419| 
    3857 0000000a A8A9          MOVL      ACC,XAR4              ; [CPU_ALU] |419| 
    3858 0000000b 565B          LSR64     ACC:P,T               ; [CPU_ALU] |419| 
    3859 0000000c 18AB          AND       PL,#0x7ff0            ; [CPU_ALU] |419| 
         0000000d 7FF0 
    3860 0000000e 88AB          MOVZ      AR6,PL                ; [CPU_ALU] |419| 
TMS320C2000 Assembler PC v22.6.2 Fri Jan  2 15:35:19 2026

Copyright (c) 1996-2018 Texas Instruments Incorporated
dual_axis_servo_drive_user_cpu.asm                                   PAGE   82

    3861 0000000f FF20          MOV       ACC,#32752            ; [CPU_ALU] |419| 
         00000010 7FF0 
    3862 00000011 0FA6          CMPL      ACC,XAR6              ; [CPU_ALU] |419| 
    3863 00000012 6016          B         ||$C$L31||,NEQ        ; [CPU_ALU] |419| 
    3864                      ; branchcc occurs ; [] |419| 
    3865 00000013 0200          MOVB      ACC,#0                ; [CPU_ALU] |419| 
    3866 00000014 1E44          MOVL      *-SP[4],ACC           ; [CPU_ALU] |419| 
    3867 00000015 2B42          MOV       *-SP[2],#0            ; [CPU_ALU] |419| 
    3868 00000016 2B41          MOV       *-SP[1],#0            ; [CPU_ALU] |419| 
    3869 00000017 A348          MOVL      P,*-SP[8]             ; [CPU_ALU] |419| 
    3870 00000018 0646          MOVL      ACC,*-SP[6]           ; [CPU_ALU] |419| 
    3871 00000019 18AB          AND       PL,#65535             ; [CPU_ALU] |419| 
         0000001a FFFF 
    3872 0000001b 18AA          AND       PH,#65535             ; [CPU_ALU] |419| 
         0000001c FFFF 
    3873 0000001d 18A9          AND       AL,#65535             ; [CPU_ALU] |419| 
         0000001e FFFF 
    3874 0000001f 910F          ANDB      AH,#15                ; [CPU_ALU] |419| 
    3875              $C$DW$189       .dwtag  DW_TAG_TI_branch
    3876                      .dwattr $C$DW$189, DW_AT_low_pc(0x00)
    3877                      .dwattr $C$DW$189, DW_AT_name("__c28xabi_cmpull")
    3878                      .dwattr $C$DW$189, DW_AT_TI_call
    3879              
    3880 00000020 7640!         LCR       #||__c28xabi_cmpull|| ; [CPU_ALU] |419| 
         00000021 0000 
    3881                      ; call occurs [#||__c28xabi_cmpull||] ; [] |419| 
    3882 00000022 5200          CMPB      AL,#0                 ; [CPU_ALU] |419| 
    3883 00000023 6103          B         ||$C$L30||,EQ         ; [CPU_ALU] |419| 
    3884                      ; branchcc occurs ; [] |419| 
    3885 00000024 9A02          MOVB      AL,#2                 ; [CPU_ALU] |419| 
    3886 00000025 6F2D          B         ||$C$L34||,UNC        ; [CPU_ALU] |419| 
    3887                      ; branch occurs ; [] |419| 
    3888 00000026       ||$C$L30||:    
    3889 00000026 9A01          MOVB      AL,#1                 ; [CPU_ALU] |419| 
    3890 00000027 6F2B          B         ||$C$L34||,UNC        ; [CPU_ALU] |419| 
    3891                      ; branch occurs ; [] |419| 
    3892 00000028       ||$C$L31||:    
    3893 00000028 BE00          MOVB      XAR6,#0               ; [CPU_ALU] |419| 
    3894 00000029 A0AB          MOVL      P,XAR5                ; [CPU_ALU] |419| 
    3895 0000002a A8A9          MOVL      ACC,XAR4              ; [CPU_ALU] |419| 
    3896 0000002b 28AC          MOV       T,#52                 ; [CPU_ALU] |419| 
         0000002c 0034 
    3897 0000002d C244          MOVL      *-SP[4],XAR6          ; [CPU_ALU] |419| 
    3898 0000002e 2B42          MOV       *-SP[2],#0            ; [CPU_ALU] |419| 
    3899 0000002f 565B          LSR64     ACC:P,T               ; [CPU_ALU] |419| 
    3900 00000030 2B41          MOV       *-SP[1],#0            ; [CPU_FPU] |419| 
    3901 00000031 9000          ANDB      AL,#0                 ; [CPU_ALU] |419| 
    3902 00000032 9100          ANDB      AH,#0                 ; [CPU_ALU] |419| 
    3903 00000033 18AB          AND       PL,#2047              ; [CPU_ALU] |419| 
         00000034 07FF 
    3904 00000035 18AA          AND       PH,#0                 ; [CPU_ALU] |419| 
         00000036 0000 
    3905              $C$DW$190       .dwtag  DW_TAG_TI_branch
    3906                      .dwattr $C$DW$190, DW_AT_low_pc(0x00)
    3907                      .dwattr $C$DW$190, DW_AT_name("__c28xabi_cmpull")
TMS320C2000 Assembler PC v22.6.2 Fri Jan  2 15:35:19 2026

Copyright (c) 1996-2018 Texas Instruments Incorporated
dual_axis_servo_drive_user_cpu.asm                                   PAGE   83

    3908                      .dwattr $C$DW$190, DW_AT_TI_call
    3909              
    3910 00000037 7640!         LCR       #||__c28xabi_cmpull|| ; [CPU_ALU] |419| 
         00000038 0000 
    3911                      ; call occurs [#||__c28xabi_cmpull||] ; [] |419| 
    3912 00000039 5200          CMPB      AL,#0                 ; [CPU_ALU] |419| 
    3913 0000003a 6104          B         ||$C$L32||,EQ         ; [CPU_ALU] |419| 
    3914                      ; branchcc occurs ; [] |419| 
    3915 0000003b 28A9          MOV       AL,#-1                ; [CPU_ALU] |419| 
         0000003c FFFF 
    3916 0000003d 6F15          B         ||$C$L34||,UNC        ; [CPU_ALU] |419| 
    3917                      ; branch occurs ; [] |419| 
    3918 0000003e       ||$C$L32||:    
    3919 0000003e C244          MOVL      *-SP[4],XAR6          ; [CPU_ALU] |419| 
    3920 0000003f A8A9          MOVL      ACC,XAR4              ; [CPU_ALU] |419| 
    3921 00000040 A0AB          MOVL      P,XAR5                ; [CPU_ALU] |419| 
    3922 00000041 2B42          MOV       *-SP[2],#0            ; [CPU_ALU] |419| 
    3923 00000042 18A9          AND       AL,#65535             ; [CPU_ALU] |419| 
         00000043 FFFF 
    3924 00000044 910F          ANDB      AH,#15                ; [CPU_ALU] |419| 
    3925 00000045 18AB          AND       PL,#65535             ; [CPU_ALU] |419| 
         00000046 FFFF 
    3926 00000047 18AA          AND       PH,#65535             ; [CPU_ALU] |419| 
         00000048 FFFF 
    3927 00000049 2B41          MOV       *-SP[1],#0            ; [CPU_FPU] |419| 
    3928              $C$DW$191       .dwtag  DW_TAG_TI_branch
    3929                      .dwattr $C$DW$191, DW_AT_low_pc(0x00)
    3930                      .dwattr $C$DW$191, DW_AT_name("__c28xabi_cmpull")
    3931                      .dwattr $C$DW$191, DW_AT_TI_call
    3932              
    3933 0000004a 7640!         LCR       #||__c28xabi_cmpull|| ; [CPU_ALU] |419| 
         0000004b 0000 
    3934                      ; call occurs [#||__c28xabi_cmpull||] ; [] |419| 
    3935 0000004c 5200          CMPB      AL,#0                 ; [CPU_ALU] |419| 
    3936 0000004d 6104          B         ||$C$L33||,EQ         ; [CPU_ALU] |419| 
    3937                      ; branchcc occurs ; [] |419| 
    3938 0000004e 28A9          MOV       AL,#-2                ; [CPU_ALU] |419| 
         0000004f FFFE 
    3939 00000050 6F02          B         ||$C$L34||,UNC        ; [CPU_ALU] |419| 
    3940                      ; branch occurs ; [] |419| 
    3941 00000051       ||$C$L33||:    
    3942 00000051 9A00          MOVB      AL,#0                 ; [CPU_ALU] |419| 
    3943 00000052       ||$C$L34||:    
    3944 00000052 FE88          SUBB      SP,#8                 ; [CPU_ARAU] 
    3945                      .dwcfi  cfa_offset, -2
    3946              $C$DW$192       .dwtag  DW_TAG_TI_branch
    3947                      .dwattr $C$DW$192, DW_AT_low_pc(0x00)
    3948                      .dwattr $C$DW$192, DW_AT_TI_return
    3949              
    3950 00000053 0006          LRETR     ; [CPU_ALU] 
    3951                      ; return occurs ; [] 
    3952                      .dwattr $C$DW$185, DW_AT_TI_end_file("C:/ti/ccs2031/ccs/tools/compiler/ti-cgt-c2000_22.6.2.LTS/includ
    3953                      .dwattr $C$DW$185, DW_AT_TI_end_line(0x1ac)
    3954                      .dwattr $C$DW$185, DW_AT_TI_end_column(0x01)
    3955                      .dwendentry
TMS320C2000 Assembler PC v22.6.2 Fri Jan  2 15:35:19 2026

Copyright (c) 1996-2018 Texas Instruments Incorporated
dual_axis_servo_drive_user_cpu.asm                                   PAGE   84

    3956                      .dwendtag $C$DW$185
    3957              
    3958 00000000               .sect   ".text:__fast_lldiv"
    3959                      .clink
    3960                      .global ||__fast_lldiv||
    3961              
    3962              $C$DW$193       .dwtag  DW_TAG_subprogram
    3963                      .dwattr $C$DW$193, DW_AT_name("__fast_lldiv")
    3964                      .dwattr $C$DW$193, DW_AT_low_pc(||__fast_lldiv||)
    3965                      .dwattr $C$DW$193, DW_AT_high_pc(0x00)
    3966                      .dwattr $C$DW$193, DW_AT_linkage_name("__fast_lldiv")
    3967                      .dwattr $C$DW$193, DW_AT_external
    3968                      .dwattr $C$DW$193, DW_AT_type(*$C$DW$T$126)
    3969                      .dwattr $C$DW$193, DW_AT_decl_file("C:/ti/ccs2031/ccs/tools/compiler/ti-cgt-c2000_22.6.2.LTS/include/
    3970                      .dwattr $C$DW$193, DW_AT_decl_line(0x1ab)
    3971                      .dwattr $C$DW$193, DW_AT_decl_column(0x12)
    3972                      .dwattr $C$DW$193, DW_AT_TI_max_frame_size(-14)
    3973                      .dwpsn  file "C:/ti/ccs2031/ccs/tools/compiler/ti-cgt-c2000_22.6.2.LTS/include/stdlib.h",line 428,col
    3974              
    3975                      .dwfde $C$DW$CIE, ||__fast_lldiv||
    3976              $C$DW$194       .dwtag  DW_TAG_formal_parameter
    3977                      .dwattr $C$DW$194, DW_AT_name("_numer")
    3978                      .dwattr $C$DW$194, DW_AT_type(*$C$DW$T$14)
    3979                      .dwattr $C$DW$194, DW_AT_location[DW_OP_reg2]
    3980              
    3981              $C$DW$195       .dwtag  DW_TAG_formal_parameter
    3982                      .dwattr $C$DW$195, DW_AT_name("_denom")
    3983                      .dwattr $C$DW$195, DW_AT_type(*$C$DW$T$14)
    3984                      .dwattr $C$DW$195, DW_AT_location[DW_OP_breg20 -18]
    3985              
    3986              
    3987              ;***************************************************************
    3988              ;* FNAME: __fast_lldiv                  FR SIZE:  12           *
    3989              ;*                                                             *
    3990              ;* FUNCTION ENVIRONMENT                                        *
    3991              ;*                                                             *
    3992              ;* FUNCTION PROPERTIES                                         *
    3993              ;*                            0 Parameter,  8 Auto,  4 SOE     *
    3994              ;***************************************************************
    3995              
    3996 00000000       ||__fast_lldiv||:
    3997                      .dwcfi  cfa_offset, -2
    3998                      .dwcfi  save_reg_to_mem, 26, 0
    3999 00000000 E203          MOV32     *SP++,R4H             ; [CPU_FPU] 
         00000001 04BD 
    4000                      .dwcfi  save_reg_to_mem, 59, 2
    4001                      .dwcfi  cfa_offset, -4
    4002 00000002 E203          MOV32     *SP++,R5H             ; [CPU_FPU] 
         00000003 05BD 
    4003                      .dwcfi  save_reg_to_mem, 63, 4
    4004                      .dwcfi  cfa_offset, -6
    4005 00000004 FE08          ADDB      SP,#8                 ; [CPU_ARAU] 
    4006                      .dwcfi  cfa_offset, -14
    4007 00000005 1EA7          MOVL      XAR7,ACC              ; [CPU_ALU] |428| 
    4008 00000006 5CAD          MOVZ      AR4,SP                ; [CPU_ALU] |428| 
TMS320C2000 Assembler PC v22.6.2 Fri Jan  2 15:35:19 2026

Copyright (c) 1996-2018 Texas Instruments Incorporated
dual_axis_servo_drive_user_cpu.asm                                   PAGE   85

    4009 00000007 06A6          MOVL      ACC,XAR6              ; [CPU_ALU] |428| 
    4010                      .dwpsn  file "C:/ti/ccs2031/ccs/tools/compiler/ti-cgt-c2000_22.6.2.LTS/include/stdlib.h",line 429,col
    4011 00000008 C4A7          MOVL      XAR6,XAR7             ; [CPU_ALU] |429| 
    4012                      .dwpsn  file "C:/ti/ccs2031/ccs/tools/compiler/ti-cgt-c2000_22.6.2.LTS/include/stdlib.h",line 428,col
    4013 00000009 DC92          SUBB      XAR4,#18              ; [CPU_ARAU] |428| 
    4014                      .dwpsn  file "C:/ti/ccs2031/ccs/tools/compiler/ti-cgt-c2000_22.6.2.LTS/include/stdlib.h",line 429,col
    4015 0000000a E2AF          MOV32     R3H,*+XAR4[2]         ; [CPU_FPU] |429| 
         0000000b 03D4 
    4016 0000000c BDA6          MOV32     R1H,XAR6              ; [CPU_FPU] |429| 
         0000000d 0F16 
    4017 0000000e BDAB          MOV32     R0H,P                 ; [CPU_FPU] |429| 
         0000000f 0F12 
    4018 00000010 E2AF          MOV32     R5H,*+XAR4[0]         ; [CPU_FPU] |429| 
         00000011 05C4 
    4019 00000012 5CAD          MOVZ      AR4,SP                ; [CPU_ALU] |429| 
    4020 00000013 DC88          SUBB      XAR4,#8               ; [CPU_ARAU] |429| 
    4021 00000014 80A4          MOVZ      AR7,AR4               ; [CPU_ALU] |429| 
    4022 00000015 E5B8          ABSI64DIV64 R2H:R4H,R1H:R0H,R3H:R5H ; [CPU_FPU] |429| 
    4023 00000016 E565          SUBC2UI64 R2H:R4H,R1H:R0H,R3H:R5H ; [CPU_FPU] |429| 
    4024 00000017 E565          SUBC2UI64 R2H:R4H,R1H:R0H,R3H:R5H ; [CPU_FPU] |429| 
    4025 00000018 E565          SUBC2UI64 R2H:R4H,R1H:R0H,R3H:R5H ; [CPU_FPU] |429| 
    4026 00000019 E565          SUBC2UI64 R2H:R4H,R1H:R0H,R3H:R5H ; [CPU_FPU] |429| 
    4027 0000001a E565          SUBC2UI64 R2H:R4H,R1H:R0H,R3H:R5H ; [CPU_FPU] |429| 
    4028 0000001b E565          SUBC2UI64 R2H:R4H,R1H:R0H,R3H:R5H ; [CPU_FPU] |429| 
    4029 0000001c E565          SUBC2UI64 R2H:R4H,R1H:R0H,R3H:R5H ; [CPU_FPU] |429| 
    4030 0000001d E565          SUBC2UI64 R2H:R4H,R1H:R0H,R3H:R5H ; [CPU_FPU] |429| 
    4031 0000001e E565          SUBC2UI64 R2H:R4H,R1H:R0H,R3H:R5H ; [CPU_FPU] |429| 
    4032 0000001f E565          SUBC2UI64 R2H:R4H,R1H:R0H,R3H:R5H ; [CPU_FPU] |429| 
    4033 00000020 E565          SUBC2UI64 R2H:R4H,R1H:R0H,R3H:R5H ; [CPU_FPU] |429| 
    4034 00000021 E565          SUBC2UI64 R2H:R4H,R1H:R0H,R3H:R5H ; [CPU_FPU] |429| 
    4035 00000022 E565          SUBC2UI64 R2H:R4H,R1H:R0H,R3H:R5H ; [CPU_FPU] |429| 
    4036 00000023 E565          SUBC2UI64 R2H:R4H,R1H:R0H,R3H:R5H ; [CPU_FPU] |429| 
    4037 00000024 E565          SUBC2UI64 R2H:R4H,R1H:R0H,R3H:R5H ; [CPU_FPU] |429| 
    4038 00000025 E565          SUBC2UI64 R2H:R4H,R1H:R0H,R3H:R5H ; [CPU_FPU] |429| 
    4039 00000026 E565          SUBC2UI64 R2H:R4H,R1H:R0H,R3H:R5H ; [CPU_FPU] |429| 
    4040 00000027 E565          SUBC2UI64 R2H:R4H,R1H:R0H,R3H:R5H ; [CPU_FPU] |429| 
    4041 00000028 E565          SUBC2UI64 R2H:R4H,R1H:R0H,R3H:R5H ; [CPU_FPU] |429| 
    4042 00000029 E565          SUBC2UI64 R2H:R4H,R1H:R0H,R3H:R5H ; [CPU_FPU] |429| 
    4043 0000002a E565          SUBC2UI64 R2H:R4H,R1H:R0H,R3H:R5H ; [CPU_FPU] |429| 
    4044 0000002b E565          SUBC2UI64 R2H:R4H,R1H:R0H,R3H:R5H ; [CPU_FPU] |429| 
    4045 0000002c E565          SUBC2UI64 R2H:R4H,R1H:R0H,R3H:R5H ; [CPU_FPU] |429| 
    4046 0000002d E565          SUBC2UI64 R2H:R4H,R1H:R0H,R3H:R5H ; [CPU_FPU] |429| 
    4047 0000002e E565          SUBC2UI64 R2H:R4H,R1H:R0H,R3H:R5H ; [CPU_FPU] |429| 
    4048 0000002f E565          SUBC2UI64 R2H:R4H,R1H:R0H,R3H:R5H ; [CPU_FPU] |429| 
    4049 00000030 E565          SUBC2UI64 R2H:R4H,R1H:R0H,R3H:R5H ; [CPU_FPU] |429| 
    4050 00000031 E565          SUBC2UI64 R2H:R4H,R1H:R0H,R3H:R5H ; [CPU_FPU] |429| 
    4051 00000032 E565          SUBC2UI64 R2H:R4H,R1H:R0H,R3H:R5H ; [CPU_FPU] |429| 
    4052 00000033 E565          SUBC2UI64 R2H:R4H,R1H:R0H,R3H:R5H ; [CPU_FPU] |429| 
    4053 00000034 E565          SUBC2UI64 R2H:R4H,R1H:R0H,R3H:R5H ; [CPU_FPU] |429| 
    4054 00000035 E565          SUBC2UI64 R2H:R4H,R1H:R0H,R3H:R5H ; [CPU_FPU] |429| 
    4055 00000036 E5BA          NEGI64DIV64 R1H:R0H,R2H:R4H     ; [CPU_FPU] |429| 
    4056 00000037 E203          MOV32     *-SP[6],R1H           ; [CPU_FPU] |429| 
         00000038 0146 
    4057 00000039 E203          MOV32     *-SP[8],R0H           ; [CPU_FPU] |429| 
         0000003a 0048 
TMS320C2000 Assembler PC v22.6.2 Fri Jan  2 15:35:19 2026

Copyright (c) 1996-2018 Texas Instruments Incorporated
dual_axis_servo_drive_user_cpu.asm                                   PAGE   86

    4058 0000003b E203          MOV32     *-SP[2],R2H           ; [CPU_FPU] |429| 
         0000003c 0242 
    4059 0000003d E203          MOV32     *-SP[4],R4H           ; [CPU_FPU] |429| 
         0000003e 0444 
    4060 0000003f 6104          B         ||$C$L35||,EQ         ; [CPU_ALU] |429| 
    4061                      ; branchcc occurs ; [] |429| 
    4062 00000040 8AA9          MOVL      XAR4,ACC              ; [CPU_ALU] |429| 
    4063 00000041 F607          RPT       #7
    4064 00000042 2484  ||     PREAD     *XAR4++,*XAR7         ; [CPU_ALU] |429| 
    4065 00000043       ||$C$L35||:    
    4066 00000043 FE88          SUBB      SP,#8                 ; [CPU_ARAU] 
    4067                      .dwcfi  cfa_offset, -6
    4068 00000044 E2AF          MOV32     R5H,*--SP             ; [CPU_FPU] 
         00000045 05BE 
    4069                      .dwcfi  cfa_offset, -4
    4070                      .dwcfi  restore_reg, 63
    4071 00000046 E2AF          MOV32     R4H,*--SP             ; [CPU_FPU] 
         00000047 04BE 
    4072                      .dwcfi  cfa_offset, -2
    4073                      .dwcfi  restore_reg, 59
    4074              $C$DW$196       .dwtag  DW_TAG_TI_branch
    4075                      .dwattr $C$DW$196, DW_AT_low_pc(0x00)
    4076                      .dwattr $C$DW$196, DW_AT_TI_return
    4077              
    4078 00000048 0006          LRETR     ; [CPU_ALU] 
    4079                      ; return occurs ; [] 
    4080                      .dwattr $C$DW$193, DW_AT_TI_end_file("C:/ti/ccs2031/ccs/tools/compiler/ti-cgt-c2000_22.6.2.LTS/includ
    4081                      .dwattr $C$DW$193, DW_AT_TI_end_line(0x1ae)
    4082                      .dwattr $C$DW$193, DW_AT_TI_end_column(0x01)
    4083                      .dwendentry
    4084                      .dwendtag $C$DW$193
    4085              
    4086 00000000               .sect   ".text:__fast_ldiv"
    4087                      .clink
    4088                      .global ||__fast_ldiv||
    4089              
    4090              $C$DW$197       .dwtag  DW_TAG_subprogram
    4091                      .dwattr $C$DW$197, DW_AT_name("__fast_ldiv")
    4092                      .dwattr $C$DW$197, DW_AT_low_pc(||__fast_ldiv||)
    4093                      .dwattr $C$DW$197, DW_AT_high_pc(0x00)
    4094                      .dwattr $C$DW$197, DW_AT_linkage_name("__fast_ldiv")
    4095                      .dwattr $C$DW$197, DW_AT_external
    4096                      .dwattr $C$DW$197, DW_AT_type(*$C$DW$T$123)
    4097                      .dwattr $C$DW$197, DW_AT_decl_file("C:/ti/ccs2031/ccs/tools/compiler/ti-cgt-c2000_22.6.2.LTS/include/
    4098                      .dwattr $C$DW$197, DW_AT_decl_line(0x1a4)
    4099                      .dwattr $C$DW$197, DW_AT_decl_column(0x11)
    4100                      .dwattr $C$DW$197, DW_AT_TI_max_frame_size(-6)
    4101                      .dwpsn  file "C:/ti/ccs2031/ccs/tools/compiler/ti-cgt-c2000_22.6.2.LTS/include/stdlib.h",line 421,col
    4102              
    4103                      .dwfde $C$DW$CIE, ||__fast_ldiv||
    4104              $C$DW$198       .dwtag  DW_TAG_formal_parameter
    4105                      .dwattr $C$DW$198, DW_AT_name("_numer")
    4106                      .dwattr $C$DW$198, DW_AT_type(*$C$DW$T$12)
    4107                      .dwattr $C$DW$198, DW_AT_location[DW_OP_reg0]
    4108              
TMS320C2000 Assembler PC v22.6.2 Fri Jan  2 15:35:19 2026

Copyright (c) 1996-2018 Texas Instruments Incorporated
dual_axis_servo_drive_user_cpu.asm                                   PAGE   87

    4109              $C$DW$199       .dwtag  DW_TAG_formal_parameter
    4110                      .dwattr $C$DW$199, DW_AT_name("_denom")
    4111                      .dwattr $C$DW$199, DW_AT_type(*$C$DW$T$12)
    4112                      .dwattr $C$DW$199, DW_AT_location[DW_OP_breg20 -8]
    4113              
    4114              
    4115              ;***************************************************************
    4116              ;* FNAME: __fast_ldiv                   FR SIZE:   4           *
    4117              ;*                                                             *
    4118              ;* FUNCTION ENVIRONMENT                                        *
    4119              ;*                                                             *
    4120              ;* FUNCTION PROPERTIES                                         *
    4121              ;*                            0 Parameter,  4 Auto,  0 SOE     *
    4122              ;***************************************************************
    4123              
    4124              ||__fast_ldiv||:
    4125              ;* AR7   assigned to _numer
    4126              $C$DW$200       .dwtag  DW_TAG_variable
    4127                      .dwattr $C$DW$200, DW_AT_name("_numer")
    4128                      .dwattr $C$DW$200, DW_AT_type(*$C$DW$T$162)
    4129                      .dwattr $C$DW$200, DW_AT_location[DW_OP_reg18]
    4130              
    4131                      .dwcfi  cfa_offset, -2
    4132                      .dwcfi  save_reg_to_mem, 26, 0
    4133 00000000 FE04          ADDB      SP,#4                 ; [CPU_ARAU] 
    4134                      .dwcfi  cfa_offset, -6
    4135 00000001 1EA7          MOVL      XAR7,ACC              ; [CPU_ALU] |421| 
    4136                      .dwpsn  file "C:/ti/ccs2031/ccs/tools/compiler/ti-cgt-c2000_22.6.2.LTS/include/stdlib.h",line 422,col
    4137 00000002 5CAD          MOVZ      AR4,SP                ; [CPU_ALU] |422| 
    4138 00000003 BDA7          MOV32     R1H,XAR7              ; [CPU_FPU] |422| 
         00000004 0F16 
    4139 00000005 E2AF          MOV32     R3H,*-SP[8]           ; [CPU_FPU] |422| 
         00000006 0348 
    4140 00000007 DC84          SUBB      XAR4,#4               ; [CPU_ARAU] |422| 
    4141                      .dwpsn  file "C:/ti/ccs2031/ccs/tools/compiler/ti-cgt-c2000_22.6.2.LTS/include/stdlib.h",line 421,col
    4142 00000008 06A6          MOVL      ACC,XAR6              ; [CPU_ALU] |421| 
    4143                      .dwpsn  file "C:/ti/ccs2031/ccs/tools/compiler/ti-cgt-c2000_22.6.2.LTS/include/stdlib.h",line 422,col
    4144 00000009 80A4          MOVZ      AR7,AR4               ; [CPU_ALU] |422| 
    4145 0000000a E568          ABSI32DIV32 R2H,R1H,R3H         ; [CPU_FPU] |422| 
    4146 0000000b E564          SUBC4UI32 R2H,R1H,R3H           ; [CPU_FPU] |422| 
    4147 0000000c E564          SUBC4UI32 R2H,R1H,R3H           ; [CPU_FPU] |422| 
    4148 0000000d E564          SUBC4UI32 R2H,R1H,R3H           ; [CPU_FPU] |422| 
    4149 0000000e E564          SUBC4UI32 R2H,R1H,R3H           ; [CPU_FPU] |422| 
    4150 0000000f E564          SUBC4UI32 R2H,R1H,R3H           ; [CPU_FPU] |422| 
    4151 00000010 E564          SUBC4UI32 R2H,R1H,R3H           ; [CPU_FPU] |422| 
    4152 00000011 E564          SUBC4UI32 R2H,R1H,R3H           ; [CPU_FPU] |422| 
    4153 00000012 E564          SUBC4UI32 R2H,R1H,R3H           ; [CPU_FPU] |422| 
    4154 00000013 E56A          NEGI32DIV32 R1H,R2H             ; [CPU_FPU] |422| 
    4155 00000014 E203          MOV32     *-SP[4],R1H           ; [CPU_FPU] |422| 
         00000015 0144 
    4156 00000016 E203          MOV32     *-SP[2],R2H           ; [CPU_FPU] |422| 
         00000017 0242 
    4157 00000018 6104          B         ||$C$L36||,EQ         ; [CPU_ALU] |422| 
    4158                      ; branchcc occurs ; [] |422| 
    4159 00000019 8AA9          MOVL      XAR4,ACC              ; [CPU_ALU] |422| 
TMS320C2000 Assembler PC v22.6.2 Fri Jan  2 15:35:19 2026

Copyright (c) 1996-2018 Texas Instruments Incorporated
dual_axis_servo_drive_user_cpu.asm                                   PAGE   88

    4160 0000001a F603          RPT       #3
    4161 0000001b 2484  ||     PREAD     *XAR4++,*XAR7         ; [CPU_ALU] |422| 
    4162 0000001c       ||$C$L36||:    
    4163 0000001c FE84          SUBB      SP,#4                 ; [CPU_ARAU] 
    4164                      .dwcfi  cfa_offset, -2
    4165              $C$DW$201       .dwtag  DW_TAG_TI_branch
    4166                      .dwattr $C$DW$201, DW_AT_low_pc(0x00)
    4167                      .dwattr $C$DW$201, DW_AT_TI_return
    4168              
    4169 0000001d 0006          LRETR     ; [CPU_ALU] 
    4170                      ; return occurs ; [] 
    4171                      .dwattr $C$DW$197, DW_AT_TI_end_file("C:/ti/ccs2031/ccs/tools/compiler/ti-cgt-c2000_22.6.2.LTS/includ
    4172                      .dwattr $C$DW$197, DW_AT_TI_end_line(0x1a7)
    4173                      .dwattr $C$DW$197, DW_AT_TI_end_column(0x01)
    4174                      .dwendentry
    4175                      .dwendtag $C$DW$197
    4176              
    4177              ;**************************************************************
    4178              ;* UNDEFINED EXTERNAL REFERENCES                              *
    4179              ;**************************************************************
    4180                      .global ||FCL_initADC_2In||
    4181                      .global ||FCL_initPWM||
    4182                      .global ||FCL_initQEP||
    4183                      .global ||motorVars||
    4184                      .global ||__c28xabi_cmpull||
    4185              ;**************************************************************
    4186              ;* SECTION GROUPS                                             *
    4187              ;**************************************************************
    4188                      .group    "__fast_ldiv", 1
    4189                      .gmember  ".text:__fast_ldiv"
    4190                      .endgroup
    4191                      .group    "__fast_lldiv", 1
    4192                      .gmember  ".text:__fast_lldiv"
    4193                      .endgroup
    4194                      .group    "__fpclassify", 1
    4195                      .gmember  ".text:__fpclassify"
    4196                      .endgroup
    4197                      .group    "__fpclassifyf", 1
    4198                      .gmember  ".text:__fpclassifyf"
    4199                      .endgroup
    4200                      .group    "__fpclassifyl", 1
    4201                      .gmember  ".text:__fpclassifyl"
    4202                      .endgroup
    4203                      .group    "__isfinite", 1
    4204                      .gmember  ".text:__isfinite"
    4205                      .endgroup
    4206                      .group    "__isfinitef", 1
    4207                      .gmember  ".text:__isfinitef"
    4208                      .endgroup
    4209                      .group    "__isfinitel", 1
    4210                      .gmember  ".text:__isfinitel"
    4211                      .endgroup
    4212                      .group    "__isinf", 1
    4213                      .gmember  ".text:__isinf"
    4214                      .endgroup
TMS320C2000 Assembler PC v22.6.2 Fri Jan  2 15:35:19 2026

Copyright (c) 1996-2018 Texas Instruments Incorporated
dual_axis_servo_drive_user_cpu.asm                                   PAGE   89

    4215                      .group    "__isinff", 1
    4216                      .gmember  ".text:__isinff"
    4217                      .endgroup
    4218                      .group    "__isinfl", 1
    4219                      .gmember  ".text:__isinfl"
    4220                      .endgroup
    4221                      .group    "__isnan", 1
    4222                      .gmember  ".text:__isnan"
    4223                      .endgroup
    4224                      .group    "__isnanf", 1
    4225                      .gmember  ".text:__isnanf"
    4226                      .endgroup
    4227                      .group    "__isnanl", 1
    4228                      .gmember  ".text:__isnanl"
    4229                      .endgroup
    4230                      .group    "__isnormal", 1
    4231                      .gmember  ".text:__isnormal"
    4232                      .endgroup
    4233                      .group    "__isnormalf", 1
    4234                      .gmember  ".text:__isnormalf"
    4235                      .endgroup
    4236                      .group    "__isnormall", 1
    4237                      .gmember  ".text:__isnormall"
    4238                      .endgroup
    4239                      .group    "__relaxed_atan2f", 1
    4240                      .gmember  ".text:__relaxed_atan2f"
    4241                      .endgroup
    4242                      .group    "__relaxed_atanf", 1
    4243                      .gmember  ".text:__relaxed_atanf"
    4244                      .endgroup
    4245                      .group    "__relaxed_cosf", 1
    4246                      .gmember  ".text:__relaxed_cosf"
    4247                      .endgroup
    4248                      .group    "__relaxed_expf", 1
    4249                      .gmember  ".text:__relaxed_expf"
    4250                      .endgroup
    4251                      .group    "__relaxed_fmaxf", 1
    4252                      .gmember  ".text:__relaxed_fmaxf"
    4253                      .endgroup
    4254                      .group    "__relaxed_fminf", 1
    4255                      .gmember  ".text:__relaxed_fminf"
    4256                      .endgroup
    4257                      .group    "__relaxed_fmodf", 1
    4258                      .gmember  ".text:__relaxed_fmodf"
    4259                      .endgroup
    4260                      .group    "__relaxed_log2f", 1
    4261                      .gmember  ".text:__relaxed_log2f"
    4262                      .endgroup
    4263                      .group    "__relaxed_logf", 1
    4264                      .gmember  ".text:__relaxed_logf"
    4265                      .endgroup
    4266                      .group    "__relaxed_powf", 1
    4267                      .gmember  ".text:__relaxed_powf"
    4268                      .endgroup
    4269                      .group    "__relaxed_sinf", 1
TMS320C2000 Assembler PC v22.6.2 Fri Jan  2 15:35:19 2026

Copyright (c) 1996-2018 Texas Instruments Incorporated
dual_axis_servo_drive_user_cpu.asm                                   PAGE   90

    4270                      .gmember  ".text:__relaxed_sinf"
    4271                      .endgroup
    4272                      .group    "__relaxed_sqrtf", 1
    4273                      .gmember  ".text:__relaxed_sqrtf"
    4274                      .endgroup
    4275                      .group    "__signbit", 1
    4276                      .gmember  ".text:__signbit"
    4277                      .endgroup
    4278                      .group    "__signbitf", 1
    4279                      .gmember  ".text:__signbitf"
    4280                      .endgroup
    4281                      .group    "__signbitl", 1
    4282                      .gmember  ".text:__signbitl"
    4283                      .endgroup
    4284              
    4285              
    4286              ;***************************************************************
    4287              ;* BUILD ATTRIBUTES                                            *
    4288              ;***************************************************************
    4289                      .battr "c28xabi", Tag_File, 1, Tag_float_args(1)
    4290                      .battr "c28xabi", Tag_File, 1, Tag_double_args(1)
    4291                      .dwattr $C$DW$CU, DW_AT_language(DW_LANG_C)
    4292              
    4293              ;***************************************************************
    4294              ;* DWARF CIE ENTRIES                                           *
    4295              ;***************************************************************
    4296              
    4297              $C$DW$CIE       .dwcie 26
    4298                      .dwcfi  cfa_register, 20
    4299                      .dwcfi  cfa_offset, 0
    4300                      .dwcfi  same_value, 28
    4301                      .dwcfi  same_value, 6
    4302                      .dwcfi  same_value, 7
    4303                      .dwcfi  same_value, 8
    4304                      .dwcfi  same_value, 9
    4305                      .dwcfi  same_value, 10
    4306                      .dwcfi  same_value, 11
    4307                      .dwcfi  same_value, 59
    4308                      .dwcfi  same_value, 63
    4309                      .dwcfi  same_value, 67
    4310                      .dwcfi  same_value, 71
    4311                      .dwendentry
    4312                      .dwendtag $C$DW$CU
    4313              
    4314              
    4315              ;***************************************************************
    4316              ;* TYPE INFORMATION                                            *
    4317              ;***************************************************************
    4318              
    4319              $C$DW$TU$84     .dwtag  DW_TAG_type_unit
    4320                      .dwmtype  $C$DW$T$84
    4321              
    4322              $C$DW$T$84      .dwtag  DW_TAG_enumeration_type
    4323                      .dwattr $C$DW$T$84, DW_AT_byte_size(0x01)
    4324              $C$DW$202       .dwtag  DW_TAG_enumerator
TMS320C2000 Assembler PC v22.6.2 Fri Jan  2 15:35:19 2026

Copyright (c) 1996-2018 Texas Instruments Incorporated
dual_axis_servo_drive_user_cpu.asm                                   PAGE   91

    4325                      .dwattr $C$DW$202, DW_AT_name("MTR_1")
    4326                      .dwattr $C$DW$202, DW_AT_const_value(0x00)
    4327                      .dwattr $C$DW$202, DW_AT_decl_file("..\sources\dual_axis_servo_drive_hal.h")
    4328                      .dwattr $C$DW$202, DW_AT_decl_line(0x87)
    4329                      .dwattr $C$DW$202, DW_AT_decl_column(0x05)
    4330              
    4331              $C$DW$203       .dwtag  DW_TAG_enumerator
    4332                      .dwattr $C$DW$203, DW_AT_name("MTR_2")
    4333                      .dwattr $C$DW$203, DW_AT_const_value(0x01)
    4334                      .dwattr $C$DW$203, DW_AT_decl_file("..\sources\dual_axis_servo_drive_hal.h")
    4335                      .dwattr $C$DW$203, DW_AT_decl_line(0x88)
    4336                      .dwattr $C$DW$203, DW_AT_decl_column(0x05)
    4337              
    4338                      .dwattr $C$DW$T$84, DW_AT_decl_file("..\sources\dual_axis_servo_drive_hal.h")
    4339                      .dwattr $C$DW$T$84, DW_AT_decl_line(0x86)
    4340                      .dwattr $C$DW$T$84, DW_AT_decl_column(0x01)
    4341                      .dwendtag $C$DW$T$84
    4342              
    4343                      .dwendtag $C$DW$TU$84
    4344              
    4345              
    4346              $C$DW$TU$85     .dwtag  DW_TAG_type_unit
    4347                      .dwmtype  $C$DW$T$85
    4348              $C$DW$T$85      .dwtag  DW_TAG_typedef
    4349                      .dwattr $C$DW$T$85, DW_AT_name("MotorNum_e")
    4350                      .dwattr $C$DW$T$85, DW_AT_type(*$C$DW$T$84)
    4351                      .dwattr $C$DW$T$85, DW_AT_decl_file("..\sources\dual_axis_servo_drive_hal.h")
    4352                      .dwattr $C$DW$T$85, DW_AT_decl_line(0x89)
    4353                      .dwattr $C$DW$T$85, DW_AT_decl_column(0x03)
    4354              
    4355                      .dwendtag $C$DW$TU$85
    4356              
    4357              
    4358              $C$DW$TU$106    .dwtag  DW_TAG_type_unit
    4359                      .dwmtype  $C$DW$T$106
    4360              
    4361              $C$DW$T$106     .dwtag  DW_TAG_enumeration_type
    4362                      .dwattr $C$DW$T$106, DW_AT_byte_size(0x01)
    4363              $C$DW$204       .dwtag  DW_TAG_enumerator
    4364                      .dwattr $C$DW$204, DW_AT_name("ADC_PPB_NUMBER1")
    4365                      .dwattr $C$DW$204, DW_AT_const_value(0x00)
    4366                      .dwattr $C$DW$204, DW_AT_decl_file("C:/ti/C2000Ware_MotorControl_SDK_5_04_00_00/c2000ware/driverlib/f
    4367                      .dwattr $C$DW$204, DW_AT_decl_line(0xf7)
    4368                      .dwattr $C$DW$204, DW_AT_decl_column(0x05)
    4369              
    4370              $C$DW$205       .dwtag  DW_TAG_enumerator
    4371                      .dwattr $C$DW$205, DW_AT_name("ADC_PPB_NUMBER2")
    4372                      .dwattr $C$DW$205, DW_AT_const_value(0x01)
    4373                      .dwattr $C$DW$205, DW_AT_decl_file("C:/ti/C2000Ware_MotorControl_SDK_5_04_00_00/c2000ware/driverlib/f
    4374                      .dwattr $C$DW$205, DW_AT_decl_line(0xf8)
    4375                      .dwattr $C$DW$205, DW_AT_decl_column(0x05)
    4376              
    4377              $C$DW$206       .dwtag  DW_TAG_enumerator
    4378                      .dwattr $C$DW$206, DW_AT_name("ADC_PPB_NUMBER3")
    4379                      .dwattr $C$DW$206, DW_AT_const_value(0x02)
TMS320C2000 Assembler PC v22.6.2 Fri Jan  2 15:35:19 2026

Copyright (c) 1996-2018 Texas Instruments Incorporated
dual_axis_servo_drive_user_cpu.asm                                   PAGE   92

    4380                      .dwattr $C$DW$206, DW_AT_decl_file("C:/ti/C2000Ware_MotorControl_SDK_5_04_00_00/c2000ware/driverlib/f
    4381                      .dwattr $C$DW$206, DW_AT_decl_line(0xf9)
    4382                      .dwattr $C$DW$206, DW_AT_decl_column(0x05)
    4383              
    4384              $C$DW$207       .dwtag  DW_TAG_enumerator
    4385                      .dwattr $C$DW$207, DW_AT_name("ADC_PPB_NUMBER4")
    4386                      .dwattr $C$DW$207, DW_AT_const_value(0x03)
    4387                      .dwattr $C$DW$207, DW_AT_decl_file("C:/ti/C2000Ware_MotorControl_SDK_5_04_00_00/c2000ware/driverlib/f
    4388                      .dwattr $C$DW$207, DW_AT_decl_line(0xfa)
    4389                      .dwattr $C$DW$207, DW_AT_decl_column(0x05)
    4390              
    4391                      .dwattr $C$DW$T$106, DW_AT_decl_file("C:/ti/C2000Ware_MotorControl_SDK_5_04_00_00/c2000ware/driverlib
    4392                      .dwattr $C$DW$T$106, DW_AT_decl_line(0xf6)
    4393                      .dwattr $C$DW$T$106, DW_AT_decl_column(0x01)
    4394                      .dwendtag $C$DW$T$106
    4395              
    4396                      .dwendtag $C$DW$TU$106
    4397              
    4398              
    4399              $C$DW$TU$107    .dwtag  DW_TAG_type_unit
    4400                      .dwmtype  $C$DW$T$107
    4401              $C$DW$T$107     .dwtag  DW_TAG_typedef
    4402                      .dwattr $C$DW$T$107, DW_AT_name("ADC_PPBNumber")
    4403                      .dwattr $C$DW$T$107, DW_AT_type(*$C$DW$T$106)
    4404                      .dwattr $C$DW$T$107, DW_AT_decl_file("C:/ti/C2000Ware_MotorControl_SDK_5_04_00_00/c2000ware/driverlib
    4405                      .dwattr $C$DW$T$107, DW_AT_decl_line(0xfb)
    4406                      .dwattr $C$DW$T$107, DW_AT_decl_column(0x03)
    4407              
    4408                      .dwendtag $C$DW$TU$107
    4409              
    4410              
    4411              $C$DW$TU$108    .dwtag  DW_TAG_type_unit
    4412                      .dwmtype  $C$DW$T$108
    4413              
    4414              $C$DW$T$108     .dwtag  DW_TAG_enumeration_type
    4415                      .dwattr $C$DW$T$108, DW_AT_byte_size(0x01)
    4416              $C$DW$208       .dwtag  DW_TAG_enumerator
    4417                      .dwattr $C$DW$208, DW_AT_name("ADC_INT_NUMBER1")
    4418                      .dwattr $C$DW$208, DW_AT_const_value(0x00)
    4419                      .dwattr $C$DW$208, DW_AT_decl_file("C:/ti/C2000Ware_MotorControl_SDK_5_04_00_00/c2000ware/driverlib/f
    4420                      .dwattr $C$DW$208, DW_AT_decl_line(0xe9)
    4421                      .dwattr $C$DW$208, DW_AT_decl_column(0x05)
    4422              
    4423              $C$DW$209       .dwtag  DW_TAG_enumerator
    4424                      .dwattr $C$DW$209, DW_AT_name("ADC_INT_NUMBER2")
    4425                      .dwattr $C$DW$209, DW_AT_const_value(0x01)
    4426                      .dwattr $C$DW$209, DW_AT_decl_file("C:/ti/C2000Ware_MotorControl_SDK_5_04_00_00/c2000ware/driverlib/f
    4427                      .dwattr $C$DW$209, DW_AT_decl_line(0xea)
    4428                      .dwattr $C$DW$209, DW_AT_decl_column(0x05)
    4429              
    4430              $C$DW$210       .dwtag  DW_TAG_enumerator
    4431                      .dwattr $C$DW$210, DW_AT_name("ADC_INT_NUMBER3")
    4432                      .dwattr $C$DW$210, DW_AT_const_value(0x02)
    4433                      .dwattr $C$DW$210, DW_AT_decl_file("C:/ti/C2000Ware_MotorControl_SDK_5_04_00_00/c2000ware/driverlib/f
    4434                      .dwattr $C$DW$210, DW_AT_decl_line(0xeb)
TMS320C2000 Assembler PC v22.6.2 Fri Jan  2 15:35:19 2026

Copyright (c) 1996-2018 Texas Instruments Incorporated
dual_axis_servo_drive_user_cpu.asm                                   PAGE   93

    4435                      .dwattr $C$DW$210, DW_AT_decl_column(0x05)
    4436              
    4437              $C$DW$211       .dwtag  DW_TAG_enumerator
    4438                      .dwattr $C$DW$211, DW_AT_name("ADC_INT_NUMBER4")
    4439                      .dwattr $C$DW$211, DW_AT_const_value(0x03)
    4440                      .dwattr $C$DW$211, DW_AT_decl_file("C:/ti/C2000Ware_MotorControl_SDK_5_04_00_00/c2000ware/driverlib/f
    4441                      .dwattr $C$DW$211, DW_AT_decl_line(0xec)
    4442                      .dwattr $C$DW$211, DW_AT_decl_column(0x05)
    4443              
    4444                      .dwattr $C$DW$T$108, DW_AT_decl_file("C:/ti/C2000Ware_MotorControl_SDK_5_04_00_00/c2000ware/driverlib
    4445                      .dwattr $C$DW$T$108, DW_AT_decl_line(0xe8)
    4446                      .dwattr $C$DW$T$108, DW_AT_decl_column(0x01)
    4447                      .dwendtag $C$DW$T$108
    4448              
    4449                      .dwendtag $C$DW$TU$108
    4450              
    4451              
    4452              $C$DW$TU$109    .dwtag  DW_TAG_type_unit
    4453                      .dwmtype  $C$DW$T$109
    4454              $C$DW$T$109     .dwtag  DW_TAG_typedef
    4455                      .dwattr $C$DW$T$109, DW_AT_name("ADC_IntNumber")
    4456                      .dwattr $C$DW$T$109, DW_AT_type(*$C$DW$T$108)
    4457                      .dwattr $C$DW$T$109, DW_AT_decl_file("C:/ti/C2000Ware_MotorControl_SDK_5_04_00_00/c2000ware/driverlib
    4458                      .dwattr $C$DW$T$109, DW_AT_decl_line(0xed)
    4459                      .dwattr $C$DW$T$109, DW_AT_decl_column(0x03)
    4460              
    4461                      .dwendtag $C$DW$TU$109
    4462              
    4463              
    4464              $C$DW$TU$110    .dwtag  DW_TAG_type_unit
    4465                      .dwmtype  $C$DW$T$110
    4466              
    4467              $C$DW$T$110     .dwtag  DW_TAG_enumeration_type
    4468                      .dwattr $C$DW$T$110, DW_AT_byte_size(0x01)
    4469              $C$DW$212       .dwtag  DW_TAG_enumerator
    4470                      .dwattr $C$DW$212, DW_AT_name("ENC_ALIGNMENT")
    4471                      .dwattr $C$DW$212, DW_AT_const_value(0x00)
    4472                      .dwattr $C$DW$212, DW_AT_decl_file("C:/ti/C2000Ware_MotorControl_SDK_5_04_00_00/libraries/position_se
    4473                      .dwattr $C$DW$212, DW_AT_decl_line(0x40)
    4474                      .dwattr $C$DW$212, DW_AT_decl_column(0x05)
    4475              
    4476              $C$DW$213       .dwtag  DW_TAG_enumerator
    4477                      .dwattr $C$DW$213, DW_AT_name("ENC_WAIT_FOR_INDEX")
    4478                      .dwattr $C$DW$213, DW_AT_const_value(0x01)
    4479                      .dwattr $C$DW$213, DW_AT_decl_file("C:/ti/C2000Ware_MotorControl_SDK_5_04_00_00/libraries/position_se
    4480                      .dwattr $C$DW$213, DW_AT_decl_line(0x41)
    4481                      .dwattr $C$DW$213, DW_AT_decl_column(0x05)
    4482              
    4483              $C$DW$214       .dwtag  DW_TAG_enumerator
    4484                      .dwattr $C$DW$214, DW_AT_name("ENC_CALIBRATION_DONE")
    4485                      .dwattr $C$DW$214, DW_AT_const_value(0x02)
    4486                      .dwattr $C$DW$214, DW_AT_decl_file("C:/ti/C2000Ware_MotorControl_SDK_5_04_00_00/libraries/position_se
    4487                      .dwattr $C$DW$214, DW_AT_decl_line(0x42)
    4488                      .dwattr $C$DW$214, DW_AT_decl_column(0x05)
    4489              
TMS320C2000 Assembler PC v22.6.2 Fri Jan  2 15:35:19 2026

Copyright (c) 1996-2018 Texas Instruments Incorporated
dual_axis_servo_drive_user_cpu.asm                                   PAGE   94

    4490                      .dwattr $C$DW$T$110, DW_AT_decl_file("C:/ti/C2000Ware_MotorControl_SDK_5_04_00_00/libraries/position_
    4491                      .dwattr $C$DW$T$110, DW_AT_decl_line(0x3f)
    4492                      .dwattr $C$DW$T$110, DW_AT_decl_column(0x01)
    4493                      .dwendtag $C$DW$T$110
    4494              
    4495                      .dwendtag $C$DW$TU$110
    4496              
    4497              
    4498              $C$DW$TU$111    .dwtag  DW_TAG_type_unit
    4499                      .dwmtype  $C$DW$T$111
    4500              $C$DW$T$111     .dwtag  DW_TAG_typedef
    4501                      .dwattr $C$DW$T$111, DW_AT_name("ENC_Status_e")
    4502                      .dwattr $C$DW$T$111, DW_AT_type(*$C$DW$T$110)
    4503                      .dwattr $C$DW$T$111, DW_AT_decl_file("C:/ti/C2000Ware_MotorControl_SDK_5_04_00_00/libraries/position_
    4504                      .dwattr $C$DW$T$111, DW_AT_decl_line(0x43)
    4505                      .dwattr $C$DW$T$111, DW_AT_decl_column(0x03)
    4506              
    4507                      .dwendtag $C$DW$TU$111
    4508              
    4509              
    4510              $C$DW$TU$112    .dwtag  DW_TAG_type_unit
    4511                      .dwmtype  $C$DW$T$112
    4512              
    4513              $C$DW$T$112     .dwtag  DW_TAG_enumeration_type
    4514                      .dwattr $C$DW$T$112, DW_AT_byte_size(0x01)
    4515              $C$DW$215       .dwtag  DW_TAG_enumerator
    4516                      .dwattr $C$DW$215, DW_AT_name("PWW_CMP_CTR_ZERO")
    4517                      .dwattr $C$DW$215, DW_AT_const_value(0x00)
    4518                      .dwattr $C$DW$215, DW_AT_decl_file("C:/ti/C2000Ware_MotorControl_SDK_5_04_00_00/solutions/common/sens
    4519                      .dwattr $C$DW$215, DW_AT_decl_line(0x34)
    4520                      .dwattr $C$DW$215, DW_AT_decl_column(0x05)
    4521              
    4522              $C$DW$216       .dwtag  DW_TAG_enumerator
    4523                      .dwattr $C$DW$216, DW_AT_name("PWW_CMP_CTR_PRD")
    4524                      .dwattr $C$DW$216, DW_AT_const_value(0x01)
    4525                      .dwattr $C$DW$216, DW_AT_decl_file("C:/ti/C2000Ware_MotorControl_SDK_5_04_00_00/solutions/common/sens
    4526                      .dwattr $C$DW$216, DW_AT_decl_line(0x35)
    4527                      .dwattr $C$DW$216, DW_AT_decl_column(0x05)
    4528              
    4529              $C$DW$217       .dwtag  DW_TAG_enumerator
    4530                      .dwattr $C$DW$217, DW_AT_name("PWW_CMP_CTR_BOTH")
    4531                      .dwattr $C$DW$217, DW_AT_const_value(0x02)
    4532                      .dwattr $C$DW$217, DW_AT_decl_file("C:/ti/C2000Ware_MotorControl_SDK_5_04_00_00/solutions/common/sens
    4533                      .dwattr $C$DW$217, DW_AT_decl_line(0x36)
    4534                      .dwattr $C$DW$217, DW_AT_decl_column(0x05)
    4535              
    4536              $C$DW$218       .dwtag  DW_TAG_enumerator
    4537                      .dwattr $C$DW$218, DW_AT_name("PWW_CMP_IMMEDIATE")
    4538                      .dwattr $C$DW$218, DW_AT_const_value(0x03)
    4539                      .dwattr $C$DW$218, DW_AT_decl_file("C:/ti/C2000Ware_MotorControl_SDK_5_04_00_00/solutions/common/sens
    4540                      .dwattr $C$DW$218, DW_AT_decl_line(0x37)
    4541                      .dwattr $C$DW$218, DW_AT_decl_column(0x05)
    4542              
    4543                      .dwattr $C$DW$T$112, DW_AT_decl_file("C:/ti/C2000Ware_MotorControl_SDK_5_04_00_00/solutions/common/se
    4544                      .dwattr $C$DW$T$112, DW_AT_decl_line(0x33)
TMS320C2000 Assembler PC v22.6.2 Fri Jan  2 15:35:19 2026

Copyright (c) 1996-2018 Texas Instruments Incorporated
dual_axis_servo_drive_user_cpu.asm                                   PAGE   95

    4545                      .dwattr $C$DW$T$112, DW_AT_decl_column(0x01)
    4546                      .dwendtag $C$DW$T$112
    4547              
    4548                      .dwendtag $C$DW$TU$112
    4549              
    4550              
    4551              $C$DW$TU$113    .dwtag  DW_TAG_type_unit
    4552                      .dwmtype  $C$DW$T$113
    4553              $C$DW$T$113     .dwtag  DW_TAG_typedef
    4554                      .dwattr $C$DW$T$113, DW_AT_name("PWMUpdateMode_e")
    4555                      .dwattr $C$DW$T$113, DW_AT_type(*$C$DW$T$112)
    4556                      .dwattr $C$DW$T$113, DW_AT_decl_file("C:/ti/C2000Ware_MotorControl_SDK_5_04_00_00/solutions/common/se
    4557                      .dwattr $C$DW$T$113, DW_AT_decl_line(0x38)
    4558                      .dwattr $C$DW$T$113, DW_AT_decl_column(0x03)
    4559              
    4560                      .dwendtag $C$DW$TU$113
    4561              
    4562              
    4563              $C$DW$TU$114    .dwtag  DW_TAG_type_unit
    4564                      .dwmtype  $C$DW$T$114
    4565              
    4566              $C$DW$T$114     .dwtag  DW_TAG_enumeration_type
    4567                      .dwattr $C$DW$T$114, DW_AT_byte_size(0x01)
    4568              $C$DW$219       .dwtag  DW_TAG_enumerator
    4569                      .dwattr $C$DW$219, DW_AT_name("MOTOR_STOP")
    4570                      .dwattr $C$DW$219, DW_AT_const_value(0x00)
    4571                      .dwattr $C$DW$219, DW_AT_decl_file("C:/ti/C2000Ware_MotorControl_SDK_5_04_00_00/solutions/common/sens
    4572                      .dwattr $C$DW$219, DW_AT_decl_line(0x4a)
    4573                      .dwattr $C$DW$219, DW_AT_decl_column(0x05)
    4574              
    4575              $C$DW$220       .dwtag  DW_TAG_enumerator
    4576                      .dwattr $C$DW$220, DW_AT_name("MOTOR_RUN")
    4577                      .dwattr $C$DW$220, DW_AT_const_value(0x01)
    4578                      .dwattr $C$DW$220, DW_AT_decl_file("C:/ti/C2000Ware_MotorControl_SDK_5_04_00_00/solutions/common/sens
    4579                      .dwattr $C$DW$220, DW_AT_decl_line(0x4b)
    4580                      .dwattr $C$DW$220, DW_AT_decl_column(0x05)
    4581              
    4582                      .dwattr $C$DW$T$114, DW_AT_decl_file("C:/ti/C2000Ware_MotorControl_SDK_5_04_00_00/solutions/common/se
    4583                      .dwattr $C$DW$T$114, DW_AT_decl_line(0x49)
    4584                      .dwattr $C$DW$T$114, DW_AT_decl_column(0x01)
    4585                      .dwendtag $C$DW$T$114
    4586              
    4587                      .dwendtag $C$DW$TU$114
    4588              
    4589              
    4590              $C$DW$TU$115    .dwtag  DW_TAG_type_unit
    4591                      .dwmtype  $C$DW$T$115
    4592              $C$DW$T$115     .dwtag  DW_TAG_typedef
    4593                      .dwattr $C$DW$T$115, DW_AT_name("MotorRunStop_e")
    4594                      .dwattr $C$DW$T$115, DW_AT_type(*$C$DW$T$114)
    4595                      .dwattr $C$DW$T$115, DW_AT_decl_file("C:/ti/C2000Ware_MotorControl_SDK_5_04_00_00/solutions/common/se
    4596                      .dwattr $C$DW$T$115, DW_AT_decl_line(0x4c)
    4597                      .dwattr $C$DW$T$115, DW_AT_decl_column(0x03)
    4598              
    4599                      .dwendtag $C$DW$TU$115
TMS320C2000 Assembler PC v22.6.2 Fri Jan  2 15:35:19 2026

Copyright (c) 1996-2018 Texas Instruments Incorporated
dual_axis_servo_drive_user_cpu.asm                                   PAGE   96

    4600              
    4601              
    4602              $C$DW$TU$116    .dwtag  DW_TAG_type_unit
    4603                      .dwmtype  $C$DW$T$116
    4604              
    4605              $C$DW$T$116     .dwtag  DW_TAG_enumeration_type
    4606                      .dwattr $C$DW$T$116, DW_AT_byte_size(0x01)
    4607              $C$DW$221       .dwtag  DW_TAG_enumerator
    4608                      .dwattr $C$DW$221, DW_AT_name("CTRL_STOP")
    4609                      .dwattr $C$DW$221, DW_AT_const_value(0x00)
    4610                      .dwattr $C$DW$221, DW_AT_decl_file("C:/ti/C2000Ware_MotorControl_SDK_5_04_00_00/solutions/common/sens
    4611                      .dwattr $C$DW$221, DW_AT_decl_line(0x64)
    4612                      .dwattr $C$DW$221, DW_AT_decl_column(0x05)
    4613              
    4614              $C$DW$222       .dwtag  DW_TAG_enumerator
    4615                      .dwattr $C$DW$222, DW_AT_name("CTRL_RUN")
    4616                      .dwattr $C$DW$222, DW_AT_const_value(0x01)
    4617                      .dwattr $C$DW$222, DW_AT_decl_file("C:/ti/C2000Ware_MotorControl_SDK_5_04_00_00/solutions/common/sens
    4618                      .dwattr $C$DW$222, DW_AT_decl_line(0x65)
    4619                      .dwattr $C$DW$222, DW_AT_decl_column(0x05)
    4620              
    4621              $C$DW$223       .dwtag  DW_TAG_enumerator
    4622                      .dwattr $C$DW$223, DW_AT_name("CTRL_BRAKE")
    4623                      .dwattr $C$DW$223, DW_AT_const_value(0x02)
    4624                      .dwattr $C$DW$223, DW_AT_decl_file("C:/ti/C2000Ware_MotorControl_SDK_5_04_00_00/solutions/common/sens
    4625                      .dwattr $C$DW$223, DW_AT_decl_line(0x66)
    4626                      .dwattr $C$DW$223, DW_AT_decl_column(0x05)
    4627              
    4628              $C$DW$224       .dwtag  DW_TAG_enumerator
    4629                      .dwattr $C$DW$224, DW_AT_name("CTRL_RESET")
    4630                      .dwattr $C$DW$224, DW_AT_const_value(0x03)
    4631                      .dwattr $C$DW$224, DW_AT_decl_file("C:/ti/C2000Ware_MotorControl_SDK_5_04_00_00/solutions/common/sens
    4632                      .dwattr $C$DW$224, DW_AT_decl_line(0x67)
    4633                      .dwattr $C$DW$224, DW_AT_decl_column(0x05)
    4634              
    4635              $C$DW$225       .dwtag  DW_TAG_enumerator
    4636                      .dwattr $C$DW$225, DW_AT_name("CTRL_FAULT")
    4637                      .dwattr $C$DW$225, DW_AT_const_value(0x04)
    4638                      .dwattr $C$DW$225, DW_AT_decl_file("C:/ti/C2000Ware_MotorControl_SDK_5_04_00_00/solutions/common/sens
    4639                      .dwattr $C$DW$225, DW_AT_decl_line(0x68)
    4640                      .dwattr $C$DW$225, DW_AT_decl_column(0x05)
    4641              
    4642                      .dwattr $C$DW$T$116, DW_AT_decl_file("C:/ti/C2000Ware_MotorControl_SDK_5_04_00_00/solutions/common/se
    4643                      .dwattr $C$DW$T$116, DW_AT_decl_line(0x63)
    4644                      .dwattr $C$DW$T$116, DW_AT_decl_column(0x01)
    4645                      .dwendtag $C$DW$T$116
    4646              
    4647                      .dwendtag $C$DW$TU$116
    4648              
    4649              
    4650              $C$DW$TU$117    .dwtag  DW_TAG_type_unit
    4651                      .dwmtype  $C$DW$T$117
    4652              $C$DW$T$117     .dwtag  DW_TAG_typedef
    4653                      .dwattr $C$DW$T$117, DW_AT_name("CtrlState_e")
    4654                      .dwattr $C$DW$T$117, DW_AT_type(*$C$DW$T$116)
TMS320C2000 Assembler PC v22.6.2 Fri Jan  2 15:35:19 2026

Copyright (c) 1996-2018 Texas Instruments Incorporated
dual_axis_servo_drive_user_cpu.asm                                   PAGE   97

    4655                      .dwattr $C$DW$T$117, DW_AT_decl_file("C:/ti/C2000Ware_MotorControl_SDK_5_04_00_00/solutions/common/se
    4656                      .dwattr $C$DW$T$117, DW_AT_decl_line(0x69)
    4657                      .dwattr $C$DW$T$117, DW_AT_decl_column(0x03)
    4658              
    4659                      .dwendtag $C$DW$TU$117
    4660              
    4661              
    4662              $C$DW$TU$120    .dwtag  DW_TAG_type_unit
    4663                      .dwmtype  $C$DW$T$120
    4664              
    4665              $C$DW$T$120     .dwtag  DW_TAG_enumeration_type
    4666                      .dwattr $C$DW$T$120, DW_AT_byte_size(0x01)
    4667              $C$DW$226       .dwtag  DW_TAG_enumerator
    4668                      .dwattr $C$DW$226, DW_AT_name("ADC_SOC_NUMBER0")
    4669                      .dwattr $C$DW$226, DW_AT_const_value(0x00)
    4670                      .dwattr $C$DW$226, DW_AT_decl_file("C:/ti/C2000Ware_MotorControl_SDK_5_04_00_00/c2000ware/driverlib/f
    4671                      .dwattr $C$DW$226, DW_AT_decl_line(0x108)
    4672                      .dwattr $C$DW$226, DW_AT_decl_column(0x05)
    4673              
    4674              $C$DW$227       .dwtag  DW_TAG_enumerator
    4675                      .dwattr $C$DW$227, DW_AT_name("ADC_SOC_NUMBER1")
    4676                      .dwattr $C$DW$227, DW_AT_const_value(0x01)
    4677                      .dwattr $C$DW$227, DW_AT_decl_file("C:/ti/C2000Ware_MotorControl_SDK_5_04_00_00/c2000ware/driverlib/f
    4678                      .dwattr $C$DW$227, DW_AT_decl_line(0x109)
    4679                      .dwattr $C$DW$227, DW_AT_decl_column(0x05)
    4680              
    4681              $C$DW$228       .dwtag  DW_TAG_enumerator
    4682                      .dwattr $C$DW$228, DW_AT_name("ADC_SOC_NUMBER2")
    4683                      .dwattr $C$DW$228, DW_AT_const_value(0x02)
    4684                      .dwattr $C$DW$228, DW_AT_decl_file("C:/ti/C2000Ware_MotorControl_SDK_5_04_00_00/c2000ware/driverlib/f
    4685                      .dwattr $C$DW$228, DW_AT_decl_line(0x10a)
    4686                      .dwattr $C$DW$228, DW_AT_decl_column(0x05)
    4687              
    4688              $C$DW$229       .dwtag  DW_TAG_enumerator
    4689                      .dwattr $C$DW$229, DW_AT_name("ADC_SOC_NUMBER3")
    4690                      .dwattr $C$DW$229, DW_AT_const_value(0x03)
    4691                      .dwattr $C$DW$229, DW_AT_decl_file("C:/ti/C2000Ware_MotorControl_SDK_5_04_00_00/c2000ware/driverlib/f
    4692                      .dwattr $C$DW$229, DW_AT_decl_line(0x10b)
    4693                      .dwattr $C$DW$229, DW_AT_decl_column(0x05)
    4694              
    4695              $C$DW$230       .dwtag  DW_TAG_enumerator
    4696                      .dwattr $C$DW$230, DW_AT_name("ADC_SOC_NUMBER4")
    4697                      .dwattr $C$DW$230, DW_AT_const_value(0x04)
    4698                      .dwattr $C$DW$230, DW_AT_decl_file("C:/ti/C2000Ware_MotorControl_SDK_5_04_00_00/c2000ware/driverlib/f
    4699                      .dwattr $C$DW$230, DW_AT_decl_line(0x10c)
    4700                      .dwattr $C$DW$230, DW_AT_decl_column(0x05)
    4701              
    4702              $C$DW$231       .dwtag  DW_TAG_enumerator
    4703                      .dwattr $C$DW$231, DW_AT_name("ADC_SOC_NUMBER5")
    4704                      .dwattr $C$DW$231, DW_AT_const_value(0x05)
    4705                      .dwattr $C$DW$231, DW_AT_decl_file("C:/ti/C2000Ware_MotorControl_SDK_5_04_00_00/c2000ware/driverlib/f
    4706                      .dwattr $C$DW$231, DW_AT_decl_line(0x10d)
    4707                      .dwattr $C$DW$231, DW_AT_decl_column(0x05)
    4708              
    4709              $C$DW$232       .dwtag  DW_TAG_enumerator
TMS320C2000 Assembler PC v22.6.2 Fri Jan  2 15:35:19 2026

Copyright (c) 1996-2018 Texas Instruments Incorporated
dual_axis_servo_drive_user_cpu.asm                                   PAGE   98

    4710                      .dwattr $C$DW$232, DW_AT_name("ADC_SOC_NUMBER6")
    4711                      .dwattr $C$DW$232, DW_AT_const_value(0x06)
    4712                      .dwattr $C$DW$232, DW_AT_decl_file("C:/ti/C2000Ware_MotorControl_SDK_5_04_00_00/c2000ware/driverlib/f
    4713                      .dwattr $C$DW$232, DW_AT_decl_line(0x10e)
    4714                      .dwattr $C$DW$232, DW_AT_decl_column(0x05)
    4715              
    4716              $C$DW$233       .dwtag  DW_TAG_enumerator
    4717                      .dwattr $C$DW$233, DW_AT_name("ADC_SOC_NUMBER7")
    4718                      .dwattr $C$DW$233, DW_AT_const_value(0x07)
    4719                      .dwattr $C$DW$233, DW_AT_decl_file("C:/ti/C2000Ware_MotorControl_SDK_5_04_00_00/c2000ware/driverlib/f
    4720                      .dwattr $C$DW$233, DW_AT_decl_line(0x10f)
    4721                      .dwattr $C$DW$233, DW_AT_decl_column(0x05)
    4722              
    4723              $C$DW$234       .dwtag  DW_TAG_enumerator
    4724                      .dwattr $C$DW$234, DW_AT_name("ADC_SOC_NUMBER8")
    4725                      .dwattr $C$DW$234, DW_AT_const_value(0x08)
    4726                      .dwattr $C$DW$234, DW_AT_decl_file("C:/ti/C2000Ware_MotorControl_SDK_5_04_00_00/c2000ware/driverlib/f
    4727                      .dwattr $C$DW$234, DW_AT_decl_line(0x110)
    4728                      .dwattr $C$DW$234, DW_AT_decl_column(0x05)
    4729              
    4730              $C$DW$235       .dwtag  DW_TAG_enumerator
    4731                      .dwattr $C$DW$235, DW_AT_name("ADC_SOC_NUMBER9")
    4732                      .dwattr $C$DW$235, DW_AT_const_value(0x09)
    4733                      .dwattr $C$DW$235, DW_AT_decl_file("C:/ti/C2000Ware_MotorControl_SDK_5_04_00_00/c2000ware/driverlib/f
    4734                      .dwattr $C$DW$235, DW_AT_decl_line(0x111)
    4735                      .dwattr $C$DW$235, DW_AT_decl_column(0x05)
    4736              
    4737              $C$DW$236       .dwtag  DW_TAG_enumerator
    4738                      .dwattr $C$DW$236, DW_AT_name("ADC_SOC_NUMBER10")
    4739                      .dwattr $C$DW$236, DW_AT_const_value(0x0a)
    4740                      .dwattr $C$DW$236, DW_AT_decl_file("C:/ti/C2000Ware_MotorControl_SDK_5_04_00_00/c2000ware/driverlib/f
    4741                      .dwattr $C$DW$236, DW_AT_decl_line(0x112)
    4742                      .dwattr $C$DW$236, DW_AT_decl_column(0x05)
    4743              
    4744              $C$DW$237       .dwtag  DW_TAG_enumerator
    4745                      .dwattr $C$DW$237, DW_AT_name("ADC_SOC_NUMBER11")
    4746                      .dwattr $C$DW$237, DW_AT_const_value(0x0b)
    4747                      .dwattr $C$DW$237, DW_AT_decl_file("C:/ti/C2000Ware_MotorControl_SDK_5_04_00_00/c2000ware/driverlib/f
    4748                      .dwattr $C$DW$237, DW_AT_decl_line(0x113)
    4749                      .dwattr $C$DW$237, DW_AT_decl_column(0x05)
    4750              
    4751              $C$DW$238       .dwtag  DW_TAG_enumerator
    4752                      .dwattr $C$DW$238, DW_AT_name("ADC_SOC_NUMBER12")
    4753                      .dwattr $C$DW$238, DW_AT_const_value(0x0c)
    4754                      .dwattr $C$DW$238, DW_AT_decl_file("C:/ti/C2000Ware_MotorControl_SDK_5_04_00_00/c2000ware/driverlib/f
    4755                      .dwattr $C$DW$238, DW_AT_decl_line(0x114)
    4756                      .dwattr $C$DW$238, DW_AT_decl_column(0x05)
    4757              
    4758              $C$DW$239       .dwtag  DW_TAG_enumerator
    4759                      .dwattr $C$DW$239, DW_AT_name("ADC_SOC_NUMBER13")
    4760                      .dwattr $C$DW$239, DW_AT_const_value(0x0d)
    4761                      .dwattr $C$DW$239, DW_AT_decl_file("C:/ti/C2000Ware_MotorControl_SDK_5_04_00_00/c2000ware/driverlib/f
    4762                      .dwattr $C$DW$239, DW_AT_decl_line(0x115)
    4763                      .dwattr $C$DW$239, DW_AT_decl_column(0x05)
    4764              
TMS320C2000 Assembler PC v22.6.2 Fri Jan  2 15:35:19 2026

Copyright (c) 1996-2018 Texas Instruments Incorporated
dual_axis_servo_drive_user_cpu.asm                                   PAGE   99

    4765              $C$DW$240       .dwtag  DW_TAG_enumerator
    4766                      .dwattr $C$DW$240, DW_AT_name("ADC_SOC_NUMBER14")
    4767                      .dwattr $C$DW$240, DW_AT_const_value(0x0e)
    4768                      .dwattr $C$DW$240, DW_AT_decl_file("C:/ti/C2000Ware_MotorControl_SDK_5_04_00_00/c2000ware/driverlib/f
    4769                      .dwattr $C$DW$240, DW_AT_decl_line(0x116)
    4770                      .dwattr $C$DW$240, DW_AT_decl_column(0x05)
    4771              
    4772              $C$DW$241       .dwtag  DW_TAG_enumerator
    4773                      .dwattr $C$DW$241, DW_AT_name("ADC_SOC_NUMBER15")
    4774                      .dwattr $C$DW$241, DW_AT_const_value(0x0f)
    4775                      .dwattr $C$DW$241, DW_AT_decl_file("C:/ti/C2000Ware_MotorControl_SDK_5_04_00_00/c2000ware/driverlib/f
    4776                      .dwattr $C$DW$241, DW_AT_decl_line(0x117)
    4777                      .dwattr $C$DW$241, DW_AT_decl_column(0x05)
    4778              
    4779                      .dwattr $C$DW$T$120, DW_AT_decl_file("C:/ti/C2000Ware_MotorControl_SDK_5_04_00_00/c2000ware/driverlib
    4780                      .dwattr $C$DW$T$120, DW_AT_decl_line(0x107)
    4781                      .dwattr $C$DW$T$120, DW_AT_decl_column(0x01)
    4782                      .dwendtag $C$DW$T$120
    4783              
    4784                      .dwendtag $C$DW$TU$120
    4785              
    4786              
    4787              $C$DW$TU$121    .dwtag  DW_TAG_type_unit
    4788                      .dwmtype  $C$DW$T$121
    4789              $C$DW$T$121     .dwtag  DW_TAG_typedef
    4790                      .dwattr $C$DW$T$121, DW_AT_name("ADC_SOCNumber")
    4791                      .dwattr $C$DW$T$121, DW_AT_type(*$C$DW$T$120)
    4792                      .dwattr $C$DW$T$121, DW_AT_decl_file("C:/ti/C2000Ware_MotorControl_SDK_5_04_00_00/c2000ware/driverlib
    4793                      .dwattr $C$DW$T$121, DW_AT_decl_line(0x118)
    4794                      .dwattr $C$DW$T$121, DW_AT_decl_column(0x03)
    4795              
    4796                      .dwendtag $C$DW$TU$121
    4797              
    4798              
    4799              $C$DW$TU$19     .dwtag  DW_TAG_type_unit
    4800                      .dwmtype  $C$DW$T$19
    4801              
    4802              $C$DW$T$19      .dwtag  DW_TAG_structure_type
    4803                      .dwattr $C$DW$T$19, DW_AT_byte_size(0x04)
    4804              $C$DW$242       .dwtag  DW_TAG_member
    4805                      .dwattr $C$DW$242, DW_AT_type(*$C$DW$T$12)
    4806                      .dwattr $C$DW$242, DW_AT_name("quot")
    4807                      .dwattr $C$DW$242, DW_AT_accessibility(DW_ACCESS_public)
    4808                      .dwattr $C$DW$242, DW_AT_decl_file("C:/ti/ccs2031/ccs/tools/compiler/ti-cgt-c2000_22.6.2.LTS/include/
    4809                      .dwattr $C$DW$242, DW_AT_decl_line(0x59)
    4810                      .dwattr $C$DW$242, DW_AT_decl_column(0x17)
    4811              
    4812              $C$DW$243       .dwtag  DW_TAG_member
    4813                      .dwattr $C$DW$243, DW_AT_type(*$C$DW$T$12)
    4814                      .dwattr $C$DW$243, DW_AT_name("rem")
    4815                      .dwattr $C$DW$243, DW_AT_data_member_location[DW_OP_plus_uconst 0x2]
    4816                      .dwattr $C$DW$243, DW_AT_accessibility(DW_ACCESS_public)
    4817                      .dwattr $C$DW$243, DW_AT_decl_file("C:/ti/ccs2031/ccs/tools/compiler/ti-cgt-c2000_22.6.2.LTS/include/
    4818                      .dwattr $C$DW$243, DW_AT_decl_line(0x59)
    4819                      .dwattr $C$DW$243, DW_AT_decl_column(0x1d)
TMS320C2000 Assembler PC v22.6.2 Fri Jan  2 15:35:19 2026

Copyright (c) 1996-2018 Texas Instruments Incorporated
dual_axis_servo_drive_user_cpu.asm                                   PAGE  100

    4820              
    4821                      .dwattr $C$DW$T$19, DW_AT_decl_file("C:/ti/ccs2031/ccs/tools/compiler/ti-cgt-c2000_22.6.2.LTS/include
    4822                      .dwattr $C$DW$T$19, DW_AT_decl_line(0x59)
    4823                      .dwattr $C$DW$T$19, DW_AT_decl_column(0x10)
    4824                      .dwendtag $C$DW$T$19
    4825              
    4826                      .dwendtag $C$DW$TU$19
    4827              
    4828              
    4829              $C$DW$TU$123    .dwtag  DW_TAG_type_unit
    4830                      .dwmtype  $C$DW$T$123
    4831              $C$DW$T$123     .dwtag  DW_TAG_typedef
    4832                      .dwattr $C$DW$T$123, DW_AT_name("ldiv_t")
    4833                      .dwattr $C$DW$T$123, DW_AT_type(*$C$DW$T$19)
    4834                      .dwattr $C$DW$T$123, DW_AT_decl_file("C:/ti/ccs2031/ccs/tools/compiler/ti-cgt-c2000_22.6.2.LTS/includ
    4835                      .dwattr $C$DW$T$123, DW_AT_decl_line(0x59)
    4836                      .dwattr $C$DW$T$123, DW_AT_decl_column(0x24)
    4837              
    4838                      .dwendtag $C$DW$TU$123
    4839              
    4840              
    4841              $C$DW$TU$20     .dwtag  DW_TAG_type_unit
    4842                      .dwmtype  $C$DW$T$20
    4843              
    4844              $C$DW$T$20      .dwtag  DW_TAG_structure_type
    4845                      .dwattr $C$DW$T$20, DW_AT_byte_size(0x08)
    4846              $C$DW$244       .dwtag  DW_TAG_member
    4847                      .dwattr $C$DW$244, DW_AT_type(*$C$DW$T$14)
    4848                      .dwattr $C$DW$244, DW_AT_name("quot")
    4849                      .dwattr $C$DW$244, DW_AT_accessibility(DW_ACCESS_public)
    4850                      .dwattr $C$DW$244, DW_AT_decl_file("C:/ti/ccs2031/ccs/tools/compiler/ti-cgt-c2000_22.6.2.LTS/include/
    4851                      .dwattr $C$DW$244, DW_AT_decl_line(0x63)
    4852                      .dwattr $C$DW$244, DW_AT_decl_column(0x1c)
    4853              
    4854              $C$DW$245       .dwtag  DW_TAG_member
    4855                      .dwattr $C$DW$245, DW_AT_type(*$C$DW$T$14)
    4856                      .dwattr $C$DW$245, DW_AT_name("rem")
    4857                      .dwattr $C$DW$245, DW_AT_data_member_location[DW_OP_plus_uconst 0x4]
    4858                      .dwattr $C$DW$245, DW_AT_accessibility(DW_ACCESS_public)
    4859                      .dwattr $C$DW$245, DW_AT_decl_file("C:/ti/ccs2031/ccs/tools/compiler/ti-cgt-c2000_22.6.2.LTS/include/
    4860                      .dwattr $C$DW$245, DW_AT_decl_line(0x63)
    4861                      .dwattr $C$DW$245, DW_AT_decl_column(0x22)
    4862              
    4863                      .dwattr $C$DW$T$20, DW_AT_decl_file("C:/ti/ccs2031/ccs/tools/compiler/ti-cgt-c2000_22.6.2.LTS/include
    4864                      .dwattr $C$DW$T$20, DW_AT_decl_line(0x63)
    4865                      .dwattr $C$DW$T$20, DW_AT_decl_column(0x10)
    4866                      .dwendtag $C$DW$T$20
    4867              
    4868                      .dwendtag $C$DW$TU$20
    4869              
    4870              
    4871              $C$DW$TU$126    .dwtag  DW_TAG_type_unit
    4872                      .dwmtype  $C$DW$T$126
    4873              $C$DW$T$126     .dwtag  DW_TAG_typedef
    4874                      .dwattr $C$DW$T$126, DW_AT_name("lldiv_t")
TMS320C2000 Assembler PC v22.6.2 Fri Jan  2 15:35:19 2026

Copyright (c) 1996-2018 Texas Instruments Incorporated
dual_axis_servo_drive_user_cpu.asm                                   PAGE  101

    4875                      .dwattr $C$DW$T$126, DW_AT_type(*$C$DW$T$20)
    4876                      .dwattr $C$DW$T$126, DW_AT_decl_file("C:/ti/ccs2031/ccs/tools/compiler/ti-cgt-c2000_22.6.2.LTS/includ
    4877                      .dwattr $C$DW$T$126, DW_AT_decl_line(0x63)
    4878                      .dwattr $C$DW$T$126, DW_AT_decl_column(0x29)
    4879              
    4880                      .dwendtag $C$DW$TU$126
    4881              
    4882              
    4883              $C$DW$TU$22     .dwtag  DW_TAG_type_unit
    4884                      .dwmtype  $C$DW$T$22
    4885              
    4886              $C$DW$T$22      .dwtag  DW_TAG_structure_type
    4887                      .dwattr $C$DW$T$22, DW_AT_byte_size(0x0c)
    4888              $C$DW$246       .dwtag  DW_TAG_member
    4889                      .dwattr $C$DW$246, DW_AT_type(*$C$DW$T$21)
    4890                      .dwattr $C$DW$246, DW_AT_name("Freq")
    4891                      .dwattr $C$DW$246, DW_AT_accessibility(DW_ACCESS_public)
    4892                      .dwattr $C$DW$246, DW_AT_decl_file("C:/ti/C2000Ware_MotorControl_SDK_5_04_00_00/libraries/utilities/m
    4893                      .dwattr $C$DW$246, DW_AT_decl_line(0x29)
    4894                      .dwattr $C$DW$246, DW_AT_decl_column(0x1d)
    4895              
    4896              $C$DW$247       .dwtag  DW_TAG_member
    4897                      .dwattr $C$DW$247, DW_AT_type(*$C$DW$T$21)
    4898                      .dwattr $C$DW$247, DW_AT_name("StepAngleMax")
    4899                      .dwattr $C$DW$247, DW_AT_data_member_location[DW_OP_plus_uconst 0x2]
    4900                      .dwattr $C$DW$247, DW_AT_accessibility(DW_ACCESS_public)
    4901                      .dwattr $C$DW$247, DW_AT_decl_file("C:/ti/C2000Ware_MotorControl_SDK_5_04_00_00/libraries/utilities/m
    4902                      .dwattr $C$DW$247, DW_AT_decl_line(0x2a)
    4903                      .dwattr $C$DW$247, DW_AT_decl_column(0x11)
    4904              
    4905              $C$DW$248       .dwtag  DW_TAG_member
    4906                      .dwattr $C$DW$248, DW_AT_type(*$C$DW$T$21)
    4907                      .dwattr $C$DW$248, DW_AT_name("Angle")
    4908                      .dwattr $C$DW$248, DW_AT_data_member_location[DW_OP_plus_uconst 0x4]
    4909                      .dwattr $C$DW$248, DW_AT_accessibility(DW_ACCESS_public)
    4910                      .dwattr $C$DW$248, DW_AT_decl_file("C:/ti/C2000Ware_MotorControl_SDK_5_04_00_00/libraries/utilities/m
    4911                      .dwattr $C$DW$248, DW_AT_decl_line(0x2b)
    4912                      .dwattr $C$DW$248, DW_AT_decl_column(0x11)
    4913              
    4914              $C$DW$249       .dwtag  DW_TAG_member
    4915                      .dwattr $C$DW$249, DW_AT_type(*$C$DW$T$21)
    4916                      .dwattr $C$DW$249, DW_AT_name("Gain")
    4917                      .dwattr $C$DW$249, DW_AT_data_member_location[DW_OP_plus_uconst 0x6]
    4918                      .dwattr $C$DW$249, DW_AT_accessibility(DW_ACCESS_public)
    4919                      .dwattr $C$DW$249, DW_AT_decl_file("C:/ti/C2000Ware_MotorControl_SDK_5_04_00_00/libraries/utilities/m
    4920                      .dwattr $C$DW$249, DW_AT_decl_line(0x2c)
    4921                      .dwattr $C$DW$249, DW_AT_decl_column(0x11)
    4922              
    4923              $C$DW$250       .dwtag  DW_TAG_member
    4924                      .dwattr $C$DW$250, DW_AT_type(*$C$DW$T$21)
    4925                      .dwattr $C$DW$250, DW_AT_name("Out")
    4926                      .dwattr $C$DW$250, DW_AT_data_member_location[DW_OP_plus_uconst 0x8]
    4927                      .dwattr $C$DW$250, DW_AT_accessibility(DW_ACCESS_public)
    4928                      .dwattr $C$DW$250, DW_AT_decl_file("C:/ti/C2000Ware_MotorControl_SDK_5_04_00_00/libraries/utilities/m
    4929                      .dwattr $C$DW$250, DW_AT_decl_line(0x2d)
TMS320C2000 Assembler PC v22.6.2 Fri Jan  2 15:35:19 2026

Copyright (c) 1996-2018 Texas Instruments Incorporated
dual_axis_servo_drive_user_cpu.asm                                   PAGE  102

    4930                      .dwattr $C$DW$250, DW_AT_decl_column(0x11)
    4931              
    4932              $C$DW$251       .dwtag  DW_TAG_member
    4933                      .dwattr $C$DW$251, DW_AT_type(*$C$DW$T$21)
    4934                      .dwattr $C$DW$251, DW_AT_name("Offset")
    4935                      .dwattr $C$DW$251, DW_AT_data_member_location[DW_OP_plus_uconst 0xa]
    4936                      .dwattr $C$DW$251, DW_AT_accessibility(DW_ACCESS_public)
    4937                      .dwattr $C$DW$251, DW_AT_decl_file("C:/ti/C2000Ware_MotorControl_SDK_5_04_00_00/libraries/utilities/m
    4938                      .dwattr $C$DW$251, DW_AT_decl_line(0x2e)
    4939                      .dwattr $C$DW$251, DW_AT_decl_column(0x11)
    4940              
    4941                      .dwattr $C$DW$T$22, DW_AT_decl_file("C:/ti/C2000Ware_MotorControl_SDK_5_04_00_00/libraries/utilities/
    4942                      .dwattr $C$DW$T$22, DW_AT_decl_line(0x29)
    4943                      .dwattr $C$DW$T$22, DW_AT_decl_column(0x10)
    4944                      .dwendtag $C$DW$T$22
    4945              
    4946                      .dwendtag $C$DW$TU$22
    4947              
    4948              
    4949              $C$DW$TU$88     .dwtag  DW_TAG_type_unit
    4950                      .dwmtype  $C$DW$T$88
    4951              $C$DW$T$88      .dwtag  DW_TAG_typedef
    4952                      .dwattr $C$DW$T$88, DW_AT_name("RAMPGEN")
    4953                      .dwattr $C$DW$T$88, DW_AT_type(*$C$DW$T$22)
    4954                      .dwattr $C$DW$T$88, DW_AT_decl_file("C:/ti/C2000Ware_MotorControl_SDK_5_04_00_00/libraries/utilities/
    4955                      .dwattr $C$DW$T$88, DW_AT_decl_line(0x2f)
    4956                      .dwattr $C$DW$T$88, DW_AT_decl_column(0x0d)
    4957              
    4958                      .dwendtag $C$DW$TU$88
    4959              
    4960              
    4961              $C$DW$TU$25     .dwtag  DW_TAG_type_unit
    4962                      .dwmtype  $C$DW$T$25
    4963              
    4964              $C$DW$T$25      .dwtag  DW_TAG_structure_type
    4965                      .dwattr $C$DW$T$25, DW_AT_byte_size(0x10)
    4966              $C$DW$252       .dwtag  DW_TAG_member
    4967                      .dwattr $C$DW$252, DW_AT_type(*$C$DW$T$21)
    4968                      .dwattr $C$DW$252, DW_AT_name("TargetValue")
    4969                      .dwattr $C$DW$252, DW_AT_accessibility(DW_ACCESS_public)
    4970                      .dwattr $C$DW$252, DW_AT_decl_file("C:/ti/C2000Ware_MotorControl_SDK_5_04_00_00/libraries/utilities/m
    4971                      .dwattr $C$DW$252, DW_AT_decl_line(0x2b)
    4972                      .dwattr $C$DW$252, DW_AT_decl_column(0x0f)
    4973              
    4974              $C$DW$253       .dwtag  DW_TAG_member
    4975                      .dwattr $C$DW$253, DW_AT_type(*$C$DW$T$24)
    4976                      .dwattr $C$DW$253, DW_AT_name("RampDelayMax")
    4977                      .dwattr $C$DW$253, DW_AT_data_member_location[DW_OP_plus_uconst 0x2]
    4978                      .dwattr $C$DW$253, DW_AT_accessibility(DW_ACCESS_public)
    4979                      .dwattr $C$DW$253, DW_AT_decl_file("C:/ti/C2000Ware_MotorControl_SDK_5_04_00_00/libraries/utilities/m
    4980                      .dwattr $C$DW$253, DW_AT_decl_line(0x2c)
    4981                      .dwattr $C$DW$253, DW_AT_decl_column(0x0f)
    4982              
    4983              $C$DW$254       .dwtag  DW_TAG_member
    4984                      .dwattr $C$DW$254, DW_AT_type(*$C$DW$T$21)
TMS320C2000 Assembler PC v22.6.2 Fri Jan  2 15:35:19 2026

Copyright (c) 1996-2018 Texas Instruments Incorporated
dual_axis_servo_drive_user_cpu.asm                                   PAGE  103

    4985                      .dwattr $C$DW$254, DW_AT_name("RampLowLimit")
    4986                      .dwattr $C$DW$254, DW_AT_data_member_location[DW_OP_plus_uconst 0x4]
    4987                      .dwattr $C$DW$254, DW_AT_accessibility(DW_ACCESS_public)
    4988                      .dwattr $C$DW$254, DW_AT_decl_file("C:/ti/C2000Ware_MotorControl_SDK_5_04_00_00/libraries/utilities/m
    4989                      .dwattr $C$DW$254, DW_AT_decl_line(0x2d)
    4990                      .dwattr $C$DW$254, DW_AT_decl_column(0x0f)
    4991              
    4992              $C$DW$255       .dwtag  DW_TAG_member
    4993                      .dwattr $C$DW$255, DW_AT_type(*$C$DW$T$21)
    4994                      .dwattr $C$DW$255, DW_AT_name("RampHighLimit")
    4995                      .dwattr $C$DW$255, DW_AT_data_member_location[DW_OP_plus_uconst 0x6]
    4996                      .dwattr $C$DW$255, DW_AT_accessibility(DW_ACCESS_public)
    4997                      .dwattr $C$DW$255, DW_AT_decl_file("C:/ti/C2000Ware_MotorControl_SDK_5_04_00_00/libraries/utilities/m
    4998                      .dwattr $C$DW$255, DW_AT_decl_line(0x2e)
    4999                      .dwattr $C$DW$255, DW_AT_decl_column(0x0f)
    5000              
    5001              $C$DW$256       .dwtag  DW_TAG_member
    5002                      .dwattr $C$DW$256, DW_AT_type(*$C$DW$T$24)
    5003                      .dwattr $C$DW$256, DW_AT_name("RampDelayCount")
    5004                      .dwattr $C$DW$256, DW_AT_data_member_location[DW_OP_plus_uconst 0x8]
    5005                      .dwattr $C$DW$256, DW_AT_accessibility(DW_ACCESS_public)
    5006                      .dwattr $C$DW$256, DW_AT_decl_file("C:/ti/C2000Ware_MotorControl_SDK_5_04_00_00/libraries/utilities/m
    5007                      .dwattr $C$DW$256, DW_AT_decl_line(0x2f)
    5008                      .dwattr $C$DW$256, DW_AT_decl_column(0x0c)
    5009              
    5010              $C$DW$257       .dwtag  DW_TAG_member
    5011                      .dwattr $C$DW$257, DW_AT_type(*$C$DW$T$21)
    5012                      .dwattr $C$DW$257, DW_AT_name("SetpointValue")
    5013                      .dwattr $C$DW$257, DW_AT_data_member_location[DW_OP_plus_uconst 0xa]
    5014                      .dwattr $C$DW$257, DW_AT_accessibility(DW_ACCESS_public)
    5015                      .dwattr $C$DW$257, DW_AT_decl_file("C:/ti/C2000Ware_MotorControl_SDK_5_04_00_00/libraries/utilities/m
    5016                      .dwattr $C$DW$257, DW_AT_decl_line(0x30)
    5017                      .dwattr $C$DW$257, DW_AT_decl_column(0x0c)
    5018              
    5019              $C$DW$258       .dwtag  DW_TAG_member
    5020                      .dwattr $C$DW$258, DW_AT_type(*$C$DW$T$24)
    5021                      .dwattr $C$DW$258, DW_AT_name("EqualFlag")
    5022                      .dwattr $C$DW$258, DW_AT_data_member_location[DW_OP_plus_uconst 0xc]
    5023                      .dwattr $C$DW$258, DW_AT_accessibility(DW_ACCESS_public)
    5024                      .dwattr $C$DW$258, DW_AT_decl_file("C:/ti/C2000Ware_MotorControl_SDK_5_04_00_00/libraries/utilities/m
    5025                      .dwattr $C$DW$258, DW_AT_decl_line(0x31)
    5026                      .dwattr $C$DW$258, DW_AT_decl_column(0x0c)
    5027              
    5028              $C$DW$259       .dwtag  DW_TAG_member
    5029                      .dwattr $C$DW$259, DW_AT_type(*$C$DW$T$21)
    5030                      .dwattr $C$DW$259, DW_AT_name("Tmp")
    5031                      .dwattr $C$DW$259, DW_AT_data_member_location[DW_OP_plus_uconst 0xe]
    5032                      .dwattr $C$DW$259, DW_AT_accessibility(DW_ACCESS_public)
    5033                      .dwattr $C$DW$259, DW_AT_decl_file("C:/ti/C2000Ware_MotorControl_SDK_5_04_00_00/libraries/utilities/m
    5034                      .dwattr $C$DW$259, DW_AT_decl_line(0x32)
    5035                      .dwattr $C$DW$259, DW_AT_decl_column(0x0c)
    5036              
    5037                      .dwattr $C$DW$T$25, DW_AT_decl_file("C:/ti/C2000Ware_MotorControl_SDK_5_04_00_00/libraries/utilities/
    5038                      .dwattr $C$DW$T$25, DW_AT_decl_line(0x2a)
    5039                      .dwattr $C$DW$T$25, DW_AT_decl_column(0x10)
TMS320C2000 Assembler PC v22.6.2 Fri Jan  2 15:35:19 2026

Copyright (c) 1996-2018 Texas Instruments Incorporated
dual_axis_servo_drive_user_cpu.asm                                   PAGE  104

    5040                      .dwendtag $C$DW$T$25
    5041              
    5042                      .dwendtag $C$DW$TU$25
    5043              
    5044              
    5045              $C$DW$TU$89     .dwtag  DW_TAG_type_unit
    5046                      .dwmtype  $C$DW$T$89
    5047              $C$DW$T$89      .dwtag  DW_TAG_typedef
    5048                      .dwattr $C$DW$T$89, DW_AT_name("RMPCNTL")
    5049                      .dwattr $C$DW$T$89, DW_AT_type(*$C$DW$T$25)
    5050                      .dwattr $C$DW$T$89, DW_AT_decl_file("C:/ti/C2000Ware_MotorControl_SDK_5_04_00_00/libraries/utilities/
    5051                      .dwattr $C$DW$T$89, DW_AT_decl_line(0x33)
    5052                      .dwattr $C$DW$T$89, DW_AT_decl_column(0x03)
    5053              
    5054                      .dwendtag $C$DW$TU$89
    5055              
    5056              
    5057              $C$DW$TU$26     .dwtag  DW_TAG_type_unit
    5058                      .dwmtype  $C$DW$T$26
    5059              
    5060              $C$DW$T$26      .dwtag  DW_TAG_structure_type
    5061                      .dwattr $C$DW$T$26, DW_AT_byte_size(0x0a)
    5062              $C$DW$260       .dwtag  DW_TAG_member
    5063                      .dwattr $C$DW$260, DW_AT_type(*$C$DW$T$21)
    5064                      .dwattr $C$DW$260, DW_AT_name("As")
    5065                      .dwattr $C$DW$260, DW_AT_accessibility(DW_ACCESS_public)
    5066                      .dwattr $C$DW$260, DW_AT_decl_file("C:/ti/C2000Ware_MotorControl_SDK_5_04_00_00/libraries/utilities/m
    5067                      .dwattr $C$DW$260, DW_AT_decl_line(0x2a)
    5068                      .dwattr $C$DW$260, DW_AT_decl_column(0x1e)
    5069              
    5070              $C$DW$261       .dwtag  DW_TAG_member
    5071                      .dwattr $C$DW$261, DW_AT_type(*$C$DW$T$21)
    5072                      .dwattr $C$DW$261, DW_AT_name("Bs")
    5073                      .dwattr $C$DW$261, DW_AT_data_member_location[DW_OP_plus_uconst 0x2]
    5074                      .dwattr $C$DW$261, DW_AT_accessibility(DW_ACCESS_public)
    5075                      .dwattr $C$DW$261, DW_AT_decl_file("C:/ti/C2000Ware_MotorControl_SDK_5_04_00_00/libraries/utilities/m
    5076                      .dwattr $C$DW$261, DW_AT_decl_line(0x2b)
    5077                      .dwattr $C$DW$261, DW_AT_decl_column(0x12)
    5078              
    5079              $C$DW$262       .dwtag  DW_TAG_member
    5080                      .dwattr $C$DW$262, DW_AT_type(*$C$DW$T$21)
    5081                      .dwattr $C$DW$262, DW_AT_name("Cs")
    5082                      .dwattr $C$DW$262, DW_AT_data_member_location[DW_OP_plus_uconst 0x4]
    5083                      .dwattr $C$DW$262, DW_AT_accessibility(DW_ACCESS_public)
    5084                      .dwattr $C$DW$262, DW_AT_decl_file("C:/ti/C2000Ware_MotorControl_SDK_5_04_00_00/libraries/utilities/m
    5085                      .dwattr $C$DW$262, DW_AT_decl_line(0x2c)
    5086                      .dwattr $C$DW$262, DW_AT_decl_column(0x12)
    5087              
    5088              $C$DW$263       .dwtag  DW_TAG_member
    5089                      .dwattr $C$DW$263, DW_AT_type(*$C$DW$T$21)
    5090                      .dwattr $C$DW$263, DW_AT_name("Alpha")
    5091                      .dwattr $C$DW$263, DW_AT_data_member_location[DW_OP_plus_uconst 0x6]
    5092                      .dwattr $C$DW$263, DW_AT_accessibility(DW_ACCESS_public)
    5093                      .dwattr $C$DW$263, DW_AT_decl_file("C:/ti/C2000Ware_MotorControl_SDK_5_04_00_00/libraries/utilities/m
    5094                      .dwattr $C$DW$263, DW_AT_decl_line(0x2d)
TMS320C2000 Assembler PC v22.6.2 Fri Jan  2 15:35:19 2026

Copyright (c) 1996-2018 Texas Instruments Incorporated
dual_axis_servo_drive_user_cpu.asm                                   PAGE  105

    5095                      .dwattr $C$DW$263, DW_AT_decl_column(0x12)
    5096              
    5097              $C$DW$264       .dwtag  DW_TAG_member
    5098                      .dwattr $C$DW$264, DW_AT_type(*$C$DW$T$21)
    5099                      .dwattr $C$DW$264, DW_AT_name("Beta")
    5100                      .dwattr $C$DW$264, DW_AT_data_member_location[DW_OP_plus_uconst 0x8]
    5101                      .dwattr $C$DW$264, DW_AT_accessibility(DW_ACCESS_public)
    5102                      .dwattr $C$DW$264, DW_AT_decl_file("C:/ti/C2000Ware_MotorControl_SDK_5_04_00_00/libraries/utilities/m
    5103                      .dwattr $C$DW$264, DW_AT_decl_line(0x2e)
    5104                      .dwattr $C$DW$264, DW_AT_decl_column(0x12)
    5105              
    5106                      .dwattr $C$DW$T$26, DW_AT_decl_file("C:/ti/C2000Ware_MotorControl_SDK_5_04_00_00/libraries/utilities/
    5107                      .dwattr $C$DW$T$26, DW_AT_decl_line(0x2a)
    5108                      .dwattr $C$DW$T$26, DW_AT_decl_column(0x10)
    5109                      .dwendtag $C$DW$T$26
    5110              
    5111                      .dwendtag $C$DW$TU$26
    5112              
    5113              
    5114              $C$DW$TU$90     .dwtag  DW_TAG_type_unit
    5115                      .dwmtype  $C$DW$T$90
    5116              $C$DW$T$90      .dwtag  DW_TAG_typedef
    5117                      .dwattr $C$DW$T$90, DW_AT_name("CLARKE")
    5118                      .dwattr $C$DW$T$90, DW_AT_type(*$C$DW$T$26)
    5119                      .dwattr $C$DW$T$90, DW_AT_decl_file("C:/ti/C2000Ware_MotorControl_SDK_5_04_00_00/libraries/utilities/
    5120                      .dwattr $C$DW$T$90, DW_AT_decl_line(0x2f)
    5121                      .dwattr $C$DW$T$90, DW_AT_decl_column(0x09)
    5122              
    5123                      .dwendtag $C$DW$TU$90
    5124              
    5125              
    5126              $C$DW$TU$27     .dwtag  DW_TAG_type_unit
    5127                      .dwmtype  $C$DW$T$27
    5128              
    5129              $C$DW$T$27      .dwtag  DW_TAG_structure_type
    5130                      .dwattr $C$DW$T$27, DW_AT_byte_size(0x0e)
    5131              $C$DW$265       .dwtag  DW_TAG_member
    5132                      .dwattr $C$DW$265, DW_AT_type(*$C$DW$T$21)
    5133                      .dwattr $C$DW$265, DW_AT_name("Alpha")
    5134                      .dwattr $C$DW$265, DW_AT_accessibility(DW_ACCESS_public)
    5135                      .dwattr $C$DW$265, DW_AT_decl_file("C:/ti/C2000Ware_MotorControl_SDK_5_04_00_00/libraries/utilities/m
    5136                      .dwattr $C$DW$265, DW_AT_decl_line(0x29)
    5137                      .dwattr $C$DW$265, DW_AT_decl_column(0x1e)
    5138              
    5139              $C$DW$266       .dwtag  DW_TAG_member
    5140                      .dwattr $C$DW$266, DW_AT_type(*$C$DW$T$21)
    5141                      .dwattr $C$DW$266, DW_AT_name("Beta")
    5142                      .dwattr $C$DW$266, DW_AT_data_member_location[DW_OP_plus_uconst 0x2]
    5143                      .dwattr $C$DW$266, DW_AT_accessibility(DW_ACCESS_public)
    5144                      .dwattr $C$DW$266, DW_AT_decl_file("C:/ti/C2000Ware_MotorControl_SDK_5_04_00_00/libraries/utilities/m
    5145                      .dwattr $C$DW$266, DW_AT_decl_line(0x2a)
    5146                      .dwattr $C$DW$266, DW_AT_decl_column(0x12)
    5147              
    5148              $C$DW$267       .dwtag  DW_TAG_member
    5149                      .dwattr $C$DW$267, DW_AT_type(*$C$DW$T$21)
TMS320C2000 Assembler PC v22.6.2 Fri Jan  2 15:35:19 2026

Copyright (c) 1996-2018 Texas Instruments Incorporated
dual_axis_servo_drive_user_cpu.asm                                   PAGE  106

    5150                      .dwattr $C$DW$267, DW_AT_name("Angle")
    5151                      .dwattr $C$DW$267, DW_AT_data_member_location[DW_OP_plus_uconst 0x4]
    5152                      .dwattr $C$DW$267, DW_AT_accessibility(DW_ACCESS_public)
    5153                      .dwattr $C$DW$267, DW_AT_decl_file("C:/ti/C2000Ware_MotorControl_SDK_5_04_00_00/libraries/utilities/m
    5154                      .dwattr $C$DW$267, DW_AT_decl_line(0x2b)
    5155                      .dwattr $C$DW$267, DW_AT_decl_column(0x12)
    5156              
    5157              $C$DW$268       .dwtag  DW_TAG_member
    5158                      .dwattr $C$DW$268, DW_AT_type(*$C$DW$T$21)
    5159                      .dwattr $C$DW$268, DW_AT_name("Ds")
    5160                      .dwattr $C$DW$268, DW_AT_data_member_location[DW_OP_plus_uconst 0x6]
    5161                      .dwattr $C$DW$268, DW_AT_accessibility(DW_ACCESS_public)
    5162                      .dwattr $C$DW$268, DW_AT_decl_file("C:/ti/C2000Ware_MotorControl_SDK_5_04_00_00/libraries/utilities/m
    5163                      .dwattr $C$DW$268, DW_AT_decl_line(0x2c)
    5164                      .dwattr $C$DW$268, DW_AT_decl_column(0x12)
    5165              
    5166              $C$DW$269       .dwtag  DW_TAG_member
    5167                      .dwattr $C$DW$269, DW_AT_type(*$C$DW$T$21)
    5168                      .dwattr $C$DW$269, DW_AT_name("Qs")
    5169                      .dwattr $C$DW$269, DW_AT_data_member_location[DW_OP_plus_uconst 0x8]
    5170                      .dwattr $C$DW$269, DW_AT_accessibility(DW_ACCESS_public)
    5171                      .dwattr $C$DW$269, DW_AT_decl_file("C:/ti/C2000Ware_MotorControl_SDK_5_04_00_00/libraries/utilities/m
    5172                      .dwattr $C$DW$269, DW_AT_decl_line(0x2d)
    5173                      .dwattr $C$DW$269, DW_AT_decl_column(0x12)
    5174              
    5175              $C$DW$270       .dwtag  DW_TAG_member
    5176                      .dwattr $C$DW$270, DW_AT_type(*$C$DW$T$21)
    5177                      .dwattr $C$DW$270, DW_AT_name("Sine")
    5178                      .dwattr $C$DW$270, DW_AT_data_member_location[DW_OP_plus_uconst 0xa]
    5179                      .dwattr $C$DW$270, DW_AT_accessibility(DW_ACCESS_public)
    5180                      .dwattr $C$DW$270, DW_AT_decl_file("C:/ti/C2000Ware_MotorControl_SDK_5_04_00_00/libraries/utilities/m
    5181                      .dwattr $C$DW$270, DW_AT_decl_line(0x2e)
    5182                      .dwattr $C$DW$270, DW_AT_decl_column(0x12)
    5183              
    5184              $C$DW$271       .dwtag  DW_TAG_member
    5185                      .dwattr $C$DW$271, DW_AT_type(*$C$DW$T$21)
    5186                      .dwattr $C$DW$271, DW_AT_name("Cosine")
    5187                      .dwattr $C$DW$271, DW_AT_data_member_location[DW_OP_plus_uconst 0xc]
    5188                      .dwattr $C$DW$271, DW_AT_accessibility(DW_ACCESS_public)
    5189                      .dwattr $C$DW$271, DW_AT_decl_file("C:/ti/C2000Ware_MotorControl_SDK_5_04_00_00/libraries/utilities/m
    5190                      .dwattr $C$DW$271, DW_AT_decl_line(0x2f)
    5191                      .dwattr $C$DW$271, DW_AT_decl_column(0x12)
    5192              
    5193                      .dwattr $C$DW$T$27, DW_AT_decl_file("C:/ti/C2000Ware_MotorControl_SDK_5_04_00_00/libraries/utilities/
    5194                      .dwattr $C$DW$T$27, DW_AT_decl_line(0x29)
    5195                      .dwattr $C$DW$T$27, DW_AT_decl_column(0x10)
    5196                      .dwendtag $C$DW$T$27
    5197              
    5198                      .dwendtag $C$DW$TU$27
    5199              
    5200              
    5201              $C$DW$TU$91     .dwtag  DW_TAG_type_unit
    5202                      .dwmtype  $C$DW$T$91
    5203              $C$DW$T$91      .dwtag  DW_TAG_typedef
    5204                      .dwattr $C$DW$T$91, DW_AT_name("PARK")
TMS320C2000 Assembler PC v22.6.2 Fri Jan  2 15:35:19 2026

Copyright (c) 1996-2018 Texas Instruments Incorporated
dual_axis_servo_drive_user_cpu.asm                                   PAGE  107

    5205                      .dwattr $C$DW$T$91, DW_AT_type(*$C$DW$T$27)
    5206                      .dwattr $C$DW$T$91, DW_AT_decl_file("C:/ti/C2000Ware_MotorControl_SDK_5_04_00_00/libraries/utilities/
    5207                      .dwattr $C$DW$T$91, DW_AT_decl_line(0x30)
    5208                      .dwattr $C$DW$T$91, DW_AT_decl_column(0x09)
    5209              
    5210                      .dwendtag $C$DW$TU$91
    5211              
    5212              
    5213              $C$DW$TU$28     .dwtag  DW_TAG_type_unit
    5214                      .dwmtype  $C$DW$T$28
    5215              
    5216              $C$DW$T$28      .dwtag  DW_TAG_structure_type
    5217                      .dwattr $C$DW$T$28, DW_AT_byte_size(0x0e)
    5218              $C$DW$272       .dwtag  DW_TAG_member
    5219                      .dwattr $C$DW$272, DW_AT_type(*$C$DW$T$21)
    5220                      .dwattr $C$DW$272, DW_AT_name("Alpha")
    5221                      .dwattr $C$DW$272, DW_AT_accessibility(DW_ACCESS_public)
    5222                      .dwattr $C$DW$272, DW_AT_decl_file("C:/ti/C2000Ware_MotorControl_SDK_5_04_00_00/libraries/utilities/m
    5223                      .dwattr $C$DW$272, DW_AT_decl_line(0x29)
    5224                      .dwattr $C$DW$272, DW_AT_decl_column(0x1e)
    5225              
    5226              $C$DW$273       .dwtag  DW_TAG_member
    5227                      .dwattr $C$DW$273, DW_AT_type(*$C$DW$T$21)
    5228                      .dwattr $C$DW$273, DW_AT_name("Beta")
    5229                      .dwattr $C$DW$273, DW_AT_data_member_location[DW_OP_plus_uconst 0x2]
    5230                      .dwattr $C$DW$273, DW_AT_accessibility(DW_ACCESS_public)
    5231                      .dwattr $C$DW$273, DW_AT_decl_file("C:/ti/C2000Ware_MotorControl_SDK_5_04_00_00/libraries/utilities/m
    5232                      .dwattr $C$DW$273, DW_AT_decl_line(0x2a)
    5233                      .dwattr $C$DW$273, DW_AT_decl_column(0x12)
    5234              
    5235              $C$DW$274       .dwtag  DW_TAG_member
    5236                      .dwattr $C$DW$274, DW_AT_type(*$C$DW$T$21)
    5237                      .dwattr $C$DW$274, DW_AT_name("Angle")
    5238                      .dwattr $C$DW$274, DW_AT_data_member_location[DW_OP_plus_uconst 0x4]
    5239                      .dwattr $C$DW$274, DW_AT_accessibility(DW_ACCESS_public)
    5240                      .dwattr $C$DW$274, DW_AT_decl_file("C:/ti/C2000Ware_MotorControl_SDK_5_04_00_00/libraries/utilities/m
    5241                      .dwattr $C$DW$274, DW_AT_decl_line(0x2b)
    5242                      .dwattr $C$DW$274, DW_AT_decl_column(0x12)
    5243              
    5244              $C$DW$275       .dwtag  DW_TAG_member
    5245                      .dwattr $C$DW$275, DW_AT_type(*$C$DW$T$21)
    5246                      .dwattr $C$DW$275, DW_AT_name("Ds")
    5247                      .dwattr $C$DW$275, DW_AT_data_member_location[DW_OP_plus_uconst 0x6]
    5248                      .dwattr $C$DW$275, DW_AT_accessibility(DW_ACCESS_public)
    5249                      .dwattr $C$DW$275, DW_AT_decl_file("C:/ti/C2000Ware_MotorControl_SDK_5_04_00_00/libraries/utilities/m
    5250                      .dwattr $C$DW$275, DW_AT_decl_line(0x2c)
    5251                      .dwattr $C$DW$275, DW_AT_decl_column(0x12)
    5252              
    5253              $C$DW$276       .dwtag  DW_TAG_member
    5254                      .dwattr $C$DW$276, DW_AT_type(*$C$DW$T$21)
    5255                      .dwattr $C$DW$276, DW_AT_name("Qs")
    5256                      .dwattr $C$DW$276, DW_AT_data_member_location[DW_OP_plus_uconst 0x8]
    5257                      .dwattr $C$DW$276, DW_AT_accessibility(DW_ACCESS_public)
    5258                      .dwattr $C$DW$276, DW_AT_decl_file("C:/ti/C2000Ware_MotorControl_SDK_5_04_00_00/libraries/utilities/m
    5259                      .dwattr $C$DW$276, DW_AT_decl_line(0x2d)
TMS320C2000 Assembler PC v22.6.2 Fri Jan  2 15:35:19 2026

Copyright (c) 1996-2018 Texas Instruments Incorporated
dual_axis_servo_drive_user_cpu.asm                                   PAGE  108

    5260                      .dwattr $C$DW$276, DW_AT_decl_column(0x12)
    5261              
    5262              $C$DW$277       .dwtag  DW_TAG_member
    5263                      .dwattr $C$DW$277, DW_AT_type(*$C$DW$T$21)
    5264                      .dwattr $C$DW$277, DW_AT_name("Sine")
    5265                      .dwattr $C$DW$277, DW_AT_data_member_location[DW_OP_plus_uconst 0xa]
    5266                      .dwattr $C$DW$277, DW_AT_accessibility(DW_ACCESS_public)
    5267                      .dwattr $C$DW$277, DW_AT_decl_file("C:/ti/C2000Ware_MotorControl_SDK_5_04_00_00/libraries/utilities/m
    5268                      .dwattr $C$DW$277, DW_AT_decl_line(0x2e)
    5269                      .dwattr $C$DW$277, DW_AT_decl_column(0x12)
    5270              
    5271              $C$DW$278       .dwtag  DW_TAG_member
    5272                      .dwattr $C$DW$278, DW_AT_type(*$C$DW$T$21)
    5273                      .dwattr $C$DW$278, DW_AT_name("Cosine")
    5274                      .dwattr $C$DW$278, DW_AT_data_member_location[DW_OP_plus_uconst 0xc]
    5275                      .dwattr $C$DW$278, DW_AT_accessibility(DW_ACCESS_public)
    5276                      .dwattr $C$DW$278, DW_AT_decl_file("C:/ti/C2000Ware_MotorControl_SDK_5_04_00_00/libraries/utilities/m
    5277                      .dwattr $C$DW$278, DW_AT_decl_line(0x2f)
    5278                      .dwattr $C$DW$278, DW_AT_decl_column(0x12)
    5279              
    5280                      .dwattr $C$DW$T$28, DW_AT_decl_file("C:/ti/C2000Ware_MotorControl_SDK_5_04_00_00/libraries/utilities/
    5281                      .dwattr $C$DW$T$28, DW_AT_decl_line(0x29)
    5282                      .dwattr $C$DW$T$28, DW_AT_decl_column(0x10)
    5283                      .dwendtag $C$DW$T$28
    5284              
    5285                      .dwendtag $C$DW$TU$28
    5286              
    5287              
    5288              $C$DW$TU$92     .dwtag  DW_TAG_type_unit
    5289                      .dwmtype  $C$DW$T$92
    5290              $C$DW$T$92      .dwtag  DW_TAG_typedef
    5291                      .dwattr $C$DW$T$92, DW_AT_name("IPARK")
    5292                      .dwattr $C$DW$T$92, DW_AT_type(*$C$DW$T$28)
    5293                      .dwattr $C$DW$T$92, DW_AT_decl_file("C:/ti/C2000Ware_MotorControl_SDK_5_04_00_00/libraries/utilities/
    5294                      .dwattr $C$DW$T$92, DW_AT_decl_line(0x30)
    5295                      .dwattr $C$DW$T$92, DW_AT_decl_column(0x0b)
    5296              
    5297                      .dwendtag $C$DW$TU$92
    5298              
    5299              
    5300              $C$DW$TU$31     .dwtag  DW_TAG_type_unit
    5301                      .dwmtype  $C$DW$T$31
    5302              
    5303              $C$DW$T$31      .dwtag  DW_TAG_structure_type
    5304                      .dwattr $C$DW$T$31, DW_AT_byte_size(0x12)
    5305              $C$DW$279       .dwtag  DW_TAG_member
    5306                      .dwattr $C$DW$279, DW_AT_type(*$C$DW$T$21)
    5307                      .dwattr $C$DW$279, DW_AT_name("Ualpha")
    5308                      .dwattr $C$DW$279, DW_AT_accessibility(DW_ACCESS_public)
    5309                      .dwattr $C$DW$279, DW_AT_decl_file("C:/ti/C2000Ware_MotorControl_SDK_5_04_00_00/libraries/utilities/m
    5310                      .dwattr $C$DW$279, DW_AT_decl_line(0x2b)
    5311                      .dwattr $C$DW$279, DW_AT_decl_column(0x10)
    5312              
    5313              $C$DW$280       .dwtag  DW_TAG_member
    5314                      .dwattr $C$DW$280, DW_AT_type(*$C$DW$T$21)
TMS320C2000 Assembler PC v22.6.2 Fri Jan  2 15:35:19 2026

Copyright (c) 1996-2018 Texas Instruments Incorporated
dual_axis_servo_drive_user_cpu.asm                                   PAGE  109

    5315                      .dwattr $C$DW$280, DW_AT_name("Ubeta")
    5316                      .dwattr $C$DW$280, DW_AT_data_member_location[DW_OP_plus_uconst 0x2]
    5317                      .dwattr $C$DW$280, DW_AT_accessibility(DW_ACCESS_public)
    5318                      .dwattr $C$DW$280, DW_AT_decl_file("C:/ti/C2000Ware_MotorControl_SDK_5_04_00_00/libraries/utilities/m
    5319                      .dwattr $C$DW$280, DW_AT_decl_line(0x2c)
    5320                      .dwattr $C$DW$280, DW_AT_decl_column(0x10)
    5321              
    5322              $C$DW$281       .dwtag  DW_TAG_member
    5323                      .dwattr $C$DW$281, DW_AT_type(*$C$DW$T$21)
    5324                      .dwattr $C$DW$281, DW_AT_name("Ta")
    5325                      .dwattr $C$DW$281, DW_AT_data_member_location[DW_OP_plus_uconst 0x4]
    5326                      .dwattr $C$DW$281, DW_AT_accessibility(DW_ACCESS_public)
    5327                      .dwattr $C$DW$281, DW_AT_decl_file("C:/ti/C2000Ware_MotorControl_SDK_5_04_00_00/libraries/utilities/m
    5328                      .dwattr $C$DW$281, DW_AT_decl_line(0x2d)
    5329                      .dwattr $C$DW$281, DW_AT_decl_column(0x10)
    5330              
    5331              $C$DW$282       .dwtag  DW_TAG_member
    5332                      .dwattr $C$DW$282, DW_AT_type(*$C$DW$T$21)
    5333                      .dwattr $C$DW$282, DW_AT_name("Tb")
    5334                      .dwattr $C$DW$282, DW_AT_data_member_location[DW_OP_plus_uconst 0x6]
    5335                      .dwattr $C$DW$282, DW_AT_accessibility(DW_ACCESS_public)
    5336                      .dwattr $C$DW$282, DW_AT_decl_file("C:/ti/C2000Ware_MotorControl_SDK_5_04_00_00/libraries/utilities/m
    5337                      .dwattr $C$DW$282, DW_AT_decl_line(0x2e)
    5338                      .dwattr $C$DW$282, DW_AT_decl_column(0x10)
    5339              
    5340              $C$DW$283       .dwtag  DW_TAG_member
    5341                      .dwattr $C$DW$283, DW_AT_type(*$C$DW$T$21)
    5342                      .dwattr $C$DW$283, DW_AT_name("Tc")
    5343                      .dwattr $C$DW$283, DW_AT_data_member_location[DW_OP_plus_uconst 0x8]
    5344                      .dwattr $C$DW$283, DW_AT_accessibility(DW_ACCESS_public)
    5345                      .dwattr $C$DW$283, DW_AT_decl_file("C:/ti/C2000Ware_MotorControl_SDK_5_04_00_00/libraries/utilities/m
    5346                      .dwattr $C$DW$283, DW_AT_decl_line(0x2f)
    5347                      .dwattr $C$DW$283, DW_AT_decl_column(0x10)
    5348              
    5349              $C$DW$284       .dwtag  DW_TAG_member
    5350                      .dwattr $C$DW$284, DW_AT_type(*$C$DW$T$21)
    5351                      .dwattr $C$DW$284, DW_AT_name("tmp1")
    5352                      .dwattr $C$DW$284, DW_AT_data_member_location[DW_OP_plus_uconst 0xa]
    5353                      .dwattr $C$DW$284, DW_AT_accessibility(DW_ACCESS_public)
    5354                      .dwattr $C$DW$284, DW_AT_decl_file("C:/ti/C2000Ware_MotorControl_SDK_5_04_00_00/libraries/utilities/m
    5355                      .dwattr $C$DW$284, DW_AT_decl_line(0x30)
    5356                      .dwattr $C$DW$284, DW_AT_decl_column(0x10)
    5357              
    5358              $C$DW$285       .dwtag  DW_TAG_member
    5359                      .dwattr $C$DW$285, DW_AT_type(*$C$DW$T$21)
    5360                      .dwattr $C$DW$285, DW_AT_name("tmp2")
    5361                      .dwattr $C$DW$285, DW_AT_data_member_location[DW_OP_plus_uconst 0xc]
    5362                      .dwattr $C$DW$285, DW_AT_accessibility(DW_ACCESS_public)
    5363                      .dwattr $C$DW$285, DW_AT_decl_file("C:/ti/C2000Ware_MotorControl_SDK_5_04_00_00/libraries/utilities/m
    5364                      .dwattr $C$DW$285, DW_AT_decl_line(0x31)
    5365                      .dwattr $C$DW$285, DW_AT_decl_column(0x10)
    5366              
    5367              $C$DW$286       .dwtag  DW_TAG_member
    5368                      .dwattr $C$DW$286, DW_AT_type(*$C$DW$T$21)
    5369                      .dwattr $C$DW$286, DW_AT_name("tmp3")
TMS320C2000 Assembler PC v22.6.2 Fri Jan  2 15:35:19 2026

Copyright (c) 1996-2018 Texas Instruments Incorporated
dual_axis_servo_drive_user_cpu.asm                                   PAGE  110

    5370                      .dwattr $C$DW$286, DW_AT_data_member_location[DW_OP_plus_uconst 0xe]
    5371                      .dwattr $C$DW$286, DW_AT_accessibility(DW_ACCESS_public)
    5372                      .dwattr $C$DW$286, DW_AT_decl_file("C:/ti/C2000Ware_MotorControl_SDK_5_04_00_00/libraries/utilities/m
    5373                      .dwattr $C$DW$286, DW_AT_decl_line(0x32)
    5374                      .dwattr $C$DW$286, DW_AT_decl_column(0x10)
    5375              
    5376              $C$DW$287       .dwtag  DW_TAG_member
    5377                      .dwattr $C$DW$287, DW_AT_type(*$C$DW$T$30)
    5378                      .dwattr $C$DW$287, DW_AT_name("VecSector")
    5379                      .dwattr $C$DW$287, DW_AT_data_member_location[DW_OP_plus_uconst 0x10]
    5380                      .dwattr $C$DW$287, DW_AT_accessibility(DW_ACCESS_public)
    5381                      .dwattr $C$DW$287, DW_AT_decl_file("C:/ti/C2000Ware_MotorControl_SDK_5_04_00_00/libraries/utilities/m
    5382                      .dwattr $C$DW$287, DW_AT_decl_line(0x33)
    5383                      .dwattr $C$DW$287, DW_AT_decl_column(0x0b)
    5384              
    5385                      .dwattr $C$DW$T$31, DW_AT_decl_file("C:/ti/C2000Ware_MotorControl_SDK_5_04_00_00/libraries/utilities/
    5386                      .dwattr $C$DW$T$31, DW_AT_decl_line(0x2a)
    5387                      .dwattr $C$DW$T$31, DW_AT_decl_column(0x11)
    5388                      .dwendtag $C$DW$T$31
    5389              
    5390                      .dwendtag $C$DW$TU$31
    5391              
    5392              
    5393              $C$DW$TU$93     .dwtag  DW_TAG_type_unit
    5394                      .dwmtype  $C$DW$T$93
    5395              $C$DW$T$93      .dwtag  DW_TAG_typedef
    5396                      .dwattr $C$DW$T$93, DW_AT_name("SVGEN")
    5397                      .dwattr $C$DW$T$93, DW_AT_type(*$C$DW$T$31)
    5398                      .dwattr $C$DW$T$93, DW_AT_decl_file("C:/ti/C2000Ware_MotorControl_SDK_5_04_00_00/libraries/utilities/
    5399                      .dwattr $C$DW$T$93, DW_AT_decl_line(0x34)
    5400                      .dwattr $C$DW$T$93, DW_AT_decl_column(0x04)
    5401              
    5402                      .dwendtag $C$DW$TU$93
    5403              
    5404              
    5405              $C$DW$TU$34     .dwtag  DW_TAG_type_unit
    5406                      .dwmtype  $C$DW$T$34
    5407              
    5408              $C$DW$T$34      .dwtag  DW_TAG_structure_type
    5409                      .dwattr $C$DW$T$34, DW_AT_byte_size(0x14)
    5410              $C$DW$288       .dwtag  DW_TAG_member
    5411                      .dwattr $C$DW$288, DW_AT_type(*$C$DW$T$21)
    5412                      .dwattr $C$DW$288, DW_AT_name("ElecTheta")
    5413                      .dwattr $C$DW$288, DW_AT_accessibility(DW_ACCESS_public)
    5414                      .dwattr $C$DW$288, DW_AT_decl_file("C:/ti/C2000Ware_MotorControl_SDK_5_04_00_00/libraries/utilities/m
    5415                      .dwattr $C$DW$288, DW_AT_decl_line(0x2b)
    5416                      .dwattr $C$DW$288, DW_AT_decl_column(0x12)
    5417              
    5418              $C$DW$289       .dwtag  DW_TAG_member
    5419                      .dwattr $C$DW$289, DW_AT_type(*$C$DW$T$24)
    5420                      .dwattr $C$DW$289, DW_AT_name("DirectionQep")
    5421                      .dwattr $C$DW$289, DW_AT_data_member_location[DW_OP_plus_uconst 0x2]
    5422                      .dwattr $C$DW$289, DW_AT_accessibility(DW_ACCESS_public)
    5423                      .dwattr $C$DW$289, DW_AT_decl_file("C:/ti/C2000Ware_MotorControl_SDK_5_04_00_00/libraries/utilities/m
    5424                      .dwattr $C$DW$289, DW_AT_decl_line(0x2c)
TMS320C2000 Assembler PC v22.6.2 Fri Jan  2 15:35:19 2026

Copyright (c) 1996-2018 Texas Instruments Incorporated
dual_axis_servo_drive_user_cpu.asm                                   PAGE  111

    5425                      .dwattr $C$DW$289, DW_AT_decl_column(0x11)
    5426              
    5427              $C$DW$290       .dwtag  DW_TAG_member
    5428                      .dwattr $C$DW$290, DW_AT_type(*$C$DW$T$21)
    5429                      .dwattr $C$DW$290, DW_AT_name("OldElecTheta")
    5430                      .dwattr $C$DW$290, DW_AT_data_member_location[DW_OP_plus_uconst 0x4]
    5431                      .dwattr $C$DW$290, DW_AT_accessibility(DW_ACCESS_public)
    5432                      .dwattr $C$DW$290, DW_AT_decl_file("C:/ti/C2000Ware_MotorControl_SDK_5_04_00_00/libraries/utilities/m
    5433                      .dwattr $C$DW$290, DW_AT_decl_line(0x2d)
    5434                      .dwattr $C$DW$290, DW_AT_decl_column(0x12)
    5435              
    5436              $C$DW$291       .dwtag  DW_TAG_member
    5437                      .dwattr $C$DW$291, DW_AT_type(*$C$DW$T$21)
    5438                      .dwattr $C$DW$291, DW_AT_name("Speed")
    5439                      .dwattr $C$DW$291, DW_AT_data_member_location[DW_OP_plus_uconst 0x6]
    5440                      .dwattr $C$DW$291, DW_AT_accessibility(DW_ACCESS_public)
    5441                      .dwattr $C$DW$291, DW_AT_decl_file("C:/ti/C2000Ware_MotorControl_SDK_5_04_00_00/libraries/utilities/m
    5442                      .dwattr $C$DW$291, DW_AT_decl_line(0x2e)
    5443                      .dwattr $C$DW$291, DW_AT_decl_column(0x12)
    5444              
    5445              $C$DW$292       .dwtag  DW_TAG_member
    5446                      .dwattr $C$DW$292, DW_AT_type(*$C$DW$T$24)
    5447                      .dwattr $C$DW$292, DW_AT_name("BaseRpm")
    5448                      .dwattr $C$DW$292, DW_AT_data_member_location[DW_OP_plus_uconst 0x8]
    5449                      .dwattr $C$DW$292, DW_AT_accessibility(DW_ACCESS_public)
    5450                      .dwattr $C$DW$292, DW_AT_decl_file("C:/ti/C2000Ware_MotorControl_SDK_5_04_00_00/libraries/utilities/m
    5451                      .dwattr $C$DW$292, DW_AT_decl_line(0x2f)
    5452                      .dwattr $C$DW$292, DW_AT_decl_column(0x11)
    5453              
    5454              $C$DW$293       .dwtag  DW_TAG_member
    5455                      .dwattr $C$DW$293, DW_AT_type(*$C$DW$T$21)
    5456                      .dwattr $C$DW$293, DW_AT_name("K1")
    5457                      .dwattr $C$DW$293, DW_AT_data_member_location[DW_OP_plus_uconst 0xa]
    5458                      .dwattr $C$DW$293, DW_AT_accessibility(DW_ACCESS_public)
    5459                      .dwattr $C$DW$293, DW_AT_decl_file("C:/ti/C2000Ware_MotorControl_SDK_5_04_00_00/libraries/utilities/m
    5460                      .dwattr $C$DW$293, DW_AT_decl_line(0x30)
    5461                      .dwattr $C$DW$293, DW_AT_decl_column(0x12)
    5462              
    5463              $C$DW$294       .dwtag  DW_TAG_member
    5464                      .dwattr $C$DW$294, DW_AT_type(*$C$DW$T$21)
    5465                      .dwattr $C$DW$294, DW_AT_name("K2")
    5466                      .dwattr $C$DW$294, DW_AT_data_member_location[DW_OP_plus_uconst 0xc]
    5467                      .dwattr $C$DW$294, DW_AT_accessibility(DW_ACCESS_public)
    5468                      .dwattr $C$DW$294, DW_AT_decl_file("C:/ti/C2000Ware_MotorControl_SDK_5_04_00_00/libraries/utilities/m
    5469                      .dwattr $C$DW$294, DW_AT_decl_line(0x31)
    5470                      .dwattr $C$DW$294, DW_AT_decl_column(0x12)
    5471              
    5472              $C$DW$295       .dwtag  DW_TAG_member
    5473                      .dwattr $C$DW$295, DW_AT_type(*$C$DW$T$21)
    5474                      .dwattr $C$DW$295, DW_AT_name("K3")
    5475                      .dwattr $C$DW$295, DW_AT_data_member_location[DW_OP_plus_uconst 0xe]
    5476                      .dwattr $C$DW$295, DW_AT_accessibility(DW_ACCESS_public)
    5477                      .dwattr $C$DW$295, DW_AT_decl_file("C:/ti/C2000Ware_MotorControl_SDK_5_04_00_00/libraries/utilities/m
    5478                      .dwattr $C$DW$295, DW_AT_decl_line(0x32)
    5479                      .dwattr $C$DW$295, DW_AT_decl_column(0x12)
TMS320C2000 Assembler PC v22.6.2 Fri Jan  2 15:35:19 2026

Copyright (c) 1996-2018 Texas Instruments Incorporated
dual_axis_servo_drive_user_cpu.asm                                   PAGE  112

    5480              
    5481              $C$DW$296       .dwtag  DW_TAG_member
    5482                      .dwattr $C$DW$296, DW_AT_type(*$C$DW$T$33)
    5483                      .dwattr $C$DW$296, DW_AT_name("SpeedRpm")
    5484                      .dwattr $C$DW$296, DW_AT_data_member_location[DW_OP_plus_uconst 0x10]
    5485                      .dwattr $C$DW$296, DW_AT_accessibility(DW_ACCESS_public)
    5486                      .dwattr $C$DW$296, DW_AT_decl_file("C:/ti/C2000Ware_MotorControl_SDK_5_04_00_00/libraries/utilities/m
    5487                      .dwattr $C$DW$296, DW_AT_decl_line(0x33)
    5488                      .dwattr $C$DW$296, DW_AT_decl_column(0x10)
    5489              
    5490              $C$DW$297       .dwtag  DW_TAG_member
    5491                      .dwattr $C$DW$297, DW_AT_type(*$C$DW$T$21)
    5492                      .dwattr $C$DW$297, DW_AT_name("Tmp")
    5493                      .dwattr $C$DW$297, DW_AT_data_member_location[DW_OP_plus_uconst 0x12]
    5494                      .dwattr $C$DW$297, DW_AT_accessibility(DW_ACCESS_public)
    5495                      .dwattr $C$DW$297, DW_AT_decl_file("C:/ti/C2000Ware_MotorControl_SDK_5_04_00_00/libraries/utilities/m
    5496                      .dwattr $C$DW$297, DW_AT_decl_line(0x34)
    5497                      .dwattr $C$DW$297, DW_AT_decl_column(0x12)
    5498              
    5499                      .dwattr $C$DW$T$34, DW_AT_decl_file("C:/ti/C2000Ware_MotorControl_SDK_5_04_00_00/libraries/utilities/
    5500                      .dwattr $C$DW$T$34, DW_AT_decl_line(0x2a)
    5501                      .dwattr $C$DW$T$34, DW_AT_decl_column(0x10)
    5502                      .dwendtag $C$DW$T$34
    5503              
    5504                      .dwendtag $C$DW$TU$34
    5505              
    5506              
    5507              $C$DW$TU$94     .dwtag  DW_TAG_type_unit
    5508                      .dwmtype  $C$DW$T$94
    5509              $C$DW$T$94      .dwtag  DW_TAG_typedef
    5510                      .dwattr $C$DW$T$94, DW_AT_name("SPEED_MEAS_QEP")
    5511                      .dwattr $C$DW$T$94, DW_AT_type(*$C$DW$T$34)
    5512                      .dwattr $C$DW$T$94, DW_AT_decl_file("C:/ti/C2000Ware_MotorControl_SDK_5_04_00_00/libraries/utilities/
    5513                      .dwattr $C$DW$T$94, DW_AT_decl_line(0x35)
    5514                      .dwattr $C$DW$T$94, DW_AT_decl_column(0x0a)
    5515              
    5516                      .dwendtag $C$DW$TU$94
    5517              
    5518              
    5519              $C$DW$TU$35     .dwtag  DW_TAG_type_unit
    5520                      .dwmtype  $C$DW$T$35
    5521              
    5522              $C$DW$T$35      .dwtag  DW_TAG_structure_type
    5523                      .dwattr $C$DW$T$35, DW_AT_byte_size(0x0a)
    5524              $C$DW$298       .dwtag  DW_TAG_member
    5525                      .dwattr $C$DW$298, DW_AT_type(*$C$DW$T$21)
    5526                      .dwattr $C$DW$298, DW_AT_name("Ref")
    5527                      .dwattr $C$DW$298, DW_AT_accessibility(DW_ACCESS_public)
    5528                      .dwattr $C$DW$298, DW_AT_decl_file("C:/ti/C2000Ware_MotorControl_SDK_5_04_00_00/libraries/utilities/m
    5529                      .dwattr $C$DW$298, DW_AT_decl_line(0x2a)
    5530                      .dwattr $C$DW$298, DW_AT_decl_column(0x1e)
    5531              
    5532              $C$DW$299       .dwtag  DW_TAG_member
    5533                      .dwattr $C$DW$299, DW_AT_type(*$C$DW$T$21)
    5534                      .dwattr $C$DW$299, DW_AT_name("Fbk")
TMS320C2000 Assembler PC v22.6.2 Fri Jan  2 15:35:19 2026

Copyright (c) 1996-2018 Texas Instruments Incorporated
dual_axis_servo_drive_user_cpu.asm                                   PAGE  113

    5535                      .dwattr $C$DW$299, DW_AT_data_member_location[DW_OP_plus_uconst 0x2]
    5536                      .dwattr $C$DW$299, DW_AT_accessibility(DW_ACCESS_public)
    5537                      .dwattr $C$DW$299, DW_AT_decl_file("C:/ti/C2000Ware_MotorControl_SDK_5_04_00_00/libraries/utilities/m
    5538                      .dwattr $C$DW$299, DW_AT_decl_line(0x2b)
    5539                      .dwattr $C$DW$299, DW_AT_decl_column(0x12)
    5540              
    5541              $C$DW$300       .dwtag  DW_TAG_member
    5542                      .dwattr $C$DW$300, DW_AT_type(*$C$DW$T$21)
    5543                      .dwattr $C$DW$300, DW_AT_name("Out")
    5544                      .dwattr $C$DW$300, DW_AT_data_member_location[DW_OP_plus_uconst 0x4]
    5545                      .dwattr $C$DW$300, DW_AT_accessibility(DW_ACCESS_public)
    5546                      .dwattr $C$DW$300, DW_AT_decl_file("C:/ti/C2000Ware_MotorControl_SDK_5_04_00_00/libraries/utilities/m
    5547                      .dwattr $C$DW$300, DW_AT_decl_line(0x2c)
    5548                      .dwattr $C$DW$300, DW_AT_decl_column(0x12)
    5549              
    5550              $C$DW$301       .dwtag  DW_TAG_member
    5551                      .dwattr $C$DW$301, DW_AT_type(*$C$DW$T$21)
    5552                      .dwattr $C$DW$301, DW_AT_name("c1")
    5553                      .dwattr $C$DW$301, DW_AT_data_member_location[DW_OP_plus_uconst 0x6]
    5554                      .dwattr $C$DW$301, DW_AT_accessibility(DW_ACCESS_public)
    5555                      .dwattr $C$DW$301, DW_AT_decl_file("C:/ti/C2000Ware_MotorControl_SDK_5_04_00_00/libraries/utilities/m
    5556                      .dwattr $C$DW$301, DW_AT_decl_line(0x2d)
    5557                      .dwattr $C$DW$301, DW_AT_decl_column(0x12)
    5558              
    5559              $C$DW$302       .dwtag  DW_TAG_member
    5560                      .dwattr $C$DW$302, DW_AT_type(*$C$DW$T$21)
    5561                      .dwattr $C$DW$302, DW_AT_name("c2")
    5562                      .dwattr $C$DW$302, DW_AT_data_member_location[DW_OP_plus_uconst 0x8]
    5563                      .dwattr $C$DW$302, DW_AT_accessibility(DW_ACCESS_public)
    5564                      .dwattr $C$DW$302, DW_AT_decl_file("C:/ti/C2000Ware_MotorControl_SDK_5_04_00_00/libraries/utilities/m
    5565                      .dwattr $C$DW$302, DW_AT_decl_line(0x2e)
    5566                      .dwattr $C$DW$302, DW_AT_decl_column(0x12)
    5567              
    5568                      .dwattr $C$DW$T$35, DW_AT_decl_file("C:/ti/C2000Ware_MotorControl_SDK_5_04_00_00/libraries/utilities/
    5569                      .dwattr $C$DW$T$35, DW_AT_decl_line(0x2a)
    5570                      .dwattr $C$DW$T$35, DW_AT_decl_column(0x10)
    5571                      .dwendtag $C$DW$T$35
    5572              
    5573                      .dwendtag $C$DW$TU$35
    5574              
    5575              
    5576              $C$DW$TU$38     .dwtag  DW_TAG_type_unit
    5577                      .dwmtype  $C$DW$T$38
    5578              $C$DW$T$38      .dwtag  DW_TAG_typedef
    5579                      .dwattr $C$DW$T$38, DW_AT_name("PID_TERMINALS")
    5580                      .dwattr $C$DW$T$38, DW_AT_type(*$C$DW$T$35)
    5581                      .dwattr $C$DW$T$38, DW_AT_decl_file("C:/ti/C2000Ware_MotorControl_SDK_5_04_00_00/libraries/utilities/
    5582                      .dwattr $C$DW$T$38, DW_AT_decl_line(0x2f)
    5583                      .dwattr $C$DW$T$38, DW_AT_decl_column(0x07)
    5584              
    5585                      .dwendtag $C$DW$TU$38
    5586              
    5587              
    5588              $C$DW$TU$36     .dwtag  DW_TAG_type_unit
    5589                      .dwmtype  $C$DW$T$36
TMS320C2000 Assembler PC v22.6.2 Fri Jan  2 15:35:19 2026

Copyright (c) 1996-2018 Texas Instruments Incorporated
dual_axis_servo_drive_user_cpu.asm                                   PAGE  114

    5590              
    5591              $C$DW$T$36      .dwtag  DW_TAG_structure_type
    5592                      .dwattr $C$DW$T$36, DW_AT_byte_size(0x0e)
    5593              $C$DW$303       .dwtag  DW_TAG_member
    5594                      .dwattr $C$DW$303, DW_AT_type(*$C$DW$T$21)
    5595                      .dwattr $C$DW$303, DW_AT_name("Kr")
    5596                      .dwattr $C$DW$303, DW_AT_accessibility(DW_ACCESS_public)
    5597                      .dwattr $C$DW$303, DW_AT_decl_file("C:/ti/C2000Ware_MotorControl_SDK_5_04_00_00/libraries/utilities/m
    5598                      .dwattr $C$DW$303, DW_AT_decl_line(0x32)
    5599                      .dwattr $C$DW$303, DW_AT_decl_column(0x1e)
    5600              
    5601              $C$DW$304       .dwtag  DW_TAG_member
    5602                      .dwattr $C$DW$304, DW_AT_type(*$C$DW$T$21)
    5603                      .dwattr $C$DW$304, DW_AT_name("Kp")
    5604                      .dwattr $C$DW$304, DW_AT_data_member_location[DW_OP_plus_uconst 0x2]
    5605                      .dwattr $C$DW$304, DW_AT_accessibility(DW_ACCESS_public)
    5606                      .dwattr $C$DW$304, DW_AT_decl_file("C:/ti/C2000Ware_MotorControl_SDK_5_04_00_00/libraries/utilities/m
    5607                      .dwattr $C$DW$304, DW_AT_decl_line(0x33)
    5608                      .dwattr $C$DW$304, DW_AT_decl_column(0x12)
    5609              
    5610              $C$DW$305       .dwtag  DW_TAG_member
    5611                      .dwattr $C$DW$305, DW_AT_type(*$C$DW$T$21)
    5612                      .dwattr $C$DW$305, DW_AT_name("Ki")
    5613                      .dwattr $C$DW$305, DW_AT_data_member_location[DW_OP_plus_uconst 0x4]
    5614                      .dwattr $C$DW$305, DW_AT_accessibility(DW_ACCESS_public)
    5615                      .dwattr $C$DW$305, DW_AT_decl_file("C:/ti/C2000Ware_MotorControl_SDK_5_04_00_00/libraries/utilities/m
    5616                      .dwattr $C$DW$305, DW_AT_decl_line(0x34)
    5617                      .dwattr $C$DW$305, DW_AT_decl_column(0x12)
    5618              
    5619              $C$DW$306       .dwtag  DW_TAG_member
    5620                      .dwattr $C$DW$306, DW_AT_type(*$C$DW$T$21)
    5621                      .dwattr $C$DW$306, DW_AT_name("Kd")
    5622                      .dwattr $C$DW$306, DW_AT_data_member_location[DW_OP_plus_uconst 0x6]
    5623                      .dwattr $C$DW$306, DW_AT_accessibility(DW_ACCESS_public)
    5624                      .dwattr $C$DW$306, DW_AT_decl_file("C:/ti/C2000Ware_MotorControl_SDK_5_04_00_00/libraries/utilities/m
    5625                      .dwattr $C$DW$306, DW_AT_decl_line(0x35)
    5626                      .dwattr $C$DW$306, DW_AT_decl_column(0x12)
    5627              
    5628              $C$DW$307       .dwtag  DW_TAG_member
    5629                      .dwattr $C$DW$307, DW_AT_type(*$C$DW$T$21)
    5630                      .dwattr $C$DW$307, DW_AT_name("Km")
    5631                      .dwattr $C$DW$307, DW_AT_data_member_location[DW_OP_plus_uconst 0x8]
    5632                      .dwattr $C$DW$307, DW_AT_accessibility(DW_ACCESS_public)
    5633                      .dwattr $C$DW$307, DW_AT_decl_file("C:/ti/C2000Ware_MotorControl_SDK_5_04_00_00/libraries/utilities/m
    5634                      .dwattr $C$DW$307, DW_AT_decl_line(0x36)
    5635                      .dwattr $C$DW$307, DW_AT_decl_column(0x12)
    5636              
    5637              $C$DW$308       .dwtag  DW_TAG_member
    5638                      .dwattr $C$DW$308, DW_AT_type(*$C$DW$T$21)
    5639                      .dwattr $C$DW$308, DW_AT_name("Umax")
    5640                      .dwattr $C$DW$308, DW_AT_data_member_location[DW_OP_plus_uconst 0xa]
    5641                      .dwattr $C$DW$308, DW_AT_accessibility(DW_ACCESS_public)
    5642                      .dwattr $C$DW$308, DW_AT_decl_file("C:/ti/C2000Ware_MotorControl_SDK_5_04_00_00/libraries/utilities/m
    5643                      .dwattr $C$DW$308, DW_AT_decl_line(0x37)
    5644                      .dwattr $C$DW$308, DW_AT_decl_column(0x12)
TMS320C2000 Assembler PC v22.6.2 Fri Jan  2 15:35:19 2026

Copyright (c) 1996-2018 Texas Instruments Incorporated
dual_axis_servo_drive_user_cpu.asm                                   PAGE  115

    5645              
    5646              $C$DW$309       .dwtag  DW_TAG_member
    5647                      .dwattr $C$DW$309, DW_AT_type(*$C$DW$T$21)
    5648                      .dwattr $C$DW$309, DW_AT_name("Umin")
    5649                      .dwattr $C$DW$309, DW_AT_data_member_location[DW_OP_plus_uconst 0xc]
    5650                      .dwattr $C$DW$309, DW_AT_accessibility(DW_ACCESS_public)
    5651                      .dwattr $C$DW$309, DW_AT_decl_file("C:/ti/C2000Ware_MotorControl_SDK_5_04_00_00/libraries/utilities/m
    5652                      .dwattr $C$DW$309, DW_AT_decl_line(0x38)
    5653                      .dwattr $C$DW$309, DW_AT_decl_column(0x12)
    5654              
    5655                      .dwattr $C$DW$T$36, DW_AT_decl_file("C:/ti/C2000Ware_MotorControl_SDK_5_04_00_00/libraries/utilities/
    5656                      .dwattr $C$DW$T$36, DW_AT_decl_line(0x32)
    5657                      .dwattr $C$DW$T$36, DW_AT_decl_column(0x10)
    5658                      .dwendtag $C$DW$T$36
    5659              
    5660                      .dwendtag $C$DW$TU$36
    5661              
    5662              
    5663              $C$DW$TU$39     .dwtag  DW_TAG_type_unit
    5664                      .dwmtype  $C$DW$T$39
    5665              $C$DW$T$39      .dwtag  DW_TAG_typedef
    5666                      .dwattr $C$DW$T$39, DW_AT_name("PID_PARAMETERS")
    5667                      .dwattr $C$DW$T$39, DW_AT_type(*$C$DW$T$36)
    5668                      .dwattr $C$DW$T$39, DW_AT_decl_file("C:/ti/C2000Ware_MotorControl_SDK_5_04_00_00/libraries/utilities/
    5669                      .dwattr $C$DW$T$39, DW_AT_decl_line(0x39)
    5670                      .dwattr $C$DW$T$39, DW_AT_decl_column(0x07)
    5671              
    5672                      .dwendtag $C$DW$TU$39
    5673              
    5674              
    5675              $C$DW$TU$37     .dwtag  DW_TAG_type_unit
    5676                      .dwmtype  $C$DW$T$37
    5677              
    5678              $C$DW$T$37      .dwtag  DW_TAG_structure_type
    5679                      .dwattr $C$DW$T$37, DW_AT_byte_size(0x10)
    5680              $C$DW$310       .dwtag  DW_TAG_member
    5681                      .dwattr $C$DW$310, DW_AT_type(*$C$DW$T$21)
    5682                      .dwattr $C$DW$310, DW_AT_name("up")
    5683                      .dwattr $C$DW$310, DW_AT_accessibility(DW_ACCESS_public)
    5684                      .dwattr $C$DW$310, DW_AT_decl_file("C:/ti/C2000Ware_MotorControl_SDK_5_04_00_00/libraries/utilities/m
    5685                      .dwattr $C$DW$310, DW_AT_decl_line(0x3b)
    5686                      .dwattr $C$DW$310, DW_AT_decl_column(0x1e)
    5687              
    5688              $C$DW$311       .dwtag  DW_TAG_member
    5689                      .dwattr $C$DW$311, DW_AT_type(*$C$DW$T$21)
    5690                      .dwattr $C$DW$311, DW_AT_name("ui")
    5691                      .dwattr $C$DW$311, DW_AT_data_member_location[DW_OP_plus_uconst 0x2]
    5692                      .dwattr $C$DW$311, DW_AT_accessibility(DW_ACCESS_public)
    5693                      .dwattr $C$DW$311, DW_AT_decl_file("C:/ti/C2000Ware_MotorControl_SDK_5_04_00_00/libraries/utilities/m
    5694                      .dwattr $C$DW$311, DW_AT_decl_line(0x3c)
    5695                      .dwattr $C$DW$311, DW_AT_decl_column(0x12)
    5696              
    5697              $C$DW$312       .dwtag  DW_TAG_member
    5698                      .dwattr $C$DW$312, DW_AT_type(*$C$DW$T$21)
    5699                      .dwattr $C$DW$312, DW_AT_name("ud")
TMS320C2000 Assembler PC v22.6.2 Fri Jan  2 15:35:19 2026

Copyright (c) 1996-2018 Texas Instruments Incorporated
dual_axis_servo_drive_user_cpu.asm                                   PAGE  116

    5700                      .dwattr $C$DW$312, DW_AT_data_member_location[DW_OP_plus_uconst 0x4]
    5701                      .dwattr $C$DW$312, DW_AT_accessibility(DW_ACCESS_public)
    5702                      .dwattr $C$DW$312, DW_AT_decl_file("C:/ti/C2000Ware_MotorControl_SDK_5_04_00_00/libraries/utilities/m
    5703                      .dwattr $C$DW$312, DW_AT_decl_line(0x3d)
    5704                      .dwattr $C$DW$312, DW_AT_decl_column(0x12)
    5705              
    5706              $C$DW$313       .dwtag  DW_TAG_member
    5707                      .dwattr $C$DW$313, DW_AT_type(*$C$DW$T$21)
    5708                      .dwattr $C$DW$313, DW_AT_name("v1")
    5709                      .dwattr $C$DW$313, DW_AT_data_member_location[DW_OP_plus_uconst 0x6]
    5710                      .dwattr $C$DW$313, DW_AT_accessibility(DW_ACCESS_public)
    5711                      .dwattr $C$DW$313, DW_AT_decl_file("C:/ti/C2000Ware_MotorControl_SDK_5_04_00_00/libraries/utilities/m
    5712                      .dwattr $C$DW$313, DW_AT_decl_line(0x3e)
    5713                      .dwattr $C$DW$313, DW_AT_decl_column(0x12)
    5714              
    5715              $C$DW$314       .dwtag  DW_TAG_member
    5716                      .dwattr $C$DW$314, DW_AT_type(*$C$DW$T$21)
    5717                      .dwattr $C$DW$314, DW_AT_name("i1")
    5718                      .dwattr $C$DW$314, DW_AT_data_member_location[DW_OP_plus_uconst 0x8]
    5719                      .dwattr $C$DW$314, DW_AT_accessibility(DW_ACCESS_public)
    5720                      .dwattr $C$DW$314, DW_AT_decl_file("C:/ti/C2000Ware_MotorControl_SDK_5_04_00_00/libraries/utilities/m
    5721                      .dwattr $C$DW$314, DW_AT_decl_line(0x3f)
    5722                      .dwattr $C$DW$314, DW_AT_decl_column(0x12)
    5723              
    5724              $C$DW$315       .dwtag  DW_TAG_member
    5725                      .dwattr $C$DW$315, DW_AT_type(*$C$DW$T$21)
    5726                      .dwattr $C$DW$315, DW_AT_name("d1")
    5727                      .dwattr $C$DW$315, DW_AT_data_member_location[DW_OP_plus_uconst 0xa]
    5728                      .dwattr $C$DW$315, DW_AT_accessibility(DW_ACCESS_public)
    5729                      .dwattr $C$DW$315, DW_AT_decl_file("C:/ti/C2000Ware_MotorControl_SDK_5_04_00_00/libraries/utilities/m
    5730                      .dwattr $C$DW$315, DW_AT_decl_line(0x40)
    5731                      .dwattr $C$DW$315, DW_AT_decl_column(0x12)
    5732              
    5733              $C$DW$316       .dwtag  DW_TAG_member
    5734                      .dwattr $C$DW$316, DW_AT_type(*$C$DW$T$21)
    5735                      .dwattr $C$DW$316, DW_AT_name("d2")
    5736                      .dwattr $C$DW$316, DW_AT_data_member_location[DW_OP_plus_uconst 0xc]
    5737                      .dwattr $C$DW$316, DW_AT_accessibility(DW_ACCESS_public)
    5738                      .dwattr $C$DW$316, DW_AT_decl_file("C:/ti/C2000Ware_MotorControl_SDK_5_04_00_00/libraries/utilities/m
    5739                      .dwattr $C$DW$316, DW_AT_decl_line(0x41)
    5740                      .dwattr $C$DW$316, DW_AT_decl_column(0x12)
    5741              
    5742              $C$DW$317       .dwtag  DW_TAG_member
    5743                      .dwattr $C$DW$317, DW_AT_type(*$C$DW$T$21)
    5744                      .dwattr $C$DW$317, DW_AT_name("w1")
    5745                      .dwattr $C$DW$317, DW_AT_data_member_location[DW_OP_plus_uconst 0xe]
    5746                      .dwattr $C$DW$317, DW_AT_accessibility(DW_ACCESS_public)
    5747                      .dwattr $C$DW$317, DW_AT_decl_file("C:/ti/C2000Ware_MotorControl_SDK_5_04_00_00/libraries/utilities/m
    5748                      .dwattr $C$DW$317, DW_AT_decl_line(0x42)
    5749                      .dwattr $C$DW$317, DW_AT_decl_column(0x12)
    5750              
    5751                      .dwattr $C$DW$T$37, DW_AT_decl_file("C:/ti/C2000Ware_MotorControl_SDK_5_04_00_00/libraries/utilities/
    5752                      .dwattr $C$DW$T$37, DW_AT_decl_line(0x3b)
    5753                      .dwattr $C$DW$T$37, DW_AT_decl_column(0x10)
    5754                      .dwendtag $C$DW$T$37
TMS320C2000 Assembler PC v22.6.2 Fri Jan  2 15:35:19 2026

Copyright (c) 1996-2018 Texas Instruments Incorporated
dual_axis_servo_drive_user_cpu.asm                                   PAGE  117

    5755              
    5756                      .dwendtag $C$DW$TU$37
    5757              
    5758              
    5759              $C$DW$TU$40     .dwtag  DW_TAG_type_unit
    5760                      .dwmtype  $C$DW$T$40
    5761              $C$DW$T$40      .dwtag  DW_TAG_typedef
    5762                      .dwattr $C$DW$T$40, DW_AT_name("PID_DATA")
    5763                      .dwattr $C$DW$T$40, DW_AT_type(*$C$DW$T$37)
    5764                      .dwattr $C$DW$T$40, DW_AT_decl_file("C:/ti/C2000Ware_MotorControl_SDK_5_04_00_00/libraries/utilities/
    5765                      .dwattr $C$DW$T$40, DW_AT_decl_line(0x43)
    5766                      .dwattr $C$DW$T$40, DW_AT_decl_column(0x07)
    5767              
    5768                      .dwendtag $C$DW$TU$40
    5769              
    5770              
    5771              $C$DW$TU$41     .dwtag  DW_TAG_type_unit
    5772                      .dwmtype  $C$DW$T$41
    5773              
    5774              $C$DW$T$41      .dwtag  DW_TAG_structure_type
    5775                      .dwattr $C$DW$T$41, DW_AT_byte_size(0x28)
    5776              $C$DW$318       .dwtag  DW_TAG_member
    5777                      .dwattr $C$DW$318, DW_AT_type(*$C$DW$T$38)
    5778                      .dwattr $C$DW$318, DW_AT_name("term")
    5779                      .dwattr $C$DW$318, DW_AT_accessibility(DW_ACCESS_public)
    5780                      .dwattr $C$DW$318, DW_AT_decl_file("C:/ti/C2000Ware_MotorControl_SDK_5_04_00_00/libraries/utilities/m
    5781                      .dwattr $C$DW$318, DW_AT_decl_line(0x46)
    5782                      .dwattr $C$DW$318, DW_AT_decl_column(0x21)
    5783              
    5784              $C$DW$319       .dwtag  DW_TAG_member
    5785                      .dwattr $C$DW$319, DW_AT_type(*$C$DW$T$39)
    5786                      .dwattr $C$DW$319, DW_AT_name("param")
    5787                      .dwattr $C$DW$319, DW_AT_data_member_location[DW_OP_plus_uconst 0xa]
    5788                      .dwattr $C$DW$319, DW_AT_accessibility(DW_ACCESS_public)
    5789                      .dwattr $C$DW$319, DW_AT_decl_file("C:/ti/C2000Ware_MotorControl_SDK_5_04_00_00/libraries/utilities/m
    5790                      .dwattr $C$DW$319, DW_AT_decl_line(0x47)
    5791                      .dwattr $C$DW$319, DW_AT_decl_column(0x16)
    5792              
    5793              $C$DW$320       .dwtag  DW_TAG_member
    5794                      .dwattr $C$DW$320, DW_AT_type(*$C$DW$T$40)
    5795                      .dwattr $C$DW$320, DW_AT_name("data")
    5796                      .dwattr $C$DW$320, DW_AT_data_member_location[DW_OP_plus_uconst 0x18]
    5797                      .dwattr $C$DW$320, DW_AT_accessibility(DW_ACCESS_public)
    5798                      .dwattr $C$DW$320, DW_AT_decl_file("C:/ti/C2000Ware_MotorControl_SDK_5_04_00_00/libraries/utilities/m
    5799                      .dwattr $C$DW$320, DW_AT_decl_line(0x48)
    5800                      .dwattr $C$DW$320, DW_AT_decl_column(0x11)
    5801              
    5802                      .dwattr $C$DW$T$41, DW_AT_decl_file("C:/ti/C2000Ware_MotorControl_SDK_5_04_00_00/libraries/utilities/
    5803                      .dwattr $C$DW$T$41, DW_AT_decl_line(0x46)
    5804                      .dwattr $C$DW$T$41, DW_AT_decl_column(0x10)
    5805                      .dwendtag $C$DW$T$41
    5806              
    5807                      .dwendtag $C$DW$TU$41
    5808              
    5809              
TMS320C2000 Assembler PC v22.6.2 Fri Jan  2 15:35:19 2026

Copyright (c) 1996-2018 Texas Instruments Incorporated
dual_axis_servo_drive_user_cpu.asm                                   PAGE  118

    5810              $C$DW$TU$96     .dwtag  DW_TAG_type_unit
    5811                      .dwmtype  $C$DW$T$96
    5812              $C$DW$T$96      .dwtag  DW_TAG_typedef
    5813                      .dwattr $C$DW$T$96, DW_AT_name("PID_CONTROLLER")
    5814                      .dwattr $C$DW$T$96, DW_AT_type(*$C$DW$T$41)
    5815                      .dwattr $C$DW$T$96, DW_AT_decl_file("C:/ti/C2000Ware_MotorControl_SDK_5_04_00_00/libraries/utilities/
    5816                      .dwattr $C$DW$T$96, DW_AT_decl_line(0x49)
    5817                      .dwattr $C$DW$T$96, DW_AT_decl_column(0x07)
    5818              
    5819                      .dwendtag $C$DW$TU$96
    5820              
    5821              
    5822              $C$DW$TU$42     .dwtag  DW_TAG_type_unit
    5823                      .dwmtype  $C$DW$T$42
    5824              
    5825              $C$DW$T$42      .dwtag  DW_TAG_structure_type
    5826                      .dwattr $C$DW$T$42, DW_AT_byte_size(0x18)
    5827              $C$DW$321       .dwtag  DW_TAG_member
    5828                      .dwattr $C$DW$321, DW_AT_type(*$C$DW$T$21)
    5829                      .dwattr $C$DW$321, DW_AT_name("Ref")
    5830                      .dwattr $C$DW$321, DW_AT_accessibility(DW_ACCESS_public)
    5831                      .dwattr $C$DW$321, DW_AT_decl_file("C:/ti/C2000Ware_MotorControl_SDK_5_04_00_00/libraries/utilities/m
    5832                      .dwattr $C$DW$321, DW_AT_decl_line(0x2a)
    5833                      .dwattr $C$DW$321, DW_AT_decl_column(0x1e)
    5834              
    5835              $C$DW$322       .dwtag  DW_TAG_member
    5836                      .dwattr $C$DW$322, DW_AT_type(*$C$DW$T$21)
    5837                      .dwattr $C$DW$322, DW_AT_name("Fbk")
    5838                      .dwattr $C$DW$322, DW_AT_data_member_location[DW_OP_plus_uconst 0x2]
    5839                      .dwattr $C$DW$322, DW_AT_accessibility(DW_ACCESS_public)
    5840                      .dwattr $C$DW$322, DW_AT_decl_file("C:/ti/C2000Ware_MotorControl_SDK_5_04_00_00/libraries/utilities/m
    5841                      .dwattr $C$DW$322, DW_AT_decl_line(0x2b)
    5842                      .dwattr $C$DW$322, DW_AT_decl_column(0x12)
    5843              
    5844              $C$DW$323       .dwtag  DW_TAG_member
    5845                      .dwattr $C$DW$323, DW_AT_type(*$C$DW$T$21)
    5846                      .dwattr $C$DW$323, DW_AT_name("Out")
    5847                      .dwattr $C$DW$323, DW_AT_data_member_location[DW_OP_plus_uconst 0x4]
    5848                      .dwattr $C$DW$323, DW_AT_accessibility(DW_ACCESS_public)
    5849                      .dwattr $C$DW$323, DW_AT_decl_file("C:/ti/C2000Ware_MotorControl_SDK_5_04_00_00/libraries/utilities/m
    5850                      .dwattr $C$DW$323, DW_AT_decl_line(0x2c)
    5851                      .dwattr $C$DW$323, DW_AT_decl_column(0x12)
    5852              
    5853              $C$DW$324       .dwtag  DW_TAG_member
    5854                      .dwattr $C$DW$324, DW_AT_type(*$C$DW$T$21)
    5855                      .dwattr $C$DW$324, DW_AT_name("Kp")
    5856                      .dwattr $C$DW$324, DW_AT_data_member_location[DW_OP_plus_uconst 0x6]
    5857                      .dwattr $C$DW$324, DW_AT_accessibility(DW_ACCESS_public)
    5858                      .dwattr $C$DW$324, DW_AT_decl_file("C:/ti/C2000Ware_MotorControl_SDK_5_04_00_00/libraries/utilities/m
    5859                      .dwattr $C$DW$324, DW_AT_decl_line(0x2d)
    5860                      .dwattr $C$DW$324, DW_AT_decl_column(0x12)
    5861              
    5862              $C$DW$325       .dwtag  DW_TAG_member
    5863                      .dwattr $C$DW$325, DW_AT_type(*$C$DW$T$21)
    5864                      .dwattr $C$DW$325, DW_AT_name("Ki")
TMS320C2000 Assembler PC v22.6.2 Fri Jan  2 15:35:19 2026

Copyright (c) 1996-2018 Texas Instruments Incorporated
dual_axis_servo_drive_user_cpu.asm                                   PAGE  119

    5865                      .dwattr $C$DW$325, DW_AT_data_member_location[DW_OP_plus_uconst 0x8]
    5866                      .dwattr $C$DW$325, DW_AT_accessibility(DW_ACCESS_public)
    5867                      .dwattr $C$DW$325, DW_AT_decl_file("C:/ti/C2000Ware_MotorControl_SDK_5_04_00_00/libraries/utilities/m
    5868                      .dwattr $C$DW$325, DW_AT_decl_line(0x2e)
    5869                      .dwattr $C$DW$325, DW_AT_decl_column(0x12)
    5870              
    5871              $C$DW$326       .dwtag  DW_TAG_member
    5872                      .dwattr $C$DW$326, DW_AT_type(*$C$DW$T$21)
    5873                      .dwattr $C$DW$326, DW_AT_name("Umax")
    5874                      .dwattr $C$DW$326, DW_AT_data_member_location[DW_OP_plus_uconst 0xa]
    5875                      .dwattr $C$DW$326, DW_AT_accessibility(DW_ACCESS_public)
    5876                      .dwattr $C$DW$326, DW_AT_decl_file("C:/ti/C2000Ware_MotorControl_SDK_5_04_00_00/libraries/utilities/m
    5877                      .dwattr $C$DW$326, DW_AT_decl_line(0x2f)
    5878                      .dwattr $C$DW$326, DW_AT_decl_column(0x12)
    5879              
    5880              $C$DW$327       .dwtag  DW_TAG_member
    5881                      .dwattr $C$DW$327, DW_AT_type(*$C$DW$T$21)
    5882                      .dwattr $C$DW$327, DW_AT_name("Umin")
    5883                      .dwattr $C$DW$327, DW_AT_data_member_location[DW_OP_plus_uconst 0xc]
    5884                      .dwattr $C$DW$327, DW_AT_accessibility(DW_ACCESS_public)
    5885                      .dwattr $C$DW$327, DW_AT_decl_file("C:/ti/C2000Ware_MotorControl_SDK_5_04_00_00/libraries/utilities/m
    5886                      .dwattr $C$DW$327, DW_AT_decl_line(0x30)
    5887                      .dwattr $C$DW$327, DW_AT_decl_column(0x12)
    5888              
    5889              $C$DW$328       .dwtag  DW_TAG_member
    5890                      .dwattr $C$DW$328, DW_AT_type(*$C$DW$T$21)
    5891                      .dwattr $C$DW$328, DW_AT_name("up")
    5892                      .dwattr $C$DW$328, DW_AT_data_member_location[DW_OP_plus_uconst 0xe]
    5893                      .dwattr $C$DW$328, DW_AT_accessibility(DW_ACCESS_public)
    5894                      .dwattr $C$DW$328, DW_AT_decl_file("C:/ti/C2000Ware_MotorControl_SDK_5_04_00_00/libraries/utilities/m
    5895                      .dwattr $C$DW$328, DW_AT_decl_line(0x31)
    5896                      .dwattr $C$DW$328, DW_AT_decl_column(0x12)
    5897              
    5898              $C$DW$329       .dwtag  DW_TAG_member
    5899                      .dwattr $C$DW$329, DW_AT_type(*$C$DW$T$21)
    5900                      .dwattr $C$DW$329, DW_AT_name("ui")
    5901                      .dwattr $C$DW$329, DW_AT_data_member_location[DW_OP_plus_uconst 0x10]
    5902                      .dwattr $C$DW$329, DW_AT_accessibility(DW_ACCESS_public)
    5903                      .dwattr $C$DW$329, DW_AT_decl_file("C:/ti/C2000Ware_MotorControl_SDK_5_04_00_00/libraries/utilities/m
    5904                      .dwattr $C$DW$329, DW_AT_decl_line(0x32)
    5905                      .dwattr $C$DW$329, DW_AT_decl_column(0x12)
    5906              
    5907              $C$DW$330       .dwtag  DW_TAG_member
    5908                      .dwattr $C$DW$330, DW_AT_type(*$C$DW$T$21)
    5909                      .dwattr $C$DW$330, DW_AT_name("v1")
    5910                      .dwattr $C$DW$330, DW_AT_data_member_location[DW_OP_plus_uconst 0x12]
    5911                      .dwattr $C$DW$330, DW_AT_accessibility(DW_ACCESS_public)
    5912                      .dwattr $C$DW$330, DW_AT_decl_file("C:/ti/C2000Ware_MotorControl_SDK_5_04_00_00/libraries/utilities/m
    5913                      .dwattr $C$DW$330, DW_AT_decl_line(0x33)
    5914                      .dwattr $C$DW$330, DW_AT_decl_column(0x12)
    5915              
    5916              $C$DW$331       .dwtag  DW_TAG_member
    5917                      .dwattr $C$DW$331, DW_AT_type(*$C$DW$T$21)
    5918                      .dwattr $C$DW$331, DW_AT_name("i1")
    5919                      .dwattr $C$DW$331, DW_AT_data_member_location[DW_OP_plus_uconst 0x14]
TMS320C2000 Assembler PC v22.6.2 Fri Jan  2 15:35:19 2026

Copyright (c) 1996-2018 Texas Instruments Incorporated
dual_axis_servo_drive_user_cpu.asm                                   PAGE  120

    5920                      .dwattr $C$DW$331, DW_AT_accessibility(DW_ACCESS_public)
    5921                      .dwattr $C$DW$331, DW_AT_decl_file("C:/ti/C2000Ware_MotorControl_SDK_5_04_00_00/libraries/utilities/m
    5922                      .dwattr $C$DW$331, DW_AT_decl_line(0x34)
    5923                      .dwattr $C$DW$331, DW_AT_decl_column(0x12)
    5924              
    5925              $C$DW$332       .dwtag  DW_TAG_member
    5926                      .dwattr $C$DW$332, DW_AT_type(*$C$DW$T$21)
    5927                      .dwattr $C$DW$332, DW_AT_name("w1")
    5928                      .dwattr $C$DW$332, DW_AT_data_member_location[DW_OP_plus_uconst 0x16]
    5929                      .dwattr $C$DW$332, DW_AT_accessibility(DW_ACCESS_public)
    5930                      .dwattr $C$DW$332, DW_AT_decl_file("C:/ti/C2000Ware_MotorControl_SDK_5_04_00_00/libraries/utilities/m
    5931                      .dwattr $C$DW$332, DW_AT_decl_line(0x35)
    5932                      .dwattr $C$DW$332, DW_AT_decl_column(0x12)
    5933              
    5934                      .dwattr $C$DW$T$42, DW_AT_decl_file("C:/ti/C2000Ware_MotorControl_SDK_5_04_00_00/libraries/utilities/
    5935                      .dwattr $C$DW$T$42, DW_AT_decl_line(0x2a)
    5936                      .dwattr $C$DW$T$42, DW_AT_decl_column(0x10)
    5937                      .dwendtag $C$DW$T$42
    5938              
    5939                      .dwendtag $C$DW$TU$42
    5940              
    5941              
    5942              $C$DW$TU$97     .dwtag  DW_TAG_type_unit
    5943                      .dwmtype  $C$DW$T$97
    5944              $C$DW$T$97      .dwtag  DW_TAG_typedef
    5945                      .dwattr $C$DW$T$97, DW_AT_name("PI_CONTROLLER")
    5946                      .dwattr $C$DW$T$97, DW_AT_type(*$C$DW$T$42)
    5947                      .dwattr $C$DW$T$97, DW_AT_decl_file("C:/ti/C2000Ware_MotorControl_SDK_5_04_00_00/libraries/utilities/
    5948                      .dwattr $C$DW$T$97, DW_AT_decl_line(0x36)
    5949                      .dwattr $C$DW$T$97, DW_AT_decl_column(0x07)
    5950              
    5951                      .dwendtag $C$DW$TU$97
    5952              
    5953              
    5954              $C$DW$TU$44     .dwtag  DW_TAG_type_unit
    5955                      .dwmtype  $C$DW$T$44
    5956              
    5957              $C$DW$T$44      .dwtag  DW_TAG_structure_type
    5958                      .dwattr $C$DW$T$44, DW_AT_name("ADCINTFLG_BITS")
    5959                      .dwattr $C$DW$T$44, DW_AT_byte_size(0x01)
    5960              $C$DW$333       .dwtag  DW_TAG_member
    5961                      .dwattr $C$DW$333, DW_AT_type(*$C$DW$T$43)
    5962                      .dwattr $C$DW$333, DW_AT_name("ADCINT1")
    5963                      .dwattr $C$DW$333, DW_AT_bit_offset(0x0f)
    5964                      .dwattr $C$DW$333, DW_AT_bit_size(0x01)
    5965                      .dwattr $C$DW$333, DW_AT_accessibility(DW_ACCESS_public)
    5966                      .dwattr $C$DW$333, DW_AT_decl_file("C:\ti\C2000Ware_MotorControl_SDK_5_04_00_00\c2000ware\device_supp
    5967                      .dwattr $C$DW$333, DW_AT_decl_line(0x60)
    5968                      .dwattr $C$DW$333, DW_AT_decl_column(0x0c)
    5969              
    5970              $C$DW$334       .dwtag  DW_TAG_member
    5971                      .dwattr $C$DW$334, DW_AT_type(*$C$DW$T$43)
    5972                      .dwattr $C$DW$334, DW_AT_name("ADCINT2")
    5973                      .dwattr $C$DW$334, DW_AT_bit_offset(0x0e)
    5974                      .dwattr $C$DW$334, DW_AT_bit_size(0x01)
TMS320C2000 Assembler PC v22.6.2 Fri Jan  2 15:35:19 2026

Copyright (c) 1996-2018 Texas Instruments Incorporated
dual_axis_servo_drive_user_cpu.asm                                   PAGE  121

    5975                      .dwattr $C$DW$334, DW_AT_accessibility(DW_ACCESS_public)
    5976                      .dwattr $C$DW$334, DW_AT_decl_file("C:\ti\C2000Ware_MotorControl_SDK_5_04_00_00\c2000ware\device_supp
    5977                      .dwattr $C$DW$334, DW_AT_decl_line(0x61)
    5978                      .dwattr $C$DW$334, DW_AT_decl_column(0x0c)
    5979              
    5980              $C$DW$335       .dwtag  DW_TAG_member
    5981                      .dwattr $C$DW$335, DW_AT_type(*$C$DW$T$43)
    5982                      .dwattr $C$DW$335, DW_AT_name("ADCINT3")
    5983                      .dwattr $C$DW$335, DW_AT_bit_offset(0x0d)
    5984                      .dwattr $C$DW$335, DW_AT_bit_size(0x01)
    5985                      .dwattr $C$DW$335, DW_AT_accessibility(DW_ACCESS_public)
    5986                      .dwattr $C$DW$335, DW_AT_decl_file("C:\ti\C2000Ware_MotorControl_SDK_5_04_00_00\c2000ware\device_supp
    5987                      .dwattr $C$DW$335, DW_AT_decl_line(0x62)
    5988                      .dwattr $C$DW$335, DW_AT_decl_column(0x0c)
    5989              
    5990              $C$DW$336       .dwtag  DW_TAG_member
    5991                      .dwattr $C$DW$336, DW_AT_type(*$C$DW$T$43)
    5992                      .dwattr $C$DW$336, DW_AT_name("ADCINT4")
    5993                      .dwattr $C$DW$336, DW_AT_bit_offset(0x0c)
    5994                      .dwattr $C$DW$336, DW_AT_bit_size(0x01)
    5995                      .dwattr $C$DW$336, DW_AT_accessibility(DW_ACCESS_public)
    5996                      .dwattr $C$DW$336, DW_AT_decl_file("C:\ti\C2000Ware_MotorControl_SDK_5_04_00_00\c2000ware\device_supp
    5997                      .dwattr $C$DW$336, DW_AT_decl_line(0x63)
    5998                      .dwattr $C$DW$336, DW_AT_decl_column(0x0c)
    5999              
    6000              $C$DW$337       .dwtag  DW_TAG_member
    6001                      .dwattr $C$DW$337, DW_AT_type(*$C$DW$T$43)
    6002                      .dwattr $C$DW$337, DW_AT_name("rsvd1")
    6003                      .dwattr $C$DW$337, DW_AT_bit_offset(0x00)
    6004                      .dwattr $C$DW$337, DW_AT_bit_size(0x0c)
    6005                      .dwattr $C$DW$337, DW_AT_accessibility(DW_ACCESS_public)
    6006                      .dwattr $C$DW$337, DW_AT_decl_file("C:\ti\C2000Ware_MotorControl_SDK_5_04_00_00\c2000ware\device_supp
    6007                      .dwattr $C$DW$337, DW_AT_decl_line(0x64)
    6008                      .dwattr $C$DW$337, DW_AT_decl_column(0x0c)
    6009              
    6010                      .dwattr $C$DW$T$44, DW_AT_decl_file("C:\ti\C2000Ware_MotorControl_SDK_5_04_00_00\c2000ware\device_sup
    6011                      .dwattr $C$DW$T$44, DW_AT_decl_line(0x5f)
    6012                      .dwattr $C$DW$T$44, DW_AT_decl_column(0x08)
    6013                      .dwendtag $C$DW$T$44
    6014              
    6015                      .dwendtag $C$DW$TU$44
    6016              
    6017              
    6018              $C$DW$TU$45     .dwtag  DW_TAG_type_unit
    6019                      .dwmtype  $C$DW$T$45
    6020              
    6021              $C$DW$T$45      .dwtag  DW_TAG_union_type
    6022                      .dwattr $C$DW$T$45, DW_AT_name("ADCINTFLG_REG")
    6023                      .dwattr $C$DW$T$45, DW_AT_byte_size(0x01)
    6024              $C$DW$338       .dwtag  DW_TAG_member
    6025                      .dwattr $C$DW$338, DW_AT_type(*$C$DW$T$43)
    6026                      .dwattr $C$DW$338, DW_AT_name("all")
    6027                      .dwattr $C$DW$338, DW_AT_accessibility(DW_ACCESS_public)
    6028                      .dwattr $C$DW$338, DW_AT_decl_file("C:\ti\C2000Ware_MotorControl_SDK_5_04_00_00\c2000ware\device_supp
    6029                      .dwattr $C$DW$338, DW_AT_decl_line(0x68)
TMS320C2000 Assembler PC v22.6.2 Fri Jan  2 15:35:19 2026

Copyright (c) 1996-2018 Texas Instruments Incorporated
dual_axis_servo_drive_user_cpu.asm                                   PAGE  122

    6030                      .dwattr $C$DW$338, DW_AT_decl_column(0x0d)
    6031              
    6032              $C$DW$339       .dwtag  DW_TAG_member
    6033                      .dwattr $C$DW$339, DW_AT_type(*$C$DW$T$44)
    6034                      .dwattr $C$DW$339, DW_AT_name("bit")
    6035                      .dwattr $C$DW$339, DW_AT_accessibility(DW_ACCESS_public)
    6036                      .dwattr $C$DW$339, DW_AT_decl_file("C:\ti\C2000Ware_MotorControl_SDK_5_04_00_00\c2000ware\device_supp
    6037                      .dwattr $C$DW$339, DW_AT_decl_line(0x69)
    6038                      .dwattr $C$DW$339, DW_AT_decl_column(0x1d)
    6039              
    6040                      .dwattr $C$DW$T$45, DW_AT_decl_file("C:\ti\C2000Ware_MotorControl_SDK_5_04_00_00\c2000ware\device_sup
    6041                      .dwattr $C$DW$T$45, DW_AT_decl_line(0x67)
    6042                      .dwattr $C$DW$T$45, DW_AT_decl_column(0x07)
    6043                      .dwendtag $C$DW$T$45
    6044              
    6045                      .dwendtag $C$DW$TU$45
    6046              
    6047              
    6048              $C$DW$TU$102    .dwtag  DW_TAG_type_unit
    6049                      .dwmtype  $C$DW$T$102
    6050              $C$DW$340       .dwtag  DW_TAG_TI_far_type
    6051                      .dwattr $C$DW$340, DW_AT_type(*$C$DW$T$45)
    6052              
    6053              $C$DW$T$102     .dwtag  DW_TAG_volatile_type
    6054                      .dwattr $C$DW$T$102, DW_AT_type(*$C$DW$340)
    6055              
    6056                      .dwendtag $C$DW$TU$102
    6057              
    6058              
    6059              $C$DW$TU$103    .dwtag  DW_TAG_type_unit
    6060                      .dwmtype  $C$DW$T$103
    6061              $C$DW$T$103     .dwtag  DW_TAG_pointer_type
    6062                      .dwattr $C$DW$T$103, DW_AT_type(*$C$DW$T$102)
    6063                      .dwattr $C$DW$T$103, DW_AT_address_class(0x20)
    6064              
    6065                      .dwendtag $C$DW$TU$103
    6066              
    6067              
    6068              $C$DW$TU$48     .dwtag  DW_TAG_type_unit
    6069                      .dwmtype  $C$DW$T$48
    6070              
    6071              $C$DW$T$48      .dwtag  DW_TAG_structure_type
    6072                      .dwattr $C$DW$T$48, DW_AT_name("EQEP_REGS")
    6073                      .dwattr $C$DW$T$48, DW_AT_byte_size(0x38)
    6074              $C$DW$341       .dwtag  DW_TAG_member
    6075                      .dwattr $C$DW$341, DW_AT_type(*$C$DW$T$46)
    6076                      .dwattr $C$DW$341, DW_AT_name("QPOSCNT")
    6077                      .dwattr $C$DW$341, DW_AT_accessibility(DW_ACCESS_public)
    6078                      .dwattr $C$DW$341, DW_AT_decl_file("C:\ti\C2000Ware_MotorControl_SDK_5_04_00_00\c2000ware\device_supp
    6079                      .dwattr $C$DW$341, DW_AT_decl_line(0x10d)
    6080                      .dwattr $C$DW$341, DW_AT_decl_column(0x2e)
    6081              
    6082              $C$DW$342       .dwtag  DW_TAG_member
    6083                      .dwattr $C$DW$342, DW_AT_type(*$C$DW$T$46)
    6084                      .dwattr $C$DW$342, DW_AT_name("QPOSINIT")
TMS320C2000 Assembler PC v22.6.2 Fri Jan  2 15:35:19 2026

Copyright (c) 1996-2018 Texas Instruments Incorporated
dual_axis_servo_drive_user_cpu.asm                                   PAGE  123

    6085                      .dwattr $C$DW$342, DW_AT_data_member_location[DW_OP_plus_uconst 0x2]
    6086                      .dwattr $C$DW$342, DW_AT_accessibility(DW_ACCESS_public)
    6087                      .dwattr $C$DW$342, DW_AT_decl_file("C:\ti\C2000Ware_MotorControl_SDK_5_04_00_00\c2000ware\device_supp
    6088                      .dwattr $C$DW$342, DW_AT_decl_line(0x10e)
    6089                      .dwattr $C$DW$342, DW_AT_decl_column(0x2e)
    6090              
    6091              $C$DW$343       .dwtag  DW_TAG_member
    6092                      .dwattr $C$DW$343, DW_AT_type(*$C$DW$T$46)
    6093                      .dwattr $C$DW$343, DW_AT_name("QPOSMAX")
    6094                      .dwattr $C$DW$343, DW_AT_data_member_location[DW_OP_plus_uconst 0x4]
    6095                      .dwattr $C$DW$343, DW_AT_accessibility(DW_ACCESS_public)
    6096                      .dwattr $C$DW$343, DW_AT_decl_file("C:\ti\C2000Ware_MotorControl_SDK_5_04_00_00\c2000ware\device_supp
    6097                      .dwattr $C$DW$343, DW_AT_decl_line(0x10f)
    6098                      .dwattr $C$DW$343, DW_AT_decl_column(0x2e)
    6099              
    6100              $C$DW$344       .dwtag  DW_TAG_member
    6101                      .dwattr $C$DW$344, DW_AT_type(*$C$DW$T$46)
    6102                      .dwattr $C$DW$344, DW_AT_name("QPOSCMP")
    6103                      .dwattr $C$DW$344, DW_AT_data_member_location[DW_OP_plus_uconst 0x6]
    6104                      .dwattr $C$DW$344, DW_AT_accessibility(DW_ACCESS_public)
    6105                      .dwattr $C$DW$344, DW_AT_decl_file("C:\ti\C2000Ware_MotorControl_SDK_5_04_00_00\c2000ware\device_supp
    6106                      .dwattr $C$DW$344, DW_AT_decl_line(0x110)
    6107                      .dwattr $C$DW$344, DW_AT_decl_column(0x2e)
    6108              
    6109              $C$DW$345       .dwtag  DW_TAG_member
    6110                      .dwattr $C$DW$345, DW_AT_type(*$C$DW$T$46)
    6111                      .dwattr $C$DW$345, DW_AT_name("QPOSILAT")
    6112                      .dwattr $C$DW$345, DW_AT_data_member_location[DW_OP_plus_uconst 0x8]
    6113                      .dwattr $C$DW$345, DW_AT_accessibility(DW_ACCESS_public)
    6114                      .dwattr $C$DW$345, DW_AT_decl_file("C:\ti\C2000Ware_MotorControl_SDK_5_04_00_00\c2000ware\device_supp
    6115                      .dwattr $C$DW$345, DW_AT_decl_line(0x111)
    6116                      .dwattr $C$DW$345, DW_AT_decl_column(0x2e)
    6117              
    6118              $C$DW$346       .dwtag  DW_TAG_member
    6119                      .dwattr $C$DW$346, DW_AT_type(*$C$DW$T$46)
    6120                      .dwattr $C$DW$346, DW_AT_name("QPOSSLAT")
    6121                      .dwattr $C$DW$346, DW_AT_data_member_location[DW_OP_plus_uconst 0xa]
    6122                      .dwattr $C$DW$346, DW_AT_accessibility(DW_ACCESS_public)
    6123                      .dwattr $C$DW$346, DW_AT_decl_file("C:\ti\C2000Ware_MotorControl_SDK_5_04_00_00\c2000ware\device_supp
    6124                      .dwattr $C$DW$346, DW_AT_decl_line(0x112)
    6125                      .dwattr $C$DW$346, DW_AT_decl_column(0x2e)
    6126              
    6127              $C$DW$347       .dwtag  DW_TAG_member
    6128                      .dwattr $C$DW$347, DW_AT_type(*$C$DW$T$46)
    6129                      .dwattr $C$DW$347, DW_AT_name("QPOSLAT")
    6130                      .dwattr $C$DW$347, DW_AT_data_member_location[DW_OP_plus_uconst 0xc]
    6131                      .dwattr $C$DW$347, DW_AT_accessibility(DW_ACCESS_public)
    6132                      .dwattr $C$DW$347, DW_AT_decl_file("C:\ti\C2000Ware_MotorControl_SDK_5_04_00_00\c2000ware\device_supp
    6133                      .dwattr $C$DW$347, DW_AT_decl_line(0x113)
    6134                      .dwattr $C$DW$347, DW_AT_decl_column(0x2e)
    6135              
    6136              $C$DW$348       .dwtag  DW_TAG_member
    6137                      .dwattr $C$DW$348, DW_AT_type(*$C$DW$T$46)
    6138                      .dwattr $C$DW$348, DW_AT_name("QUTMR")
    6139                      .dwattr $C$DW$348, DW_AT_data_member_location[DW_OP_plus_uconst 0xe]
TMS320C2000 Assembler PC v22.6.2 Fri Jan  2 15:35:19 2026

Copyright (c) 1996-2018 Texas Instruments Incorporated
dual_axis_servo_drive_user_cpu.asm                                   PAGE  124

    6140                      .dwattr $C$DW$348, DW_AT_accessibility(DW_ACCESS_public)
    6141                      .dwattr $C$DW$348, DW_AT_decl_file("C:\ti\C2000Ware_MotorControl_SDK_5_04_00_00\c2000ware\device_supp
    6142                      .dwattr $C$DW$348, DW_AT_decl_line(0x114)
    6143                      .dwattr $C$DW$348, DW_AT_decl_column(0x2e)
    6144              
    6145              $C$DW$349       .dwtag  DW_TAG_member
    6146                      .dwattr $C$DW$349, DW_AT_type(*$C$DW$T$46)
    6147                      .dwattr $C$DW$349, DW_AT_name("QUPRD")
    6148                      .dwattr $C$DW$349, DW_AT_data_member_location[DW_OP_plus_uconst 0x10]
    6149                      .dwattr $C$DW$349, DW_AT_accessibility(DW_ACCESS_public)
    6150                      .dwattr $C$DW$349, DW_AT_decl_file("C:\ti\C2000Ware_MotorControl_SDK_5_04_00_00\c2000ware\device_supp
    6151                      .dwattr $C$DW$349, DW_AT_decl_line(0x115)
    6152                      .dwattr $C$DW$349, DW_AT_decl_column(0x2e)
    6153              
    6154              $C$DW$350       .dwtag  DW_TAG_member
    6155                      .dwattr $C$DW$350, DW_AT_type(*$C$DW$T$43)
    6156                      .dwattr $C$DW$350, DW_AT_name("QWDTMR")
    6157                      .dwattr $C$DW$350, DW_AT_data_member_location[DW_OP_plus_uconst 0x12]
    6158                      .dwattr $C$DW$350, DW_AT_accessibility(DW_ACCESS_public)
    6159                      .dwattr $C$DW$350, DW_AT_decl_file("C:\ti\C2000Ware_MotorControl_SDK_5_04_00_00\c2000ware\device_supp
    6160                      .dwattr $C$DW$350, DW_AT_decl_line(0x116)
    6161                      .dwattr $C$DW$350, DW_AT_decl_column(0x2e)
    6162              
    6163              $C$DW$351       .dwtag  DW_TAG_member
    6164                      .dwattr $C$DW$351, DW_AT_type(*$C$DW$T$43)
    6165                      .dwattr $C$DW$351, DW_AT_name("QWDPRD")
    6166                      .dwattr $C$DW$351, DW_AT_data_member_location[DW_OP_plus_uconst 0x13]
    6167                      .dwattr $C$DW$351, DW_AT_accessibility(DW_ACCESS_public)
    6168                      .dwattr $C$DW$351, DW_AT_decl_file("C:\ti\C2000Ware_MotorControl_SDK_5_04_00_00\c2000ware\device_supp
    6169                      .dwattr $C$DW$351, DW_AT_decl_line(0x117)
    6170                      .dwattr $C$DW$351, DW_AT_decl_column(0x2e)
    6171              
    6172              $C$DW$352       .dwtag  DW_TAG_member
    6173                      .dwattr $C$DW$352, DW_AT_type(*$C$DW$T$55)
    6174                      .dwattr $C$DW$352, DW_AT_name("QDECCTL")
    6175                      .dwattr $C$DW$352, DW_AT_data_member_location[DW_OP_plus_uconst 0x14]
    6176                      .dwattr $C$DW$352, DW_AT_accessibility(DW_ACCESS_public)
    6177                      .dwattr $C$DW$352, DW_AT_decl_file("C:\ti\C2000Ware_MotorControl_SDK_5_04_00_00\c2000ware\device_supp
    6178                      .dwattr $C$DW$352, DW_AT_decl_line(0x118)
    6179                      .dwattr $C$DW$352, DW_AT_decl_column(0x2e)
    6180              
    6181              $C$DW$353       .dwtag  DW_TAG_member
    6182                      .dwattr $C$DW$353, DW_AT_type(*$C$DW$T$59)
    6183                      .dwattr $C$DW$353, DW_AT_name("QEPCTL")
    6184                      .dwattr $C$DW$353, DW_AT_data_member_location[DW_OP_plus_uconst 0x15]
    6185                      .dwattr $C$DW$353, DW_AT_accessibility(DW_ACCESS_public)
    6186                      .dwattr $C$DW$353, DW_AT_decl_file("C:\ti\C2000Ware_MotorControl_SDK_5_04_00_00\c2000ware\device_supp
    6187                      .dwattr $C$DW$353, DW_AT_decl_line(0x119)
    6188                      .dwattr $C$DW$353, DW_AT_decl_column(0x2e)
    6189              
    6190              $C$DW$354       .dwtag  DW_TAG_member
    6191                      .dwattr $C$DW$354, DW_AT_type(*$C$DW$T$51)
    6192                      .dwattr $C$DW$354, DW_AT_name("QCAPCTL")
    6193                      .dwattr $C$DW$354, DW_AT_data_member_location[DW_OP_plus_uconst 0x16]
    6194                      .dwattr $C$DW$354, DW_AT_accessibility(DW_ACCESS_public)
TMS320C2000 Assembler PC v22.6.2 Fri Jan  2 15:35:19 2026

Copyright (c) 1996-2018 Texas Instruments Incorporated
dual_axis_servo_drive_user_cpu.asm                                   PAGE  125

    6195                      .dwattr $C$DW$354, DW_AT_decl_file("C:\ti\C2000Ware_MotorControl_SDK_5_04_00_00\c2000ware\device_supp
    6196                      .dwattr $C$DW$354, DW_AT_decl_line(0x11a)
    6197                      .dwattr $C$DW$354, DW_AT_decl_column(0x2e)
    6198              
    6199              $C$DW$355       .dwtag  DW_TAG_member
    6200                      .dwattr $C$DW$355, DW_AT_type(*$C$DW$T$73)
    6201                      .dwattr $C$DW$355, DW_AT_name("QPOSCTL")
    6202                      .dwattr $C$DW$355, DW_AT_data_member_location[DW_OP_plus_uconst 0x17]
    6203                      .dwattr $C$DW$355, DW_AT_accessibility(DW_ACCESS_public)
    6204                      .dwattr $C$DW$355, DW_AT_decl_file("C:\ti\C2000Ware_MotorControl_SDK_5_04_00_00\c2000ware\device_supp
    6205                      .dwattr $C$DW$355, DW_AT_decl_line(0x11b)
    6206                      .dwattr $C$DW$355, DW_AT_decl_column(0x2e)
    6207              
    6208              $C$DW$356       .dwtag  DW_TAG_member
    6209                      .dwattr $C$DW$356, DW_AT_type(*$C$DW$T$57)
    6210                      .dwattr $C$DW$356, DW_AT_name("QEINT")
    6211                      .dwattr $C$DW$356, DW_AT_data_member_location[DW_OP_plus_uconst 0x18]
    6212                      .dwattr $C$DW$356, DW_AT_accessibility(DW_ACCESS_public)
    6213                      .dwattr $C$DW$356, DW_AT_decl_file("C:\ti\C2000Ware_MotorControl_SDK_5_04_00_00\c2000ware\device_supp
    6214                      .dwattr $C$DW$356, DW_AT_decl_line(0x11c)
    6215                      .dwattr $C$DW$356, DW_AT_decl_column(0x2e)
    6216              
    6217              $C$DW$357       .dwtag  DW_TAG_member
    6218                      .dwattr $C$DW$357, DW_AT_type(*$C$DW$T$67)
    6219                      .dwattr $C$DW$357, DW_AT_name("QFLG")
    6220                      .dwattr $C$DW$357, DW_AT_data_member_location[DW_OP_plus_uconst 0x19]
    6221                      .dwattr $C$DW$357, DW_AT_accessibility(DW_ACCESS_public)
    6222                      .dwattr $C$DW$357, DW_AT_decl_file("C:\ti\C2000Ware_MotorControl_SDK_5_04_00_00\c2000ware\device_supp
    6223                      .dwattr $C$DW$357, DW_AT_decl_line(0x11d)
    6224                      .dwattr $C$DW$357, DW_AT_decl_column(0x2e)
    6225              
    6226              $C$DW$358       .dwtag  DW_TAG_member
    6227                      .dwattr $C$DW$358, DW_AT_type(*$C$DW$T$53)
    6228                      .dwattr $C$DW$358, DW_AT_name("QCLR")
    6229                      .dwattr $C$DW$358, DW_AT_data_member_location[DW_OP_plus_uconst 0x1a]
    6230                      .dwattr $C$DW$358, DW_AT_accessibility(DW_ACCESS_public)
    6231                      .dwattr $C$DW$358, DW_AT_decl_file("C:\ti\C2000Ware_MotorControl_SDK_5_04_00_00\c2000ware\device_supp
    6232                      .dwattr $C$DW$358, DW_AT_decl_line(0x11e)
    6233                      .dwattr $C$DW$358, DW_AT_decl_column(0x2e)
    6234              
    6235              $C$DW$359       .dwtag  DW_TAG_member
    6236                      .dwattr $C$DW$359, DW_AT_type(*$C$DW$T$69)
    6237                      .dwattr $C$DW$359, DW_AT_name("QFRC")
    6238                      .dwattr $C$DW$359, DW_AT_data_member_location[DW_OP_plus_uconst 0x1b]
    6239                      .dwattr $C$DW$359, DW_AT_accessibility(DW_ACCESS_public)
    6240                      .dwattr $C$DW$359, DW_AT_decl_file("C:\ti\C2000Ware_MotorControl_SDK_5_04_00_00\c2000ware\device_supp
    6241                      .dwattr $C$DW$359, DW_AT_decl_line(0x11f)
    6242                      .dwattr $C$DW$359, DW_AT_decl_column(0x2e)
    6243              
    6244              $C$DW$360       .dwtag  DW_TAG_member
    6245                      .dwattr $C$DW$360, DW_AT_type(*$C$DW$T$65)
    6246                      .dwattr $C$DW$360, DW_AT_name("QEPSTS")
    6247                      .dwattr $C$DW$360, DW_AT_data_member_location[DW_OP_plus_uconst 0x1c]
    6248                      .dwattr $C$DW$360, DW_AT_accessibility(DW_ACCESS_public)
    6249                      .dwattr $C$DW$360, DW_AT_decl_file("C:\ti\C2000Ware_MotorControl_SDK_5_04_00_00\c2000ware\device_supp
TMS320C2000 Assembler PC v22.6.2 Fri Jan  2 15:35:19 2026

Copyright (c) 1996-2018 Texas Instruments Incorporated
dual_axis_servo_drive_user_cpu.asm                                   PAGE  126

    6250                      .dwattr $C$DW$360, DW_AT_decl_line(0x120)
    6251                      .dwattr $C$DW$360, DW_AT_decl_column(0x2e)
    6252              
    6253              $C$DW$361       .dwtag  DW_TAG_member
    6254                      .dwattr $C$DW$361, DW_AT_type(*$C$DW$T$43)
    6255                      .dwattr $C$DW$361, DW_AT_name("QCTMR")
    6256                      .dwattr $C$DW$361, DW_AT_data_member_location[DW_OP_plus_uconst 0x1d]
    6257                      .dwattr $C$DW$361, DW_AT_accessibility(DW_ACCESS_public)
    6258                      .dwattr $C$DW$361, DW_AT_decl_file("C:\ti\C2000Ware_MotorControl_SDK_5_04_00_00\c2000ware\device_supp
    6259                      .dwattr $C$DW$361, DW_AT_decl_line(0x121)
    6260                      .dwattr $C$DW$361, DW_AT_decl_column(0x2e)
    6261              
    6262              $C$DW$362       .dwtag  DW_TAG_member
    6263                      .dwattr $C$DW$362, DW_AT_type(*$C$DW$T$43)
    6264                      .dwattr $C$DW$362, DW_AT_name("QCPRD")
    6265                      .dwattr $C$DW$362, DW_AT_data_member_location[DW_OP_plus_uconst 0x1e]
    6266                      .dwattr $C$DW$362, DW_AT_accessibility(DW_ACCESS_public)
    6267                      .dwattr $C$DW$362, DW_AT_decl_file("C:\ti\C2000Ware_MotorControl_SDK_5_04_00_00\c2000ware\device_supp
    6268                      .dwattr $C$DW$362, DW_AT_decl_line(0x122)
    6269                      .dwattr $C$DW$362, DW_AT_decl_column(0x2e)
    6270              
    6271              $C$DW$363       .dwtag  DW_TAG_member
    6272                      .dwattr $C$DW$363, DW_AT_type(*$C$DW$T$43)
    6273                      .dwattr $C$DW$363, DW_AT_name("QCTMRLAT")
    6274                      .dwattr $C$DW$363, DW_AT_data_member_location[DW_OP_plus_uconst 0x1f]
    6275                      .dwattr $C$DW$363, DW_AT_accessibility(DW_ACCESS_public)
    6276                      .dwattr $C$DW$363, DW_AT_decl_file("C:\ti\C2000Ware_MotorControl_SDK_5_04_00_00\c2000ware\device_supp
    6277                      .dwattr $C$DW$363, DW_AT_decl_line(0x123)
    6278                      .dwattr $C$DW$363, DW_AT_decl_column(0x2e)
    6279              
    6280              $C$DW$364       .dwtag  DW_TAG_member
    6281                      .dwattr $C$DW$364, DW_AT_type(*$C$DW$T$43)
    6282                      .dwattr $C$DW$364, DW_AT_name("QCPRDLAT")
    6283                      .dwattr $C$DW$364, DW_AT_data_member_location[DW_OP_plus_uconst 0x20]
    6284                      .dwattr $C$DW$364, DW_AT_accessibility(DW_ACCESS_public)
    6285                      .dwattr $C$DW$364, DW_AT_decl_file("C:\ti\C2000Ware_MotorControl_SDK_5_04_00_00\c2000ware\device_supp
    6286                      .dwattr $C$DW$364, DW_AT_decl_line(0x124)
    6287                      .dwattr $C$DW$364, DW_AT_decl_column(0x2e)
    6288              
    6289              $C$DW$365       .dwtag  DW_TAG_member
    6290                      .dwattr $C$DW$365, DW_AT_type(*$C$DW$T$47)
    6291                      .dwattr $C$DW$365, DW_AT_name("rsvd1")
    6292                      .dwattr $C$DW$365, DW_AT_data_member_location[DW_OP_plus_uconst 0x21]
    6293                      .dwattr $C$DW$365, DW_AT_accessibility(DW_ACCESS_public)
    6294                      .dwattr $C$DW$365, DW_AT_decl_file("C:\ti\C2000Ware_MotorControl_SDK_5_04_00_00\c2000ware\device_supp
    6295                      .dwattr $C$DW$365, DW_AT_decl_line(0x125)
    6296                      .dwattr $C$DW$365, DW_AT_decl_column(0x2e)
    6297              
    6298              $C$DW$366       .dwtag  DW_TAG_member
    6299                      .dwattr $C$DW$366, DW_AT_type(*$C$DW$T$75)
    6300                      .dwattr $C$DW$366, DW_AT_name("REV")
    6301                      .dwattr $C$DW$366, DW_AT_data_member_location[DW_OP_plus_uconst 0x30]
    6302                      .dwattr $C$DW$366, DW_AT_accessibility(DW_ACCESS_public)
    6303                      .dwattr $C$DW$366, DW_AT_decl_file("C:\ti\C2000Ware_MotorControl_SDK_5_04_00_00\c2000ware\device_supp
    6304                      .dwattr $C$DW$366, DW_AT_decl_line(0x126)
TMS320C2000 Assembler PC v22.6.2 Fri Jan  2 15:35:19 2026

Copyright (c) 1996-2018 Texas Instruments Incorporated
dual_axis_servo_drive_user_cpu.asm                                   PAGE  127

    6305                      .dwattr $C$DW$366, DW_AT_decl_column(0x2e)
    6306              
    6307              $C$DW$367       .dwtag  DW_TAG_member
    6308                      .dwattr $C$DW$367, DW_AT_type(*$C$DW$T$63)
    6309                      .dwattr $C$DW$367, DW_AT_name("QEPSTROBESEL")
    6310                      .dwattr $C$DW$367, DW_AT_data_member_location[DW_OP_plus_uconst 0x32]
    6311                      .dwattr $C$DW$367, DW_AT_accessibility(DW_ACCESS_public)
    6312                      .dwattr $C$DW$367, DW_AT_decl_file("C:\ti\C2000Ware_MotorControl_SDK_5_04_00_00\c2000ware\device_supp
    6313                      .dwattr $C$DW$367, DW_AT_decl_line(0x127)
    6314                      .dwattr $C$DW$367, DW_AT_decl_column(0x2e)
    6315              
    6316              $C$DW$368       .dwtag  DW_TAG_member
    6317                      .dwattr $C$DW$368, DW_AT_type(*$C$DW$T$71)
    6318                      .dwattr $C$DW$368, DW_AT_name("QMACTRL")
    6319                      .dwattr $C$DW$368, DW_AT_data_member_location[DW_OP_plus_uconst 0x34]
    6320                      .dwattr $C$DW$368, DW_AT_accessibility(DW_ACCESS_public)
    6321                      .dwattr $C$DW$368, DW_AT_decl_file("C:\ti\C2000Ware_MotorControl_SDK_5_04_00_00\c2000ware\device_supp
    6322                      .dwattr $C$DW$368, DW_AT_decl_line(0x128)
    6323                      .dwattr $C$DW$368, DW_AT_decl_column(0x2e)
    6324              
    6325              $C$DW$369       .dwtag  DW_TAG_member
    6326                      .dwattr $C$DW$369, DW_AT_type(*$C$DW$T$61)
    6327                      .dwattr $C$DW$369, DW_AT_name("QEPSRCSEL")
    6328                      .dwattr $C$DW$369, DW_AT_data_member_location[DW_OP_plus_uconst 0x36]
    6329                      .dwattr $C$DW$369, DW_AT_accessibility(DW_ACCESS_public)
    6330                      .dwattr $C$DW$369, DW_AT_decl_file("C:\ti\C2000Ware_MotorControl_SDK_5_04_00_00\c2000ware\device_supp
    6331                      .dwattr $C$DW$369, DW_AT_decl_line(0x129)
    6332                      .dwattr $C$DW$369, DW_AT_decl_column(0x2e)
    6333              
    6334                      .dwattr $C$DW$T$48, DW_AT_decl_file("C:\ti\C2000Ware_MotorControl_SDK_5_04_00_00\c2000ware\device_sup
    6335                      .dwattr $C$DW$T$48, DW_AT_decl_line(0x10c)
    6336                      .dwattr $C$DW$T$48, DW_AT_decl_column(0x08)
    6337                      .dwendtag $C$DW$T$48
    6338              
    6339                      .dwendtag $C$DW$TU$48
    6340              
    6341              
    6342              $C$DW$TU$104    .dwtag  DW_TAG_type_unit
    6343                      .dwmtype  $C$DW$T$104
    6344              $C$DW$370       .dwtag  DW_TAG_TI_far_type
    6345                      .dwattr $C$DW$370, DW_AT_type(*$C$DW$T$48)
    6346              
    6347              $C$DW$T$104     .dwtag  DW_TAG_volatile_type
    6348                      .dwattr $C$DW$T$104, DW_AT_type(*$C$DW$370)
    6349              
    6350                      .dwendtag $C$DW$TU$104
    6351              
    6352              
    6353              $C$DW$TU$105    .dwtag  DW_TAG_type_unit
    6354                      .dwmtype  $C$DW$T$105
    6355              $C$DW$T$105     .dwtag  DW_TAG_pointer_type
    6356                      .dwattr $C$DW$T$105, DW_AT_type(*$C$DW$T$104)
    6357                      .dwattr $C$DW$T$105, DW_AT_address_class(0x20)
    6358              
    6359                      .dwendtag $C$DW$TU$105
TMS320C2000 Assembler PC v22.6.2 Fri Jan  2 15:35:19 2026

Copyright (c) 1996-2018 Texas Instruments Incorporated
dual_axis_servo_drive_user_cpu.asm                                   PAGE  128

    6360              
    6361              
    6362              $C$DW$TU$49     .dwtag  DW_TAG_type_unit
    6363                      .dwmtype  $C$DW$T$49
    6364              
    6365              $C$DW$T$49      .dwtag  DW_TAG_structure_type
    6366                      .dwattr $C$DW$T$49, DW_AT_name("FCL_cmplxCtrl_t")
    6367                      .dwattr $C$DW$T$49, DW_AT_byte_size(0x20)
    6368              $C$DW$371       .dwtag  DW_TAG_member
    6369                      .dwattr $C$DW$371, DW_AT_type(*$C$DW$T$21)
    6370                      .dwattr $C$DW$371, DW_AT_name("ref")
    6371                      .dwattr $C$DW$371, DW_AT_accessibility(DW_ACCESS_public)
    6372                      .dwattr $C$DW$371, DW_AT_decl_file("C:/ti/C2000Ware_MotorControl_SDK_5_04_00_00/libraries/fcl/include
    6373                      .dwattr $C$DW$371, DW_AT_decl_line(0x19)
    6374                      .dwattr $C$DW$371, DW_AT_decl_column(0x10)
    6375              
    6376              $C$DW$372       .dwtag  DW_TAG_member
    6377                      .dwattr $C$DW$372, DW_AT_type(*$C$DW$T$21)
    6378                      .dwattr $C$DW$372, DW_AT_name("fbk")
    6379                      .dwattr $C$DW$372, DW_AT_data_member_location[DW_OP_plus_uconst 0x2]
    6380                      .dwattr $C$DW$372, DW_AT_accessibility(DW_ACCESS_public)
    6381                      .dwattr $C$DW$372, DW_AT_decl_file("C:/ti/C2000Ware_MotorControl_SDK_5_04_00_00/libraries/fcl/include
    6382                      .dwattr $C$DW$372, DW_AT_decl_line(0x1a)
    6383                      .dwattr $C$DW$372, DW_AT_decl_column(0x10)
    6384              
    6385              $C$DW$373       .dwtag  DW_TAG_member
    6386                      .dwattr $C$DW$373, DW_AT_type(*$C$DW$T$21)
    6387                      .dwattr $C$DW$373, DW_AT_name("err")
    6388                      .dwattr $C$DW$373, DW_AT_data_member_location[DW_OP_plus_uconst 0x4]
    6389                      .dwattr $C$DW$373, DW_AT_accessibility(DW_ACCESS_public)
    6390                      .dwattr $C$DW$373, DW_AT_decl_file("C:/ti/C2000Ware_MotorControl_SDK_5_04_00_00/libraries/fcl/include
    6391                      .dwattr $C$DW$373, DW_AT_decl_line(0x1b)
    6392                      .dwattr $C$DW$373, DW_AT_decl_column(0x10)
    6393              
    6394              $C$DW$374       .dwtag  DW_TAG_member
    6395                      .dwattr $C$DW$374, DW_AT_type(*$C$DW$T$21)
    6396                      .dwattr $C$DW$374, DW_AT_name("out")
    6397                      .dwattr $C$DW$374, DW_AT_data_member_location[DW_OP_plus_uconst 0x6]
    6398                      .dwattr $C$DW$374, DW_AT_accessibility(DW_ACCESS_public)
    6399                      .dwattr $C$DW$374, DW_AT_decl_file("C:/ti/C2000Ware_MotorControl_SDK_5_04_00_00/libraries/fcl/include
    6400                      .dwattr $C$DW$374, DW_AT_decl_line(0x1c)
    6401                      .dwattr $C$DW$374, DW_AT_decl_column(0x10)
    6402              
    6403              $C$DW$375       .dwtag  DW_TAG_member
    6404                      .dwattr $C$DW$375, DW_AT_type(*$C$DW$T$21)
    6405                      .dwattr $C$DW$375, DW_AT_name("carryOver")
    6406                      .dwattr $C$DW$375, DW_AT_data_member_location[DW_OP_plus_uconst 0x8]
    6407                      .dwattr $C$DW$375, DW_AT_accessibility(DW_ACCESS_public)
    6408                      .dwattr $C$DW$375, DW_AT_decl_file("C:/ti/C2000Ware_MotorControl_SDK_5_04_00_00/libraries/fcl/include
    6409                      .dwattr $C$DW$375, DW_AT_decl_line(0x1d)
    6410                      .dwattr $C$DW$375, DW_AT_decl_column(0x10)
    6411              
    6412              $C$DW$376       .dwtag  DW_TAG_member
    6413                      .dwattr $C$DW$376, DW_AT_type(*$C$DW$T$21)
    6414                      .dwattr $C$DW$376, DW_AT_name("Kp")
TMS320C2000 Assembler PC v22.6.2 Fri Jan  2 15:35:19 2026

Copyright (c) 1996-2018 Texas Instruments Incorporated
dual_axis_servo_drive_user_cpu.asm                                   PAGE  129

    6415                      .dwattr $C$DW$376, DW_AT_data_member_location[DW_OP_plus_uconst 0xa]
    6416                      .dwattr $C$DW$376, DW_AT_accessibility(DW_ACCESS_public)
    6417                      .dwattr $C$DW$376, DW_AT_decl_file("C:/ti/C2000Ware_MotorControl_SDK_5_04_00_00/libraries/fcl/include
    6418                      .dwattr $C$DW$376, DW_AT_decl_line(0x1e)
    6419                      .dwattr $C$DW$376, DW_AT_decl_column(0x10)
    6420              
    6421              $C$DW$377       .dwtag  DW_TAG_member
    6422                      .dwattr $C$DW$377, DW_AT_type(*$C$DW$T$21)
    6423                      .dwattr $C$DW$377, DW_AT_name("Ki")
    6424                      .dwattr $C$DW$377, DW_AT_data_member_location[DW_OP_plus_uconst 0xc]
    6425                      .dwattr $C$DW$377, DW_AT_accessibility(DW_ACCESS_public)
    6426                      .dwattr $C$DW$377, DW_AT_decl_file("C:/ti/C2000Ware_MotorControl_SDK_5_04_00_00/libraries/fcl/include
    6427                      .dwattr $C$DW$377, DW_AT_decl_line(0x1f)
    6428                      .dwattr $C$DW$377, DW_AT_decl_column(0x10)
    6429              
    6430              $C$DW$378       .dwtag  DW_TAG_member
    6431                      .dwattr $C$DW$378, DW_AT_type(*$C$DW$T$21)
    6432                      .dwattr $C$DW$378, DW_AT_name("Kerr")
    6433                      .dwattr $C$DW$378, DW_AT_data_member_location[DW_OP_plus_uconst 0xe]
    6434                      .dwattr $C$DW$378, DW_AT_accessibility(DW_ACCESS_public)
    6435                      .dwattr $C$DW$378, DW_AT_decl_file("C:/ti/C2000Ware_MotorControl_SDK_5_04_00_00/libraries/fcl/include
    6436                      .dwattr $C$DW$378, DW_AT_decl_line(0x20)
    6437                      .dwattr $C$DW$378, DW_AT_decl_column(0x10)
    6438              
    6439              $C$DW$379       .dwtag  DW_TAG_member
    6440                      .dwattr $C$DW$379, DW_AT_type(*$C$DW$T$21)
    6441                      .dwattr $C$DW$379, DW_AT_name("KerrOld")
    6442                      .dwattr $C$DW$379, DW_AT_data_member_location[DW_OP_plus_uconst 0x10]
    6443                      .dwattr $C$DW$379, DW_AT_accessibility(DW_ACCESS_public)
    6444                      .dwattr $C$DW$379, DW_AT_decl_file("C:/ti/C2000Ware_MotorControl_SDK_5_04_00_00/libraries/fcl/include
    6445                      .dwattr $C$DW$379, DW_AT_decl_line(0x21)
    6446                      .dwattr $C$DW$379, DW_AT_decl_column(0x10)
    6447              
    6448              $C$DW$380       .dwtag  DW_TAG_member
    6449                      .dwattr $C$DW$380, DW_AT_type(*$C$DW$T$21)
    6450                      .dwattr $C$DW$380, DW_AT_name("Umax")
    6451                      .dwattr $C$DW$380, DW_AT_data_member_location[DW_OP_plus_uconst 0x12]
    6452                      .dwattr $C$DW$380, DW_AT_accessibility(DW_ACCESS_public)
    6453                      .dwattr $C$DW$380, DW_AT_decl_file("C:/ti/C2000Ware_MotorControl_SDK_5_04_00_00/libraries/fcl/include
    6454                      .dwattr $C$DW$380, DW_AT_decl_line(0x22)
    6455                      .dwattr $C$DW$380, DW_AT_decl_column(0x10)
    6456              
    6457              $C$DW$381       .dwtag  DW_TAG_member
    6458                      .dwattr $C$DW$381, DW_AT_type(*$C$DW$T$21)
    6459                      .dwattr $C$DW$381, DW_AT_name("Umin")
    6460                      .dwattr $C$DW$381, DW_AT_data_member_location[DW_OP_plus_uconst 0x14]
    6461                      .dwattr $C$DW$381, DW_AT_accessibility(DW_ACCESS_public)
    6462                      .dwattr $C$DW$381, DW_AT_decl_file("C:/ti/C2000Ware_MotorControl_SDK_5_04_00_00/libraries/fcl/include
    6463                      .dwattr $C$DW$381, DW_AT_decl_line(0x23)
    6464                      .dwattr $C$DW$381, DW_AT_decl_column(0x10)
    6465              
    6466              $C$DW$382       .dwtag  DW_TAG_member
    6467                      .dwattr $C$DW$382, DW_AT_type(*$C$DW$T$21)
    6468                      .dwattr $C$DW$382, DW_AT_name("cosWTs")
    6469                      .dwattr $C$DW$382, DW_AT_data_member_location[DW_OP_plus_uconst 0x16]
TMS320C2000 Assembler PC v22.6.2 Fri Jan  2 15:35:19 2026

Copyright (c) 1996-2018 Texas Instruments Incorporated
dual_axis_servo_drive_user_cpu.asm                                   PAGE  130

    6470                      .dwattr $C$DW$382, DW_AT_accessibility(DW_ACCESS_public)
    6471                      .dwattr $C$DW$382, DW_AT_decl_file("C:/ti/C2000Ware_MotorControl_SDK_5_04_00_00/libraries/fcl/include
    6472                      .dwattr $C$DW$382, DW_AT_decl_line(0x24)
    6473                      .dwattr $C$DW$382, DW_AT_decl_column(0x10)
    6474              
    6475              $C$DW$383       .dwtag  DW_TAG_member
    6476                      .dwattr $C$DW$383, DW_AT_type(*$C$DW$T$21)
    6477                      .dwattr $C$DW$383, DW_AT_name("sinWTs")
    6478                      .dwattr $C$DW$383, DW_AT_data_member_location[DW_OP_plus_uconst 0x18]
    6479                      .dwattr $C$DW$383, DW_AT_accessibility(DW_ACCESS_public)
    6480                      .dwattr $C$DW$383, DW_AT_decl_file("C:/ti/C2000Ware_MotorControl_SDK_5_04_00_00/libraries/fcl/include
    6481                      .dwattr $C$DW$383, DW_AT_decl_line(0x25)
    6482                      .dwattr $C$DW$383, DW_AT_decl_column(0x10)
    6483              
    6484              $C$DW$384       .dwtag  DW_TAG_member
    6485                      .dwattr $C$DW$384, DW_AT_type(*$C$DW$T$21)
    6486                      .dwattr $C$DW$384, DW_AT_name("expVal")
    6487                      .dwattr $C$DW$384, DW_AT_data_member_location[DW_OP_plus_uconst 0x1a]
    6488                      .dwattr $C$DW$384, DW_AT_accessibility(DW_ACCESS_public)
    6489                      .dwattr $C$DW$384, DW_AT_decl_file("C:/ti/C2000Ware_MotorControl_SDK_5_04_00_00/libraries/fcl/include
    6490                      .dwattr $C$DW$384, DW_AT_decl_line(0x26)
    6491                      .dwattr $C$DW$384, DW_AT_decl_column(0x10)
    6492              
    6493              $C$DW$385       .dwtag  DW_TAG_member
    6494                      .dwattr $C$DW$385, DW_AT_type(*$C$DW$T$21)
    6495                      .dwattr $C$DW$385, DW_AT_name("kDirect")
    6496                      .dwattr $C$DW$385, DW_AT_data_member_location[DW_OP_plus_uconst 0x1c]
    6497                      .dwattr $C$DW$385, DW_AT_accessibility(DW_ACCESS_public)
    6498                      .dwattr $C$DW$385, DW_AT_decl_file("C:/ti/C2000Ware_MotorControl_SDK_5_04_00_00/libraries/fcl/include
    6499                      .dwattr $C$DW$385, DW_AT_decl_line(0x27)
    6500                      .dwattr $C$DW$385, DW_AT_decl_column(0x10)
    6501              
    6502              $C$DW$386       .dwtag  DW_TAG_member
    6503                      .dwattr $C$DW$386, DW_AT_type(*$C$DW$T$21)
    6504                      .dwattr $C$DW$386, DW_AT_name("xErr")
    6505                      .dwattr $C$DW$386, DW_AT_data_member_location[DW_OP_plus_uconst 0x1e]
    6506                      .dwattr $C$DW$386, DW_AT_accessibility(DW_ACCESS_public)
    6507                      .dwattr $C$DW$386, DW_AT_decl_file("C:/ti/C2000Ware_MotorControl_SDK_5_04_00_00/libraries/fcl/include
    6508                      .dwattr $C$DW$386, DW_AT_decl_line(0x28)
    6509                      .dwattr $C$DW$386, DW_AT_decl_column(0x10)
    6510              
    6511                      .dwattr $C$DW$T$49, DW_AT_decl_file("C:/ti/C2000Ware_MotorControl_SDK_5_04_00_00/libraries/fcl/includ
    6512                      .dwattr $C$DW$T$49, DW_AT_decl_line(0x17)
    6513                      .dwattr $C$DW$T$49, DW_AT_decl_column(0x10)
    6514                      .dwendtag $C$DW$T$49
    6515              
    6516                      .dwendtag $C$DW$TU$49
    6517              
    6518              
    6519              $C$DW$TU$98     .dwtag  DW_TAG_type_unit
    6520                      .dwmtype  $C$DW$T$98
    6521              $C$DW$T$98      .dwtag  DW_TAG_typedef
    6522                      .dwattr $C$DW$T$98, DW_AT_name("FCL_cmplxCtrl_t")
    6523                      .dwattr $C$DW$T$98, DW_AT_type(*$C$DW$T$49)
    6524                      .dwattr $C$DW$T$98, DW_AT_decl_file("C:/ti/C2000Ware_MotorControl_SDK_5_04_00_00/libraries/fcl/includ
TMS320C2000 Assembler PC v22.6.2 Fri Jan  2 15:35:19 2026

Copyright (c) 1996-2018 Texas Instruments Incorporated
dual_axis_servo_drive_user_cpu.asm                                   PAGE  131

    6525                      .dwattr $C$DW$T$98, DW_AT_decl_line(0x29)
    6526                      .dwattr $C$DW$T$98, DW_AT_decl_column(0x03)
    6527              
    6528                      .dwendtag $C$DW$TU$98
    6529              
    6530              
    6531              $C$DW$TU$50     .dwtag  DW_TAG_type_unit
    6532                      .dwmtype  $C$DW$T$50
    6533              
    6534              $C$DW$T$50      .dwtag  DW_TAG_structure_type
    6535                      .dwattr $C$DW$T$50, DW_AT_name("QCAPCTL_BITS")
    6536                      .dwattr $C$DW$T$50, DW_AT_byte_size(0x01)
    6537              $C$DW$387       .dwtag  DW_TAG_member
    6538                      .dwattr $C$DW$387, DW_AT_type(*$C$DW$T$43)
    6539                      .dwattr $C$DW$387, DW_AT_name("UPPS")
    6540                      .dwattr $C$DW$387, DW_AT_bit_offset(0x0c)
    6541                      .dwattr $C$DW$387, DW_AT_bit_size(0x04)
    6542                      .dwattr $C$DW$387, DW_AT_accessibility(DW_ACCESS_public)
    6543                      .dwattr $C$DW$387, DW_AT_decl_file("C:\ti\C2000Ware_MotorControl_SDK_5_04_00_00\c2000ware\device_supp
    6544                      .dwattr $C$DW$387, DW_AT_decl_line(0x5c)
    6545                      .dwattr $C$DW$387, DW_AT_decl_column(0x0c)
    6546              
    6547              $C$DW$388       .dwtag  DW_TAG_member
    6548                      .dwattr $C$DW$388, DW_AT_type(*$C$DW$T$43)
    6549                      .dwattr $C$DW$388, DW_AT_name("CCPS")
    6550                      .dwattr $C$DW$388, DW_AT_bit_offset(0x09)
    6551                      .dwattr $C$DW$388, DW_AT_bit_size(0x03)
    6552                      .dwattr $C$DW$388, DW_AT_accessibility(DW_ACCESS_public)
    6553                      .dwattr $C$DW$388, DW_AT_decl_file("C:\ti\C2000Ware_MotorControl_SDK_5_04_00_00\c2000ware\device_supp
    6554                      .dwattr $C$DW$388, DW_AT_decl_line(0x5d)
    6555                      .dwattr $C$DW$388, DW_AT_decl_column(0x0c)
    6556              
    6557              $C$DW$389       .dwtag  DW_TAG_member
    6558                      .dwattr $C$DW$389, DW_AT_type(*$C$DW$T$43)
    6559                      .dwattr $C$DW$389, DW_AT_name("rsvd1")
    6560                      .dwattr $C$DW$389, DW_AT_bit_offset(0x01)
    6561                      .dwattr $C$DW$389, DW_AT_bit_size(0x08)
    6562                      .dwattr $C$DW$389, DW_AT_accessibility(DW_ACCESS_public)
    6563                      .dwattr $C$DW$389, DW_AT_decl_file("C:\ti\C2000Ware_MotorControl_SDK_5_04_00_00\c2000ware\device_supp
    6564                      .dwattr $C$DW$389, DW_AT_decl_line(0x5e)
    6565                      .dwattr $C$DW$389, DW_AT_decl_column(0x0c)
    6566              
    6567              $C$DW$390       .dwtag  DW_TAG_member
    6568                      .dwattr $C$DW$390, DW_AT_type(*$C$DW$T$43)
    6569                      .dwattr $C$DW$390, DW_AT_name("CEN")
    6570                      .dwattr $C$DW$390, DW_AT_bit_offset(0x00)
    6571                      .dwattr $C$DW$390, DW_AT_bit_size(0x01)
    6572                      .dwattr $C$DW$390, DW_AT_accessibility(DW_ACCESS_public)
    6573                      .dwattr $C$DW$390, DW_AT_decl_file("C:\ti\C2000Ware_MotorControl_SDK_5_04_00_00\c2000ware\device_supp
    6574                      .dwattr $C$DW$390, DW_AT_decl_line(0x5f)
    6575                      .dwattr $C$DW$390, DW_AT_decl_column(0x0c)
    6576              
    6577                      .dwattr $C$DW$T$50, DW_AT_decl_file("C:\ti\C2000Ware_MotorControl_SDK_5_04_00_00\c2000ware\device_sup
    6578                      .dwattr $C$DW$T$50, DW_AT_decl_line(0x5b)
    6579                      .dwattr $C$DW$T$50, DW_AT_decl_column(0x08)
TMS320C2000 Assembler PC v22.6.2 Fri Jan  2 15:35:19 2026

Copyright (c) 1996-2018 Texas Instruments Incorporated
dual_axis_servo_drive_user_cpu.asm                                   PAGE  132

    6580                      .dwendtag $C$DW$T$50
    6581              
    6582                      .dwendtag $C$DW$TU$50
    6583              
    6584              
    6585              $C$DW$TU$51     .dwtag  DW_TAG_type_unit
    6586                      .dwmtype  $C$DW$T$51
    6587              
    6588              $C$DW$T$51      .dwtag  DW_TAG_union_type
    6589                      .dwattr $C$DW$T$51, DW_AT_name("QCAPCTL_REG")
    6590                      .dwattr $C$DW$T$51, DW_AT_byte_size(0x01)
    6591              $C$DW$391       .dwtag  DW_TAG_member
    6592                      .dwattr $C$DW$391, DW_AT_type(*$C$DW$T$43)
    6593                      .dwattr $C$DW$391, DW_AT_name("all")
    6594                      .dwattr $C$DW$391, DW_AT_accessibility(DW_ACCESS_public)
    6595                      .dwattr $C$DW$391, DW_AT_decl_file("C:\ti\C2000Ware_MotorControl_SDK_5_04_00_00\c2000ware\device_supp
    6596                      .dwattr $C$DW$391, DW_AT_decl_line(0x63)
    6597                      .dwattr $C$DW$391, DW_AT_decl_column(0x0d)
    6598              
    6599              $C$DW$392       .dwtag  DW_TAG_member
    6600                      .dwattr $C$DW$392, DW_AT_type(*$C$DW$T$50)
    6601                      .dwattr $C$DW$392, DW_AT_name("bit")
    6602                      .dwattr $C$DW$392, DW_AT_accessibility(DW_ACCESS_public)
    6603                      .dwattr $C$DW$392, DW_AT_decl_file("C:\ti\C2000Ware_MotorControl_SDK_5_04_00_00\c2000ware\device_supp
    6604                      .dwattr $C$DW$392, DW_AT_decl_line(0x64)
    6605                      .dwattr $C$DW$392, DW_AT_decl_column(0x1b)
    6606              
    6607                      .dwattr $C$DW$T$51, DW_AT_decl_file("C:\ti\C2000Ware_MotorControl_SDK_5_04_00_00\c2000ware\device_sup
    6608                      .dwattr $C$DW$T$51, DW_AT_decl_line(0x62)
    6609                      .dwattr $C$DW$T$51, DW_AT_decl_column(0x07)
    6610                      .dwendtag $C$DW$T$51
    6611              
    6612                      .dwendtag $C$DW$TU$51
    6613              
    6614              
    6615              $C$DW$TU$52     .dwtag  DW_TAG_type_unit
    6616                      .dwmtype  $C$DW$T$52
    6617              
    6618              $C$DW$T$52      .dwtag  DW_TAG_structure_type
    6619                      .dwattr $C$DW$T$52, DW_AT_name("QCLR_BITS")
    6620                      .dwattr $C$DW$T$52, DW_AT_byte_size(0x01)
    6621              $C$DW$393       .dwtag  DW_TAG_member
    6622                      .dwattr $C$DW$393, DW_AT_type(*$C$DW$T$43)
    6623                      .dwattr $C$DW$393, DW_AT_name("INT")
    6624                      .dwattr $C$DW$393, DW_AT_bit_offset(0x0f)
    6625                      .dwattr $C$DW$393, DW_AT_bit_size(0x01)
    6626                      .dwattr $C$DW$393, DW_AT_accessibility(DW_ACCESS_public)
    6627                      .dwattr $C$DW$393, DW_AT_decl_file("C:\ti\C2000Ware_MotorControl_SDK_5_04_00_00\c2000ware\device_supp
    6628                      .dwattr $C$DW$393, DW_AT_decl_line(0xa1)
    6629                      .dwattr $C$DW$393, DW_AT_decl_column(0x0c)
    6630              
    6631              $C$DW$394       .dwtag  DW_TAG_member
    6632                      .dwattr $C$DW$394, DW_AT_type(*$C$DW$T$43)
    6633                      .dwattr $C$DW$394, DW_AT_name("PCE")
    6634                      .dwattr $C$DW$394, DW_AT_bit_offset(0x0e)
TMS320C2000 Assembler PC v22.6.2 Fri Jan  2 15:35:19 2026

Copyright (c) 1996-2018 Texas Instruments Incorporated
dual_axis_servo_drive_user_cpu.asm                                   PAGE  133

    6635                      .dwattr $C$DW$394, DW_AT_bit_size(0x01)
    6636                      .dwattr $C$DW$394, DW_AT_accessibility(DW_ACCESS_public)
    6637                      .dwattr $C$DW$394, DW_AT_decl_file("C:\ti\C2000Ware_MotorControl_SDK_5_04_00_00\c2000ware\device_supp
    6638                      .dwattr $C$DW$394, DW_AT_decl_line(0xa2)
    6639                      .dwattr $C$DW$394, DW_AT_decl_column(0x0c)
    6640              
    6641              $C$DW$395       .dwtag  DW_TAG_member
    6642                      .dwattr $C$DW$395, DW_AT_type(*$C$DW$T$43)
    6643                      .dwattr $C$DW$395, DW_AT_name("PHE")
    6644                      .dwattr $C$DW$395, DW_AT_bit_offset(0x0d)
    6645                      .dwattr $C$DW$395, DW_AT_bit_size(0x01)
    6646                      .dwattr $C$DW$395, DW_AT_accessibility(DW_ACCESS_public)
    6647                      .dwattr $C$DW$395, DW_AT_decl_file("C:\ti\C2000Ware_MotorControl_SDK_5_04_00_00\c2000ware\device_supp
    6648                      .dwattr $C$DW$395, DW_AT_decl_line(0xa3)
    6649                      .dwattr $C$DW$395, DW_AT_decl_column(0x0c)
    6650              
    6651              $C$DW$396       .dwtag  DW_TAG_member
    6652                      .dwattr $C$DW$396, DW_AT_type(*$C$DW$T$43)
    6653                      .dwattr $C$DW$396, DW_AT_name("QDC")
    6654                      .dwattr $C$DW$396, DW_AT_bit_offset(0x0c)
    6655                      .dwattr $C$DW$396, DW_AT_bit_size(0x01)
    6656                      .dwattr $C$DW$396, DW_AT_accessibility(DW_ACCESS_public)
    6657                      .dwattr $C$DW$396, DW_AT_decl_file("C:\ti\C2000Ware_MotorControl_SDK_5_04_00_00\c2000ware\device_supp
    6658                      .dwattr $C$DW$396, DW_AT_decl_line(0xa4)
    6659                      .dwattr $C$DW$396, DW_AT_decl_column(0x0c)
    6660              
    6661              $C$DW$397       .dwtag  DW_TAG_member
    6662                      .dwattr $C$DW$397, DW_AT_type(*$C$DW$T$43)
    6663                      .dwattr $C$DW$397, DW_AT_name("WTO")
    6664                      .dwattr $C$DW$397, DW_AT_bit_offset(0x0b)
    6665                      .dwattr $C$DW$397, DW_AT_bit_size(0x01)
    6666                      .dwattr $C$DW$397, DW_AT_accessibility(DW_ACCESS_public)
    6667                      .dwattr $C$DW$397, DW_AT_decl_file("C:\ti\C2000Ware_MotorControl_SDK_5_04_00_00\c2000ware\device_supp
    6668                      .dwattr $C$DW$397, DW_AT_decl_line(0xa5)
    6669                      .dwattr $C$DW$397, DW_AT_decl_column(0x0c)
    6670              
    6671              $C$DW$398       .dwtag  DW_TAG_member
    6672                      .dwattr $C$DW$398, DW_AT_type(*$C$DW$T$43)
    6673                      .dwattr $C$DW$398, DW_AT_name("PCU")
    6674                      .dwattr $C$DW$398, DW_AT_bit_offset(0x0a)
    6675                      .dwattr $C$DW$398, DW_AT_bit_size(0x01)
    6676                      .dwattr $C$DW$398, DW_AT_accessibility(DW_ACCESS_public)
    6677                      .dwattr $C$DW$398, DW_AT_decl_file("C:\ti\C2000Ware_MotorControl_SDK_5_04_00_00\c2000ware\device_supp
    6678                      .dwattr $C$DW$398, DW_AT_decl_line(0xa6)
    6679                      .dwattr $C$DW$398, DW_AT_decl_column(0x0c)
    6680              
    6681              $C$DW$399       .dwtag  DW_TAG_member
    6682                      .dwattr $C$DW$399, DW_AT_type(*$C$DW$T$43)
    6683                      .dwattr $C$DW$399, DW_AT_name("PCO")
    6684                      .dwattr $C$DW$399, DW_AT_bit_offset(0x09)
    6685                      .dwattr $C$DW$399, DW_AT_bit_size(0x01)
    6686                      .dwattr $C$DW$399, DW_AT_accessibility(DW_ACCESS_public)
    6687                      .dwattr $C$DW$399, DW_AT_decl_file("C:\ti\C2000Ware_MotorControl_SDK_5_04_00_00\c2000ware\device_supp
    6688                      .dwattr $C$DW$399, DW_AT_decl_line(0xa7)
    6689                      .dwattr $C$DW$399, DW_AT_decl_column(0x0c)
TMS320C2000 Assembler PC v22.6.2 Fri Jan  2 15:35:19 2026

Copyright (c) 1996-2018 Texas Instruments Incorporated
dual_axis_servo_drive_user_cpu.asm                                   PAGE  134

    6690              
    6691              $C$DW$400       .dwtag  DW_TAG_member
    6692                      .dwattr $C$DW$400, DW_AT_type(*$C$DW$T$43)
    6693                      .dwattr $C$DW$400, DW_AT_name("PCR")
    6694                      .dwattr $C$DW$400, DW_AT_bit_offset(0x08)
    6695                      .dwattr $C$DW$400, DW_AT_bit_size(0x01)
    6696                      .dwattr $C$DW$400, DW_AT_accessibility(DW_ACCESS_public)
    6697                      .dwattr $C$DW$400, DW_AT_decl_file("C:\ti\C2000Ware_MotorControl_SDK_5_04_00_00\c2000ware\device_supp
    6698                      .dwattr $C$DW$400, DW_AT_decl_line(0xa8)
    6699                      .dwattr $C$DW$400, DW_AT_decl_column(0x0c)
    6700              
    6701              $C$DW$401       .dwtag  DW_TAG_member
    6702                      .dwattr $C$DW$401, DW_AT_type(*$C$DW$T$43)
    6703                      .dwattr $C$DW$401, DW_AT_name("PCM")
    6704                      .dwattr $C$DW$401, DW_AT_bit_offset(0x07)
    6705                      .dwattr $C$DW$401, DW_AT_bit_size(0x01)
    6706                      .dwattr $C$DW$401, DW_AT_accessibility(DW_ACCESS_public)
    6707                      .dwattr $C$DW$401, DW_AT_decl_file("C:\ti\C2000Ware_MotorControl_SDK_5_04_00_00\c2000ware\device_supp
    6708                      .dwattr $C$DW$401, DW_AT_decl_line(0xa9)
    6709                      .dwattr $C$DW$401, DW_AT_decl_column(0x0c)
    6710              
    6711              $C$DW$402       .dwtag  DW_TAG_member
    6712                      .dwattr $C$DW$402, DW_AT_type(*$C$DW$T$43)
    6713                      .dwattr $C$DW$402, DW_AT_name("SEL")
    6714                      .dwattr $C$DW$402, DW_AT_bit_offset(0x06)
    6715                      .dwattr $C$DW$402, DW_AT_bit_size(0x01)
    6716                      .dwattr $C$DW$402, DW_AT_accessibility(DW_ACCESS_public)
    6717                      .dwattr $C$DW$402, DW_AT_decl_file("C:\ti\C2000Ware_MotorControl_SDK_5_04_00_00\c2000ware\device_supp
    6718                      .dwattr $C$DW$402, DW_AT_decl_line(0xaa)
    6719                      .dwattr $C$DW$402, DW_AT_decl_column(0x0c)
    6720              
    6721              $C$DW$403       .dwtag  DW_TAG_member
    6722                      .dwattr $C$DW$403, DW_AT_type(*$C$DW$T$43)
    6723                      .dwattr $C$DW$403, DW_AT_name("IEL")
    6724                      .dwattr $C$DW$403, DW_AT_bit_offset(0x05)
    6725                      .dwattr $C$DW$403, DW_AT_bit_size(0x01)
    6726                      .dwattr $C$DW$403, DW_AT_accessibility(DW_ACCESS_public)
    6727                      .dwattr $C$DW$403, DW_AT_decl_file("C:\ti\C2000Ware_MotorControl_SDK_5_04_00_00\c2000ware\device_supp
    6728                      .dwattr $C$DW$403, DW_AT_decl_line(0xab)
    6729                      .dwattr $C$DW$403, DW_AT_decl_column(0x0c)
    6730              
    6731              $C$DW$404       .dwtag  DW_TAG_member
    6732                      .dwattr $C$DW$404, DW_AT_type(*$C$DW$T$43)
    6733                      .dwattr $C$DW$404, DW_AT_name("UTO")
    6734                      .dwattr $C$DW$404, DW_AT_bit_offset(0x04)
    6735                      .dwattr $C$DW$404, DW_AT_bit_size(0x01)
    6736                      .dwattr $C$DW$404, DW_AT_accessibility(DW_ACCESS_public)
    6737                      .dwattr $C$DW$404, DW_AT_decl_file("C:\ti\C2000Ware_MotorControl_SDK_5_04_00_00\c2000ware\device_supp
    6738                      .dwattr $C$DW$404, DW_AT_decl_line(0xac)
    6739                      .dwattr $C$DW$404, DW_AT_decl_column(0x0c)
    6740              
    6741              $C$DW$405       .dwtag  DW_TAG_member
    6742                      .dwattr $C$DW$405, DW_AT_type(*$C$DW$T$43)
    6743                      .dwattr $C$DW$405, DW_AT_name("QMAE")
    6744                      .dwattr $C$DW$405, DW_AT_bit_offset(0x03)
TMS320C2000 Assembler PC v22.6.2 Fri Jan  2 15:35:19 2026

Copyright (c) 1996-2018 Texas Instruments Incorporated
dual_axis_servo_drive_user_cpu.asm                                   PAGE  135

    6745                      .dwattr $C$DW$405, DW_AT_bit_size(0x01)
    6746                      .dwattr $C$DW$405, DW_AT_accessibility(DW_ACCESS_public)
    6747                      .dwattr $C$DW$405, DW_AT_decl_file("C:\ti\C2000Ware_MotorControl_SDK_5_04_00_00\c2000ware\device_supp
    6748                      .dwattr $C$DW$405, DW_AT_decl_line(0xad)
    6749                      .dwattr $C$DW$405, DW_AT_decl_column(0x0c)
    6750              
    6751              $C$DW$406       .dwtag  DW_TAG_member
    6752                      .dwattr $C$DW$406, DW_AT_type(*$C$DW$T$43)
    6753                      .dwattr $C$DW$406, DW_AT_name("rsvd1")
    6754                      .dwattr $C$DW$406, DW_AT_bit_offset(0x00)
    6755                      .dwattr $C$DW$406, DW_AT_bit_size(0x03)
    6756                      .dwattr $C$DW$406, DW_AT_accessibility(DW_ACCESS_public)
    6757                      .dwattr $C$DW$406, DW_AT_decl_file("C:\ti\C2000Ware_MotorControl_SDK_5_04_00_00\c2000ware\device_supp
    6758                      .dwattr $C$DW$406, DW_AT_decl_line(0xae)
    6759                      .dwattr $C$DW$406, DW_AT_decl_column(0x0c)
    6760              
    6761                      .dwattr $C$DW$T$52, DW_AT_decl_file("C:\ti\C2000Ware_MotorControl_SDK_5_04_00_00\c2000ware\device_sup
    6762                      .dwattr $C$DW$T$52, DW_AT_decl_line(0xa0)
    6763                      .dwattr $C$DW$T$52, DW_AT_decl_column(0x08)
    6764                      .dwendtag $C$DW$T$52
    6765              
    6766                      .dwendtag $C$DW$TU$52
    6767              
    6768              
    6769              $C$DW$TU$53     .dwtag  DW_TAG_type_unit
    6770                      .dwmtype  $C$DW$T$53
    6771              
    6772              $C$DW$T$53      .dwtag  DW_TAG_union_type
    6773                      .dwattr $C$DW$T$53, DW_AT_name("QCLR_REG")
    6774                      .dwattr $C$DW$T$53, DW_AT_byte_size(0x01)
    6775              $C$DW$407       .dwtag  DW_TAG_member
    6776                      .dwattr $C$DW$407, DW_AT_type(*$C$DW$T$43)
    6777                      .dwattr $C$DW$407, DW_AT_name("all")
    6778                      .dwattr $C$DW$407, DW_AT_accessibility(DW_ACCESS_public)
    6779                      .dwattr $C$DW$407, DW_AT_decl_file("C:\ti\C2000Ware_MotorControl_SDK_5_04_00_00\c2000ware\device_supp
    6780                      .dwattr $C$DW$407, DW_AT_decl_line(0xb2)
    6781                      .dwattr $C$DW$407, DW_AT_decl_column(0x0d)
    6782              
    6783              $C$DW$408       .dwtag  DW_TAG_member
    6784                      .dwattr $C$DW$408, DW_AT_type(*$C$DW$T$52)
    6785                      .dwattr $C$DW$408, DW_AT_name("bit")
    6786                      .dwattr $C$DW$408, DW_AT_accessibility(DW_ACCESS_public)
    6787                      .dwattr $C$DW$408, DW_AT_decl_file("C:\ti\C2000Ware_MotorControl_SDK_5_04_00_00\c2000ware\device_supp
    6788                      .dwattr $C$DW$408, DW_AT_decl_line(0xb3)
    6789                      .dwattr $C$DW$408, DW_AT_decl_column(0x18)
    6790              
    6791                      .dwattr $C$DW$T$53, DW_AT_decl_file("C:\ti\C2000Ware_MotorControl_SDK_5_04_00_00\c2000ware\device_sup
    6792                      .dwattr $C$DW$T$53, DW_AT_decl_line(0xb1)
    6793                      .dwattr $C$DW$T$53, DW_AT_decl_column(0x07)
    6794                      .dwendtag $C$DW$T$53
    6795              
    6796                      .dwendtag $C$DW$TU$53
    6797              
    6798              
    6799              $C$DW$TU$54     .dwtag  DW_TAG_type_unit
TMS320C2000 Assembler PC v22.6.2 Fri Jan  2 15:35:19 2026

Copyright (c) 1996-2018 Texas Instruments Incorporated
dual_axis_servo_drive_user_cpu.asm                                   PAGE  136

    6800                      .dwmtype  $C$DW$T$54
    6801              
    6802              $C$DW$T$54      .dwtag  DW_TAG_structure_type
    6803                      .dwattr $C$DW$T$54, DW_AT_name("QDECCTL_BITS")
    6804                      .dwattr $C$DW$T$54, DW_AT_byte_size(0x01)
    6805              $C$DW$409       .dwtag  DW_TAG_member
    6806                      .dwattr $C$DW$409, DW_AT_type(*$C$DW$T$43)
    6807                      .dwattr $C$DW$409, DW_AT_name("QIDIRE")
    6808                      .dwattr $C$DW$409, DW_AT_bit_offset(0x0f)
    6809                      .dwattr $C$DW$409, DW_AT_bit_size(0x01)
    6810                      .dwattr $C$DW$409, DW_AT_accessibility(DW_ACCESS_public)
    6811                      .dwattr $C$DW$409, DW_AT_decl_file("C:\ti\C2000Ware_MotorControl_SDK_5_04_00_00\c2000ware\device_supp
    6812                      .dwattr $C$DW$409, DW_AT_decl_line(0x35)
    6813                      .dwattr $C$DW$409, DW_AT_decl_column(0x0c)
    6814              
    6815              $C$DW$410       .dwtag  DW_TAG_member
    6816                      .dwattr $C$DW$410, DW_AT_type(*$C$DW$T$43)
    6817                      .dwattr $C$DW$410, DW_AT_name("rsvd1")
    6818                      .dwattr $C$DW$410, DW_AT_bit_offset(0x0b)
    6819                      .dwattr $C$DW$410, DW_AT_bit_size(0x04)
    6820                      .dwattr $C$DW$410, DW_AT_accessibility(DW_ACCESS_public)
    6821                      .dwattr $C$DW$410, DW_AT_decl_file("C:\ti\C2000Ware_MotorControl_SDK_5_04_00_00\c2000ware\device_supp
    6822                      .dwattr $C$DW$410, DW_AT_decl_line(0x36)
    6823                      .dwattr $C$DW$410, DW_AT_decl_column(0x0c)
    6824              
    6825              $C$DW$411       .dwtag  DW_TAG_member
    6826                      .dwattr $C$DW$411, DW_AT_type(*$C$DW$T$43)
    6827                      .dwattr $C$DW$411, DW_AT_name("QSP")
    6828                      .dwattr $C$DW$411, DW_AT_bit_offset(0x0a)
    6829                      .dwattr $C$DW$411, DW_AT_bit_size(0x01)
    6830                      .dwattr $C$DW$411, DW_AT_accessibility(DW_ACCESS_public)
    6831                      .dwattr $C$DW$411, DW_AT_decl_file("C:\ti\C2000Ware_MotorControl_SDK_5_04_00_00\c2000ware\device_supp
    6832                      .dwattr $C$DW$411, DW_AT_decl_line(0x37)
    6833                      .dwattr $C$DW$411, DW_AT_decl_column(0x0c)
    6834              
    6835              $C$DW$412       .dwtag  DW_TAG_member
    6836                      .dwattr $C$DW$412, DW_AT_type(*$C$DW$T$43)
    6837                      .dwattr $C$DW$412, DW_AT_name("QIP")
    6838                      .dwattr $C$DW$412, DW_AT_bit_offset(0x09)
    6839                      .dwattr $C$DW$412, DW_AT_bit_size(0x01)
    6840                      .dwattr $C$DW$412, DW_AT_accessibility(DW_ACCESS_public)
    6841                      .dwattr $C$DW$412, DW_AT_decl_file("C:\ti\C2000Ware_MotorControl_SDK_5_04_00_00\c2000ware\device_supp
    6842                      .dwattr $C$DW$412, DW_AT_decl_line(0x38)
    6843                      .dwattr $C$DW$412, DW_AT_decl_column(0x0c)
    6844              
    6845              $C$DW$413       .dwtag  DW_TAG_member
    6846                      .dwattr $C$DW$413, DW_AT_type(*$C$DW$T$43)
    6847                      .dwattr $C$DW$413, DW_AT_name("QBP")
    6848                      .dwattr $C$DW$413, DW_AT_bit_offset(0x08)
    6849                      .dwattr $C$DW$413, DW_AT_bit_size(0x01)
    6850                      .dwattr $C$DW$413, DW_AT_accessibility(DW_ACCESS_public)
    6851                      .dwattr $C$DW$413, DW_AT_decl_file("C:\ti\C2000Ware_MotorControl_SDK_5_04_00_00\c2000ware\device_supp
    6852                      .dwattr $C$DW$413, DW_AT_decl_line(0x39)
    6853                      .dwattr $C$DW$413, DW_AT_decl_column(0x0c)
    6854              
TMS320C2000 Assembler PC v22.6.2 Fri Jan  2 15:35:19 2026

Copyright (c) 1996-2018 Texas Instruments Incorporated
dual_axis_servo_drive_user_cpu.asm                                   PAGE  137

    6855              $C$DW$414       .dwtag  DW_TAG_member
    6856                      .dwattr $C$DW$414, DW_AT_type(*$C$DW$T$43)
    6857                      .dwattr $C$DW$414, DW_AT_name("QAP")
    6858                      .dwattr $C$DW$414, DW_AT_bit_offset(0x07)
    6859                      .dwattr $C$DW$414, DW_AT_bit_size(0x01)
    6860                      .dwattr $C$DW$414, DW_AT_accessibility(DW_ACCESS_public)
    6861                      .dwattr $C$DW$414, DW_AT_decl_file("C:\ti\C2000Ware_MotorControl_SDK_5_04_00_00\c2000ware\device_supp
    6862                      .dwattr $C$DW$414, DW_AT_decl_line(0x3a)
    6863                      .dwattr $C$DW$414, DW_AT_decl_column(0x0c)
    6864              
    6865              $C$DW$415       .dwtag  DW_TAG_member
    6866                      .dwattr $C$DW$415, DW_AT_type(*$C$DW$T$43)
    6867                      .dwattr $C$DW$415, DW_AT_name("IGATE")
    6868                      .dwattr $C$DW$415, DW_AT_bit_offset(0x06)
    6869                      .dwattr $C$DW$415, DW_AT_bit_size(0x01)
    6870                      .dwattr $C$DW$415, DW_AT_accessibility(DW_ACCESS_public)
    6871                      .dwattr $C$DW$415, DW_AT_decl_file("C:\ti\C2000Ware_MotorControl_SDK_5_04_00_00\c2000ware\device_supp
    6872                      .dwattr $C$DW$415, DW_AT_decl_line(0x3b)
    6873                      .dwattr $C$DW$415, DW_AT_decl_column(0x0c)
    6874              
    6875              $C$DW$416       .dwtag  DW_TAG_member
    6876                      .dwattr $C$DW$416, DW_AT_type(*$C$DW$T$43)
    6877                      .dwattr $C$DW$416, DW_AT_name("SWAP")
    6878                      .dwattr $C$DW$416, DW_AT_bit_offset(0x05)
    6879                      .dwattr $C$DW$416, DW_AT_bit_size(0x01)
    6880                      .dwattr $C$DW$416, DW_AT_accessibility(DW_ACCESS_public)
    6881                      .dwattr $C$DW$416, DW_AT_decl_file("C:\ti\C2000Ware_MotorControl_SDK_5_04_00_00\c2000ware\device_supp
    6882                      .dwattr $C$DW$416, DW_AT_decl_line(0x3c)
    6883                      .dwattr $C$DW$416, DW_AT_decl_column(0x0c)
    6884              
    6885              $C$DW$417       .dwtag  DW_TAG_member
    6886                      .dwattr $C$DW$417, DW_AT_type(*$C$DW$T$43)
    6887                      .dwattr $C$DW$417, DW_AT_name("XCR")
    6888                      .dwattr $C$DW$417, DW_AT_bit_offset(0x04)
    6889                      .dwattr $C$DW$417, DW_AT_bit_size(0x01)
    6890                      .dwattr $C$DW$417, DW_AT_accessibility(DW_ACCESS_public)
    6891                      .dwattr $C$DW$417, DW_AT_decl_file("C:\ti\C2000Ware_MotorControl_SDK_5_04_00_00\c2000ware\device_supp
    6892                      .dwattr $C$DW$417, DW_AT_decl_line(0x3d)
    6893                      .dwattr $C$DW$417, DW_AT_decl_column(0x0c)
    6894              
    6895              $C$DW$418       .dwtag  DW_TAG_member
    6896                      .dwattr $C$DW$418, DW_AT_type(*$C$DW$T$43)
    6897                      .dwattr $C$DW$418, DW_AT_name("SPSEL")
    6898                      .dwattr $C$DW$418, DW_AT_bit_offset(0x03)
    6899                      .dwattr $C$DW$418, DW_AT_bit_size(0x01)
    6900                      .dwattr $C$DW$418, DW_AT_accessibility(DW_ACCESS_public)
    6901                      .dwattr $C$DW$418, DW_AT_decl_file("C:\ti\C2000Ware_MotorControl_SDK_5_04_00_00\c2000ware\device_supp
    6902                      .dwattr $C$DW$418, DW_AT_decl_line(0x3e)
    6903                      .dwattr $C$DW$418, DW_AT_decl_column(0x0c)
    6904              
    6905              $C$DW$419       .dwtag  DW_TAG_member
    6906                      .dwattr $C$DW$419, DW_AT_type(*$C$DW$T$43)
    6907                      .dwattr $C$DW$419, DW_AT_name("SOEN")
    6908                      .dwattr $C$DW$419, DW_AT_bit_offset(0x02)
    6909                      .dwattr $C$DW$419, DW_AT_bit_size(0x01)
TMS320C2000 Assembler PC v22.6.2 Fri Jan  2 15:35:19 2026

Copyright (c) 1996-2018 Texas Instruments Incorporated
dual_axis_servo_drive_user_cpu.asm                                   PAGE  138

    6910                      .dwattr $C$DW$419, DW_AT_accessibility(DW_ACCESS_public)
    6911                      .dwattr $C$DW$419, DW_AT_decl_file("C:\ti\C2000Ware_MotorControl_SDK_5_04_00_00\c2000ware\device_supp
    6912                      .dwattr $C$DW$419, DW_AT_decl_line(0x3f)
    6913                      .dwattr $C$DW$419, DW_AT_decl_column(0x0c)
    6914              
    6915              $C$DW$420       .dwtag  DW_TAG_member
    6916                      .dwattr $C$DW$420, DW_AT_type(*$C$DW$T$43)
    6917                      .dwattr $C$DW$420, DW_AT_name("QSRC")
    6918                      .dwattr $C$DW$420, DW_AT_bit_offset(0x00)
    6919                      .dwattr $C$DW$420, DW_AT_bit_size(0x02)
    6920                      .dwattr $C$DW$420, DW_AT_accessibility(DW_ACCESS_public)
    6921                      .dwattr $C$DW$420, DW_AT_decl_file("C:\ti\C2000Ware_MotorControl_SDK_5_04_00_00\c2000ware\device_supp
    6922                      .dwattr $C$DW$420, DW_AT_decl_line(0x40)
    6923                      .dwattr $C$DW$420, DW_AT_decl_column(0x0c)
    6924              
    6925                      .dwattr $C$DW$T$54, DW_AT_decl_file("C:\ti\C2000Ware_MotorControl_SDK_5_04_00_00\c2000ware\device_sup
    6926                      .dwattr $C$DW$T$54, DW_AT_decl_line(0x34)
    6927                      .dwattr $C$DW$T$54, DW_AT_decl_column(0x08)
    6928                      .dwendtag $C$DW$T$54
    6929              
    6930                      .dwendtag $C$DW$TU$54
    6931              
    6932              
    6933              $C$DW$TU$55     .dwtag  DW_TAG_type_unit
    6934                      .dwmtype  $C$DW$T$55
    6935              
    6936              $C$DW$T$55      .dwtag  DW_TAG_union_type
    6937                      .dwattr $C$DW$T$55, DW_AT_name("QDECCTL_REG")
    6938                      .dwattr $C$DW$T$55, DW_AT_byte_size(0x01)
    6939              $C$DW$421       .dwtag  DW_TAG_member
    6940                      .dwattr $C$DW$421, DW_AT_type(*$C$DW$T$43)
    6941                      .dwattr $C$DW$421, DW_AT_name("all")
    6942                      .dwattr $C$DW$421, DW_AT_accessibility(DW_ACCESS_public)
    6943                      .dwattr $C$DW$421, DW_AT_decl_file("C:\ti\C2000Ware_MotorControl_SDK_5_04_00_00\c2000ware\device_supp
    6944                      .dwattr $C$DW$421, DW_AT_decl_line(0x44)
    6945                      .dwattr $C$DW$421, DW_AT_decl_column(0x0d)
    6946              
    6947              $C$DW$422       .dwtag  DW_TAG_member
    6948                      .dwattr $C$DW$422, DW_AT_type(*$C$DW$T$54)
    6949                      .dwattr $C$DW$422, DW_AT_name("bit")
    6950                      .dwattr $C$DW$422, DW_AT_accessibility(DW_ACCESS_public)
    6951                      .dwattr $C$DW$422, DW_AT_decl_file("C:\ti\C2000Ware_MotorControl_SDK_5_04_00_00\c2000ware\device_supp
    6952                      .dwattr $C$DW$422, DW_AT_decl_line(0x45)
    6953                      .dwattr $C$DW$422, DW_AT_decl_column(0x1b)
    6954              
    6955                      .dwattr $C$DW$T$55, DW_AT_decl_file("C:\ti\C2000Ware_MotorControl_SDK_5_04_00_00\c2000ware\device_sup
    6956                      .dwattr $C$DW$T$55, DW_AT_decl_line(0x43)
    6957                      .dwattr $C$DW$T$55, DW_AT_decl_column(0x07)
    6958                      .dwendtag $C$DW$T$55
    6959              
    6960                      .dwendtag $C$DW$TU$55
    6961              
    6962              
    6963              $C$DW$TU$56     .dwtag  DW_TAG_type_unit
    6964                      .dwmtype  $C$DW$T$56
TMS320C2000 Assembler PC v22.6.2 Fri Jan  2 15:35:19 2026

Copyright (c) 1996-2018 Texas Instruments Incorporated
dual_axis_servo_drive_user_cpu.asm                                   PAGE  139

    6965              
    6966              $C$DW$T$56      .dwtag  DW_TAG_structure_type
    6967                      .dwattr $C$DW$T$56, DW_AT_name("QEINT_BITS")
    6968                      .dwattr $C$DW$T$56, DW_AT_byte_size(0x01)
    6969              $C$DW$423       .dwtag  DW_TAG_member
    6970                      .dwattr $C$DW$423, DW_AT_type(*$C$DW$T$43)
    6971                      .dwattr $C$DW$423, DW_AT_name("rsvd1")
    6972                      .dwattr $C$DW$423, DW_AT_bit_offset(0x0f)
    6973                      .dwattr $C$DW$423, DW_AT_bit_size(0x01)
    6974                      .dwattr $C$DW$423, DW_AT_accessibility(DW_ACCESS_public)
    6975                      .dwattr $C$DW$423, DW_AT_decl_file("C:\ti\C2000Ware_MotorControl_SDK_5_04_00_00\c2000ware\device_supp
    6976                      .dwattr $C$DW$423, DW_AT_decl_line(0x75)
    6977                      .dwattr $C$DW$423, DW_AT_decl_column(0x0c)
    6978              
    6979              $C$DW$424       .dwtag  DW_TAG_member
    6980                      .dwattr $C$DW$424, DW_AT_type(*$C$DW$T$43)
    6981                      .dwattr $C$DW$424, DW_AT_name("PCE")
    6982                      .dwattr $C$DW$424, DW_AT_bit_offset(0x0e)
    6983                      .dwattr $C$DW$424, DW_AT_bit_size(0x01)
    6984                      .dwattr $C$DW$424, DW_AT_accessibility(DW_ACCESS_public)
    6985                      .dwattr $C$DW$424, DW_AT_decl_file("C:\ti\C2000Ware_MotorControl_SDK_5_04_00_00\c2000ware\device_supp
    6986                      .dwattr $C$DW$424, DW_AT_decl_line(0x76)
    6987                      .dwattr $C$DW$424, DW_AT_decl_column(0x0c)
    6988              
    6989              $C$DW$425       .dwtag  DW_TAG_member
    6990                      .dwattr $C$DW$425, DW_AT_type(*$C$DW$T$43)
    6991                      .dwattr $C$DW$425, DW_AT_name("QPE")
    6992                      .dwattr $C$DW$425, DW_AT_bit_offset(0x0d)
    6993                      .dwattr $C$DW$425, DW_AT_bit_size(0x01)
    6994                      .dwattr $C$DW$425, DW_AT_accessibility(DW_ACCESS_public)
    6995                      .dwattr $C$DW$425, DW_AT_decl_file("C:\ti\C2000Ware_MotorControl_SDK_5_04_00_00\c2000ware\device_supp
    6996                      .dwattr $C$DW$425, DW_AT_decl_line(0x77)
    6997                      .dwattr $C$DW$425, DW_AT_decl_column(0x0c)
    6998              
    6999              $C$DW$426       .dwtag  DW_TAG_member
    7000                      .dwattr $C$DW$426, DW_AT_type(*$C$DW$T$43)
    7001                      .dwattr $C$DW$426, DW_AT_name("QDC")
    7002                      .dwattr $C$DW$426, DW_AT_bit_offset(0x0c)
    7003                      .dwattr $C$DW$426, DW_AT_bit_size(0x01)
    7004                      .dwattr $C$DW$426, DW_AT_accessibility(DW_ACCESS_public)
    7005                      .dwattr $C$DW$426, DW_AT_decl_file("C:\ti\C2000Ware_MotorControl_SDK_5_04_00_00\c2000ware\device_supp
    7006                      .dwattr $C$DW$426, DW_AT_decl_line(0x78)
    7007                      .dwattr $C$DW$426, DW_AT_decl_column(0x0c)
    7008              
    7009              $C$DW$427       .dwtag  DW_TAG_member
    7010                      .dwattr $C$DW$427, DW_AT_type(*$C$DW$T$43)
    7011                      .dwattr $C$DW$427, DW_AT_name("WTO")
    7012                      .dwattr $C$DW$427, DW_AT_bit_offset(0x0b)
    7013                      .dwattr $C$DW$427, DW_AT_bit_size(0x01)
    7014                      .dwattr $C$DW$427, DW_AT_accessibility(DW_ACCESS_public)
    7015                      .dwattr $C$DW$427, DW_AT_decl_file("C:\ti\C2000Ware_MotorControl_SDK_5_04_00_00\c2000ware\device_supp
    7016                      .dwattr $C$DW$427, DW_AT_decl_line(0x79)
    7017                      .dwattr $C$DW$427, DW_AT_decl_column(0x0c)
    7018              
    7019              $C$DW$428       .dwtag  DW_TAG_member
TMS320C2000 Assembler PC v22.6.2 Fri Jan  2 15:35:19 2026

Copyright (c) 1996-2018 Texas Instruments Incorporated
dual_axis_servo_drive_user_cpu.asm                                   PAGE  140

    7020                      .dwattr $C$DW$428, DW_AT_type(*$C$DW$T$43)
    7021                      .dwattr $C$DW$428, DW_AT_name("PCU")
    7022                      .dwattr $C$DW$428, DW_AT_bit_offset(0x0a)
    7023                      .dwattr $C$DW$428, DW_AT_bit_size(0x01)
    7024                      .dwattr $C$DW$428, DW_AT_accessibility(DW_ACCESS_public)
    7025                      .dwattr $C$DW$428, DW_AT_decl_file("C:\ti\C2000Ware_MotorControl_SDK_5_04_00_00\c2000ware\device_supp
    7026                      .dwattr $C$DW$428, DW_AT_decl_line(0x7a)
    7027                      .dwattr $C$DW$428, DW_AT_decl_column(0x0c)
    7028              
    7029              $C$DW$429       .dwtag  DW_TAG_member
    7030                      .dwattr $C$DW$429, DW_AT_type(*$C$DW$T$43)
    7031                      .dwattr $C$DW$429, DW_AT_name("PCO")
    7032                      .dwattr $C$DW$429, DW_AT_bit_offset(0x09)
    7033                      .dwattr $C$DW$429, DW_AT_bit_size(0x01)
    7034                      .dwattr $C$DW$429, DW_AT_accessibility(DW_ACCESS_public)
    7035                      .dwattr $C$DW$429, DW_AT_decl_file("C:\ti\C2000Ware_MotorControl_SDK_5_04_00_00\c2000ware\device_supp
    7036                      .dwattr $C$DW$429, DW_AT_decl_line(0x7b)
    7037                      .dwattr $C$DW$429, DW_AT_decl_column(0x0c)
    7038              
    7039              $C$DW$430       .dwtag  DW_TAG_member
    7040                      .dwattr $C$DW$430, DW_AT_type(*$C$DW$T$43)
    7041                      .dwattr $C$DW$430, DW_AT_name("PCR")
    7042                      .dwattr $C$DW$430, DW_AT_bit_offset(0x08)
    7043                      .dwattr $C$DW$430, DW_AT_bit_size(0x01)
    7044                      .dwattr $C$DW$430, DW_AT_accessibility(DW_ACCESS_public)
    7045                      .dwattr $C$DW$430, DW_AT_decl_file("C:\ti\C2000Ware_MotorControl_SDK_5_04_00_00\c2000ware\device_supp
    7046                      .dwattr $C$DW$430, DW_AT_decl_line(0x7c)
    7047                      .dwattr $C$DW$430, DW_AT_decl_column(0x0c)
    7048              
    7049              $C$DW$431       .dwtag  DW_TAG_member
    7050                      .dwattr $C$DW$431, DW_AT_type(*$C$DW$T$43)
    7051                      .dwattr $C$DW$431, DW_AT_name("PCM")
    7052                      .dwattr $C$DW$431, DW_AT_bit_offset(0x07)
    7053                      .dwattr $C$DW$431, DW_AT_bit_size(0x01)
    7054                      .dwattr $C$DW$431, DW_AT_accessibility(DW_ACCESS_public)
    7055                      .dwattr $C$DW$431, DW_AT_decl_file("C:\ti\C2000Ware_MotorControl_SDK_5_04_00_00\c2000ware\device_supp
    7056                      .dwattr $C$DW$431, DW_AT_decl_line(0x7d)
    7057                      .dwattr $C$DW$431, DW_AT_decl_column(0x0c)
    7058              
    7059              $C$DW$432       .dwtag  DW_TAG_member
    7060                      .dwattr $C$DW$432, DW_AT_type(*$C$DW$T$43)
    7061                      .dwattr $C$DW$432, DW_AT_name("SEL")
    7062                      .dwattr $C$DW$432, DW_AT_bit_offset(0x06)
    7063                      .dwattr $C$DW$432, DW_AT_bit_size(0x01)
    7064                      .dwattr $C$DW$432, DW_AT_accessibility(DW_ACCESS_public)
    7065                      .dwattr $C$DW$432, DW_AT_decl_file("C:\ti\C2000Ware_MotorControl_SDK_5_04_00_00\c2000ware\device_supp
    7066                      .dwattr $C$DW$432, DW_AT_decl_line(0x7e)
    7067                      .dwattr $C$DW$432, DW_AT_decl_column(0x0c)
    7068              
    7069              $C$DW$433       .dwtag  DW_TAG_member
    7070                      .dwattr $C$DW$433, DW_AT_type(*$C$DW$T$43)
    7071                      .dwattr $C$DW$433, DW_AT_name("IEL")
    7072                      .dwattr $C$DW$433, DW_AT_bit_offset(0x05)
    7073                      .dwattr $C$DW$433, DW_AT_bit_size(0x01)
    7074                      .dwattr $C$DW$433, DW_AT_accessibility(DW_ACCESS_public)
TMS320C2000 Assembler PC v22.6.2 Fri Jan  2 15:35:19 2026

Copyright (c) 1996-2018 Texas Instruments Incorporated
dual_axis_servo_drive_user_cpu.asm                                   PAGE  141

    7075                      .dwattr $C$DW$433, DW_AT_decl_file("C:\ti\C2000Ware_MotorControl_SDK_5_04_00_00\c2000ware\device_supp
    7076                      .dwattr $C$DW$433, DW_AT_decl_line(0x7f)
    7077                      .dwattr $C$DW$433, DW_AT_decl_column(0x0c)
    7078              
    7079              $C$DW$434       .dwtag  DW_TAG_member
    7080                      .dwattr $C$DW$434, DW_AT_type(*$C$DW$T$43)
    7081                      .dwattr $C$DW$434, DW_AT_name("UTO")
    7082                      .dwattr $C$DW$434, DW_AT_bit_offset(0x04)
    7083                      .dwattr $C$DW$434, DW_AT_bit_size(0x01)
    7084                      .dwattr $C$DW$434, DW_AT_accessibility(DW_ACCESS_public)
    7085                      .dwattr $C$DW$434, DW_AT_decl_file("C:\ti\C2000Ware_MotorControl_SDK_5_04_00_00\c2000ware\device_supp
    7086                      .dwattr $C$DW$434, DW_AT_decl_line(0x80)
    7087                      .dwattr $C$DW$434, DW_AT_decl_column(0x0c)
    7088              
    7089              $C$DW$435       .dwtag  DW_TAG_member
    7090                      .dwattr $C$DW$435, DW_AT_type(*$C$DW$T$43)
    7091                      .dwattr $C$DW$435, DW_AT_name("QMAE")
    7092                      .dwattr $C$DW$435, DW_AT_bit_offset(0x03)
    7093                      .dwattr $C$DW$435, DW_AT_bit_size(0x01)
    7094                      .dwattr $C$DW$435, DW_AT_accessibility(DW_ACCESS_public)
    7095                      .dwattr $C$DW$435, DW_AT_decl_file("C:\ti\C2000Ware_MotorControl_SDK_5_04_00_00\c2000ware\device_supp
    7096                      .dwattr $C$DW$435, DW_AT_decl_line(0x81)
    7097                      .dwattr $C$DW$435, DW_AT_decl_column(0x0c)
    7098              
    7099              $C$DW$436       .dwtag  DW_TAG_member
    7100                      .dwattr $C$DW$436, DW_AT_type(*$C$DW$T$43)
    7101                      .dwattr $C$DW$436, DW_AT_name("rsvd2")
    7102                      .dwattr $C$DW$436, DW_AT_bit_offset(0x00)
    7103                      .dwattr $C$DW$436, DW_AT_bit_size(0x03)
    7104                      .dwattr $C$DW$436, DW_AT_accessibility(DW_ACCESS_public)
    7105                      .dwattr $C$DW$436, DW_AT_decl_file("C:\ti\C2000Ware_MotorControl_SDK_5_04_00_00\c2000ware\device_supp
    7106                      .dwattr $C$DW$436, DW_AT_decl_line(0x82)
    7107                      .dwattr $C$DW$436, DW_AT_decl_column(0x0c)
    7108              
    7109                      .dwattr $C$DW$T$56, DW_AT_decl_file("C:\ti\C2000Ware_MotorControl_SDK_5_04_00_00\c2000ware\device_sup
    7110                      .dwattr $C$DW$T$56, DW_AT_decl_line(0x74)
    7111                      .dwattr $C$DW$T$56, DW_AT_decl_column(0x08)
    7112                      .dwendtag $C$DW$T$56
    7113              
    7114                      .dwendtag $C$DW$TU$56
    7115              
    7116              
    7117              $C$DW$TU$57     .dwtag  DW_TAG_type_unit
    7118                      .dwmtype  $C$DW$T$57
    7119              
    7120              $C$DW$T$57      .dwtag  DW_TAG_union_type
    7121                      .dwattr $C$DW$T$57, DW_AT_name("QEINT_REG")
    7122                      .dwattr $C$DW$T$57, DW_AT_byte_size(0x01)
    7123              $C$DW$437       .dwtag  DW_TAG_member
    7124                      .dwattr $C$DW$437, DW_AT_type(*$C$DW$T$43)
    7125                      .dwattr $C$DW$437, DW_AT_name("all")
    7126                      .dwattr $C$DW$437, DW_AT_accessibility(DW_ACCESS_public)
    7127                      .dwattr $C$DW$437, DW_AT_decl_file("C:\ti\C2000Ware_MotorControl_SDK_5_04_00_00\c2000ware\device_supp
    7128                      .dwattr $C$DW$437, DW_AT_decl_line(0x86)
    7129                      .dwattr $C$DW$437, DW_AT_decl_column(0x0d)
TMS320C2000 Assembler PC v22.6.2 Fri Jan  2 15:35:19 2026

Copyright (c) 1996-2018 Texas Instruments Incorporated
dual_axis_servo_drive_user_cpu.asm                                   PAGE  142

    7130              
    7131              $C$DW$438       .dwtag  DW_TAG_member
    7132                      .dwattr $C$DW$438, DW_AT_type(*$C$DW$T$56)
    7133                      .dwattr $C$DW$438, DW_AT_name("bit")
    7134                      .dwattr $C$DW$438, DW_AT_accessibility(DW_ACCESS_public)
    7135                      .dwattr $C$DW$438, DW_AT_decl_file("C:\ti\C2000Ware_MotorControl_SDK_5_04_00_00\c2000ware\device_supp
    7136                      .dwattr $C$DW$438, DW_AT_decl_line(0x87)
    7137                      .dwattr $C$DW$438, DW_AT_decl_column(0x19)
    7138              
    7139                      .dwattr $C$DW$T$57, DW_AT_decl_file("C:\ti\C2000Ware_MotorControl_SDK_5_04_00_00\c2000ware\device_sup
    7140                      .dwattr $C$DW$T$57, DW_AT_decl_line(0x85)
    7141                      .dwattr $C$DW$T$57, DW_AT_decl_column(0x07)
    7142                      .dwendtag $C$DW$T$57
    7143              
    7144                      .dwendtag $C$DW$TU$57
    7145              
    7146              
    7147              $C$DW$TU$58     .dwtag  DW_TAG_type_unit
    7148                      .dwmtype  $C$DW$T$58
    7149              
    7150              $C$DW$T$58      .dwtag  DW_TAG_structure_type
    7151                      .dwattr $C$DW$T$58, DW_AT_name("QEPCTL_BITS")
    7152                      .dwattr $C$DW$T$58, DW_AT_byte_size(0x01)
    7153              $C$DW$439       .dwtag  DW_TAG_member
    7154                      .dwattr $C$DW$439, DW_AT_type(*$C$DW$T$43)
    7155                      .dwattr $C$DW$439, DW_AT_name("WDE")
    7156                      .dwattr $C$DW$439, DW_AT_bit_offset(0x0f)
    7157                      .dwattr $C$DW$439, DW_AT_bit_size(0x01)
    7158                      .dwattr $C$DW$439, DW_AT_accessibility(DW_ACCESS_public)
    7159                      .dwattr $C$DW$439, DW_AT_decl_file("C:\ti\C2000Ware_MotorControl_SDK_5_04_00_00\c2000ware\device_supp
    7160                      .dwattr $C$DW$439, DW_AT_decl_line(0x49)
    7161                      .dwattr $C$DW$439, DW_AT_decl_column(0x0c)
    7162              
    7163              $C$DW$440       .dwtag  DW_TAG_member
    7164                      .dwattr $C$DW$440, DW_AT_type(*$C$DW$T$43)
    7165                      .dwattr $C$DW$440, DW_AT_name("UTE")
    7166                      .dwattr $C$DW$440, DW_AT_bit_offset(0x0e)
    7167                      .dwattr $C$DW$440, DW_AT_bit_size(0x01)
    7168                      .dwattr $C$DW$440, DW_AT_accessibility(DW_ACCESS_public)
    7169                      .dwattr $C$DW$440, DW_AT_decl_file("C:\ti\C2000Ware_MotorControl_SDK_5_04_00_00\c2000ware\device_supp
    7170                      .dwattr $C$DW$440, DW_AT_decl_line(0x4a)
    7171                      .dwattr $C$DW$440, DW_AT_decl_column(0x0c)
    7172              
    7173              $C$DW$441       .dwtag  DW_TAG_member
    7174                      .dwattr $C$DW$441, DW_AT_type(*$C$DW$T$43)
    7175                      .dwattr $C$DW$441, DW_AT_name("QCLM")
    7176                      .dwattr $C$DW$441, DW_AT_bit_offset(0x0d)
    7177                      .dwattr $C$DW$441, DW_AT_bit_size(0x01)
    7178                      .dwattr $C$DW$441, DW_AT_accessibility(DW_ACCESS_public)
    7179                      .dwattr $C$DW$441, DW_AT_decl_file("C:\ti\C2000Ware_MotorControl_SDK_5_04_00_00\c2000ware\device_supp
    7180                      .dwattr $C$DW$441, DW_AT_decl_line(0x4b)
    7181                      .dwattr $C$DW$441, DW_AT_decl_column(0x0c)
    7182              
    7183              $C$DW$442       .dwtag  DW_TAG_member
    7184                      .dwattr $C$DW$442, DW_AT_type(*$C$DW$T$43)
TMS320C2000 Assembler PC v22.6.2 Fri Jan  2 15:35:19 2026

Copyright (c) 1996-2018 Texas Instruments Incorporated
dual_axis_servo_drive_user_cpu.asm                                   PAGE  143

    7185                      .dwattr $C$DW$442, DW_AT_name("QPEN")
    7186                      .dwattr $C$DW$442, DW_AT_bit_offset(0x0c)
    7187                      .dwattr $C$DW$442, DW_AT_bit_size(0x01)
    7188                      .dwattr $C$DW$442, DW_AT_accessibility(DW_ACCESS_public)
    7189                      .dwattr $C$DW$442, DW_AT_decl_file("C:\ti\C2000Ware_MotorControl_SDK_5_04_00_00\c2000ware\device_supp
    7190                      .dwattr $C$DW$442, DW_AT_decl_line(0x4c)
    7191                      .dwattr $C$DW$442, DW_AT_decl_column(0x0c)
    7192              
    7193              $C$DW$443       .dwtag  DW_TAG_member
    7194                      .dwattr $C$DW$443, DW_AT_type(*$C$DW$T$43)
    7195                      .dwattr $C$DW$443, DW_AT_name("IEL")
    7196                      .dwattr $C$DW$443, DW_AT_bit_offset(0x0a)
    7197                      .dwattr $C$DW$443, DW_AT_bit_size(0x02)
    7198                      .dwattr $C$DW$443, DW_AT_accessibility(DW_ACCESS_public)
    7199                      .dwattr $C$DW$443, DW_AT_decl_file("C:\ti\C2000Ware_MotorControl_SDK_5_04_00_00\c2000ware\device_supp
    7200                      .dwattr $C$DW$443, DW_AT_decl_line(0x4d)
    7201                      .dwattr $C$DW$443, DW_AT_decl_column(0x0c)
    7202              
    7203              $C$DW$444       .dwtag  DW_TAG_member
    7204                      .dwattr $C$DW$444, DW_AT_type(*$C$DW$T$43)
    7205                      .dwattr $C$DW$444, DW_AT_name("SEL")
    7206                      .dwattr $C$DW$444, DW_AT_bit_offset(0x09)
    7207                      .dwattr $C$DW$444, DW_AT_bit_size(0x01)
    7208                      .dwattr $C$DW$444, DW_AT_accessibility(DW_ACCESS_public)
    7209                      .dwattr $C$DW$444, DW_AT_decl_file("C:\ti\C2000Ware_MotorControl_SDK_5_04_00_00\c2000ware\device_supp
    7210                      .dwattr $C$DW$444, DW_AT_decl_line(0x4e)
    7211                      .dwattr $C$DW$444, DW_AT_decl_column(0x0c)
    7212              
    7213              $C$DW$445       .dwtag  DW_TAG_member
    7214                      .dwattr $C$DW$445, DW_AT_type(*$C$DW$T$43)
    7215                      .dwattr $C$DW$445, DW_AT_name("SWI")
    7216                      .dwattr $C$DW$445, DW_AT_bit_offset(0x08)
    7217                      .dwattr $C$DW$445, DW_AT_bit_size(0x01)
    7218                      .dwattr $C$DW$445, DW_AT_accessibility(DW_ACCESS_public)
    7219                      .dwattr $C$DW$445, DW_AT_decl_file("C:\ti\C2000Ware_MotorControl_SDK_5_04_00_00\c2000ware\device_supp
    7220                      .dwattr $C$DW$445, DW_AT_decl_line(0x4f)
    7221                      .dwattr $C$DW$445, DW_AT_decl_column(0x0c)
    7222              
    7223              $C$DW$446       .dwtag  DW_TAG_member
    7224                      .dwattr $C$DW$446, DW_AT_type(*$C$DW$T$43)
    7225                      .dwattr $C$DW$446, DW_AT_name("IEI")
    7226                      .dwattr $C$DW$446, DW_AT_bit_offset(0x06)
    7227                      .dwattr $C$DW$446, DW_AT_bit_size(0x02)
    7228                      .dwattr $C$DW$446, DW_AT_accessibility(DW_ACCESS_public)
    7229                      .dwattr $C$DW$446, DW_AT_decl_file("C:\ti\C2000Ware_MotorControl_SDK_5_04_00_00\c2000ware\device_supp
    7230                      .dwattr $C$DW$446, DW_AT_decl_line(0x50)
    7231                      .dwattr $C$DW$446, DW_AT_decl_column(0x0c)
    7232              
    7233              $C$DW$447       .dwtag  DW_TAG_member
    7234                      .dwattr $C$DW$447, DW_AT_type(*$C$DW$T$43)
    7235                      .dwattr $C$DW$447, DW_AT_name("SEI")
    7236                      .dwattr $C$DW$447, DW_AT_bit_offset(0x04)
    7237                      .dwattr $C$DW$447, DW_AT_bit_size(0x02)
    7238                      .dwattr $C$DW$447, DW_AT_accessibility(DW_ACCESS_public)
    7239                      .dwattr $C$DW$447, DW_AT_decl_file("C:\ti\C2000Ware_MotorControl_SDK_5_04_00_00\c2000ware\device_supp
TMS320C2000 Assembler PC v22.6.2 Fri Jan  2 15:35:19 2026

Copyright (c) 1996-2018 Texas Instruments Incorporated
dual_axis_servo_drive_user_cpu.asm                                   PAGE  144

    7240                      .dwattr $C$DW$447, DW_AT_decl_line(0x51)
    7241                      .dwattr $C$DW$447, DW_AT_decl_column(0x0c)
    7242              
    7243              $C$DW$448       .dwtag  DW_TAG_member
    7244                      .dwattr $C$DW$448, DW_AT_type(*$C$DW$T$43)
    7245                      .dwattr $C$DW$448, DW_AT_name("PCRM")
    7246                      .dwattr $C$DW$448, DW_AT_bit_offset(0x02)
    7247                      .dwattr $C$DW$448, DW_AT_bit_size(0x02)
    7248                      .dwattr $C$DW$448, DW_AT_accessibility(DW_ACCESS_public)
    7249                      .dwattr $C$DW$448, DW_AT_decl_file("C:\ti\C2000Ware_MotorControl_SDK_5_04_00_00\c2000ware\device_supp
    7250                      .dwattr $C$DW$448, DW_AT_decl_line(0x52)
    7251                      .dwattr $C$DW$448, DW_AT_decl_column(0x0c)
    7252              
    7253              $C$DW$449       .dwtag  DW_TAG_member
    7254                      .dwattr $C$DW$449, DW_AT_type(*$C$DW$T$43)
    7255                      .dwattr $C$DW$449, DW_AT_name("FREE_SOFT")
    7256                      .dwattr $C$DW$449, DW_AT_bit_offset(0x00)
    7257                      .dwattr $C$DW$449, DW_AT_bit_size(0x02)
    7258                      .dwattr $C$DW$449, DW_AT_accessibility(DW_ACCESS_public)
    7259                      .dwattr $C$DW$449, DW_AT_decl_file("C:\ti\C2000Ware_MotorControl_SDK_5_04_00_00\c2000ware\device_supp
    7260                      .dwattr $C$DW$449, DW_AT_decl_line(0x53)
    7261                      .dwattr $C$DW$449, DW_AT_decl_column(0x0c)
    7262              
    7263                      .dwattr $C$DW$T$58, DW_AT_decl_file("C:\ti\C2000Ware_MotorControl_SDK_5_04_00_00\c2000ware\device_sup
    7264                      .dwattr $C$DW$T$58, DW_AT_decl_line(0x48)
    7265                      .dwattr $C$DW$T$58, DW_AT_decl_column(0x08)
    7266                      .dwendtag $C$DW$T$58
    7267              
    7268                      .dwendtag $C$DW$TU$58
    7269              
    7270              
    7271              $C$DW$TU$59     .dwtag  DW_TAG_type_unit
    7272                      .dwmtype  $C$DW$T$59
    7273              
    7274              $C$DW$T$59      .dwtag  DW_TAG_union_type
    7275                      .dwattr $C$DW$T$59, DW_AT_name("QEPCTL_REG")
    7276                      .dwattr $C$DW$T$59, DW_AT_byte_size(0x01)
    7277              $C$DW$450       .dwtag  DW_TAG_member
    7278                      .dwattr $C$DW$450, DW_AT_type(*$C$DW$T$43)
    7279                      .dwattr $C$DW$450, DW_AT_name("all")
    7280                      .dwattr $C$DW$450, DW_AT_accessibility(DW_ACCESS_public)
    7281                      .dwattr $C$DW$450, DW_AT_decl_file("C:\ti\C2000Ware_MotorControl_SDK_5_04_00_00\c2000ware\device_supp
    7282                      .dwattr $C$DW$450, DW_AT_decl_line(0x57)
    7283                      .dwattr $C$DW$450, DW_AT_decl_column(0x0d)
    7284              
    7285              $C$DW$451       .dwtag  DW_TAG_member
    7286                      .dwattr $C$DW$451, DW_AT_type(*$C$DW$T$58)
    7287                      .dwattr $C$DW$451, DW_AT_name("bit")
    7288                      .dwattr $C$DW$451, DW_AT_accessibility(DW_ACCESS_public)
    7289                      .dwattr $C$DW$451, DW_AT_decl_file("C:\ti\C2000Ware_MotorControl_SDK_5_04_00_00\c2000ware\device_supp
    7290                      .dwattr $C$DW$451, DW_AT_decl_line(0x58)
    7291                      .dwattr $C$DW$451, DW_AT_decl_column(0x1a)
    7292              
    7293                      .dwattr $C$DW$T$59, DW_AT_decl_file("C:\ti\C2000Ware_MotorControl_SDK_5_04_00_00\c2000ware\device_sup
    7294                      .dwattr $C$DW$T$59, DW_AT_decl_line(0x56)
TMS320C2000 Assembler PC v22.6.2 Fri Jan  2 15:35:19 2026

Copyright (c) 1996-2018 Texas Instruments Incorporated
dual_axis_servo_drive_user_cpu.asm                                   PAGE  145

    7295                      .dwattr $C$DW$T$59, DW_AT_decl_column(0x07)
    7296                      .dwendtag $C$DW$T$59
    7297              
    7298                      .dwendtag $C$DW$TU$59
    7299              
    7300              
    7301              $C$DW$TU$60     .dwtag  DW_TAG_type_unit
    7302                      .dwmtype  $C$DW$T$60
    7303              
    7304              $C$DW$T$60      .dwtag  DW_TAG_structure_type
    7305                      .dwattr $C$DW$T$60, DW_AT_name("QEPSRCSEL_BITS")
    7306                      .dwattr $C$DW$T$60, DW_AT_byte_size(0x02)
    7307              $C$DW$452       .dwtag  DW_TAG_member
    7308                      .dwattr $C$DW$452, DW_AT_type(*$C$DW$T$43)
    7309                      .dwattr $C$DW$452, DW_AT_name("QEPASEL")
    7310                      .dwattr $C$DW$452, DW_AT_bit_offset(0x0c)
    7311                      .dwattr $C$DW$452, DW_AT_bit_size(0x04)
    7312                      .dwattr $C$DW$452, DW_AT_accessibility(DW_ACCESS_public)
    7313                      .dwattr $C$DW$452, DW_AT_decl_file("C:\ti\C2000Ware_MotorControl_SDK_5_04_00_00\c2000ware\device_supp
    7314                      .dwattr $C$DW$452, DW_AT_decl_line(0x100)
    7315                      .dwattr $C$DW$452, DW_AT_decl_column(0x0c)
    7316              
    7317              $C$DW$453       .dwtag  DW_TAG_member
    7318                      .dwattr $C$DW$453, DW_AT_type(*$C$DW$T$43)
    7319                      .dwattr $C$DW$453, DW_AT_name("QEPBSEL")
    7320                      .dwattr $C$DW$453, DW_AT_bit_offset(0x08)
    7321                      .dwattr $C$DW$453, DW_AT_bit_size(0x04)
    7322                      .dwattr $C$DW$453, DW_AT_accessibility(DW_ACCESS_public)
    7323                      .dwattr $C$DW$453, DW_AT_decl_file("C:\ti\C2000Ware_MotorControl_SDK_5_04_00_00\c2000ware\device_supp
    7324                      .dwattr $C$DW$453, DW_AT_decl_line(0x101)
    7325                      .dwattr $C$DW$453, DW_AT_decl_column(0x0c)
    7326              
    7327              $C$DW$454       .dwtag  DW_TAG_member
    7328                      .dwattr $C$DW$454, DW_AT_type(*$C$DW$T$43)
    7329                      .dwattr $C$DW$454, DW_AT_name("QEPISEL")
    7330                      .dwattr $C$DW$454, DW_AT_bit_offset(0x04)
    7331                      .dwattr $C$DW$454, DW_AT_bit_size(0x04)
    7332                      .dwattr $C$DW$454, DW_AT_accessibility(DW_ACCESS_public)
    7333                      .dwattr $C$DW$454, DW_AT_decl_file("C:\ti\C2000Ware_MotorControl_SDK_5_04_00_00\c2000ware\device_supp
    7334                      .dwattr $C$DW$454, DW_AT_decl_line(0x102)
    7335                      .dwattr $C$DW$454, DW_AT_decl_column(0x0c)
    7336              
    7337              $C$DW$455       .dwtag  DW_TAG_member
    7338                      .dwattr $C$DW$455, DW_AT_type(*$C$DW$T$43)
    7339                      .dwattr $C$DW$455, DW_AT_name("QEPSSEL")
    7340                      .dwattr $C$DW$455, DW_AT_bit_offset(0x00)
    7341                      .dwattr $C$DW$455, DW_AT_bit_size(0x04)
    7342                      .dwattr $C$DW$455, DW_AT_accessibility(DW_ACCESS_public)
    7343                      .dwattr $C$DW$455, DW_AT_decl_file("C:\ti\C2000Ware_MotorControl_SDK_5_04_00_00\c2000ware\device_supp
    7344                      .dwattr $C$DW$455, DW_AT_decl_line(0x103)
    7345                      .dwattr $C$DW$455, DW_AT_decl_column(0x0c)
    7346              
    7347              $C$DW$456       .dwtag  DW_TAG_member
    7348                      .dwattr $C$DW$456, DW_AT_type(*$C$DW$T$43)
    7349                      .dwattr $C$DW$456, DW_AT_name("rsvd1")
TMS320C2000 Assembler PC v22.6.2 Fri Jan  2 15:35:19 2026

Copyright (c) 1996-2018 Texas Instruments Incorporated
dual_axis_servo_drive_user_cpu.asm                                   PAGE  146

    7350                      .dwattr $C$DW$456, DW_AT_bit_offset(0x00)
    7351                      .dwattr $C$DW$456, DW_AT_bit_size(0x10)
    7352                      .dwattr $C$DW$456, DW_AT_data_member_location[DW_OP_plus_uconst 0x1]
    7353                      .dwattr $C$DW$456, DW_AT_accessibility(DW_ACCESS_public)
    7354                      .dwattr $C$DW$456, DW_AT_decl_file("C:\ti\C2000Ware_MotorControl_SDK_5_04_00_00\c2000ware\device_supp
    7355                      .dwattr $C$DW$456, DW_AT_decl_line(0x104)
    7356                      .dwattr $C$DW$456, DW_AT_decl_column(0x0c)
    7357              
    7358                      .dwattr $C$DW$T$60, DW_AT_decl_file("C:\ti\C2000Ware_MotorControl_SDK_5_04_00_00\c2000ware\device_sup
    7359                      .dwattr $C$DW$T$60, DW_AT_decl_line(0xff)
    7360                      .dwattr $C$DW$T$60, DW_AT_decl_column(0x08)
    7361                      .dwendtag $C$DW$T$60
    7362              
    7363                      .dwendtag $C$DW$TU$60
    7364              
    7365              
    7366              $C$DW$TU$61     .dwtag  DW_TAG_type_unit
    7367                      .dwmtype  $C$DW$T$61
    7368              
    7369              $C$DW$T$61      .dwtag  DW_TAG_union_type
    7370                      .dwattr $C$DW$T$61, DW_AT_name("QEPSRCSEL_REG")
    7371                      .dwattr $C$DW$T$61, DW_AT_byte_size(0x02)
    7372              $C$DW$457       .dwtag  DW_TAG_member
    7373                      .dwattr $C$DW$457, DW_AT_type(*$C$DW$T$46)
    7374                      .dwattr $C$DW$457, DW_AT_name("all")
    7375                      .dwattr $C$DW$457, DW_AT_accessibility(DW_ACCESS_public)
    7376                      .dwattr $C$DW$457, DW_AT_decl_file("C:\ti\C2000Ware_MotorControl_SDK_5_04_00_00\c2000ware\device_supp
    7377                      .dwattr $C$DW$457, DW_AT_decl_line(0x108)
    7378                      .dwattr $C$DW$457, DW_AT_decl_column(0x0d)
    7379              
    7380              $C$DW$458       .dwtag  DW_TAG_member
    7381                      .dwattr $C$DW$458, DW_AT_type(*$C$DW$T$60)
    7382                      .dwattr $C$DW$458, DW_AT_name("bit")
    7383                      .dwattr $C$DW$458, DW_AT_accessibility(DW_ACCESS_public)
    7384                      .dwattr $C$DW$458, DW_AT_decl_file("C:\ti\C2000Ware_MotorControl_SDK_5_04_00_00\c2000ware\device_supp
    7385                      .dwattr $C$DW$458, DW_AT_decl_line(0x109)
    7386                      .dwattr $C$DW$458, DW_AT_decl_column(0x1d)
    7387              
    7388                      .dwattr $C$DW$T$61, DW_AT_decl_file("C:\ti\C2000Ware_MotorControl_SDK_5_04_00_00\c2000ware\device_sup
    7389                      .dwattr $C$DW$T$61, DW_AT_decl_line(0x107)
    7390                      .dwattr $C$DW$T$61, DW_AT_decl_column(0x07)
    7391                      .dwendtag $C$DW$T$61
    7392              
    7393                      .dwendtag $C$DW$TU$61
    7394              
    7395              
    7396              $C$DW$TU$62     .dwtag  DW_TAG_type_unit
    7397                      .dwmtype  $C$DW$T$62
    7398              
    7399              $C$DW$T$62      .dwtag  DW_TAG_structure_type
    7400                      .dwattr $C$DW$T$62, DW_AT_name("QEPSTROBESEL_BITS")
    7401                      .dwattr $C$DW$T$62, DW_AT_byte_size(0x02)
    7402              $C$DW$459       .dwtag  DW_TAG_member
    7403                      .dwattr $C$DW$459, DW_AT_type(*$C$DW$T$43)
    7404                      .dwattr $C$DW$459, DW_AT_name("STROBESEL")
TMS320C2000 Assembler PC v22.6.2 Fri Jan  2 15:35:19 2026

Copyright (c) 1996-2018 Texas Instruments Incorporated
dual_axis_servo_drive_user_cpu.asm                                   PAGE  147

    7405                      .dwattr $C$DW$459, DW_AT_bit_offset(0x0e)
    7406                      .dwattr $C$DW$459, DW_AT_bit_size(0x02)
    7407                      .dwattr $C$DW$459, DW_AT_accessibility(DW_ACCESS_public)
    7408                      .dwattr $C$DW$459, DW_AT_decl_file("C:\ti\C2000Ware_MotorControl_SDK_5_04_00_00\c2000ware\device_supp
    7409                      .dwattr $C$DW$459, DW_AT_decl_line(0xea)
    7410                      .dwattr $C$DW$459, DW_AT_decl_column(0x0c)
    7411              
    7412              $C$DW$460       .dwtag  DW_TAG_member
    7413                      .dwattr $C$DW$460, DW_AT_type(*$C$DW$T$43)
    7414                      .dwattr $C$DW$460, DW_AT_name("rsvd1")
    7415                      .dwattr $C$DW$460, DW_AT_bit_offset(0x00)
    7416                      .dwattr $C$DW$460, DW_AT_bit_size(0x0e)
    7417                      .dwattr $C$DW$460, DW_AT_accessibility(DW_ACCESS_public)
    7418                      .dwattr $C$DW$460, DW_AT_decl_file("C:\ti\C2000Ware_MotorControl_SDK_5_04_00_00\c2000ware\device_supp
    7419                      .dwattr $C$DW$460, DW_AT_decl_line(0xeb)
    7420                      .dwattr $C$DW$460, DW_AT_decl_column(0x0c)
    7421              
    7422              $C$DW$461       .dwtag  DW_TAG_member
    7423                      .dwattr $C$DW$461, DW_AT_type(*$C$DW$T$43)
    7424                      .dwattr $C$DW$461, DW_AT_name("rsvd2")
    7425                      .dwattr $C$DW$461, DW_AT_bit_offset(0x00)
    7426                      .dwattr $C$DW$461, DW_AT_bit_size(0x10)
    7427                      .dwattr $C$DW$461, DW_AT_data_member_location[DW_OP_plus_uconst 0x1]
    7428                      .dwattr $C$DW$461, DW_AT_accessibility(DW_ACCESS_public)
    7429                      .dwattr $C$DW$461, DW_AT_decl_file("C:\ti\C2000Ware_MotorControl_SDK_5_04_00_00\c2000ware\device_supp
    7430                      .dwattr $C$DW$461, DW_AT_decl_line(0xec)
    7431                      .dwattr $C$DW$461, DW_AT_decl_column(0x0c)
    7432              
    7433                      .dwattr $C$DW$T$62, DW_AT_decl_file("C:\ti\C2000Ware_MotorControl_SDK_5_04_00_00\c2000ware\device_sup
    7434                      .dwattr $C$DW$T$62, DW_AT_decl_line(0xe9)
    7435                      .dwattr $C$DW$T$62, DW_AT_decl_column(0x08)
    7436                      .dwendtag $C$DW$T$62
    7437              
    7438                      .dwendtag $C$DW$TU$62
    7439              
    7440              
    7441              $C$DW$TU$63     .dwtag  DW_TAG_type_unit
    7442                      .dwmtype  $C$DW$T$63
    7443              
    7444              $C$DW$T$63      .dwtag  DW_TAG_union_type
    7445                      .dwattr $C$DW$T$63, DW_AT_name("QEPSTROBESEL_REG")
    7446                      .dwattr $C$DW$T$63, DW_AT_byte_size(0x02)
    7447              $C$DW$462       .dwtag  DW_TAG_member
    7448                      .dwattr $C$DW$462, DW_AT_type(*$C$DW$T$46)
    7449                      .dwattr $C$DW$462, DW_AT_name("all")
    7450                      .dwattr $C$DW$462, DW_AT_accessibility(DW_ACCESS_public)
    7451                      .dwattr $C$DW$462, DW_AT_decl_file("C:\ti\C2000Ware_MotorControl_SDK_5_04_00_00\c2000ware\device_supp
    7452                      .dwattr $C$DW$462, DW_AT_decl_line(0xf0)
    7453                      .dwattr $C$DW$462, DW_AT_decl_column(0x0d)
    7454              
    7455              $C$DW$463       .dwtag  DW_TAG_member
    7456                      .dwattr $C$DW$463, DW_AT_type(*$C$DW$T$62)
    7457                      .dwattr $C$DW$463, DW_AT_name("bit")
    7458                      .dwattr $C$DW$463, DW_AT_accessibility(DW_ACCESS_public)
    7459                      .dwattr $C$DW$463, DW_AT_decl_file("C:\ti\C2000Ware_MotorControl_SDK_5_04_00_00\c2000ware\device_supp
TMS320C2000 Assembler PC v22.6.2 Fri Jan  2 15:35:19 2026

Copyright (c) 1996-2018 Texas Instruments Incorporated
dual_axis_servo_drive_user_cpu.asm                                   PAGE  148

    7460                      .dwattr $C$DW$463, DW_AT_decl_line(0xf1)
    7461                      .dwattr $C$DW$463, DW_AT_decl_column(0x20)
    7462              
    7463                      .dwattr $C$DW$T$63, DW_AT_decl_file("C:\ti\C2000Ware_MotorControl_SDK_5_04_00_00\c2000ware\device_sup
    7464                      .dwattr $C$DW$T$63, DW_AT_decl_line(0xef)
    7465                      .dwattr $C$DW$T$63, DW_AT_decl_column(0x07)
    7466                      .dwendtag $C$DW$T$63
    7467              
    7468                      .dwendtag $C$DW$TU$63
    7469              
    7470              
    7471              $C$DW$TU$64     .dwtag  DW_TAG_type_unit
    7472                      .dwmtype  $C$DW$T$64
    7473              
    7474              $C$DW$T$64      .dwtag  DW_TAG_structure_type
    7475                      .dwattr $C$DW$T$64, DW_AT_name("QEPSTS_BITS")
    7476                      .dwattr $C$DW$T$64, DW_AT_byte_size(0x01)
    7477              $C$DW$464       .dwtag  DW_TAG_member
    7478                      .dwattr $C$DW$464, DW_AT_type(*$C$DW$T$43)
    7479                      .dwattr $C$DW$464, DW_AT_name("PCEF")
    7480                      .dwattr $C$DW$464, DW_AT_bit_offset(0x0f)
    7481                      .dwattr $C$DW$464, DW_AT_bit_size(0x01)
    7482                      .dwattr $C$DW$464, DW_AT_accessibility(DW_ACCESS_public)
    7483                      .dwattr $C$DW$464, DW_AT_decl_file("C:\ti\C2000Ware_MotorControl_SDK_5_04_00_00\c2000ware\device_supp
    7484                      .dwattr $C$DW$464, DW_AT_decl_line(0xcd)
    7485                      .dwattr $C$DW$464, DW_AT_decl_column(0x0c)
    7486              
    7487              $C$DW$465       .dwtag  DW_TAG_member
    7488                      .dwattr $C$DW$465, DW_AT_type(*$C$DW$T$43)
    7489                      .dwattr $C$DW$465, DW_AT_name("FIMF")
    7490                      .dwattr $C$DW$465, DW_AT_bit_offset(0x0e)
    7491                      .dwattr $C$DW$465, DW_AT_bit_size(0x01)
    7492                      .dwattr $C$DW$465, DW_AT_accessibility(DW_ACCESS_public)
    7493                      .dwattr $C$DW$465, DW_AT_decl_file("C:\ti\C2000Ware_MotorControl_SDK_5_04_00_00\c2000ware\device_supp
    7494                      .dwattr $C$DW$465, DW_AT_decl_line(0xce)
    7495                      .dwattr $C$DW$465, DW_AT_decl_column(0x0c)
    7496              
    7497              $C$DW$466       .dwtag  DW_TAG_member
    7498                      .dwattr $C$DW$466, DW_AT_type(*$C$DW$T$43)
    7499                      .dwattr $C$DW$466, DW_AT_name("CDEF")
    7500                      .dwattr $C$DW$466, DW_AT_bit_offset(0x0d)
    7501                      .dwattr $C$DW$466, DW_AT_bit_size(0x01)
    7502                      .dwattr $C$DW$466, DW_AT_accessibility(DW_ACCESS_public)
    7503                      .dwattr $C$DW$466, DW_AT_decl_file("C:\ti\C2000Ware_MotorControl_SDK_5_04_00_00\c2000ware\device_supp
    7504                      .dwattr $C$DW$466, DW_AT_decl_line(0xcf)
    7505                      .dwattr $C$DW$466, DW_AT_decl_column(0x0c)
    7506              
    7507              $C$DW$467       .dwtag  DW_TAG_member
    7508                      .dwattr $C$DW$467, DW_AT_type(*$C$DW$T$43)
    7509                      .dwattr $C$DW$467, DW_AT_name("COEF")
    7510                      .dwattr $C$DW$467, DW_AT_bit_offset(0x0c)
    7511                      .dwattr $C$DW$467, DW_AT_bit_size(0x01)
    7512                      .dwattr $C$DW$467, DW_AT_accessibility(DW_ACCESS_public)
    7513                      .dwattr $C$DW$467, DW_AT_decl_file("C:\ti\C2000Ware_MotorControl_SDK_5_04_00_00\c2000ware\device_supp
    7514                      .dwattr $C$DW$467, DW_AT_decl_line(0xd0)
TMS320C2000 Assembler PC v22.6.2 Fri Jan  2 15:35:19 2026

Copyright (c) 1996-2018 Texas Instruments Incorporated
dual_axis_servo_drive_user_cpu.asm                                   PAGE  149

    7515                      .dwattr $C$DW$467, DW_AT_decl_column(0x0c)
    7516              
    7517              $C$DW$468       .dwtag  DW_TAG_member
    7518                      .dwattr $C$DW$468, DW_AT_type(*$C$DW$T$43)
    7519                      .dwattr $C$DW$468, DW_AT_name("QDLF")
    7520                      .dwattr $C$DW$468, DW_AT_bit_offset(0x0b)
    7521                      .dwattr $C$DW$468, DW_AT_bit_size(0x01)
    7522                      .dwattr $C$DW$468, DW_AT_accessibility(DW_ACCESS_public)
    7523                      .dwattr $C$DW$468, DW_AT_decl_file("C:\ti\C2000Ware_MotorControl_SDK_5_04_00_00\c2000ware\device_supp
    7524                      .dwattr $C$DW$468, DW_AT_decl_line(0xd1)
    7525                      .dwattr $C$DW$468, DW_AT_decl_column(0x0c)
    7526              
    7527              $C$DW$469       .dwtag  DW_TAG_member
    7528                      .dwattr $C$DW$469, DW_AT_type(*$C$DW$T$43)
    7529                      .dwattr $C$DW$469, DW_AT_name("QDF")
    7530                      .dwattr $C$DW$469, DW_AT_bit_offset(0x0a)
    7531                      .dwattr $C$DW$469, DW_AT_bit_size(0x01)
    7532                      .dwattr $C$DW$469, DW_AT_accessibility(DW_ACCESS_public)
    7533                      .dwattr $C$DW$469, DW_AT_decl_file("C:\ti\C2000Ware_MotorControl_SDK_5_04_00_00\c2000ware\device_supp
    7534                      .dwattr $C$DW$469, DW_AT_decl_line(0xd2)
    7535                      .dwattr $C$DW$469, DW_AT_decl_column(0x0c)
    7536              
    7537              $C$DW$470       .dwtag  DW_TAG_member
    7538                      .dwattr $C$DW$470, DW_AT_type(*$C$DW$T$43)
    7539                      .dwattr $C$DW$470, DW_AT_name("FIDF")
    7540                      .dwattr $C$DW$470, DW_AT_bit_offset(0x09)
    7541                      .dwattr $C$DW$470, DW_AT_bit_size(0x01)
    7542                      .dwattr $C$DW$470, DW_AT_accessibility(DW_ACCESS_public)
    7543                      .dwattr $C$DW$470, DW_AT_decl_file("C:\ti\C2000Ware_MotorControl_SDK_5_04_00_00\c2000ware\device_supp
    7544                      .dwattr $C$DW$470, DW_AT_decl_line(0xd3)
    7545                      .dwattr $C$DW$470, DW_AT_decl_column(0x0c)
    7546              
    7547              $C$DW$471       .dwtag  DW_TAG_member
    7548                      .dwattr $C$DW$471, DW_AT_type(*$C$DW$T$43)
    7549                      .dwattr $C$DW$471, DW_AT_name("UPEVNT")
    7550                      .dwattr $C$DW$471, DW_AT_bit_offset(0x08)
    7551                      .dwattr $C$DW$471, DW_AT_bit_size(0x01)
    7552                      .dwattr $C$DW$471, DW_AT_accessibility(DW_ACCESS_public)
    7553                      .dwattr $C$DW$471, DW_AT_decl_file("C:\ti\C2000Ware_MotorControl_SDK_5_04_00_00\c2000ware\device_supp
    7554                      .dwattr $C$DW$471, DW_AT_decl_line(0xd4)
    7555                      .dwattr $C$DW$471, DW_AT_decl_column(0x0c)
    7556              
    7557              $C$DW$472       .dwtag  DW_TAG_member
    7558                      .dwattr $C$DW$472, DW_AT_type(*$C$DW$T$43)
    7559                      .dwattr $C$DW$472, DW_AT_name("rsvd1")
    7560                      .dwattr $C$DW$472, DW_AT_bit_offset(0x00)
    7561                      .dwattr $C$DW$472, DW_AT_bit_size(0x08)
    7562                      .dwattr $C$DW$472, DW_AT_accessibility(DW_ACCESS_public)
    7563                      .dwattr $C$DW$472, DW_AT_decl_file("C:\ti\C2000Ware_MotorControl_SDK_5_04_00_00\c2000ware\device_supp
    7564                      .dwattr $C$DW$472, DW_AT_decl_line(0xd5)
    7565                      .dwattr $C$DW$472, DW_AT_decl_column(0x0c)
    7566              
    7567                      .dwattr $C$DW$T$64, DW_AT_decl_file("C:\ti\C2000Ware_MotorControl_SDK_5_04_00_00\c2000ware\device_sup
    7568                      .dwattr $C$DW$T$64, DW_AT_decl_line(0xcc)
    7569                      .dwattr $C$DW$T$64, DW_AT_decl_column(0x08)
TMS320C2000 Assembler PC v22.6.2 Fri Jan  2 15:35:19 2026

Copyright (c) 1996-2018 Texas Instruments Incorporated
dual_axis_servo_drive_user_cpu.asm                                   PAGE  150

    7570                      .dwendtag $C$DW$T$64
    7571              
    7572                      .dwendtag $C$DW$TU$64
    7573              
    7574              
    7575              $C$DW$TU$65     .dwtag  DW_TAG_type_unit
    7576                      .dwmtype  $C$DW$T$65
    7577              
    7578              $C$DW$T$65      .dwtag  DW_TAG_union_type
    7579                      .dwattr $C$DW$T$65, DW_AT_name("QEPSTS_REG")
    7580                      .dwattr $C$DW$T$65, DW_AT_byte_size(0x01)
    7581              $C$DW$473       .dwtag  DW_TAG_member
    7582                      .dwattr $C$DW$473, DW_AT_type(*$C$DW$T$43)
    7583                      .dwattr $C$DW$473, DW_AT_name("all")
    7584                      .dwattr $C$DW$473, DW_AT_accessibility(DW_ACCESS_public)
    7585                      .dwattr $C$DW$473, DW_AT_decl_file("C:\ti\C2000Ware_MotorControl_SDK_5_04_00_00\c2000ware\device_supp
    7586                      .dwattr $C$DW$473, DW_AT_decl_line(0xd9)
    7587                      .dwattr $C$DW$473, DW_AT_decl_column(0x0d)
    7588              
    7589              $C$DW$474       .dwtag  DW_TAG_member
    7590                      .dwattr $C$DW$474, DW_AT_type(*$C$DW$T$64)
    7591                      .dwattr $C$DW$474, DW_AT_name("bit")
    7592                      .dwattr $C$DW$474, DW_AT_accessibility(DW_ACCESS_public)
    7593                      .dwattr $C$DW$474, DW_AT_decl_file("C:\ti\C2000Ware_MotorControl_SDK_5_04_00_00\c2000ware\device_supp
    7594                      .dwattr $C$DW$474, DW_AT_decl_line(0xda)
    7595                      .dwattr $C$DW$474, DW_AT_decl_column(0x1a)
    7596              
    7597                      .dwattr $C$DW$T$65, DW_AT_decl_file("C:\ti\C2000Ware_MotorControl_SDK_5_04_00_00\c2000ware\device_sup
    7598                      .dwattr $C$DW$T$65, DW_AT_decl_line(0xd8)
    7599                      .dwattr $C$DW$T$65, DW_AT_decl_column(0x07)
    7600                      .dwendtag $C$DW$T$65
    7601              
    7602                      .dwendtag $C$DW$TU$65
    7603              
    7604              
    7605              $C$DW$TU$66     .dwtag  DW_TAG_type_unit
    7606                      .dwmtype  $C$DW$T$66
    7607              
    7608              $C$DW$T$66      .dwtag  DW_TAG_structure_type
    7609                      .dwattr $C$DW$T$66, DW_AT_name("QFLG_BITS")
    7610                      .dwattr $C$DW$T$66, DW_AT_byte_size(0x01)
    7611              $C$DW$475       .dwtag  DW_TAG_member
    7612                      .dwattr $C$DW$475, DW_AT_type(*$C$DW$T$43)
    7613                      .dwattr $C$DW$475, DW_AT_name("INT")
    7614                      .dwattr $C$DW$475, DW_AT_bit_offset(0x0f)
    7615                      .dwattr $C$DW$475, DW_AT_bit_size(0x01)
    7616                      .dwattr $C$DW$475, DW_AT_accessibility(DW_ACCESS_public)
    7617                      .dwattr $C$DW$475, DW_AT_decl_file("C:\ti\C2000Ware_MotorControl_SDK_5_04_00_00\c2000ware\device_supp
    7618                      .dwattr $C$DW$475, DW_AT_decl_line(0x8b)
    7619                      .dwattr $C$DW$475, DW_AT_decl_column(0x0c)
    7620              
    7621              $C$DW$476       .dwtag  DW_TAG_member
    7622                      .dwattr $C$DW$476, DW_AT_type(*$C$DW$T$43)
    7623                      .dwattr $C$DW$476, DW_AT_name("PCE")
    7624                      .dwattr $C$DW$476, DW_AT_bit_offset(0x0e)
TMS320C2000 Assembler PC v22.6.2 Fri Jan  2 15:35:19 2026

Copyright (c) 1996-2018 Texas Instruments Incorporated
dual_axis_servo_drive_user_cpu.asm                                   PAGE  151

    7625                      .dwattr $C$DW$476, DW_AT_bit_size(0x01)
    7626                      .dwattr $C$DW$476, DW_AT_accessibility(DW_ACCESS_public)
    7627                      .dwattr $C$DW$476, DW_AT_decl_file("C:\ti\C2000Ware_MotorControl_SDK_5_04_00_00\c2000ware\device_supp
    7628                      .dwattr $C$DW$476, DW_AT_decl_line(0x8c)
    7629                      .dwattr $C$DW$476, DW_AT_decl_column(0x0c)
    7630              
    7631              $C$DW$477       .dwtag  DW_TAG_member
    7632                      .dwattr $C$DW$477, DW_AT_type(*$C$DW$T$43)
    7633                      .dwattr $C$DW$477, DW_AT_name("PHE")
    7634                      .dwattr $C$DW$477, DW_AT_bit_offset(0x0d)
    7635                      .dwattr $C$DW$477, DW_AT_bit_size(0x01)
    7636                      .dwattr $C$DW$477, DW_AT_accessibility(DW_ACCESS_public)
    7637                      .dwattr $C$DW$477, DW_AT_decl_file("C:\ti\C2000Ware_MotorControl_SDK_5_04_00_00\c2000ware\device_supp
    7638                      .dwattr $C$DW$477, DW_AT_decl_line(0x8d)
    7639                      .dwattr $C$DW$477, DW_AT_decl_column(0x0c)
    7640              
    7641              $C$DW$478       .dwtag  DW_TAG_member
    7642                      .dwattr $C$DW$478, DW_AT_type(*$C$DW$T$43)
    7643                      .dwattr $C$DW$478, DW_AT_name("QDC")
    7644                      .dwattr $C$DW$478, DW_AT_bit_offset(0x0c)
    7645                      .dwattr $C$DW$478, DW_AT_bit_size(0x01)
    7646                      .dwattr $C$DW$478, DW_AT_accessibility(DW_ACCESS_public)
    7647                      .dwattr $C$DW$478, DW_AT_decl_file("C:\ti\C2000Ware_MotorControl_SDK_5_04_00_00\c2000ware\device_supp
    7648                      .dwattr $C$DW$478, DW_AT_decl_line(0x8e)
    7649                      .dwattr $C$DW$478, DW_AT_decl_column(0x0c)
    7650              
    7651              $C$DW$479       .dwtag  DW_TAG_member
    7652                      .dwattr $C$DW$479, DW_AT_type(*$C$DW$T$43)
    7653                      .dwattr $C$DW$479, DW_AT_name("WTO")
    7654                      .dwattr $C$DW$479, DW_AT_bit_offset(0x0b)
    7655                      .dwattr $C$DW$479, DW_AT_bit_size(0x01)
    7656                      .dwattr $C$DW$479, DW_AT_accessibility(DW_ACCESS_public)
    7657                      .dwattr $C$DW$479, DW_AT_decl_file("C:\ti\C2000Ware_MotorControl_SDK_5_04_00_00\c2000ware\device_supp
    7658                      .dwattr $C$DW$479, DW_AT_decl_line(0x8f)
    7659                      .dwattr $C$DW$479, DW_AT_decl_column(0x0c)
    7660              
    7661              $C$DW$480       .dwtag  DW_TAG_member
    7662                      .dwattr $C$DW$480, DW_AT_type(*$C$DW$T$43)
    7663                      .dwattr $C$DW$480, DW_AT_name("PCU")
    7664                      .dwattr $C$DW$480, DW_AT_bit_offset(0x0a)
    7665                      .dwattr $C$DW$480, DW_AT_bit_size(0x01)
    7666                      .dwattr $C$DW$480, DW_AT_accessibility(DW_ACCESS_public)
    7667                      .dwattr $C$DW$480, DW_AT_decl_file("C:\ti\C2000Ware_MotorControl_SDK_5_04_00_00\c2000ware\device_supp
    7668                      .dwattr $C$DW$480, DW_AT_decl_line(0x90)
    7669                      .dwattr $C$DW$480, DW_AT_decl_column(0x0c)
    7670              
    7671              $C$DW$481       .dwtag  DW_TAG_member
    7672                      .dwattr $C$DW$481, DW_AT_type(*$C$DW$T$43)
    7673                      .dwattr $C$DW$481, DW_AT_name("PCO")
    7674                      .dwattr $C$DW$481, DW_AT_bit_offset(0x09)
    7675                      .dwattr $C$DW$481, DW_AT_bit_size(0x01)
    7676                      .dwattr $C$DW$481, DW_AT_accessibility(DW_ACCESS_public)
    7677                      .dwattr $C$DW$481, DW_AT_decl_file("C:\ti\C2000Ware_MotorControl_SDK_5_04_00_00\c2000ware\device_supp
    7678                      .dwattr $C$DW$481, DW_AT_decl_line(0x91)
    7679                      .dwattr $C$DW$481, DW_AT_decl_column(0x0c)
TMS320C2000 Assembler PC v22.6.2 Fri Jan  2 15:35:19 2026

Copyright (c) 1996-2018 Texas Instruments Incorporated
dual_axis_servo_drive_user_cpu.asm                                   PAGE  152

    7680              
    7681              $C$DW$482       .dwtag  DW_TAG_member
    7682                      .dwattr $C$DW$482, DW_AT_type(*$C$DW$T$43)
    7683                      .dwattr $C$DW$482, DW_AT_name("PCR")
    7684                      .dwattr $C$DW$482, DW_AT_bit_offset(0x08)
    7685                      .dwattr $C$DW$482, DW_AT_bit_size(0x01)
    7686                      .dwattr $C$DW$482, DW_AT_accessibility(DW_ACCESS_public)
    7687                      .dwattr $C$DW$482, DW_AT_decl_file("C:\ti\C2000Ware_MotorControl_SDK_5_04_00_00\c2000ware\device_supp
    7688                      .dwattr $C$DW$482, DW_AT_decl_line(0x92)
    7689                      .dwattr $C$DW$482, DW_AT_decl_column(0x0c)
    7690              
    7691              $C$DW$483       .dwtag  DW_TAG_member
    7692                      .dwattr $C$DW$483, DW_AT_type(*$C$DW$T$43)
    7693                      .dwattr $C$DW$483, DW_AT_name("PCM")
    7694                      .dwattr $C$DW$483, DW_AT_bit_offset(0x07)
    7695                      .dwattr $C$DW$483, DW_AT_bit_size(0x01)
    7696                      .dwattr $C$DW$483, DW_AT_accessibility(DW_ACCESS_public)
    7697                      .dwattr $C$DW$483, DW_AT_decl_file("C:\ti\C2000Ware_MotorControl_SDK_5_04_00_00\c2000ware\device_supp
    7698                      .dwattr $C$DW$483, DW_AT_decl_line(0x93)
    7699                      .dwattr $C$DW$483, DW_AT_decl_column(0x0c)
    7700              
    7701              $C$DW$484       .dwtag  DW_TAG_member
    7702                      .dwattr $C$DW$484, DW_AT_type(*$C$DW$T$43)
    7703                      .dwattr $C$DW$484, DW_AT_name("SEL")
    7704                      .dwattr $C$DW$484, DW_AT_bit_offset(0x06)
    7705                      .dwattr $C$DW$484, DW_AT_bit_size(0x01)
    7706                      .dwattr $C$DW$484, DW_AT_accessibility(DW_ACCESS_public)
    7707                      .dwattr $C$DW$484, DW_AT_decl_file("C:\ti\C2000Ware_MotorControl_SDK_5_04_00_00\c2000ware\device_supp
    7708                      .dwattr $C$DW$484, DW_AT_decl_line(0x94)
    7709                      .dwattr $C$DW$484, DW_AT_decl_column(0x0c)
    7710              
    7711              $C$DW$485       .dwtag  DW_TAG_member
    7712                      .dwattr $C$DW$485, DW_AT_type(*$C$DW$T$43)
    7713                      .dwattr $C$DW$485, DW_AT_name("IEL")
    7714                      .dwattr $C$DW$485, DW_AT_bit_offset(0x05)
    7715                      .dwattr $C$DW$485, DW_AT_bit_size(0x01)
    7716                      .dwattr $C$DW$485, DW_AT_accessibility(DW_ACCESS_public)
    7717                      .dwattr $C$DW$485, DW_AT_decl_file("C:\ti\C2000Ware_MotorControl_SDK_5_04_00_00\c2000ware\device_supp
    7718                      .dwattr $C$DW$485, DW_AT_decl_line(0x95)
    7719                      .dwattr $C$DW$485, DW_AT_decl_column(0x0c)
    7720              
    7721              $C$DW$486       .dwtag  DW_TAG_member
    7722                      .dwattr $C$DW$486, DW_AT_type(*$C$DW$T$43)
    7723                      .dwattr $C$DW$486, DW_AT_name("UTO")
    7724                      .dwattr $C$DW$486, DW_AT_bit_offset(0x04)
    7725                      .dwattr $C$DW$486, DW_AT_bit_size(0x01)
    7726                      .dwattr $C$DW$486, DW_AT_accessibility(DW_ACCESS_public)
    7727                      .dwattr $C$DW$486, DW_AT_decl_file("C:\ti\C2000Ware_MotorControl_SDK_5_04_00_00\c2000ware\device_supp
    7728                      .dwattr $C$DW$486, DW_AT_decl_line(0x96)
    7729                      .dwattr $C$DW$486, DW_AT_decl_column(0x0c)
    7730              
    7731              $C$DW$487       .dwtag  DW_TAG_member
    7732                      .dwattr $C$DW$487, DW_AT_type(*$C$DW$T$43)
    7733                      .dwattr $C$DW$487, DW_AT_name("QMAE")
    7734                      .dwattr $C$DW$487, DW_AT_bit_offset(0x03)
TMS320C2000 Assembler PC v22.6.2 Fri Jan  2 15:35:19 2026

Copyright (c) 1996-2018 Texas Instruments Incorporated
dual_axis_servo_drive_user_cpu.asm                                   PAGE  153

    7735                      .dwattr $C$DW$487, DW_AT_bit_size(0x01)
    7736                      .dwattr $C$DW$487, DW_AT_accessibility(DW_ACCESS_public)
    7737                      .dwattr $C$DW$487, DW_AT_decl_file("C:\ti\C2000Ware_MotorControl_SDK_5_04_00_00\c2000ware\device_supp
    7738                      .dwattr $C$DW$487, DW_AT_decl_line(0x97)
    7739                      .dwattr $C$DW$487, DW_AT_decl_column(0x0c)
    7740              
    7741              $C$DW$488       .dwtag  DW_TAG_member
    7742                      .dwattr $C$DW$488, DW_AT_type(*$C$DW$T$43)
    7743                      .dwattr $C$DW$488, DW_AT_name("rsvd1")
    7744                      .dwattr $C$DW$488, DW_AT_bit_offset(0x00)
    7745                      .dwattr $C$DW$488, DW_AT_bit_size(0x03)
    7746                      .dwattr $C$DW$488, DW_AT_accessibility(DW_ACCESS_public)
    7747                      .dwattr $C$DW$488, DW_AT_decl_file("C:\ti\C2000Ware_MotorControl_SDK_5_04_00_00\c2000ware\device_supp
    7748                      .dwattr $C$DW$488, DW_AT_decl_line(0x98)
    7749                      .dwattr $C$DW$488, DW_AT_decl_column(0x0c)
    7750              
    7751                      .dwattr $C$DW$T$66, DW_AT_decl_file("C:\ti\C2000Ware_MotorControl_SDK_5_04_00_00\c2000ware\device_sup
    7752                      .dwattr $C$DW$T$66, DW_AT_decl_line(0x8a)
    7753                      .dwattr $C$DW$T$66, DW_AT_decl_column(0x08)
    7754                      .dwendtag $C$DW$T$66
    7755              
    7756                      .dwendtag $C$DW$TU$66
    7757              
    7758              
    7759              $C$DW$TU$67     .dwtag  DW_TAG_type_unit
    7760                      .dwmtype  $C$DW$T$67
    7761              
    7762              $C$DW$T$67      .dwtag  DW_TAG_union_type
    7763                      .dwattr $C$DW$T$67, DW_AT_name("QFLG_REG")
    7764                      .dwattr $C$DW$T$67, DW_AT_byte_size(0x01)
    7765              $C$DW$489       .dwtag  DW_TAG_member
    7766                      .dwattr $C$DW$489, DW_AT_type(*$C$DW$T$43)
    7767                      .dwattr $C$DW$489, DW_AT_name("all")
    7768                      .dwattr $C$DW$489, DW_AT_accessibility(DW_ACCESS_public)
    7769                      .dwattr $C$DW$489, DW_AT_decl_file("C:\ti\C2000Ware_MotorControl_SDK_5_04_00_00\c2000ware\device_supp
    7770                      .dwattr $C$DW$489, DW_AT_decl_line(0x9c)
    7771                      .dwattr $C$DW$489, DW_AT_decl_column(0x0d)
    7772              
    7773              $C$DW$490       .dwtag  DW_TAG_member
    7774                      .dwattr $C$DW$490, DW_AT_type(*$C$DW$T$66)
    7775                      .dwattr $C$DW$490, DW_AT_name("bit")
    7776                      .dwattr $C$DW$490, DW_AT_accessibility(DW_ACCESS_public)
    7777                      .dwattr $C$DW$490, DW_AT_decl_file("C:\ti\C2000Ware_MotorControl_SDK_5_04_00_00\c2000ware\device_supp
    7778                      .dwattr $C$DW$490, DW_AT_decl_line(0x9d)
    7779                      .dwattr $C$DW$490, DW_AT_decl_column(0x18)
    7780              
    7781                      .dwattr $C$DW$T$67, DW_AT_decl_file("C:\ti\C2000Ware_MotorControl_SDK_5_04_00_00\c2000ware\device_sup
    7782                      .dwattr $C$DW$T$67, DW_AT_decl_line(0x9b)
    7783                      .dwattr $C$DW$T$67, DW_AT_decl_column(0x07)
    7784                      .dwendtag $C$DW$T$67
    7785              
    7786                      .dwendtag $C$DW$TU$67
    7787              
    7788              
    7789              $C$DW$TU$68     .dwtag  DW_TAG_type_unit
TMS320C2000 Assembler PC v22.6.2 Fri Jan  2 15:35:19 2026

Copyright (c) 1996-2018 Texas Instruments Incorporated
dual_axis_servo_drive_user_cpu.asm                                   PAGE  154

    7790                      .dwmtype  $C$DW$T$68
    7791              
    7792              $C$DW$T$68      .dwtag  DW_TAG_structure_type
    7793                      .dwattr $C$DW$T$68, DW_AT_name("QFRC_BITS")
    7794                      .dwattr $C$DW$T$68, DW_AT_byte_size(0x01)
    7795              $C$DW$491       .dwtag  DW_TAG_member
    7796                      .dwattr $C$DW$491, DW_AT_type(*$C$DW$T$43)
    7797                      .dwattr $C$DW$491, DW_AT_name("rsvd1")
    7798                      .dwattr $C$DW$491, DW_AT_bit_offset(0x0f)
    7799                      .dwattr $C$DW$491, DW_AT_bit_size(0x01)
    7800                      .dwattr $C$DW$491, DW_AT_accessibility(DW_ACCESS_public)
    7801                      .dwattr $C$DW$491, DW_AT_decl_file("C:\ti\C2000Ware_MotorControl_SDK_5_04_00_00\c2000ware\device_supp
    7802                      .dwattr $C$DW$491, DW_AT_decl_line(0xb7)
    7803                      .dwattr $C$DW$491, DW_AT_decl_column(0x0c)
    7804              
    7805              $C$DW$492       .dwtag  DW_TAG_member
    7806                      .dwattr $C$DW$492, DW_AT_type(*$C$DW$T$43)
    7807                      .dwattr $C$DW$492, DW_AT_name("PCE")
    7808                      .dwattr $C$DW$492, DW_AT_bit_offset(0x0e)
    7809                      .dwattr $C$DW$492, DW_AT_bit_size(0x01)
    7810                      .dwattr $C$DW$492, DW_AT_accessibility(DW_ACCESS_public)
    7811                      .dwattr $C$DW$492, DW_AT_decl_file("C:\ti\C2000Ware_MotorControl_SDK_5_04_00_00\c2000ware\device_supp
    7812                      .dwattr $C$DW$492, DW_AT_decl_line(0xb8)
    7813                      .dwattr $C$DW$492, DW_AT_decl_column(0x0c)
    7814              
    7815              $C$DW$493       .dwtag  DW_TAG_member
    7816                      .dwattr $C$DW$493, DW_AT_type(*$C$DW$T$43)
    7817                      .dwattr $C$DW$493, DW_AT_name("PHE")
    7818                      .dwattr $C$DW$493, DW_AT_bit_offset(0x0d)
    7819                      .dwattr $C$DW$493, DW_AT_bit_size(0x01)
    7820                      .dwattr $C$DW$493, DW_AT_accessibility(DW_ACCESS_public)
    7821                      .dwattr $C$DW$493, DW_AT_decl_file("C:\ti\C2000Ware_MotorControl_SDK_5_04_00_00\c2000ware\device_supp
    7822                      .dwattr $C$DW$493, DW_AT_decl_line(0xb9)
    7823                      .dwattr $C$DW$493, DW_AT_decl_column(0x0c)
    7824              
    7825              $C$DW$494       .dwtag  DW_TAG_member
    7826                      .dwattr $C$DW$494, DW_AT_type(*$C$DW$T$43)
    7827                      .dwattr $C$DW$494, DW_AT_name("QDC")
    7828                      .dwattr $C$DW$494, DW_AT_bit_offset(0x0c)
    7829                      .dwattr $C$DW$494, DW_AT_bit_size(0x01)
    7830                      .dwattr $C$DW$494, DW_AT_accessibility(DW_ACCESS_public)
    7831                      .dwattr $C$DW$494, DW_AT_decl_file("C:\ti\C2000Ware_MotorControl_SDK_5_04_00_00\c2000ware\device_supp
    7832                      .dwattr $C$DW$494, DW_AT_decl_line(0xba)
    7833                      .dwattr $C$DW$494, DW_AT_decl_column(0x0c)
    7834              
    7835              $C$DW$495       .dwtag  DW_TAG_member
    7836                      .dwattr $C$DW$495, DW_AT_type(*$C$DW$T$43)
    7837                      .dwattr $C$DW$495, DW_AT_name("WTO")
    7838                      .dwattr $C$DW$495, DW_AT_bit_offset(0x0b)
    7839                      .dwattr $C$DW$495, DW_AT_bit_size(0x01)
    7840                      .dwattr $C$DW$495, DW_AT_accessibility(DW_ACCESS_public)
    7841                      .dwattr $C$DW$495, DW_AT_decl_file("C:\ti\C2000Ware_MotorControl_SDK_5_04_00_00\c2000ware\device_supp
    7842                      .dwattr $C$DW$495, DW_AT_decl_line(0xbb)
    7843                      .dwattr $C$DW$495, DW_AT_decl_column(0x0c)
    7844              
TMS320C2000 Assembler PC v22.6.2 Fri Jan  2 15:35:19 2026

Copyright (c) 1996-2018 Texas Instruments Incorporated
dual_axis_servo_drive_user_cpu.asm                                   PAGE  155

    7845              $C$DW$496       .dwtag  DW_TAG_member
    7846                      .dwattr $C$DW$496, DW_AT_type(*$C$DW$T$43)
    7847                      .dwattr $C$DW$496, DW_AT_name("PCU")
    7848                      .dwattr $C$DW$496, DW_AT_bit_offset(0x0a)
    7849                      .dwattr $C$DW$496, DW_AT_bit_size(0x01)
    7850                      .dwattr $C$DW$496, DW_AT_accessibility(DW_ACCESS_public)
    7851                      .dwattr $C$DW$496, DW_AT_decl_file("C:\ti\C2000Ware_MotorControl_SDK_5_04_00_00\c2000ware\device_supp
    7852                      .dwattr $C$DW$496, DW_AT_decl_line(0xbc)
    7853                      .dwattr $C$DW$496, DW_AT_decl_column(0x0c)
    7854              
    7855              $C$DW$497       .dwtag  DW_TAG_member
    7856                      .dwattr $C$DW$497, DW_AT_type(*$C$DW$T$43)
    7857                      .dwattr $C$DW$497, DW_AT_name("PCO")
    7858                      .dwattr $C$DW$497, DW_AT_bit_offset(0x09)
    7859                      .dwattr $C$DW$497, DW_AT_bit_size(0x01)
    7860                      .dwattr $C$DW$497, DW_AT_accessibility(DW_ACCESS_public)
    7861                      .dwattr $C$DW$497, DW_AT_decl_file("C:\ti\C2000Ware_MotorControl_SDK_5_04_00_00\c2000ware\device_supp
    7862                      .dwattr $C$DW$497, DW_AT_decl_line(0xbd)
    7863                      .dwattr $C$DW$497, DW_AT_decl_column(0x0c)
    7864              
    7865              $C$DW$498       .dwtag  DW_TAG_member
    7866                      .dwattr $C$DW$498, DW_AT_type(*$C$DW$T$43)
    7867                      .dwattr $C$DW$498, DW_AT_name("PCR")
    7868                      .dwattr $C$DW$498, DW_AT_bit_offset(0x08)
    7869                      .dwattr $C$DW$498, DW_AT_bit_size(0x01)
    7870                      .dwattr $C$DW$498, DW_AT_accessibility(DW_ACCESS_public)
    7871                      .dwattr $C$DW$498, DW_AT_decl_file("C:\ti\C2000Ware_MotorControl_SDK_5_04_00_00\c2000ware\device_supp
    7872                      .dwattr $C$DW$498, DW_AT_decl_line(0xbe)
    7873                      .dwattr $C$DW$498, DW_AT_decl_column(0x0c)
    7874              
    7875              $C$DW$499       .dwtag  DW_TAG_member
    7876                      .dwattr $C$DW$499, DW_AT_type(*$C$DW$T$43)
    7877                      .dwattr $C$DW$499, DW_AT_name("PCM")
    7878                      .dwattr $C$DW$499, DW_AT_bit_offset(0x07)
    7879                      .dwattr $C$DW$499, DW_AT_bit_size(0x01)
    7880                      .dwattr $C$DW$499, DW_AT_accessibility(DW_ACCESS_public)
    7881                      .dwattr $C$DW$499, DW_AT_decl_file("C:\ti\C2000Ware_MotorControl_SDK_5_04_00_00\c2000ware\device_supp
    7882                      .dwattr $C$DW$499, DW_AT_decl_line(0xbf)
    7883                      .dwattr $C$DW$499, DW_AT_decl_column(0x0c)
    7884              
    7885              $C$DW$500       .dwtag  DW_TAG_member
    7886                      .dwattr $C$DW$500, DW_AT_type(*$C$DW$T$43)
    7887                      .dwattr $C$DW$500, DW_AT_name("SEL")
    7888                      .dwattr $C$DW$500, DW_AT_bit_offset(0x06)
    7889                      .dwattr $C$DW$500, DW_AT_bit_size(0x01)
    7890                      .dwattr $C$DW$500, DW_AT_accessibility(DW_ACCESS_public)
    7891                      .dwattr $C$DW$500, DW_AT_decl_file("C:\ti\C2000Ware_MotorControl_SDK_5_04_00_00\c2000ware\device_supp
    7892                      .dwattr $C$DW$500, DW_AT_decl_line(0xc0)
    7893                      .dwattr $C$DW$500, DW_AT_decl_column(0x0c)
    7894              
    7895              $C$DW$501       .dwtag  DW_TAG_member
    7896                      .dwattr $C$DW$501, DW_AT_type(*$C$DW$T$43)
    7897                      .dwattr $C$DW$501, DW_AT_name("IEL")
    7898                      .dwattr $C$DW$501, DW_AT_bit_offset(0x05)
    7899                      .dwattr $C$DW$501, DW_AT_bit_size(0x01)
TMS320C2000 Assembler PC v22.6.2 Fri Jan  2 15:35:19 2026

Copyright (c) 1996-2018 Texas Instruments Incorporated
dual_axis_servo_drive_user_cpu.asm                                   PAGE  156

    7900                      .dwattr $C$DW$501, DW_AT_accessibility(DW_ACCESS_public)
    7901                      .dwattr $C$DW$501, DW_AT_decl_file("C:\ti\C2000Ware_MotorControl_SDK_5_04_00_00\c2000ware\device_supp
    7902                      .dwattr $C$DW$501, DW_AT_decl_line(0xc1)
    7903                      .dwattr $C$DW$501, DW_AT_decl_column(0x0c)
    7904              
    7905              $C$DW$502       .dwtag  DW_TAG_member
    7906                      .dwattr $C$DW$502, DW_AT_type(*$C$DW$T$43)
    7907                      .dwattr $C$DW$502, DW_AT_name("UTO")
    7908                      .dwattr $C$DW$502, DW_AT_bit_offset(0x04)
    7909                      .dwattr $C$DW$502, DW_AT_bit_size(0x01)
    7910                      .dwattr $C$DW$502, DW_AT_accessibility(DW_ACCESS_public)
    7911                      .dwattr $C$DW$502, DW_AT_decl_file("C:\ti\C2000Ware_MotorControl_SDK_5_04_00_00\c2000ware\device_supp
    7912                      .dwattr $C$DW$502, DW_AT_decl_line(0xc2)
    7913                      .dwattr $C$DW$502, DW_AT_decl_column(0x0c)
    7914              
    7915              $C$DW$503       .dwtag  DW_TAG_member
    7916                      .dwattr $C$DW$503, DW_AT_type(*$C$DW$T$43)
    7917                      .dwattr $C$DW$503, DW_AT_name("QMAE")
    7918                      .dwattr $C$DW$503, DW_AT_bit_offset(0x03)
    7919                      .dwattr $C$DW$503, DW_AT_bit_size(0x01)
    7920                      .dwattr $C$DW$503, DW_AT_accessibility(DW_ACCESS_public)
    7921                      .dwattr $C$DW$503, DW_AT_decl_file("C:\ti\C2000Ware_MotorControl_SDK_5_04_00_00\c2000ware\device_supp
    7922                      .dwattr $C$DW$503, DW_AT_decl_line(0xc3)
    7923                      .dwattr $C$DW$503, DW_AT_decl_column(0x0c)
    7924              
    7925              $C$DW$504       .dwtag  DW_TAG_member
    7926                      .dwattr $C$DW$504, DW_AT_type(*$C$DW$T$43)
    7927                      .dwattr $C$DW$504, DW_AT_name("rsvd2")
    7928                      .dwattr $C$DW$504, DW_AT_bit_offset(0x00)
    7929                      .dwattr $C$DW$504, DW_AT_bit_size(0x03)
    7930                      .dwattr $C$DW$504, DW_AT_accessibility(DW_ACCESS_public)
    7931                      .dwattr $C$DW$504, DW_AT_decl_file("C:\ti\C2000Ware_MotorControl_SDK_5_04_00_00\c2000ware\device_supp
    7932                      .dwattr $C$DW$504, DW_AT_decl_line(0xc4)
    7933                      .dwattr $C$DW$504, DW_AT_decl_column(0x0c)
    7934              
    7935                      .dwattr $C$DW$T$68, DW_AT_decl_file("C:\ti\C2000Ware_MotorControl_SDK_5_04_00_00\c2000ware\device_sup
    7936                      .dwattr $C$DW$T$68, DW_AT_decl_line(0xb6)
    7937                      .dwattr $C$DW$T$68, DW_AT_decl_column(0x08)
    7938                      .dwendtag $C$DW$T$68
    7939              
    7940                      .dwendtag $C$DW$TU$68
    7941              
    7942              
    7943              $C$DW$TU$69     .dwtag  DW_TAG_type_unit
    7944                      .dwmtype  $C$DW$T$69
    7945              
    7946              $C$DW$T$69      .dwtag  DW_TAG_union_type
    7947                      .dwattr $C$DW$T$69, DW_AT_name("QFRC_REG")
    7948                      .dwattr $C$DW$T$69, DW_AT_byte_size(0x01)
    7949              $C$DW$505       .dwtag  DW_TAG_member
    7950                      .dwattr $C$DW$505, DW_AT_type(*$C$DW$T$43)
    7951                      .dwattr $C$DW$505, DW_AT_name("all")
    7952                      .dwattr $C$DW$505, DW_AT_accessibility(DW_ACCESS_public)
    7953                      .dwattr $C$DW$505, DW_AT_decl_file("C:\ti\C2000Ware_MotorControl_SDK_5_04_00_00\c2000ware\device_supp
    7954                      .dwattr $C$DW$505, DW_AT_decl_line(0xc8)
TMS320C2000 Assembler PC v22.6.2 Fri Jan  2 15:35:19 2026

Copyright (c) 1996-2018 Texas Instruments Incorporated
dual_axis_servo_drive_user_cpu.asm                                   PAGE  157

    7955                      .dwattr $C$DW$505, DW_AT_decl_column(0x0d)
    7956              
    7957              $C$DW$506       .dwtag  DW_TAG_member
    7958                      .dwattr $C$DW$506, DW_AT_type(*$C$DW$T$68)
    7959                      .dwattr $C$DW$506, DW_AT_name("bit")
    7960                      .dwattr $C$DW$506, DW_AT_accessibility(DW_ACCESS_public)
    7961                      .dwattr $C$DW$506, DW_AT_decl_file("C:\ti\C2000Ware_MotorControl_SDK_5_04_00_00\c2000ware\device_supp
    7962                      .dwattr $C$DW$506, DW_AT_decl_line(0xc9)
    7963                      .dwattr $C$DW$506, DW_AT_decl_column(0x18)
    7964              
    7965                      .dwattr $C$DW$T$69, DW_AT_decl_file("C:\ti\C2000Ware_MotorControl_SDK_5_04_00_00\c2000ware\device_sup
    7966                      .dwattr $C$DW$T$69, DW_AT_decl_line(0xc7)
    7967                      .dwattr $C$DW$T$69, DW_AT_decl_column(0x07)
    7968                      .dwendtag $C$DW$T$69
    7969              
    7970                      .dwendtag $C$DW$TU$69
    7971              
    7972              
    7973              $C$DW$TU$70     .dwtag  DW_TAG_type_unit
    7974                      .dwmtype  $C$DW$T$70
    7975              
    7976              $C$DW$T$70      .dwtag  DW_TAG_structure_type
    7977                      .dwattr $C$DW$T$70, DW_AT_name("QMACTRL_BITS")
    7978                      .dwattr $C$DW$T$70, DW_AT_byte_size(0x02)
    7979              $C$DW$507       .dwtag  DW_TAG_member
    7980                      .dwattr $C$DW$507, DW_AT_type(*$C$DW$T$43)
    7981                      .dwattr $C$DW$507, DW_AT_name("MODE")
    7982                      .dwattr $C$DW$507, DW_AT_bit_offset(0x0d)
    7983                      .dwattr $C$DW$507, DW_AT_bit_size(0x03)
    7984                      .dwattr $C$DW$507, DW_AT_accessibility(DW_ACCESS_public)
    7985                      .dwattr $C$DW$507, DW_AT_decl_file("C:\ti\C2000Ware_MotorControl_SDK_5_04_00_00\c2000ware\device_supp
    7986                      .dwattr $C$DW$507, DW_AT_decl_line(0xf5)
    7987                      .dwattr $C$DW$507, DW_AT_decl_column(0x0c)
    7988              
    7989              $C$DW$508       .dwtag  DW_TAG_member
    7990                      .dwattr $C$DW$508, DW_AT_type(*$C$DW$T$43)
    7991                      .dwattr $C$DW$508, DW_AT_name("rsvd1")
    7992                      .dwattr $C$DW$508, DW_AT_bit_offset(0x00)
    7993                      .dwattr $C$DW$508, DW_AT_bit_size(0x0d)
    7994                      .dwattr $C$DW$508, DW_AT_accessibility(DW_ACCESS_public)
    7995                      .dwattr $C$DW$508, DW_AT_decl_file("C:\ti\C2000Ware_MotorControl_SDK_5_04_00_00\c2000ware\device_supp
    7996                      .dwattr $C$DW$508, DW_AT_decl_line(0xf6)
    7997                      .dwattr $C$DW$508, DW_AT_decl_column(0x0c)
    7998              
    7999              $C$DW$509       .dwtag  DW_TAG_member
    8000                      .dwattr $C$DW$509, DW_AT_type(*$C$DW$T$43)
    8001                      .dwattr $C$DW$509, DW_AT_name("rsvd2")
    8002                      .dwattr $C$DW$509, DW_AT_bit_offset(0x00)
    8003                      .dwattr $C$DW$509, DW_AT_bit_size(0x10)
    8004                      .dwattr $C$DW$509, DW_AT_data_member_location[DW_OP_plus_uconst 0x1]
    8005                      .dwattr $C$DW$509, DW_AT_accessibility(DW_ACCESS_public)
    8006                      .dwattr $C$DW$509, DW_AT_decl_file("C:\ti\C2000Ware_MotorControl_SDK_5_04_00_00\c2000ware\device_supp
    8007                      .dwattr $C$DW$509, DW_AT_decl_line(0xf7)
    8008                      .dwattr $C$DW$509, DW_AT_decl_column(0x0c)
    8009              
TMS320C2000 Assembler PC v22.6.2 Fri Jan  2 15:35:19 2026

Copyright (c) 1996-2018 Texas Instruments Incorporated
dual_axis_servo_drive_user_cpu.asm                                   PAGE  158

    8010                      .dwattr $C$DW$T$70, DW_AT_decl_file("C:\ti\C2000Ware_MotorControl_SDK_5_04_00_00\c2000ware\device_sup
    8011                      .dwattr $C$DW$T$70, DW_AT_decl_line(0xf4)
    8012                      .dwattr $C$DW$T$70, DW_AT_decl_column(0x08)
    8013                      .dwendtag $C$DW$T$70
    8014              
    8015                      .dwendtag $C$DW$TU$70
    8016              
    8017              
    8018              $C$DW$TU$71     .dwtag  DW_TAG_type_unit
    8019                      .dwmtype  $C$DW$T$71
    8020              
    8021              $C$DW$T$71      .dwtag  DW_TAG_union_type
    8022                      .dwattr $C$DW$T$71, DW_AT_name("QMACTRL_REG")
    8023                      .dwattr $C$DW$T$71, DW_AT_byte_size(0x02)
    8024              $C$DW$510       .dwtag  DW_TAG_member
    8025                      .dwattr $C$DW$510, DW_AT_type(*$C$DW$T$46)
    8026                      .dwattr $C$DW$510, DW_AT_name("all")
    8027                      .dwattr $C$DW$510, DW_AT_accessibility(DW_ACCESS_public)
    8028                      .dwattr $C$DW$510, DW_AT_decl_file("C:\ti\C2000Ware_MotorControl_SDK_5_04_00_00\c2000ware\device_supp
    8029                      .dwattr $C$DW$510, DW_AT_decl_line(0xfb)
    8030                      .dwattr $C$DW$510, DW_AT_decl_column(0x0d)
    8031              
    8032              $C$DW$511       .dwtag  DW_TAG_member
    8033                      .dwattr $C$DW$511, DW_AT_type(*$C$DW$T$70)
    8034                      .dwattr $C$DW$511, DW_AT_name("bit")
    8035                      .dwattr $C$DW$511, DW_AT_accessibility(DW_ACCESS_public)
    8036                      .dwattr $C$DW$511, DW_AT_decl_file("C:\ti\C2000Ware_MotorControl_SDK_5_04_00_00\c2000ware\device_supp
    8037                      .dwattr $C$DW$511, DW_AT_decl_line(0xfc)
    8038                      .dwattr $C$DW$511, DW_AT_decl_column(0x1b)
    8039              
    8040                      .dwattr $C$DW$T$71, DW_AT_decl_file("C:\ti\C2000Ware_MotorControl_SDK_5_04_00_00\c2000ware\device_sup
    8041                      .dwattr $C$DW$T$71, DW_AT_decl_line(0xfa)
    8042                      .dwattr $C$DW$T$71, DW_AT_decl_column(0x07)
    8043                      .dwendtag $C$DW$T$71
    8044              
    8045                      .dwendtag $C$DW$TU$71
    8046              
    8047              
    8048              $C$DW$TU$72     .dwtag  DW_TAG_type_unit
    8049                      .dwmtype  $C$DW$T$72
    8050              
    8051              $C$DW$T$72      .dwtag  DW_TAG_structure_type
    8052                      .dwattr $C$DW$T$72, DW_AT_name("QPOSCTL_BITS")
    8053                      .dwattr $C$DW$T$72, DW_AT_byte_size(0x01)
    8054              $C$DW$512       .dwtag  DW_TAG_member
    8055                      .dwattr $C$DW$512, DW_AT_type(*$C$DW$T$43)
    8056                      .dwattr $C$DW$512, DW_AT_name("PCSPW")
    8057                      .dwattr $C$DW$512, DW_AT_bit_offset(0x04)
    8058                      .dwattr $C$DW$512, DW_AT_bit_size(0x0c)
    8059                      .dwattr $C$DW$512, DW_AT_accessibility(DW_ACCESS_public)
    8060                      .dwattr $C$DW$512, DW_AT_decl_file("C:\ti\C2000Ware_MotorControl_SDK_5_04_00_00\c2000ware\device_supp
    8061                      .dwattr $C$DW$512, DW_AT_decl_line(0x68)
    8062                      .dwattr $C$DW$512, DW_AT_decl_column(0x0c)
    8063              
    8064              $C$DW$513       .dwtag  DW_TAG_member
TMS320C2000 Assembler PC v22.6.2 Fri Jan  2 15:35:19 2026

Copyright (c) 1996-2018 Texas Instruments Incorporated
dual_axis_servo_drive_user_cpu.asm                                   PAGE  159

    8065                      .dwattr $C$DW$513, DW_AT_type(*$C$DW$T$43)
    8066                      .dwattr $C$DW$513, DW_AT_name("PCE")
    8067                      .dwattr $C$DW$513, DW_AT_bit_offset(0x03)
    8068                      .dwattr $C$DW$513, DW_AT_bit_size(0x01)
    8069                      .dwattr $C$DW$513, DW_AT_accessibility(DW_ACCESS_public)
    8070                      .dwattr $C$DW$513, DW_AT_decl_file("C:\ti\C2000Ware_MotorControl_SDK_5_04_00_00\c2000ware\device_supp
    8071                      .dwattr $C$DW$513, DW_AT_decl_line(0x69)
    8072                      .dwattr $C$DW$513, DW_AT_decl_column(0x0c)
    8073              
    8074              $C$DW$514       .dwtag  DW_TAG_member
    8075                      .dwattr $C$DW$514, DW_AT_type(*$C$DW$T$43)
    8076                      .dwattr $C$DW$514, DW_AT_name("PCPOL")
    8077                      .dwattr $C$DW$514, DW_AT_bit_offset(0x02)
    8078                      .dwattr $C$DW$514, DW_AT_bit_size(0x01)
    8079                      .dwattr $C$DW$514, DW_AT_accessibility(DW_ACCESS_public)
    8080                      .dwattr $C$DW$514, DW_AT_decl_file("C:\ti\C2000Ware_MotorControl_SDK_5_04_00_00\c2000ware\device_supp
    8081                      .dwattr $C$DW$514, DW_AT_decl_line(0x6a)
    8082                      .dwattr $C$DW$514, DW_AT_decl_column(0x0c)
    8083              
    8084              $C$DW$515       .dwtag  DW_TAG_member
    8085                      .dwattr $C$DW$515, DW_AT_type(*$C$DW$T$43)
    8086                      .dwattr $C$DW$515, DW_AT_name("PCLOAD")
    8087                      .dwattr $C$DW$515, DW_AT_bit_offset(0x01)
    8088                      .dwattr $C$DW$515, DW_AT_bit_size(0x01)
    8089                      .dwattr $C$DW$515, DW_AT_accessibility(DW_ACCESS_public)
    8090                      .dwattr $C$DW$515, DW_AT_decl_file("C:\ti\C2000Ware_MotorControl_SDK_5_04_00_00\c2000ware\device_supp
    8091                      .dwattr $C$DW$515, DW_AT_decl_line(0x6b)
    8092                      .dwattr $C$DW$515, DW_AT_decl_column(0x0c)
    8093              
    8094              $C$DW$516       .dwtag  DW_TAG_member
    8095                      .dwattr $C$DW$516, DW_AT_type(*$C$DW$T$43)
    8096                      .dwattr $C$DW$516, DW_AT_name("PCSHDW")
    8097                      .dwattr $C$DW$516, DW_AT_bit_offset(0x00)
    8098                      .dwattr $C$DW$516, DW_AT_bit_size(0x01)
    8099                      .dwattr $C$DW$516, DW_AT_accessibility(DW_ACCESS_public)
    8100                      .dwattr $C$DW$516, DW_AT_decl_file("C:\ti\C2000Ware_MotorControl_SDK_5_04_00_00\c2000ware\device_supp
    8101                      .dwattr $C$DW$516, DW_AT_decl_line(0x6c)
    8102                      .dwattr $C$DW$516, DW_AT_decl_column(0x0c)
    8103              
    8104                      .dwattr $C$DW$T$72, DW_AT_decl_file("C:\ti\C2000Ware_MotorControl_SDK_5_04_00_00\c2000ware\device_sup
    8105                      .dwattr $C$DW$T$72, DW_AT_decl_line(0x67)
    8106                      .dwattr $C$DW$T$72, DW_AT_decl_column(0x08)
    8107                      .dwendtag $C$DW$T$72
    8108              
    8109                      .dwendtag $C$DW$TU$72
    8110              
    8111              
    8112              $C$DW$TU$73     .dwtag  DW_TAG_type_unit
    8113                      .dwmtype  $C$DW$T$73
    8114              
    8115              $C$DW$T$73      .dwtag  DW_TAG_union_type
    8116                      .dwattr $C$DW$T$73, DW_AT_name("QPOSCTL_REG")
    8117                      .dwattr $C$DW$T$73, DW_AT_byte_size(0x01)
    8118              $C$DW$517       .dwtag  DW_TAG_member
    8119                      .dwattr $C$DW$517, DW_AT_type(*$C$DW$T$43)
TMS320C2000 Assembler PC v22.6.2 Fri Jan  2 15:35:19 2026

Copyright (c) 1996-2018 Texas Instruments Incorporated
dual_axis_servo_drive_user_cpu.asm                                   PAGE  160

    8120                      .dwattr $C$DW$517, DW_AT_name("all")
    8121                      .dwattr $C$DW$517, DW_AT_accessibility(DW_ACCESS_public)
    8122                      .dwattr $C$DW$517, DW_AT_decl_file("C:\ti\C2000Ware_MotorControl_SDK_5_04_00_00\c2000ware\device_supp
    8123                      .dwattr $C$DW$517, DW_AT_decl_line(0x70)
    8124                      .dwattr $C$DW$517, DW_AT_decl_column(0x0d)
    8125              
    8126              $C$DW$518       .dwtag  DW_TAG_member
    8127                      .dwattr $C$DW$518, DW_AT_type(*$C$DW$T$72)
    8128                      .dwattr $C$DW$518, DW_AT_name("bit")
    8129                      .dwattr $C$DW$518, DW_AT_accessibility(DW_ACCESS_public)
    8130                      .dwattr $C$DW$518, DW_AT_decl_file("C:\ti\C2000Ware_MotorControl_SDK_5_04_00_00\c2000ware\device_supp
    8131                      .dwattr $C$DW$518, DW_AT_decl_line(0x71)
    8132                      .dwattr $C$DW$518, DW_AT_decl_column(0x1b)
    8133              
    8134                      .dwattr $C$DW$T$73, DW_AT_decl_file("C:\ti\C2000Ware_MotorControl_SDK_5_04_00_00\c2000ware\device_sup
    8135                      .dwattr $C$DW$T$73, DW_AT_decl_line(0x6f)
    8136                      .dwattr $C$DW$T$73, DW_AT_decl_column(0x07)
    8137                      .dwendtag $C$DW$T$73
    8138              
    8139                      .dwendtag $C$DW$TU$73
    8140              
    8141              
    8142              $C$DW$TU$74     .dwtag  DW_TAG_type_unit
    8143                      .dwmtype  $C$DW$T$74
    8144              
    8145              $C$DW$T$74      .dwtag  DW_TAG_structure_type
    8146                      .dwattr $C$DW$T$74, DW_AT_name("REV_BITS")
    8147                      .dwattr $C$DW$T$74, DW_AT_byte_size(0x02)
    8148              $C$DW$519       .dwtag  DW_TAG_member
    8149                      .dwattr $C$DW$519, DW_AT_type(*$C$DW$T$43)
    8150                      .dwattr $C$DW$519, DW_AT_name("MAJOR")
    8151                      .dwattr $C$DW$519, DW_AT_bit_offset(0x0d)
    8152                      .dwattr $C$DW$519, DW_AT_bit_size(0x03)
    8153                      .dwattr $C$DW$519, DW_AT_accessibility(DW_ACCESS_public)
    8154                      .dwattr $C$DW$519, DW_AT_decl_file("C:\ti\C2000Ware_MotorControl_SDK_5_04_00_00\c2000ware\device_supp
    8155                      .dwattr $C$DW$519, DW_AT_decl_line(0xde)
    8156                      .dwattr $C$DW$519, DW_AT_decl_column(0x0c)
    8157              
    8158              $C$DW$520       .dwtag  DW_TAG_member
    8159                      .dwattr $C$DW$520, DW_AT_type(*$C$DW$T$43)
    8160                      .dwattr $C$DW$520, DW_AT_name("MINOR")
    8161                      .dwattr $C$DW$520, DW_AT_bit_offset(0x0a)
    8162                      .dwattr $C$DW$520, DW_AT_bit_size(0x03)
    8163                      .dwattr $C$DW$520, DW_AT_accessibility(DW_ACCESS_public)
    8164                      .dwattr $C$DW$520, DW_AT_decl_file("C:\ti\C2000Ware_MotorControl_SDK_5_04_00_00\c2000ware\device_supp
    8165                      .dwattr $C$DW$520, DW_AT_decl_line(0xdf)
    8166                      .dwattr $C$DW$520, DW_AT_decl_column(0x0c)
    8167              
    8168              $C$DW$521       .dwtag  DW_TAG_member
    8169                      .dwattr $C$DW$521, DW_AT_type(*$C$DW$T$43)
    8170                      .dwattr $C$DW$521, DW_AT_name("rsvd1")
    8171                      .dwattr $C$DW$521, DW_AT_bit_offset(0x00)
    8172                      .dwattr $C$DW$521, DW_AT_bit_size(0x0a)
    8173                      .dwattr $C$DW$521, DW_AT_accessibility(DW_ACCESS_public)
    8174                      .dwattr $C$DW$521, DW_AT_decl_file("C:\ti\C2000Ware_MotorControl_SDK_5_04_00_00\c2000ware\device_supp
TMS320C2000 Assembler PC v22.6.2 Fri Jan  2 15:35:19 2026

Copyright (c) 1996-2018 Texas Instruments Incorporated
dual_axis_servo_drive_user_cpu.asm                                   PAGE  161

    8175                      .dwattr $C$DW$521, DW_AT_decl_line(0xe0)
    8176                      .dwattr $C$DW$521, DW_AT_decl_column(0x0c)
    8177              
    8178              $C$DW$522       .dwtag  DW_TAG_member
    8179                      .dwattr $C$DW$522, DW_AT_type(*$C$DW$T$43)
    8180                      .dwattr $C$DW$522, DW_AT_name("rsvd2")
    8181                      .dwattr $C$DW$522, DW_AT_bit_offset(0x00)
    8182                      .dwattr $C$DW$522, DW_AT_bit_size(0x10)
    8183                      .dwattr $C$DW$522, DW_AT_data_member_location[DW_OP_plus_uconst 0x1]
    8184                      .dwattr $C$DW$522, DW_AT_accessibility(DW_ACCESS_public)
    8185                      .dwattr $C$DW$522, DW_AT_decl_file("C:\ti\C2000Ware_MotorControl_SDK_5_04_00_00\c2000ware\device_supp
    8186                      .dwattr $C$DW$522, DW_AT_decl_line(0xe1)
    8187                      .dwattr $C$DW$522, DW_AT_decl_column(0x0c)
    8188              
    8189                      .dwattr $C$DW$T$74, DW_AT_decl_file("C:\ti\C2000Ware_MotorControl_SDK_5_04_00_00\c2000ware\device_sup
    8190                      .dwattr $C$DW$T$74, DW_AT_decl_line(0xdd)
    8191                      .dwattr $C$DW$T$74, DW_AT_decl_column(0x08)
    8192                      .dwendtag $C$DW$T$74
    8193              
    8194                      .dwendtag $C$DW$TU$74
    8195              
    8196              
    8197              $C$DW$TU$75     .dwtag  DW_TAG_type_unit
    8198                      .dwmtype  $C$DW$T$75
    8199              
    8200              $C$DW$T$75      .dwtag  DW_TAG_union_type
    8201                      .dwattr $C$DW$T$75, DW_AT_name("REV_REG")
    8202                      .dwattr $C$DW$T$75, DW_AT_byte_size(0x02)
    8203              $C$DW$523       .dwtag  DW_TAG_member
    8204                      .dwattr $C$DW$523, DW_AT_type(*$C$DW$T$46)
    8205                      .dwattr $C$DW$523, DW_AT_name("all")
    8206                      .dwattr $C$DW$523, DW_AT_accessibility(DW_ACCESS_public)
    8207                      .dwattr $C$DW$523, DW_AT_decl_file("C:\ti\C2000Ware_MotorControl_SDK_5_04_00_00\c2000ware\device_supp
    8208                      .dwattr $C$DW$523, DW_AT_decl_line(0xe5)
    8209                      .dwattr $C$DW$523, DW_AT_decl_column(0x0d)
    8210              
    8211              $C$DW$524       .dwtag  DW_TAG_member
    8212                      .dwattr $C$DW$524, DW_AT_type(*$C$DW$T$74)
    8213                      .dwattr $C$DW$524, DW_AT_name("bit")
    8214                      .dwattr $C$DW$524, DW_AT_accessibility(DW_ACCESS_public)
    8215                      .dwattr $C$DW$524, DW_AT_decl_file("C:\ti\C2000Ware_MotorControl_SDK_5_04_00_00\c2000ware\device_supp
    8216                      .dwattr $C$DW$524, DW_AT_decl_line(0xe6)
    8217                      .dwattr $C$DW$524, DW_AT_decl_column(0x17)
    8218              
    8219                      .dwattr $C$DW$T$75, DW_AT_decl_file("C:\ti\C2000Ware_MotorControl_SDK_5_04_00_00\c2000ware\device_sup
    8220                      .dwattr $C$DW$T$75, DW_AT_decl_line(0xe4)
    8221                      .dwattr $C$DW$T$75, DW_AT_decl_column(0x07)
    8222                      .dwendtag $C$DW$T$75
    8223              
    8224                      .dwendtag $C$DW$TU$75
    8225              
    8226              
    8227              $C$DW$TU$77     .dwtag  DW_TAG_type_unit
    8228                      .dwmtype  $C$DW$T$77
    8229              
TMS320C2000 Assembler PC v22.6.2 Fri Jan  2 15:35:19 2026

Copyright (c) 1996-2018 Texas Instruments Incorporated
dual_axis_servo_drive_user_cpu.asm                                   PAGE  162

    8230              $C$DW$T$77      .dwtag  DW_TAG_structure_type
    8231                      .dwattr $C$DW$T$77, DW_AT_name("_Complex_double")
    8232                      .dwattr $C$DW$T$77, DW_AT_byte_size(0x08)
    8233              $C$DW$525       .dwtag  DW_TAG_member
    8234                      .dwattr $C$DW$525, DW_AT_type(*$C$DW$T$76)
    8235                      .dwattr $C$DW$525, DW_AT_name("_Vals")
    8236                      .dwattr $C$DW$525, DW_AT_accessibility(DW_ACCESS_public)
    8237                      .dwattr $C$DW$525, DW_AT_decl_file("C:/ti/ccs2031/ccs/tools/compiler/ti-cgt-c2000_22.6.2.LTS/include/
    8238                      .dwattr $C$DW$525, DW_AT_decl_line(0x13b)
    8239                      .dwattr $C$DW$525, DW_AT_decl_column(0x10)
    8240              
    8241                      .dwendtag $C$DW$T$77
    8242              
    8243                      .dwendtag $C$DW$TU$77
    8244              
    8245              
    8246              $C$DW$TU$128    .dwtag  DW_TAG_type_unit
    8247                      .dwmtype  $C$DW$T$128
    8248              $C$DW$T$128     .dwtag  DW_TAG_typedef
    8249                      .dwattr $C$DW$T$128, DW_AT_name("_Complex_double")
    8250                      .dwattr $C$DW$T$128, DW_AT_type(*$C$DW$T$77)
    8251                      .dwattr $C$DW$T$128, DW_AT_decl_file("C:/ti/ccs2031/ccs/tools/compiler/ti-cgt-c2000_22.6.2.LTS/includ
    8252                      .dwattr $C$DW$T$128, DW_AT_decl_line(0x13b)
    8253                      .dwattr $C$DW$T$128, DW_AT_decl_column(0x10)
    8254              
    8255                      .dwendtag $C$DW$TU$128
    8256              
    8257              
    8258              $C$DW$TU$79     .dwtag  DW_TAG_type_unit
    8259                      .dwmtype  $C$DW$T$79
    8260              
    8261              $C$DW$T$79      .dwtag  DW_TAG_structure_type
    8262                      .dwattr $C$DW$T$79, DW_AT_name("_Complex_float")
    8263                      .dwattr $C$DW$T$79, DW_AT_byte_size(0x04)
    8264              $C$DW$526       .dwtag  DW_TAG_member
    8265                      .dwattr $C$DW$526, DW_AT_type(*$C$DW$T$78)
    8266                      .dwattr $C$DW$526, DW_AT_name("_Vals")
    8267                      .dwattr $C$DW$526, DW_AT_accessibility(DW_ACCESS_public)
    8268                      .dwattr $C$DW$526, DW_AT_decl_file("C:/ti/ccs2031/ccs/tools/compiler/ti-cgt-c2000_22.6.2.LTS/include/
    8269                      .dwattr $C$DW$526, DW_AT_decl_line(0x13b)
    8270                      .dwattr $C$DW$526, DW_AT_decl_column(0x10)
    8271              
    8272                      .dwendtag $C$DW$T$79
    8273              
    8274                      .dwendtag $C$DW$TU$79
    8275              
    8276              
    8277              $C$DW$TU$129    .dwtag  DW_TAG_type_unit
    8278                      .dwmtype  $C$DW$T$129
    8279              $C$DW$T$129     .dwtag  DW_TAG_typedef
    8280                      .dwattr $C$DW$T$129, DW_AT_name("_Complex_float")
    8281                      .dwattr $C$DW$T$129, DW_AT_type(*$C$DW$T$79)
    8282                      .dwattr $C$DW$T$129, DW_AT_decl_file("C:/ti/ccs2031/ccs/tools/compiler/ti-cgt-c2000_22.6.2.LTS/includ
    8283                      .dwattr $C$DW$T$129, DW_AT_decl_line(0x13b)
    8284                      .dwattr $C$DW$T$129, DW_AT_decl_column(0x10)
TMS320C2000 Assembler PC v22.6.2 Fri Jan  2 15:35:19 2026

Copyright (c) 1996-2018 Texas Instruments Incorporated
dual_axis_servo_drive_user_cpu.asm                                   PAGE  163

    8285              
    8286                      .dwendtag $C$DW$TU$129
    8287              
    8288              
    8289              $C$DW$TU$81     .dwtag  DW_TAG_type_unit
    8290                      .dwmtype  $C$DW$T$81
    8291              
    8292              $C$DW$T$81      .dwtag  DW_TAG_structure_type
    8293                      .dwattr $C$DW$T$81, DW_AT_name("_Complex_long_double")
    8294                      .dwattr $C$DW$T$81, DW_AT_byte_size(0x08)
    8295              $C$DW$527       .dwtag  DW_TAG_member
    8296                      .dwattr $C$DW$527, DW_AT_type(*$C$DW$T$80)
    8297                      .dwattr $C$DW$527, DW_AT_name("_Vals")
    8298                      .dwattr $C$DW$527, DW_AT_accessibility(DW_ACCESS_public)
    8299                      .dwattr $C$DW$527, DW_AT_decl_file("C:/ti/ccs2031/ccs/tools/compiler/ti-cgt-c2000_22.6.2.LTS/include/
    8300                      .dwattr $C$DW$527, DW_AT_decl_line(0x13b)
    8301                      .dwattr $C$DW$527, DW_AT_decl_column(0x10)
    8302              
    8303                      .dwendtag $C$DW$T$81
    8304              
    8305                      .dwendtag $C$DW$TU$81
    8306              
    8307              
    8308              $C$DW$TU$131    .dwtag  DW_TAG_type_unit
    8309                      .dwmtype  $C$DW$T$131
    8310              $C$DW$T$131     .dwtag  DW_TAG_typedef
    8311                      .dwattr $C$DW$T$131, DW_AT_name("_Complex_long_double")
    8312                      .dwattr $C$DW$T$131, DW_AT_type(*$C$DW$T$81)
    8313                      .dwattr $C$DW$T$131, DW_AT_decl_file("C:/ti/ccs2031/ccs/tools/compiler/ti-cgt-c2000_22.6.2.LTS/includ
    8314                      .dwattr $C$DW$T$131, DW_AT_decl_line(0x13b)
    8315                      .dwattr $C$DW$T$131, DW_AT_decl_column(0x10)
    8316              
    8317                      .dwendtag $C$DW$TU$131
    8318              
    8319              
    8320              $C$DW$TU$82     .dwtag  DW_TAG_type_unit
    8321                      .dwmtype  $C$DW$T$82
    8322              
    8323              $C$DW$T$82      .dwtag  DW_TAG_structure_type
    8324                      .dwattr $C$DW$T$82, DW_AT_name("_FCL_Parameters_t_")
    8325                      .dwattr $C$DW$T$82, DW_AT_byte_size(0x24)
    8326              $C$DW$528       .dwtag  DW_TAG_member
    8327                      .dwattr $C$DW$528, DW_AT_type(*$C$DW$T$21)
    8328                      .dwattr $C$DW$528, DW_AT_name("carrierMid")
    8329                      .dwattr $C$DW$528, DW_AT_accessibility(DW_ACCESS_public)
    8330                      .dwattr $C$DW$528, DW_AT_decl_file("..\sources\fcl_foc_cpu_dm.h")
    8331                      .dwattr $C$DW$528, DW_AT_decl_line(0x55)
    8332                      .dwattr $C$DW$528, DW_AT_decl_column(0x11)
    8333              
    8334              $C$DW$529       .dwtag  DW_TAG_member
    8335                      .dwattr $C$DW$529, DW_AT_type(*$C$DW$T$21)
    8336                      .dwattr $C$DW$529, DW_AT_name("adcPPBScale")
    8337                      .dwattr $C$DW$529, DW_AT_data_member_location[DW_OP_plus_uconst 0x2]
    8338                      .dwattr $C$DW$529, DW_AT_accessibility(DW_ACCESS_public)
    8339                      .dwattr $C$DW$529, DW_AT_decl_file("..\sources\fcl_foc_cpu_dm.h")
TMS320C2000 Assembler PC v22.6.2 Fri Jan  2 15:35:19 2026

Copyright (c) 1996-2018 Texas Instruments Incorporated
dual_axis_servo_drive_user_cpu.asm                                   PAGE  164

    8340                      .dwattr $C$DW$529, DW_AT_decl_line(0x56)
    8341                      .dwattr $C$DW$529, DW_AT_decl_column(0x11)
    8342              
    8343              $C$DW$530       .dwtag  DW_TAG_member
    8344                      .dwattr $C$DW$530, DW_AT_type(*$C$DW$T$21)
    8345                      .dwattr $C$DW$530, DW_AT_name("adcAlphaScale")
    8346                      .dwattr $C$DW$530, DW_AT_data_member_location[DW_OP_plus_uconst 0x4]
    8347                      .dwattr $C$DW$530, DW_AT_accessibility(DW_ACCESS_public)
    8348                      .dwattr $C$DW$530, DW_AT_decl_file("..\sources\fcl_foc_cpu_dm.h")
    8349                      .dwattr $C$DW$530, DW_AT_decl_line(0x57)
    8350                      .dwattr $C$DW$530, DW_AT_decl_column(0x11)
    8351              
    8352              $C$DW$531       .dwtag  DW_TAG_member
    8353                      .dwattr $C$DW$531, DW_AT_type(*$C$DW$T$21)
    8354                      .dwattr $C$DW$531, DW_AT_name("adcBetaScale")
    8355                      .dwattr $C$DW$531, DW_AT_data_member_location[DW_OP_plus_uconst 0x6]
    8356                      .dwattr $C$DW$531, DW_AT_accessibility(DW_ACCESS_public)
    8357                      .dwattr $C$DW$531, DW_AT_decl_file("..\sources\fcl_foc_cpu_dm.h")
    8358                      .dwattr $C$DW$531, DW_AT_decl_line(0x58)
    8359                      .dwattr $C$DW$531, DW_AT_decl_column(0x11)
    8360              
    8361              $C$DW$532       .dwtag  DW_TAG_member
    8362                      .dwattr $C$DW$532, DW_AT_type(*$C$DW$T$21)
    8363                      .dwattr $C$DW$532, DW_AT_name("cmidsqrt3")
    8364                      .dwattr $C$DW$532, DW_AT_data_member_location[DW_OP_plus_uconst 0x8]
    8365                      .dwattr $C$DW$532, DW_AT_accessibility(DW_ACCESS_public)
    8366                      .dwattr $C$DW$532, DW_AT_decl_file("..\sources\fcl_foc_cpu_dm.h")
    8367                      .dwattr $C$DW$532, DW_AT_decl_line(0x59)
    8368                      .dwattr $C$DW$532, DW_AT_decl_column(0x11)
    8369              
    8370              $C$DW$533       .dwtag  DW_TAG_member
    8371                      .dwattr $C$DW$533, DW_AT_type(*$C$DW$T$21)
    8372                      .dwattr $C$DW$533, DW_AT_name("tSamp")
    8373                      .dwattr $C$DW$533, DW_AT_data_member_location[DW_OP_plus_uconst 0xa]
    8374                      .dwattr $C$DW$533, DW_AT_accessibility(DW_ACCESS_public)
    8375                      .dwattr $C$DW$533, DW_AT_decl_file("..\sources\fcl_foc_cpu_dm.h")
    8376                      .dwattr $C$DW$533, DW_AT_decl_line(0x5b)
    8377                      .dwattr $C$DW$533, DW_AT_decl_column(0x11)
    8378              
    8379              $C$DW$534       .dwtag  DW_TAG_member
    8380                      .dwattr $C$DW$534, DW_AT_type(*$C$DW$T$21)
    8381                      .dwattr $C$DW$534, DW_AT_name("Rd")
    8382                      .dwattr $C$DW$534, DW_AT_data_member_location[DW_OP_plus_uconst 0xc]
    8383                      .dwattr $C$DW$534, DW_AT_accessibility(DW_ACCESS_public)
    8384                      .dwattr $C$DW$534, DW_AT_decl_file("..\sources\fcl_foc_cpu_dm.h")
    8385                      .dwattr $C$DW$534, DW_AT_decl_line(0x5c)
    8386                      .dwattr $C$DW$534, DW_AT_decl_column(0x11)
    8387              
    8388              $C$DW$535       .dwtag  DW_TAG_member
    8389                      .dwattr $C$DW$535, DW_AT_type(*$C$DW$T$21)
    8390                      .dwattr $C$DW$535, DW_AT_name("Rq")
    8391                      .dwattr $C$DW$535, DW_AT_data_member_location[DW_OP_plus_uconst 0xe]
    8392                      .dwattr $C$DW$535, DW_AT_accessibility(DW_ACCESS_public)
    8393                      .dwattr $C$DW$535, DW_AT_decl_file("..\sources\fcl_foc_cpu_dm.h")
    8394                      .dwattr $C$DW$535, DW_AT_decl_line(0x5d)
TMS320C2000 Assembler PC v22.6.2 Fri Jan  2 15:35:19 2026

Copyright (c) 1996-2018 Texas Instruments Incorporated
dual_axis_servo_drive_user_cpu.asm                                   PAGE  165

    8395                      .dwattr $C$DW$535, DW_AT_decl_column(0x11)
    8396              
    8397              $C$DW$536       .dwtag  DW_TAG_member
    8398                      .dwattr $C$DW$536, DW_AT_type(*$C$DW$T$21)
    8399                      .dwattr $C$DW$536, DW_AT_name("Ld")
    8400                      .dwattr $C$DW$536, DW_AT_data_member_location[DW_OP_plus_uconst 0x10]
    8401                      .dwattr $C$DW$536, DW_AT_accessibility(DW_ACCESS_public)
    8402                      .dwattr $C$DW$536, DW_AT_decl_file("..\sources\fcl_foc_cpu_dm.h")
    8403                      .dwattr $C$DW$536, DW_AT_decl_line(0x5e)
    8404                      .dwattr $C$DW$536, DW_AT_decl_column(0x11)
    8405              
    8406              $C$DW$537       .dwtag  DW_TAG_member
    8407                      .dwattr $C$DW$537, DW_AT_type(*$C$DW$T$21)
    8408                      .dwattr $C$DW$537, DW_AT_name("Lq")
    8409                      .dwattr $C$DW$537, DW_AT_data_member_location[DW_OP_plus_uconst 0x12]
    8410                      .dwattr $C$DW$537, DW_AT_accessibility(DW_ACCESS_public)
    8411                      .dwattr $C$DW$537, DW_AT_decl_file("..\sources\fcl_foc_cpu_dm.h")
    8412                      .dwattr $C$DW$537, DW_AT_decl_line(0x5f)
    8413                      .dwattr $C$DW$537, DW_AT_decl_column(0x11)
    8414              
    8415              $C$DW$538       .dwtag  DW_TAG_member
    8416                      .dwattr $C$DW$538, DW_AT_type(*$C$DW$T$21)
    8417                      .dwattr $C$DW$538, DW_AT_name("Vbase")
    8418                      .dwattr $C$DW$538, DW_AT_data_member_location[DW_OP_plus_uconst 0x14]
    8419                      .dwattr $C$DW$538, DW_AT_accessibility(DW_ACCESS_public)
    8420                      .dwattr $C$DW$538, DW_AT_decl_file("..\sources\fcl_foc_cpu_dm.h")
    8421                      .dwattr $C$DW$538, DW_AT_decl_line(0x60)
    8422                      .dwattr $C$DW$538, DW_AT_decl_column(0x11)
    8423              
    8424              $C$DW$539       .dwtag  DW_TAG_member
    8425                      .dwattr $C$DW$539, DW_AT_type(*$C$DW$T$21)
    8426                      .dwattr $C$DW$539, DW_AT_name("Ibase")
    8427                      .dwattr $C$DW$539, DW_AT_data_member_location[DW_OP_plus_uconst 0x16]
    8428                      .dwattr $C$DW$539, DW_AT_accessibility(DW_ACCESS_public)
    8429                      .dwattr $C$DW$539, DW_AT_decl_file("..\sources\fcl_foc_cpu_dm.h")
    8430                      .dwattr $C$DW$539, DW_AT_decl_line(0x61)
    8431                      .dwattr $C$DW$539, DW_AT_decl_column(0x11)
    8432              
    8433              $C$DW$540       .dwtag  DW_TAG_member
    8434                      .dwattr $C$DW$540, DW_AT_type(*$C$DW$T$21)
    8435                      .dwattr $C$DW$540, DW_AT_name("invZbase")
    8436                      .dwattr $C$DW$540, DW_AT_data_member_location[DW_OP_plus_uconst 0x18]
    8437                      .dwattr $C$DW$540, DW_AT_accessibility(DW_ACCESS_public)
    8438                      .dwattr $C$DW$540, DW_AT_decl_file("..\sources\fcl_foc_cpu_dm.h")
    8439                      .dwattr $C$DW$540, DW_AT_decl_line(0x62)
    8440                      .dwattr $C$DW$540, DW_AT_decl_column(0x11)
    8441              
    8442              $C$DW$541       .dwtag  DW_TAG_member
    8443                      .dwattr $C$DW$541, DW_AT_type(*$C$DW$T$21)
    8444                      .dwattr $C$DW$541, DW_AT_name("wccD")
    8445                      .dwattr $C$DW$541, DW_AT_data_member_location[DW_OP_plus_uconst 0x1a]
    8446                      .dwattr $C$DW$541, DW_AT_accessibility(DW_ACCESS_public)
    8447                      .dwattr $C$DW$541, DW_AT_decl_file("..\sources\fcl_foc_cpu_dm.h")
    8448                      .dwattr $C$DW$541, DW_AT_decl_line(0x63)
    8449                      .dwattr $C$DW$541, DW_AT_decl_column(0x11)
TMS320C2000 Assembler PC v22.6.2 Fri Jan  2 15:35:19 2026

Copyright (c) 1996-2018 Texas Instruments Incorporated
dual_axis_servo_drive_user_cpu.asm                                   PAGE  166

    8450              
    8451              $C$DW$542       .dwtag  DW_TAG_member
    8452                      .dwattr $C$DW$542, DW_AT_type(*$C$DW$T$21)
    8453                      .dwattr $C$DW$542, DW_AT_name("wccQ")
    8454                      .dwattr $C$DW$542, DW_AT_data_member_location[DW_OP_plus_uconst 0x1c]
    8455                      .dwattr $C$DW$542, DW_AT_accessibility(DW_ACCESS_public)
    8456                      .dwattr $C$DW$542, DW_AT_decl_file("..\sources\fcl_foc_cpu_dm.h")
    8457                      .dwattr $C$DW$542, DW_AT_decl_line(0x64)
    8458                      .dwattr $C$DW$542, DW_AT_decl_column(0x11)
    8459              
    8460              $C$DW$543       .dwtag  DW_TAG_member
    8461                      .dwattr $C$DW$543, DW_AT_type(*$C$DW$T$21)
    8462                      .dwattr $C$DW$543, DW_AT_name("Vdcbus")
    8463                      .dwattr $C$DW$543, DW_AT_data_member_location[DW_OP_plus_uconst 0x1e]
    8464                      .dwattr $C$DW$543, DW_AT_accessibility(DW_ACCESS_public)
    8465                      .dwattr $C$DW$543, DW_AT_decl_file("..\sources\fcl_foc_cpu_dm.h")
    8466                      .dwattr $C$DW$543, DW_AT_decl_line(0x65)
    8467                      .dwattr $C$DW$543, DW_AT_decl_column(0x11)
    8468              
    8469              $C$DW$544       .dwtag  DW_TAG_member
    8470                      .dwattr $C$DW$544, DW_AT_type(*$C$DW$T$21)
    8471                      .dwattr $C$DW$544, DW_AT_name("BemfK")
    8472                      .dwattr $C$DW$544, DW_AT_data_member_location[DW_OP_plus_uconst 0x20]
    8473                      .dwattr $C$DW$544, DW_AT_accessibility(DW_ACCESS_public)
    8474                      .dwattr $C$DW$544, DW_AT_decl_file("..\sources\fcl_foc_cpu_dm.h")
    8475                      .dwattr $C$DW$544, DW_AT_decl_line(0x66)
    8476                      .dwattr $C$DW$544, DW_AT_decl_column(0x11)
    8477              
    8478              $C$DW$545       .dwtag  DW_TAG_member
    8479                      .dwattr $C$DW$545, DW_AT_type(*$C$DW$T$21)
    8480                      .dwattr $C$DW$545, DW_AT_name("Wbase")
    8481                      .dwattr $C$DW$545, DW_AT_data_member_location[DW_OP_plus_uconst 0x22]
    8482                      .dwattr $C$DW$545, DW_AT_accessibility(DW_ACCESS_public)
    8483                      .dwattr $C$DW$545, DW_AT_decl_file("..\sources\fcl_foc_cpu_dm.h")
    8484                      .dwattr $C$DW$545, DW_AT_decl_line(0x67)
    8485                      .dwattr $C$DW$545, DW_AT_decl_column(0x11)
    8486              
    8487                      .dwattr $C$DW$T$82, DW_AT_decl_file("..\sources\fcl_foc_cpu_dm.h")
    8488                      .dwattr $C$DW$T$82, DW_AT_decl_line(0x53)
    8489                      .dwattr $C$DW$T$82, DW_AT_decl_column(0x10)
    8490                      .dwendtag $C$DW$T$82
    8491              
    8492                      .dwendtag $C$DW$TU$82
    8493              
    8494              
    8495              $C$DW$TU$99     .dwtag  DW_TAG_type_unit
    8496                      .dwmtype  $C$DW$T$99
    8497              $C$DW$T$99      .dwtag  DW_TAG_typedef
    8498                      .dwattr $C$DW$T$99, DW_AT_name("FCL_Parameters_t")
    8499                      .dwattr $C$DW$T$99, DW_AT_type(*$C$DW$T$82)
    8500                      .dwattr $C$DW$T$99, DW_AT_decl_file("..\sources\fcl_foc_cpu_dm.h")
    8501                      .dwattr $C$DW$T$99, DW_AT_decl_line(0x68)
    8502                      .dwattr $C$DW$T$99, DW_AT_decl_column(0x03)
    8503              
    8504                      .dwendtag $C$DW$TU$99
TMS320C2000 Assembler PC v22.6.2 Fri Jan  2 15:35:19 2026

Copyright (c) 1996-2018 Texas Instruments Incorporated
dual_axis_servo_drive_user_cpu.asm                                   PAGE  167

    8505              
    8506              
    8507              $C$DW$TU$87     .dwtag  DW_TAG_type_unit
    8508                      .dwmtype  $C$DW$T$87
    8509              
    8510              $C$DW$T$87      .dwtag  DW_TAG_structure_type
    8511                      .dwattr $C$DW$T$87, DW_AT_name("_HAL_MTR_Obj_")
    8512                      .dwattr $C$DW$T$87, DW_AT_byte_size(0x12)
    8513              $C$DW$546       .dwtag  DW_TAG_member
    8514                      .dwattr $C$DW$546, DW_AT_type(*$C$DW$T$83)
    8515                      .dwattr $C$DW$546, DW_AT_name("pwmHandle")
    8516                      .dwattr $C$DW$546, DW_AT_accessibility(DW_ACCESS_public)
    8517                      .dwattr $C$DW$546, DW_AT_decl_file("..\sources\dual_axis_servo_drive_hal.h")
    8518                      .dwattr $C$DW$546, DW_AT_decl_line(0xb0)
    8519                      .dwattr $C$DW$546, DW_AT_decl_column(0x11)
    8520              
    8521              $C$DW$547       .dwtag  DW_TAG_member
    8522                      .dwattr $C$DW$547, DW_AT_type(*$C$DW$T$83)
    8523                      .dwattr $C$DW$547, DW_AT_name("cmpssHandle")
    8524                      .dwattr $C$DW$547, DW_AT_data_member_location[DW_OP_plus_uconst 0x6]
    8525                      .dwattr $C$DW$547, DW_AT_accessibility(DW_ACCESS_public)
    8526                      .dwattr $C$DW$547, DW_AT_decl_file("..\sources\dual_axis_servo_drive_hal.h")
    8527                      .dwattr $C$DW$547, DW_AT_decl_line(0xb2)
    8528                      .dwattr $C$DW$547, DW_AT_decl_column(0x11)
    8529              
    8530              $C$DW$548       .dwtag  DW_TAG_member
    8531                      .dwattr $C$DW$548, DW_AT_type(*$C$DW$T$24)
    8532                      .dwattr $C$DW$548, DW_AT_name("spiHandle")
    8533                      .dwattr $C$DW$548, DW_AT_data_member_location[DW_OP_plus_uconst 0xc]
    8534                      .dwattr $C$DW$548, DW_AT_accessibility(DW_ACCESS_public)
    8535                      .dwattr $C$DW$548, DW_AT_decl_file("..\sources\dual_axis_servo_drive_hal.h")
    8536                      .dwattr $C$DW$548, DW_AT_decl_line(0xb4)
    8537                      .dwattr $C$DW$548, DW_AT_decl_column(0x11)
    8538              
    8539              $C$DW$549       .dwtag  DW_TAG_member
    8540                      .dwattr $C$DW$549, DW_AT_type(*$C$DW$T$24)
    8541                      .dwattr $C$DW$549, DW_AT_name("qepHandle")
    8542                      .dwattr $C$DW$549, DW_AT_data_member_location[DW_OP_plus_uconst 0xe]
    8543                      .dwattr $C$DW$549, DW_AT_accessibility(DW_ACCESS_public)
    8544                      .dwattr $C$DW$549, DW_AT_decl_file("..\sources\dual_axis_servo_drive_hal.h")
    8545                      .dwattr $C$DW$549, DW_AT_decl_line(0xb6)
    8546                      .dwattr $C$DW$549, DW_AT_decl_column(0x11)
    8547              
    8548              $C$DW$550       .dwtag  DW_TAG_member
    8549                      .dwattr $C$DW$550, DW_AT_type(*$C$DW$T$85)
    8550                      .dwattr $C$DW$550, DW_AT_name("motorNum")
    8551                      .dwattr $C$DW$550, DW_AT_data_member_location[DW_OP_plus_uconst 0x10]
    8552                      .dwattr $C$DW$550, DW_AT_accessibility(DW_ACCESS_public)
    8553                      .dwattr $C$DW$550, DW_AT_decl_file("..\sources\dual_axis_servo_drive_hal.h")
    8554                      .dwattr $C$DW$550, DW_AT_decl_line(0xb8)
    8555                      .dwattr $C$DW$550, DW_AT_decl_column(0x11)
    8556              
    8557              $C$DW$551       .dwtag  DW_TAG_member
    8558                      .dwattr $C$DW$551, DW_AT_type(*$C$DW$T$86)
    8559                      .dwattr $C$DW$551, DW_AT_name("flagEnablePWM")
TMS320C2000 Assembler PC v22.6.2 Fri Jan  2 15:35:19 2026

Copyright (c) 1996-2018 Texas Instruments Incorporated
dual_axis_servo_drive_user_cpu.asm                                   PAGE  168

    8560                      .dwattr $C$DW$551, DW_AT_data_member_location[DW_OP_plus_uconst 0x11]
    8561                      .dwattr $C$DW$551, DW_AT_accessibility(DW_ACCESS_public)
    8562                      .dwattr $C$DW$551, DW_AT_decl_file("..\sources\dual_axis_servo_drive_hal.h")
    8563                      .dwattr $C$DW$551, DW_AT_decl_line(0xba)
    8564                      .dwattr $C$DW$551, DW_AT_decl_column(0x11)
    8565              
    8566                      .dwattr $C$DW$T$87, DW_AT_decl_file("..\sources\dual_axis_servo_drive_hal.h")
    8567                      .dwattr $C$DW$T$87, DW_AT_decl_line(0xae)
    8568                      .dwattr $C$DW$T$87, DW_AT_decl_column(0x10)
    8569                      .dwendtag $C$DW$T$87
    8570              
    8571                      .dwendtag $C$DW$TU$87
    8572              
    8573              
    8574              $C$DW$TU$132    .dwtag  DW_TAG_type_unit
    8575                      .dwmtype  $C$DW$T$132
    8576              $C$DW$T$132     .dwtag  DW_TAG_typedef
    8577                      .dwattr $C$DW$T$132, DW_AT_name("HAL_MTR_Obj")
    8578                      .dwattr $C$DW$T$132, DW_AT_type(*$C$DW$T$87)
    8579                      .dwattr $C$DW$T$132, DW_AT_decl_file("..\sources\dual_axis_servo_drive_hal.h")
    8580                      .dwattr $C$DW$T$132, DW_AT_decl_line(0xbb)
    8581                      .dwattr $C$DW$T$132, DW_AT_decl_column(0x03)
    8582              
    8583                      .dwendtag $C$DW$TU$132
    8584              
    8585              
    8586              $C$DW$TU$133    .dwtag  DW_TAG_type_unit
    8587                      .dwmtype  $C$DW$T$133
    8588              $C$DW$T$133     .dwtag  DW_TAG_pointer_type
    8589                      .dwattr $C$DW$T$133, DW_AT_type(*$C$DW$T$87)
    8590                      .dwattr $C$DW$T$133, DW_AT_address_class(0x20)
    8591              
    8592                      .dwendtag $C$DW$TU$133
    8593              
    8594              
    8595              $C$DW$TU$134    .dwtag  DW_TAG_type_unit
    8596                      .dwmtype  $C$DW$T$134
    8597              $C$DW$T$134     .dwtag  DW_TAG_typedef
    8598                      .dwattr $C$DW$T$134, DW_AT_name("HAL_MTR_Handle")
    8599                      .dwattr $C$DW$T$134, DW_AT_type(*$C$DW$T$133)
    8600                      .dwattr $C$DW$T$134, DW_AT_decl_file("..\sources\dual_axis_servo_drive_hal.h")
    8601                      .dwattr $C$DW$T$134, DW_AT_decl_line(0xc2)
    8602                      .dwattr $C$DW$T$134, DW_AT_decl_column(0x1f)
    8603              
    8604                      .dwendtag $C$DW$TU$134
    8605              
    8606              
    8607              $C$DW$TU$135    .dwtag  DW_TAG_type_unit
    8608                      .dwmtype  $C$DW$T$135
    8609              $C$DW$552       .dwtag  DW_TAG_TI_far_type
    8610                      .dwattr $C$DW$552, DW_AT_type(*$C$DW$T$134)
    8611              
    8612              $C$DW$T$135     .dwtag  DW_TAG_const_type
    8613                      .dwattr $C$DW$T$135, DW_AT_type(*$C$DW$552)
    8614              
TMS320C2000 Assembler PC v22.6.2 Fri Jan  2 15:35:19 2026

Copyright (c) 1996-2018 Texas Instruments Incorporated
dual_axis_servo_drive_user_cpu.asm                                   PAGE  169

    8615                      .dwendtag $C$DW$TU$135
    8616              
    8617              
    8618              $C$DW$TU$118    .dwtag  DW_TAG_type_unit
    8619                      .dwmtype  $C$DW$T$118
    8620              
    8621              $C$DW$T$118     .dwtag  DW_TAG_structure_type
    8622                      .dwattr $C$DW$T$118, DW_AT_name("_MOTOR_Vars_t_")
    8623                      .dwattr $C$DW$T$118, DW_AT_byte_size(0x1ca)
    8624              $C$DW$553       .dwtag  DW_TAG_member
    8625                      .dwattr $C$DW$553, DW_AT_type(*$C$DW$T$24)
    8626                      .dwattr $C$DW$553, DW_AT_name("posCntr")
    8627                      .dwattr $C$DW$553, DW_AT_accessibility(DW_ACCESS_public)
    8628                      .dwattr $C$DW$553, DW_AT_decl_file("..\sources\fcl_foc_cpu_dm.h")
    8629                      .dwattr $C$DW$553, DW_AT_decl_line(0x81)
    8630                      .dwattr $C$DW$553, DW_AT_decl_column(0x0e)
    8631              
    8632              $C$DW$554       .dwtag  DW_TAG_member
    8633                      .dwattr $C$DW$554, DW_AT_type(*$C$DW$T$24)
    8634                      .dwattr $C$DW$554, DW_AT_name("posCntrMax")
    8635                      .dwattr $C$DW$554, DW_AT_data_member_location[DW_OP_plus_uconst 0x2]
    8636                      .dwattr $C$DW$554, DW_AT_accessibility(DW_ACCESS_public)
    8637                      .dwattr $C$DW$554, DW_AT_decl_file("..\sources\fcl_foc_cpu_dm.h")
    8638                      .dwattr $C$DW$554, DW_AT_decl_line(0x82)
    8639                      .dwattr $C$DW$554, DW_AT_decl_column(0x0e)
    8640              
    8641              $C$DW$555       .dwtag  DW_TAG_member
    8642                      .dwattr $C$DW$555, DW_AT_type(*$C$DW$T$21)
    8643                      .dwattr $C$DW$555, DW_AT_name("posSlewRate")
    8644                      .dwattr $C$DW$555, DW_AT_data_member_location[DW_OP_plus_uconst 0x4]
    8645                      .dwattr $C$DW$555, DW_AT_accessibility(DW_ACCESS_public)
    8646                      .dwattr $C$DW$555, DW_AT_decl_file("..\sources\fcl_foc_cpu_dm.h")
    8647                      .dwattr $C$DW$555, DW_AT_decl_line(0x83)
    8648                      .dwattr $C$DW$555, DW_AT_decl_column(0x0f)
    8649              
    8650              $C$DW$556       .dwtag  DW_TAG_member
    8651                      .dwattr $C$DW$556, DW_AT_type(*$C$DW$T$21)
    8652                      .dwattr $C$DW$556, DW_AT_name("baseFreq")
    8653                      .dwattr $C$DW$556, DW_AT_data_member_location[DW_OP_plus_uconst 0x6]
    8654                      .dwattr $C$DW$556, DW_AT_accessibility(DW_ACCESS_public)
    8655                      .dwattr $C$DW$556, DW_AT_decl_file("..\sources\fcl_foc_cpu_dm.h")
    8656                      .dwattr $C$DW$556, DW_AT_decl_line(0x85)
    8657                      .dwattr $C$DW$556, DW_AT_decl_column(0x0f)
    8658              
    8659              $C$DW$557       .dwtag  DW_TAG_member
    8660                      .dwattr $C$DW$557, DW_AT_type(*$C$DW$T$21)
    8661                      .dwattr $C$DW$557, DW_AT_name("polePairs")
    8662                      .dwattr $C$DW$557, DW_AT_data_member_location[DW_OP_plus_uconst 0x8]
    8663                      .dwattr $C$DW$557, DW_AT_accessibility(DW_ACCESS_public)
    8664                      .dwattr $C$DW$557, DW_AT_decl_file("..\sources\fcl_foc_cpu_dm.h")
    8665                      .dwattr $C$DW$557, DW_AT_decl_line(0x86)
    8666                      .dwattr $C$DW$557, DW_AT_decl_column(0x0f)
    8667              
    8668              $C$DW$558       .dwtag  DW_TAG_member
    8669                      .dwattr $C$DW$558, DW_AT_type(*$C$DW$T$21)
TMS320C2000 Assembler PC v22.6.2 Fri Jan  2 15:35:19 2026

Copyright (c) 1996-2018 Texas Instruments Incorporated
dual_axis_servo_drive_user_cpu.asm                                   PAGE  170

    8670                      .dwattr $C$DW$558, DW_AT_name("posMechScaler")
    8671                      .dwattr $C$DW$558, DW_AT_data_member_location[DW_OP_plus_uconst 0xa]
    8672                      .dwattr $C$DW$558, DW_AT_accessibility(DW_ACCESS_public)
    8673                      .dwattr $C$DW$558, DW_AT_decl_file("..\sources\fcl_foc_cpu_dm.h")
    8674                      .dwattr $C$DW$558, DW_AT_decl_line(0x87)
    8675                      .dwattr $C$DW$558, DW_AT_decl_column(0x0f)
    8676              
    8677              $C$DW$559       .dwtag  DW_TAG_member
    8678                      .dwattr $C$DW$559, DW_AT_type(*$C$DW$T$21)
    8679                      .dwattr $C$DW$559, DW_AT_name("Ts")
    8680                      .dwattr $C$DW$559, DW_AT_data_member_location[DW_OP_plus_uconst 0xc]
    8681                      .dwattr $C$DW$559, DW_AT_accessibility(DW_ACCESS_public)
    8682                      .dwattr $C$DW$559, DW_AT_decl_file("..\sources\fcl_foc_cpu_dm.h")
    8683                      .dwattr $C$DW$559, DW_AT_decl_line(0x89)
    8684                      .dwattr $C$DW$559, DW_AT_decl_column(0x0f)
    8685              
    8686              $C$DW$560       .dwtag  DW_TAG_member
    8687                      .dwattr $C$DW$560, DW_AT_type(*$C$DW$T$21)
    8688                      .dwattr $C$DW$560, DW_AT_name("maxModIndex")
    8689                      .dwattr $C$DW$560, DW_AT_data_member_location[DW_OP_plus_uconst 0xe]
    8690                      .dwattr $C$DW$560, DW_AT_accessibility(DW_ACCESS_public)
    8691                      .dwattr $C$DW$560, DW_AT_decl_file("..\sources\fcl_foc_cpu_dm.h")
    8692                      .dwattr $C$DW$560, DW_AT_decl_line(0x8a)
    8693                      .dwattr $C$DW$560, DW_AT_decl_column(0x0f)
    8694              
    8695              $C$DW$561       .dwtag  DW_TAG_member
    8696                      .dwattr $C$DW$561, DW_AT_type(*$C$DW$T$21)
    8697                      .dwattr $C$DW$561, DW_AT_name("pwmHalfPeriod")
    8698                      .dwattr $C$DW$561, DW_AT_data_member_location[DW_OP_plus_uconst 0x10]
    8699                      .dwattr $C$DW$561, DW_AT_accessibility(DW_ACCESS_public)
    8700                      .dwattr $C$DW$561, DW_AT_decl_file("..\sources\fcl_foc_cpu_dm.h")
    8701                      .dwattr $C$DW$561, DW_AT_decl_line(0x8b)
    8702                      .dwattr $C$DW$561, DW_AT_decl_column(0x0f)
    8703              
    8704              $C$DW$562       .dwtag  DW_TAG_member
    8705                      .dwattr $C$DW$562, DW_AT_type(*$C$DW$T$21)
    8706                      .dwattr $C$DW$562, DW_AT_name("voltageLimit")
    8707                      .dwattr $C$DW$562, DW_AT_data_member_location[DW_OP_plus_uconst 0x12]
    8708                      .dwattr $C$DW$562, DW_AT_accessibility(DW_ACCESS_public)
    8709                      .dwattr $C$DW$562, DW_AT_decl_file("..\sources\fcl_foc_cpu_dm.h")
    8710                      .dwattr $C$DW$562, DW_AT_decl_line(0x8d)
    8711                      .dwattr $C$DW$562, DW_AT_decl_column(0x0f)
    8712              
    8713              $C$DW$563       .dwtag  DW_TAG_member
    8714                      .dwattr $C$DW$563, DW_AT_type(*$C$DW$T$21)
    8715                      .dwattr $C$DW$563, DW_AT_name("currentLimit")
    8716                      .dwattr $C$DW$563, DW_AT_data_member_location[DW_OP_plus_uconst 0x14]
    8717                      .dwattr $C$DW$563, DW_AT_accessibility(DW_ACCESS_public)
    8718                      .dwattr $C$DW$563, DW_AT_decl_file("..\sources\fcl_foc_cpu_dm.h")
    8719                      .dwattr $C$DW$563, DW_AT_decl_line(0x8e)
    8720                      .dwattr $C$DW$563, DW_AT_decl_column(0x0f)
    8721              
    8722              $C$DW$564       .dwtag  DW_TAG_member
    8723                      .dwattr $C$DW$564, DW_AT_type(*$C$DW$T$21)
    8724                      .dwattr $C$DW$564, DW_AT_name("speedRefStart")
TMS320C2000 Assembler PC v22.6.2 Fri Jan  2 15:35:19 2026

Copyright (c) 1996-2018 Texas Instruments Incorporated
dual_axis_servo_drive_user_cpu.asm                                   PAGE  171

    8725                      .dwattr $C$DW$564, DW_AT_data_member_location[DW_OP_plus_uconst 0x16]
    8726                      .dwattr $C$DW$564, DW_AT_accessibility(DW_ACCESS_public)
    8727                      .dwattr $C$DW$564, DW_AT_decl_file("..\sources\fcl_foc_cpu_dm.h")
    8728                      .dwattr $C$DW$564, DW_AT_decl_line(0x8f)
    8729                      .dwattr $C$DW$564, DW_AT_decl_column(0x0f)
    8730              
    8731              $C$DW$565       .dwtag  DW_TAG_member
    8732                      .dwattr $C$DW$565, DW_AT_type(*$C$DW$T$21)
    8733                      .dwattr $C$DW$565, DW_AT_name("speedRefMax")
    8734                      .dwattr $C$DW$565, DW_AT_data_member_location[DW_OP_plus_uconst 0x18]
    8735                      .dwattr $C$DW$565, DW_AT_accessibility(DW_ACCESS_public)
    8736                      .dwattr $C$DW$565, DW_AT_decl_file("..\sources\fcl_foc_cpu_dm.h")
    8737                      .dwattr $C$DW$565, DW_AT_decl_line(0x90)
    8738                      .dwattr $C$DW$565, DW_AT_decl_column(0x0f)
    8739              
    8740              $C$DW$566       .dwtag  DW_TAG_member
    8741                      .dwattr $C$DW$566, DW_AT_type(*$C$DW$T$21)
    8742                      .dwattr $C$DW$566, DW_AT_name("IdRefSet")
    8743                      .dwattr $C$DW$566, DW_AT_data_member_location[DW_OP_plus_uconst 0x1a]
    8744                      .dwattr $C$DW$566, DW_AT_accessibility(DW_ACCESS_public)
    8745                      .dwattr $C$DW$566, DW_AT_decl_file("..\sources\fcl_foc_cpu_dm.h")
    8746                      .dwattr $C$DW$566, DW_AT_decl_line(0x91)
    8747                      .dwattr $C$DW$566, DW_AT_decl_column(0x0f)
    8748              
    8749              $C$DW$567       .dwtag  DW_TAG_member
    8750                      .dwattr $C$DW$567, DW_AT_type(*$C$DW$T$21)
    8751                      .dwattr $C$DW$567, DW_AT_name("IqRefSet")
    8752                      .dwattr $C$DW$567, DW_AT_data_member_location[DW_OP_plus_uconst 0x1c]
    8753                      .dwattr $C$DW$567, DW_AT_accessibility(DW_ACCESS_public)
    8754                      .dwattr $C$DW$567, DW_AT_decl_file("..\sources\fcl_foc_cpu_dm.h")
    8755                      .dwattr $C$DW$567, DW_AT_decl_line(0x92)
    8756                      .dwattr $C$DW$567, DW_AT_decl_column(0x0f)
    8757              
    8758              $C$DW$568       .dwtag  DW_TAG_member
    8759                      .dwattr $C$DW$568, DW_AT_type(*$C$DW$T$21)
    8760                      .dwattr $C$DW$568, DW_AT_name("IdRef_start")
    8761                      .dwattr $C$DW$568, DW_AT_data_member_location[DW_OP_plus_uconst 0x1e]
    8762                      .dwattr $C$DW$568, DW_AT_accessibility(DW_ACCESS_public)
    8763                      .dwattr $C$DW$568, DW_AT_decl_file("..\sources\fcl_foc_cpu_dm.h")
    8764                      .dwattr $C$DW$568, DW_AT_decl_line(0x94)
    8765                      .dwattr $C$DW$568, DW_AT_decl_column(0x0f)
    8766              
    8767              $C$DW$569       .dwtag  DW_TAG_member
    8768                      .dwattr $C$DW$569, DW_AT_type(*$C$DW$T$21)
    8769                      .dwattr $C$DW$569, DW_AT_name("IdRef_run")
    8770                      .dwattr $C$DW$569, DW_AT_data_member_location[DW_OP_plus_uconst 0x20]
    8771                      .dwattr $C$DW$569, DW_AT_accessibility(DW_ACCESS_public)
    8772                      .dwattr $C$DW$569, DW_AT_decl_file("..\sources\fcl_foc_cpu_dm.h")
    8773                      .dwattr $C$DW$569, DW_AT_decl_line(0x95)
    8774                      .dwattr $C$DW$569, DW_AT_decl_column(0x0f)
    8775              
    8776              $C$DW$570       .dwtag  DW_TAG_member
    8777                      .dwattr $C$DW$570, DW_AT_type(*$C$DW$T$21)
    8778                      .dwattr $C$DW$570, DW_AT_name("IqRef_start")
    8779                      .dwattr $C$DW$570, DW_AT_data_member_location[DW_OP_plus_uconst 0x22]
TMS320C2000 Assembler PC v22.6.2 Fri Jan  2 15:35:19 2026

Copyright (c) 1996-2018 Texas Instruments Incorporated
dual_axis_servo_drive_user_cpu.asm                                   PAGE  172

    8780                      .dwattr $C$DW$570, DW_AT_accessibility(DW_ACCESS_public)
    8781                      .dwattr $C$DW$570, DW_AT_decl_file("..\sources\fcl_foc_cpu_dm.h")
    8782                      .dwattr $C$DW$570, DW_AT_decl_line(0x96)
    8783                      .dwattr $C$DW$570, DW_AT_decl_column(0x0f)
    8784              
    8785              $C$DW$571       .dwtag  DW_TAG_member
    8786                      .dwattr $C$DW$571, DW_AT_type(*$C$DW$T$21)
    8787                      .dwattr $C$DW$571, DW_AT_name("IdRef")
    8788                      .dwattr $C$DW$571, DW_AT_data_member_location[DW_OP_plus_uconst 0x24]
    8789                      .dwattr $C$DW$571, DW_AT_accessibility(DW_ACCESS_public)
    8790                      .dwattr $C$DW$571, DW_AT_decl_file("..\sources\fcl_foc_cpu_dm.h")
    8791                      .dwattr $C$DW$571, DW_AT_decl_line(0x98)
    8792                      .dwattr $C$DW$571, DW_AT_decl_column(0x0f)
    8793              
    8794              $C$DW$572       .dwtag  DW_TAG_member
    8795                      .dwattr $C$DW$572, DW_AT_type(*$C$DW$T$21)
    8796                      .dwattr $C$DW$572, DW_AT_name("IqRef")
    8797                      .dwattr $C$DW$572, DW_AT_data_member_location[DW_OP_plus_uconst 0x26]
    8798                      .dwattr $C$DW$572, DW_AT_accessibility(DW_ACCESS_public)
    8799                      .dwattr $C$DW$572, DW_AT_decl_file("..\sources\fcl_foc_cpu_dm.h")
    8800                      .dwattr $C$DW$572, DW_AT_decl_line(0x99)
    8801                      .dwattr $C$DW$572, DW_AT_decl_column(0x0f)
    8802              
    8803              $C$DW$573       .dwtag  DW_TAG_member
    8804                      .dwattr $C$DW$573, DW_AT_type(*$C$DW$T$21)
    8805                      .dwattr $C$DW$573, DW_AT_name("ctrlIdRef")
    8806                      .dwattr $C$DW$573, DW_AT_data_member_location[DW_OP_plus_uconst 0x28]
    8807                      .dwattr $C$DW$573, DW_AT_accessibility(DW_ACCESS_public)
    8808                      .dwattr $C$DW$573, DW_AT_decl_file("..\sources\fcl_foc_cpu_dm.h")
    8809                      .dwattr $C$DW$573, DW_AT_decl_line(0x9b)
    8810                      .dwattr $C$DW$573, DW_AT_decl_column(0x0f)
    8811              
    8812              $C$DW$574       .dwtag  DW_TAG_member
    8813                      .dwattr $C$DW$574, DW_AT_type(*$C$DW$T$21)
    8814                      .dwattr $C$DW$574, DW_AT_name("ctrlIqRef")
    8815                      .dwattr $C$DW$574, DW_AT_data_member_location[DW_OP_plus_uconst 0x2a]
    8816                      .dwattr $C$DW$574, DW_AT_accessibility(DW_ACCESS_public)
    8817                      .dwattr $C$DW$574, DW_AT_decl_file("..\sources\fcl_foc_cpu_dm.h")
    8818                      .dwattr $C$DW$574, DW_AT_decl_line(0x9c)
    8819                      .dwattr $C$DW$574, DW_AT_decl_column(0x0f)
    8820              
    8821              $C$DW$575       .dwtag  DW_TAG_member
    8822                      .dwattr $C$DW$575, DW_AT_type(*$C$DW$T$21)
    8823                      .dwattr $C$DW$575, DW_AT_name("speedRef")
    8824                      .dwattr $C$DW$575, DW_AT_data_member_location[DW_OP_plus_uconst 0x2c]
    8825                      .dwattr $C$DW$575, DW_AT_accessibility(DW_ACCESS_public)
    8826                      .dwattr $C$DW$575, DW_AT_decl_file("..\sources\fcl_foc_cpu_dm.h")
    8827                      .dwattr $C$DW$575, DW_AT_decl_line(0x9e)
    8828                      .dwattr $C$DW$575, DW_AT_decl_column(0x0f)
    8829              
    8830              $C$DW$576       .dwtag  DW_TAG_member
    8831                      .dwattr $C$DW$576, DW_AT_type(*$C$DW$T$21)
    8832                      .dwattr $C$DW$576, DW_AT_name("positionRef")
    8833                      .dwattr $C$DW$576, DW_AT_data_member_location[DW_OP_plus_uconst 0x2e]
    8834                      .dwattr $C$DW$576, DW_AT_accessibility(DW_ACCESS_public)
TMS320C2000 Assembler PC v22.6.2 Fri Jan  2 15:35:19 2026

Copyright (c) 1996-2018 Texas Instruments Incorporated
dual_axis_servo_drive_user_cpu.asm                                   PAGE  173

    8835                      .dwattr $C$DW$576, DW_AT_decl_file("..\sources\fcl_foc_cpu_dm.h")
    8836                      .dwattr $C$DW$576, DW_AT_decl_line(0x9f)
    8837                      .dwattr $C$DW$576, DW_AT_decl_column(0x0f)
    8838              
    8839              $C$DW$577       .dwtag  DW_TAG_member
    8840                      .dwattr $C$DW$577, DW_AT_type(*$C$DW$T$21)
    8841                      .dwattr $C$DW$577, DW_AT_name("lsw1Speed")
    8842                      .dwattr $C$DW$577, DW_AT_data_member_location[DW_OP_plus_uconst 0x30]
    8843                      .dwattr $C$DW$577, DW_AT_accessibility(DW_ACCESS_public)
    8844                      .dwattr $C$DW$577, DW_AT_decl_file("..\sources\fcl_foc_cpu_dm.h")
    8845                      .dwattr $C$DW$577, DW_AT_decl_line(0xa0)
    8846                      .dwattr $C$DW$577, DW_AT_decl_column(0x0f)
    8847              
    8848              $C$DW$578       .dwtag  DW_TAG_member
    8849                      .dwattr $C$DW$578, DW_AT_type(*$C$DW$T$21)
    8850                      .dwattr $C$DW$578, DW_AT_name("offset_currentAs")
    8851                      .dwattr $C$DW$578, DW_AT_data_member_location[DW_OP_plus_uconst 0x32]
    8852                      .dwattr $C$DW$578, DW_AT_accessibility(DW_ACCESS_public)
    8853                      .dwattr $C$DW$578, DW_AT_decl_file("..\sources\fcl_foc_cpu_dm.h")
    8854                      .dwattr $C$DW$578, DW_AT_decl_line(0xa3)
    8855                      .dwattr $C$DW$578, DW_AT_decl_column(0x0f)
    8856              
    8857              $C$DW$579       .dwtag  DW_TAG_member
    8858                      .dwattr $C$DW$579, DW_AT_type(*$C$DW$T$21)
    8859                      .dwattr $C$DW$579, DW_AT_name("offset_currentBs")
    8860                      .dwattr $C$DW$579, DW_AT_data_member_location[DW_OP_plus_uconst 0x34]
    8861                      .dwattr $C$DW$579, DW_AT_accessibility(DW_ACCESS_public)
    8862                      .dwattr $C$DW$579, DW_AT_decl_file("..\sources\fcl_foc_cpu_dm.h")
    8863                      .dwattr $C$DW$579, DW_AT_decl_line(0xa4)
    8864                      .dwattr $C$DW$579, DW_AT_decl_column(0x0f)
    8865              
    8866              $C$DW$580       .dwtag  DW_TAG_member
    8867                      .dwattr $C$DW$580, DW_AT_type(*$C$DW$T$21)
    8868                      .dwattr $C$DW$580, DW_AT_name("offset_currentCs")
    8869                      .dwattr $C$DW$580, DW_AT_data_member_location[DW_OP_plus_uconst 0x36]
    8870                      .dwattr $C$DW$580, DW_AT_accessibility(DW_ACCESS_public)
    8871                      .dwattr $C$DW$580, DW_AT_decl_file("..\sources\fcl_foc_cpu_dm.h")
    8872                      .dwattr $C$DW$580, DW_AT_decl_line(0xa5)
    8873                      .dwattr $C$DW$580, DW_AT_decl_column(0x0f)
    8874              
    8875              $C$DW$581       .dwtag  DW_TAG_member
    8876                      .dwattr $C$DW$581, DW_AT_type(*$C$DW$T$21)
    8877                      .dwattr $C$DW$581, DW_AT_name("currentAs")
    8878                      .dwattr $C$DW$581, DW_AT_data_member_location[DW_OP_plus_uconst 0x38]
    8879                      .dwattr $C$DW$581, DW_AT_accessibility(DW_ACCESS_public)
    8880                      .dwattr $C$DW$581, DW_AT_decl_file("..\sources\fcl_foc_cpu_dm.h")
    8881                      .dwattr $C$DW$581, DW_AT_decl_line(0xa7)
    8882                      .dwattr $C$DW$581, DW_AT_decl_column(0x0f)
    8883              
    8884              $C$DW$582       .dwtag  DW_TAG_member
    8885                      .dwattr $C$DW$582, DW_AT_type(*$C$DW$T$21)
    8886                      .dwattr $C$DW$582, DW_AT_name("currentBs")
    8887                      .dwattr $C$DW$582, DW_AT_data_member_location[DW_OP_plus_uconst 0x3a]
    8888                      .dwattr $C$DW$582, DW_AT_accessibility(DW_ACCESS_public)
    8889                      .dwattr $C$DW$582, DW_AT_decl_file("..\sources\fcl_foc_cpu_dm.h")
TMS320C2000 Assembler PC v22.6.2 Fri Jan  2 15:35:19 2026

Copyright (c) 1996-2018 Texas Instruments Incorporated
dual_axis_servo_drive_user_cpu.asm                                   PAGE  174

    8890                      .dwattr $C$DW$582, DW_AT_decl_line(0xa8)
    8891                      .dwattr $C$DW$582, DW_AT_decl_column(0x0f)
    8892              
    8893              $C$DW$583       .dwtag  DW_TAG_member
    8894                      .dwattr $C$DW$583, DW_AT_type(*$C$DW$T$21)
    8895                      .dwattr $C$DW$583, DW_AT_name("currentCs")
    8896                      .dwattr $C$DW$583, DW_AT_data_member_location[DW_OP_plus_uconst 0x3c]
    8897                      .dwattr $C$DW$583, DW_AT_accessibility(DW_ACCESS_public)
    8898                      .dwattr $C$DW$583, DW_AT_decl_file("..\sources\fcl_foc_cpu_dm.h")
    8899                      .dwattr $C$DW$583, DW_AT_decl_line(0xa9)
    8900                      .dwattr $C$DW$583, DW_AT_decl_column(0x0f)
    8901              
    8902              $C$DW$584       .dwtag  DW_TAG_member
    8903                      .dwattr $C$DW$584, DW_AT_type(*$C$DW$T$21)
    8904                      .dwattr $C$DW$584, DW_AT_name("currentScale")
    8905                      .dwattr $C$DW$584, DW_AT_data_member_location[DW_OP_plus_uconst 0x3e]
    8906                      .dwattr $C$DW$584, DW_AT_accessibility(DW_ACCESS_public)
    8907                      .dwattr $C$DW$584, DW_AT_decl_file("..\sources\fcl_foc_cpu_dm.h")
    8908                      .dwattr $C$DW$584, DW_AT_decl_line(0xab)
    8909                      .dwattr $C$DW$584, DW_AT_decl_column(0x0f)
    8910              
    8911              $C$DW$585       .dwtag  DW_TAG_member
    8912                      .dwattr $C$DW$585, DW_AT_type(*$C$DW$T$21)
    8913                      .dwattr $C$DW$585, DW_AT_name("voltageScale")
    8914                      .dwattr $C$DW$585, DW_AT_data_member_location[DW_OP_plus_uconst 0x40]
    8915                      .dwattr $C$DW$585, DW_AT_accessibility(DW_ACCESS_public)
    8916                      .dwattr $C$DW$585, DW_AT_decl_file("..\sources\fcl_foc_cpu_dm.h")
    8917                      .dwattr $C$DW$585, DW_AT_decl_line(0xac)
    8918                      .dwattr $C$DW$585, DW_AT_decl_column(0x0f)
    8919              
    8920              $C$DW$586       .dwtag  DW_TAG_member
    8921                      .dwattr $C$DW$586, DW_AT_type(*$C$DW$T$21)
    8922                      .dwattr $C$DW$586, DW_AT_name("adcScale")
    8923                      .dwattr $C$DW$586, DW_AT_data_member_location[DW_OP_plus_uconst 0x42]
    8924                      .dwattr $C$DW$586, DW_AT_accessibility(DW_ACCESS_public)
    8925                      .dwattr $C$DW$586, DW_AT_decl_file("..\sources\fcl_foc_cpu_dm.h")
    8926                      .dwattr $C$DW$586, DW_AT_decl_line(0xad)
    8927                      .dwattr $C$DW$586, DW_AT_decl_column(0x0f)
    8928              
    8929              $C$DW$587       .dwtag  DW_TAG_member
    8930                      .dwattr $C$DW$587, DW_AT_type(*$C$DW$T$21)
    8931                      .dwattr $C$DW$587, DW_AT_name("currentInvSF")
    8932                      .dwattr $C$DW$587, DW_AT_data_member_location[DW_OP_plus_uconst 0x44]
    8933                      .dwattr $C$DW$587, DW_AT_accessibility(DW_ACCESS_public)
    8934                      .dwattr $C$DW$587, DW_AT_decl_file("..\sources\fcl_foc_cpu_dm.h")
    8935                      .dwattr $C$DW$587, DW_AT_decl_line(0xae)
    8936                      .dwattr $C$DW$587, DW_AT_decl_column(0x0f)
    8937              
    8938              $C$DW$588       .dwtag  DW_TAG_member
    8939                      .dwattr $C$DW$588, DW_AT_type(*$C$DW$T$21)
    8940                      .dwattr $C$DW$588, DW_AT_name("voltageInvSF")
    8941                      .dwattr $C$DW$588, DW_AT_data_member_location[DW_OP_plus_uconst 0x46]
    8942                      .dwattr $C$DW$588, DW_AT_accessibility(DW_ACCESS_public)
    8943                      .dwattr $C$DW$588, DW_AT_decl_file("..\sources\fcl_foc_cpu_dm.h")
    8944                      .dwattr $C$DW$588, DW_AT_decl_line(0xaf)
TMS320C2000 Assembler PC v22.6.2 Fri Jan  2 15:35:19 2026

Copyright (c) 1996-2018 Texas Instruments Incorporated
dual_axis_servo_drive_user_cpu.asm                                   PAGE  175

    8945                      .dwattr $C$DW$588, DW_AT_decl_column(0x0f)
    8946              
    8947              $C$DW$589       .dwtag  DW_TAG_member
    8948                      .dwattr $C$DW$589, DW_AT_type(*$C$DW$T$21)
    8949                      .dwattr $C$DW$589, DW_AT_name("posElecTheta")
    8950                      .dwattr $C$DW$589, DW_AT_data_member_location[DW_OP_plus_uconst 0x48]
    8951                      .dwattr $C$DW$589, DW_AT_accessibility(DW_ACCESS_public)
    8952                      .dwattr $C$DW$589, DW_AT_decl_file("..\sources\fcl_foc_cpu_dm.h")
    8953                      .dwattr $C$DW$589, DW_AT_decl_line(0xb1)
    8954                      .dwattr $C$DW$589, DW_AT_decl_column(0x0f)
    8955              
    8956              $C$DW$590       .dwtag  DW_TAG_member
    8957                      .dwattr $C$DW$590, DW_AT_type(*$C$DW$T$21)
    8958                      .dwattr $C$DW$590, DW_AT_name("posMechTheta")
    8959                      .dwattr $C$DW$590, DW_AT_data_member_location[DW_OP_plus_uconst 0x4a]
    8960                      .dwattr $C$DW$590, DW_AT_accessibility(DW_ACCESS_public)
    8961                      .dwattr $C$DW$590, DW_AT_decl_file("..\sources\fcl_foc_cpu_dm.h")
    8962                      .dwattr $C$DW$590, DW_AT_decl_line(0xb2)
    8963                      .dwattr $C$DW$590, DW_AT_decl_column(0x0f)
    8964              
    8965              $C$DW$591       .dwtag  DW_TAG_member
    8966                      .dwattr $C$DW$591, DW_AT_type(*$C$DW$T$21)
    8967                      .dwattr $C$DW$591, DW_AT_name("speedWe")
    8968                      .dwattr $C$DW$591, DW_AT_data_member_location[DW_OP_plus_uconst 0x4c]
    8969                      .dwattr $C$DW$591, DW_AT_accessibility(DW_ACCESS_public)
    8970                      .dwattr $C$DW$591, DW_AT_decl_file("..\sources\fcl_foc_cpu_dm.h")
    8971                      .dwattr $C$DW$591, DW_AT_decl_line(0xb3)
    8972                      .dwattr $C$DW$591, DW_AT_decl_column(0x0f)
    8973              
    8974              $C$DW$592       .dwtag  DW_TAG_member
    8975                      .dwattr $C$DW$592, DW_AT_type(*$C$DW$T$21)
    8976                      .dwattr $C$DW$592, DW_AT_name("speedWePrev")
    8977                      .dwattr $C$DW$592, DW_AT_data_member_location[DW_OP_plus_uconst 0x4e]
    8978                      .dwattr $C$DW$592, DW_AT_accessibility(DW_ACCESS_public)
    8979                      .dwattr $C$DW$592, DW_AT_decl_file("..\sources\fcl_foc_cpu_dm.h")
    8980                      .dwattr $C$DW$592, DW_AT_decl_line(0xb4)
    8981                      .dwattr $C$DW$592, DW_AT_decl_column(0x0f)
    8982              
    8983              $C$DW$593       .dwtag  DW_TAG_member
    8984                      .dwattr $C$DW$593, DW_AT_type(*$C$DW$T$21)
    8985                      .dwattr $C$DW$593, DW_AT_name("pangle")
    8986                      .dwattr $C$DW$593, DW_AT_data_member_location[DW_OP_plus_uconst 0x50]
    8987                      .dwattr $C$DW$593, DW_AT_accessibility(DW_ACCESS_public)
    8988                      .dwattr $C$DW$593, DW_AT_decl_file("..\sources\fcl_foc_cpu_dm.h")
    8989                      .dwattr $C$DW$593, DW_AT_decl_line(0xb5)
    8990                      .dwattr $C$DW$593, DW_AT_decl_column(0x0f)
    8991              
    8992              $C$DW$594       .dwtag  DW_TAG_member
    8993                      .dwattr $C$DW$594, DW_AT_type(*$C$DW$T$21)
    8994                      .dwattr $C$DW$594, DW_AT_name("speedWeObs")
    8995                      .dwattr $C$DW$594, DW_AT_data_member_location[DW_OP_plus_uconst 0x52]
    8996                      .dwattr $C$DW$594, DW_AT_accessibility(DW_ACCESS_public)
    8997                      .dwattr $C$DW$594, DW_AT_decl_file("..\sources\fcl_foc_cpu_dm.h")
    8998                      .dwattr $C$DW$594, DW_AT_decl_line(0xb6)
    8999                      .dwattr $C$DW$594, DW_AT_decl_column(0x0f)
TMS320C2000 Assembler PC v22.6.2 Fri Jan  2 15:35:19 2026

Copyright (c) 1996-2018 Texas Instruments Incorporated
dual_axis_servo_drive_user_cpu.asm                                   PAGE  176

    9000              
    9001              $C$DW$595       .dwtag  DW_TAG_member
    9002                      .dwattr $C$DW$595, DW_AT_type(*$C$DW$T$21)
    9003                      .dwattr $C$DW$595, DW_AT_name("Vdcbus")
    9004                      .dwattr $C$DW$595, DW_AT_data_member_location[DW_OP_plus_uconst 0x54]
    9005                      .dwattr $C$DW$595, DW_AT_accessibility(DW_ACCESS_public)
    9006                      .dwattr $C$DW$595, DW_AT_decl_file("..\sources\fcl_foc_cpu_dm.h")
    9007                      .dwattr $C$DW$595, DW_AT_decl_line(0xb8)
    9008                      .dwattr $C$DW$595, DW_AT_decl_column(0x0f)
    9009              
    9010              $C$DW$596       .dwtag  DW_TAG_member
    9011                      .dwattr $C$DW$596, DW_AT_type(*$C$DW$T$21)
    9012                      .dwattr $C$DW$596, DW_AT_name("VdcbusMax")
    9013                      .dwattr $C$DW$596, DW_AT_data_member_location[DW_OP_plus_uconst 0x56]
    9014                      .dwattr $C$DW$596, DW_AT_accessibility(DW_ACCESS_public)
    9015                      .dwattr $C$DW$596, DW_AT_decl_file("..\sources\fcl_foc_cpu_dm.h")
    9016                      .dwattr $C$DW$596, DW_AT_decl_line(0xb9)
    9017                      .dwattr $C$DW$596, DW_AT_decl_column(0x0f)
    9018              
    9019              $C$DW$597       .dwtag  DW_TAG_member
    9020                      .dwattr $C$DW$597, DW_AT_type(*$C$DW$T$21)
    9021                      .dwattr $C$DW$597, DW_AT_name("VdcbusMin")
    9022                      .dwattr $C$DW$597, DW_AT_data_member_location[DW_OP_plus_uconst 0x58]
    9023                      .dwattr $C$DW$597, DW_AT_accessibility(DW_ACCESS_public)
    9024                      .dwattr $C$DW$597, DW_AT_decl_file("..\sources\fcl_foc_cpu_dm.h")
    9025                      .dwattr $C$DW$597, DW_AT_decl_line(0xba)
    9026                      .dwattr $C$DW$597, DW_AT_decl_column(0x0f)
    9027              
    9028              $C$DW$598       .dwtag  DW_TAG_member
    9029                      .dwattr $C$DW$598, DW_AT_type(*$C$DW$T$88)
    9030                      .dwattr $C$DW$598, DW_AT_name("rg")
    9031                      .dwattr $C$DW$598, DW_AT_data_member_location[DW_OP_plus_uconst 0x5a]
    9032                      .dwattr $C$DW$598, DW_AT_accessibility(DW_ACCESS_public)
    9033                      .dwattr $C$DW$598, DW_AT_decl_file("..\sources\fcl_foc_cpu_dm.h")
    9034                      .dwattr $C$DW$598, DW_AT_decl_line(0xbc)
    9035                      .dwattr $C$DW$598, DW_AT_decl_column(0x0d)
    9036              
    9037              $C$DW$599       .dwtag  DW_TAG_member
    9038                      .dwattr $C$DW$599, DW_AT_type(*$C$DW$T$89)
    9039                      .dwattr $C$DW$599, DW_AT_name("rc")
    9040                      .dwattr $C$DW$599, DW_AT_data_member_location[DW_OP_plus_uconst 0x66]
    9041                      .dwattr $C$DW$599, DW_AT_accessibility(DW_ACCESS_public)
    9042                      .dwattr $C$DW$599, DW_AT_decl_file("..\sources\fcl_foc_cpu_dm.h")
    9043                      .dwattr $C$DW$599, DW_AT_decl_line(0xbd)
    9044                      .dwattr $C$DW$599, DW_AT_decl_column(0x0d)
    9045              
    9046              $C$DW$600       .dwtag  DW_TAG_member
    9047                      .dwattr $C$DW$600, DW_AT_type(*$C$DW$T$90)
    9048                      .dwattr $C$DW$600, DW_AT_name("clarke")
    9049                      .dwattr $C$DW$600, DW_AT_data_member_location[DW_OP_plus_uconst 0x76]
    9050                      .dwattr $C$DW$600, DW_AT_accessibility(DW_ACCESS_public)
    9051                      .dwattr $C$DW$600, DW_AT_decl_file("..\sources\fcl_foc_cpu_dm.h")
    9052                      .dwattr $C$DW$600, DW_AT_decl_line(0xbe)
    9053                      .dwattr $C$DW$600, DW_AT_decl_column(0x0c)
    9054              
TMS320C2000 Assembler PC v22.6.2 Fri Jan  2 15:35:19 2026

Copyright (c) 1996-2018 Texas Instruments Incorporated
dual_axis_servo_drive_user_cpu.asm                                   PAGE  177

    9055              $C$DW$601       .dwtag  DW_TAG_member
    9056                      .dwattr $C$DW$601, DW_AT_type(*$C$DW$T$91)
    9057                      .dwattr $C$DW$601, DW_AT_name("park")
    9058                      .dwattr $C$DW$601, DW_AT_data_member_location[DW_OP_plus_uconst 0x80]
    9059                      .dwattr $C$DW$601, DW_AT_accessibility(DW_ACCESS_public)
    9060                      .dwattr $C$DW$601, DW_AT_decl_file("..\sources\fcl_foc_cpu_dm.h")
    9061                      .dwattr $C$DW$601, DW_AT_decl_line(0xbf)
    9062                      .dwattr $C$DW$601, DW_AT_decl_column(0x0a)
    9063              
    9064              $C$DW$602       .dwtag  DW_TAG_member
    9065                      .dwattr $C$DW$602, DW_AT_type(*$C$DW$T$92)
    9066                      .dwattr $C$DW$602, DW_AT_name("ipark")
    9067                      .dwattr $C$DW$602, DW_AT_data_member_location[DW_OP_plus_uconst 0x8e]
    9068                      .dwattr $C$DW$602, DW_AT_accessibility(DW_ACCESS_public)
    9069                      .dwattr $C$DW$602, DW_AT_decl_file("..\sources\fcl_foc_cpu_dm.h")
    9070                      .dwattr $C$DW$602, DW_AT_decl_line(0xc0)
    9071                      .dwattr $C$DW$602, DW_AT_decl_column(0x0b)
    9072              
    9073              $C$DW$603       .dwtag  DW_TAG_member
    9074                      .dwattr $C$DW$603, DW_AT_type(*$C$DW$T$93)
    9075                      .dwattr $C$DW$603, DW_AT_name("svgen")
    9076                      .dwattr $C$DW$603, DW_AT_data_member_location[DW_OP_plus_uconst 0x9c]
    9077                      .dwattr $C$DW$603, DW_AT_accessibility(DW_ACCESS_public)
    9078                      .dwattr $C$DW$603, DW_AT_decl_file("..\sources\fcl_foc_cpu_dm.h")
    9079                      .dwattr $C$DW$603, DW_AT_decl_line(0xc1)
    9080                      .dwattr $C$DW$603, DW_AT_decl_column(0x0b)
    9081              
    9082              $C$DW$604       .dwtag  DW_TAG_member
    9083                      .dwattr $C$DW$604, DW_AT_type(*$C$DW$T$94)
    9084                      .dwattr $C$DW$604, DW_AT_name("speed")
    9085                      .dwattr $C$DW$604, DW_AT_data_member_location[DW_OP_plus_uconst 0xae]
    9086                      .dwattr $C$DW$604, DW_AT_accessibility(DW_ACCESS_public)
    9087                      .dwattr $C$DW$604, DW_AT_decl_file("..\sources\fcl_foc_cpu_dm.h")
    9088                      .dwattr $C$DW$604, DW_AT_decl_line(0xc3)
    9089                      .dwattr $C$DW$604, DW_AT_decl_column(0x14)
    9090              
    9091              $C$DW$605       .dwtag  DW_TAG_member
    9092                      .dwattr $C$DW$605, DW_AT_type(*$C$DW$T$95)
    9093                      .dwattr $C$DW$605, DW_AT_name("speedObs")
    9094                      .dwattr $C$DW$605, DW_AT_data_member_location[DW_OP_plus_uconst 0xc2]
    9095                      .dwattr $C$DW$605, DW_AT_accessibility(DW_ACCESS_public)
    9096                      .dwattr $C$DW$605, DW_AT_decl_file("..\sources\fcl_foc_cpu_dm.h")
    9097                      .dwattr $C$DW$605, DW_AT_decl_line(0xc4)
    9098                      .dwattr $C$DW$605, DW_AT_decl_column(0x14)
    9099              
    9100              $C$DW$606       .dwtag  DW_TAG_member
    9101                      .dwattr $C$DW$606, DW_AT_type(*$C$DW$T$96)
    9102                      .dwattr $C$DW$606, DW_AT_name("pid_spd")
    9103                      .dwattr $C$DW$606, DW_AT_data_member_location[DW_OP_plus_uconst 0xde]
    9104                      .dwattr $C$DW$606, DW_AT_accessibility(DW_ACCESS_public)
    9105                      .dwattr $C$DW$606, DW_AT_decl_file("..\sources\fcl_foc_cpu_dm.h")
    9106                      .dwattr $C$DW$606, DW_AT_decl_line(0xc6)
    9107                      .dwattr $C$DW$606, DW_AT_decl_column(0x15)
    9108              
    9109              $C$DW$607       .dwtag  DW_TAG_member
TMS320C2000 Assembler PC v22.6.2 Fri Jan  2 15:35:19 2026

Copyright (c) 1996-2018 Texas Instruments Incorporated
dual_axis_servo_drive_user_cpu.asm                                   PAGE  178

    9110                      .dwattr $C$DW$607, DW_AT_type(*$C$DW$T$97)
    9111                      .dwattr $C$DW$607, DW_AT_name("pi_pos")
    9112                      .dwattr $C$DW$607, DW_AT_data_member_location[DW_OP_plus_uconst 0x106]
    9113                      .dwattr $C$DW$607, DW_AT_accessibility(DW_ACCESS_public)
    9114                      .dwattr $C$DW$607, DW_AT_decl_file("..\sources\fcl_foc_cpu_dm.h")
    9115                      .dwattr $C$DW$607, DW_AT_decl_line(0xc7)
    9116                      .dwattr $C$DW$607, DW_AT_decl_column(0x13)
    9117              
    9118              $C$DW$608       .dwtag  DW_TAG_member
    9119                      .dwattr $C$DW$608, DW_AT_type(*$C$DW$T$98)
    9120                      .dwattr $C$DW$608, DW_AT_name("cmplx_Id")
    9121                      .dwattr $C$DW$608, DW_AT_data_member_location[DW_OP_plus_uconst 0x11e]
    9122                      .dwattr $C$DW$608, DW_AT_accessibility(DW_ACCESS_public)
    9123                      .dwattr $C$DW$608, DW_AT_decl_file("..\sources\fcl_foc_cpu_dm.h")
    9124                      .dwattr $C$DW$608, DW_AT_decl_line(0xc9)
    9125                      .dwattr $C$DW$608, DW_AT_decl_column(0x15)
    9126              
    9127              $C$DW$609       .dwtag  DW_TAG_member
    9128                      .dwattr $C$DW$609, DW_AT_type(*$C$DW$T$98)
    9129                      .dwattr $C$DW$609, DW_AT_name("cmplx_Iq")
    9130                      .dwattr $C$DW$609, DW_AT_data_member_location[DW_OP_plus_uconst 0x13e]
    9131                      .dwattr $C$DW$609, DW_AT_accessibility(DW_ACCESS_public)
    9132                      .dwattr $C$DW$609, DW_AT_decl_file("..\sources\fcl_foc_cpu_dm.h")
    9133                      .dwattr $C$DW$609, DW_AT_decl_line(0xca)
    9134                      .dwattr $C$DW$609, DW_AT_decl_column(0x15)
    9135              
    9136              $C$DW$610       .dwtag  DW_TAG_member
    9137                      .dwattr $C$DW$610, DW_AT_type(*$C$DW$T$99)
    9138                      .dwattr $C$DW$610, DW_AT_name("FCL_params")
    9139                      .dwattr $C$DW$610, DW_AT_data_member_location[DW_OP_plus_uconst 0x15e]
    9140                      .dwattr $C$DW$610, DW_AT_accessibility(DW_ACCESS_public)
    9141                      .dwattr $C$DW$610, DW_AT_decl_file("..\sources\fcl_foc_cpu_dm.h")
    9142                      .dwattr $C$DW$610, DW_AT_decl_line(0xcb)
    9143                      .dwattr $C$DW$610, DW_AT_decl_column(0x16)
    9144              
    9145              $C$DW$611       .dwtag  DW_TAG_member
    9146                      .dwattr $C$DW$611, DW_AT_type(*$C$DW$T$21)
    9147                      .dwattr $C$DW$611, DW_AT_name("fclUpdateLatency_us")
    9148                      .dwattr $C$DW$611, DW_AT_data_member_location[DW_OP_plus_uconst 0x182]
    9149                      .dwattr $C$DW$611, DW_AT_accessibility(DW_ACCESS_public)
    9150                      .dwattr $C$DW$611, DW_AT_decl_file("..\sources\fcl_foc_cpu_dm.h")
    9151                      .dwattr $C$DW$611, DW_AT_decl_line(0xcd)
    9152                      .dwattr $C$DW$611, DW_AT_decl_column(0x0f)
    9153              
    9154              $C$DW$612       .dwtag  DW_TAG_member
    9155                      .dwattr $C$DW$612, DW_AT_type(*$C$DW$T$21)
    9156                      .dwattr $C$DW$612, DW_AT_name("focExecutionTime_us")
    9157                      .dwattr $C$DW$612, DW_AT_data_member_location[DW_OP_plus_uconst 0x184]
    9158                      .dwattr $C$DW$612, DW_AT_accessibility(DW_ACCESS_public)
    9159                      .dwattr $C$DW$612, DW_AT_decl_file("..\sources\fcl_foc_cpu_dm.h")
    9160                      .dwattr $C$DW$612, DW_AT_decl_line(0xce)
    9161                      .dwattr $C$DW$612, DW_AT_decl_column(0x0f)
    9162              
    9163              $C$DW$613       .dwtag  DW_TAG_member
    9164                      .dwattr $C$DW$613, DW_AT_type(*$C$DW$T$24)
TMS320C2000 Assembler PC v22.6.2 Fri Jan  2 15:35:19 2026

Copyright (c) 1996-2018 Texas Instruments Incorporated
dual_axis_servo_drive_user_cpu.asm                                   PAGE  179

    9165                      .dwattr $C$DW$613, DW_AT_name("isrTicker")
    9166                      .dwattr $C$DW$613, DW_AT_data_member_location[DW_OP_plus_uconst 0x186]
    9167                      .dwattr $C$DW$613, DW_AT_accessibility(DW_ACCESS_public)
    9168                      .dwattr $C$DW$613, DW_AT_decl_file("..\sources\fcl_foc_cpu_dm.h")
    9169                      .dwattr $C$DW$613, DW_AT_decl_line(0xd0)
    9170                      .dwattr $C$DW$613, DW_AT_decl_column(0x0e)
    9171              
    9172              $C$DW$614       .dwtag  DW_TAG_member
    9173                      .dwattr $C$DW$614, DW_AT_type(*$C$DW$T$101)
    9174                      .dwattr $C$DW$614, DW_AT_name("pwmCompA")
    9175                      .dwattr $C$DW$614, DW_AT_data_member_location[DW_OP_plus_uconst 0x188]
    9176                      .dwattr $C$DW$614, DW_AT_accessibility(DW_ACCESS_public)
    9177                      .dwattr $C$DW$614, DW_AT_decl_file("..\sources\fcl_foc_cpu_dm.h")
    9178                      .dwattr $C$DW$614, DW_AT_decl_line(0xd2)
    9179                      .dwattr $C$DW$614, DW_AT_decl_column(0x18)
    9180              
    9181              $C$DW$615       .dwtag  DW_TAG_member
    9182                      .dwattr $C$DW$615, DW_AT_type(*$C$DW$T$101)
    9183                      .dwattr $C$DW$615, DW_AT_name("pwmCompB")
    9184                      .dwattr $C$DW$615, DW_AT_data_member_location[DW_OP_plus_uconst 0x18a]
    9185                      .dwattr $C$DW$615, DW_AT_accessibility(DW_ACCESS_public)
    9186                      .dwattr $C$DW$615, DW_AT_decl_file("..\sources\fcl_foc_cpu_dm.h")
    9187                      .dwattr $C$DW$615, DW_AT_decl_line(0xd3)
    9188                      .dwattr $C$DW$615, DW_AT_decl_column(0x18)
    9189              
    9190              $C$DW$616       .dwtag  DW_TAG_member
    9191                      .dwattr $C$DW$616, DW_AT_type(*$C$DW$T$101)
    9192                      .dwattr $C$DW$616, DW_AT_name("pwmCompC")
    9193                      .dwattr $C$DW$616, DW_AT_data_member_location[DW_OP_plus_uconst 0x18c]
    9194                      .dwattr $C$DW$616, DW_AT_accessibility(DW_ACCESS_public)
    9195                      .dwattr $C$DW$616, DW_AT_decl_file("..\sources\fcl_foc_cpu_dm.h")
    9196                      .dwattr $C$DW$616, DW_AT_decl_line(0xd4)
    9197                      .dwattr $C$DW$616, DW_AT_decl_column(0x18)
    9198              
    9199              $C$DW$617       .dwtag  DW_TAG_member
    9200                      .dwattr $C$DW$617, DW_AT_type(*$C$DW$T$100)
    9201                      .dwattr $C$DW$617, DW_AT_name("curA_PPBRESULT")
    9202                      .dwattr $C$DW$617, DW_AT_data_member_location[DW_OP_plus_uconst 0x18e]
    9203                      .dwattr $C$DW$617, DW_AT_accessibility(DW_ACCESS_public)
    9204                      .dwattr $C$DW$617, DW_AT_decl_file("..\sources\fcl_foc_cpu_dm.h")
    9205                      .dwattr $C$DW$617, DW_AT_decl_line(0xd6)
    9206                      .dwattr $C$DW$617, DW_AT_decl_column(0x17)
    9207              
    9208              $C$DW$618       .dwtag  DW_TAG_member
    9209                      .dwattr $C$DW$618, DW_AT_type(*$C$DW$T$100)
    9210                      .dwattr $C$DW$618, DW_AT_name("curB_PPBRESULT")
    9211                      .dwattr $C$DW$618, DW_AT_data_member_location[DW_OP_plus_uconst 0x190]
    9212                      .dwattr $C$DW$618, DW_AT_accessibility(DW_ACCESS_public)
    9213                      .dwattr $C$DW$618, DW_AT_decl_file("..\sources\fcl_foc_cpu_dm.h")
    9214                      .dwattr $C$DW$618, DW_AT_decl_line(0xd7)
    9215                      .dwattr $C$DW$618, DW_AT_decl_column(0x17)
    9216              
    9217              $C$DW$619       .dwtag  DW_TAG_member
    9218                      .dwattr $C$DW$619, DW_AT_type(*$C$DW$T$100)
    9219                      .dwattr $C$DW$619, DW_AT_name("curC_PPBRESULT")
TMS320C2000 Assembler PC v22.6.2 Fri Jan  2 15:35:19 2026

Copyright (c) 1996-2018 Texas Instruments Incorporated
dual_axis_servo_drive_user_cpu.asm                                   PAGE  180

    9220                      .dwattr $C$DW$619, DW_AT_data_member_location[DW_OP_plus_uconst 0x192]
    9221                      .dwattr $C$DW$619, DW_AT_accessibility(DW_ACCESS_public)
    9222                      .dwattr $C$DW$619, DW_AT_decl_file("..\sources\fcl_foc_cpu_dm.h")
    9223                      .dwattr $C$DW$619, DW_AT_decl_line(0xd8)
    9224                      .dwattr $C$DW$619, DW_AT_decl_column(0x17)
    9225              
    9226              $C$DW$620       .dwtag  DW_TAG_member
    9227                      .dwattr $C$DW$620, DW_AT_type(*$C$DW$T$100)
    9228                      .dwattr $C$DW$620, DW_AT_name("volDC_PPBRESULT")
    9229                      .dwattr $C$DW$620, DW_AT_data_member_location[DW_OP_plus_uconst 0x194]
    9230                      .dwattr $C$DW$620, DW_AT_accessibility(DW_ACCESS_public)
    9231                      .dwattr $C$DW$620, DW_AT_decl_file("..\sources\fcl_foc_cpu_dm.h")
    9232                      .dwattr $C$DW$620, DW_AT_decl_line(0xd9)
    9233                      .dwattr $C$DW$620, DW_AT_decl_column(0x17)
    9234              
    9235              $C$DW$621       .dwtag  DW_TAG_member
    9236                      .dwattr $C$DW$621, DW_AT_type(*$C$DW$T$103)
    9237                      .dwattr $C$DW$621, DW_AT_name("pADCIntFlag")
    9238                      .dwattr $C$DW$621, DW_AT_data_member_location[DW_OP_plus_uconst 0x196]
    9239                      .dwattr $C$DW$621, DW_AT_accessibility(DW_ACCESS_public)
    9240                      .dwattr $C$DW$621, DW_AT_decl_file("..\sources\fcl_foc_cpu_dm.h")
    9241                      .dwattr $C$DW$621, DW_AT_decl_line(0xdb)
    9242                      .dwattr $C$DW$621, DW_AT_decl_column(0x23)
    9243              
    9244              $C$DW$622       .dwtag  DW_TAG_member
    9245                      .dwattr $C$DW$622, DW_AT_type(*$C$DW$T$105)
    9246                      .dwattr $C$DW$622, DW_AT_name("pQEPRegs")
    9247                      .dwattr $C$DW$622, DW_AT_data_member_location[DW_OP_plus_uconst 0x198]
    9248                      .dwattr $C$DW$622, DW_AT_accessibility(DW_ACCESS_public)
    9249                      .dwattr $C$DW$622, DW_AT_decl_file("..\sources\fcl_foc_cpu_dm.h")
    9250                      .dwattr $C$DW$622, DW_AT_decl_line(0xdc)
    9251                      .dwattr $C$DW$622, DW_AT_decl_column(0x20)
    9252              
    9253              $C$DW$623       .dwtag  DW_TAG_member
    9254                      .dwattr $C$DW$623, DW_AT_type(*$C$DW$T$24)
    9255                      .dwattr $C$DW$623, DW_AT_name("curA_resultBase")
    9256                      .dwattr $C$DW$623, DW_AT_data_member_location[DW_OP_plus_uconst 0x19a]
    9257                      .dwattr $C$DW$623, DW_AT_accessibility(DW_ACCESS_public)
    9258                      .dwattr $C$DW$623, DW_AT_decl_file("..\sources\fcl_foc_cpu_dm.h")
    9259                      .dwattr $C$DW$623, DW_AT_decl_line(0xde)
    9260                      .dwattr $C$DW$623, DW_AT_decl_column(0x0e)
    9261              
    9262              $C$DW$624       .dwtag  DW_TAG_member
    9263                      .dwattr $C$DW$624, DW_AT_type(*$C$DW$T$24)
    9264                      .dwattr $C$DW$624, DW_AT_name("curB_resultBase")
    9265                      .dwattr $C$DW$624, DW_AT_data_member_location[DW_OP_plus_uconst 0x19c]
    9266                      .dwattr $C$DW$624, DW_AT_accessibility(DW_ACCESS_public)
    9267                      .dwattr $C$DW$624, DW_AT_decl_file("..\sources\fcl_foc_cpu_dm.h")
    9268                      .dwattr $C$DW$624, DW_AT_decl_line(0xdf)
    9269                      .dwattr $C$DW$624, DW_AT_decl_column(0x0e)
    9270              
    9271              $C$DW$625       .dwtag  DW_TAG_member
    9272                      .dwattr $C$DW$625, DW_AT_type(*$C$DW$T$24)
    9273                      .dwattr $C$DW$625, DW_AT_name("curC_resultBase")
    9274                      .dwattr $C$DW$625, DW_AT_data_member_location[DW_OP_plus_uconst 0x19e]
TMS320C2000 Assembler PC v22.6.2 Fri Jan  2 15:35:19 2026

Copyright (c) 1996-2018 Texas Instruments Incorporated
dual_axis_servo_drive_user_cpu.asm                                   PAGE  181

    9275                      .dwattr $C$DW$625, DW_AT_accessibility(DW_ACCESS_public)
    9276                      .dwattr $C$DW$625, DW_AT_decl_file("..\sources\fcl_foc_cpu_dm.h")
    9277                      .dwattr $C$DW$625, DW_AT_decl_line(0xe0)
    9278                      .dwattr $C$DW$625, DW_AT_decl_column(0x0e)
    9279              
    9280              $C$DW$626       .dwtag  DW_TAG_member
    9281                      .dwattr $C$DW$626, DW_AT_type(*$C$DW$T$24)
    9282                      .dwattr $C$DW$626, DW_AT_name("pwmBaseU")
    9283                      .dwattr $C$DW$626, DW_AT_data_member_location[DW_OP_plus_uconst 0x1a0]
    9284                      .dwattr $C$DW$626, DW_AT_accessibility(DW_ACCESS_public)
    9285                      .dwattr $C$DW$626, DW_AT_decl_file("..\sources\fcl_foc_cpu_dm.h")
    9286                      .dwattr $C$DW$626, DW_AT_decl_line(0xe2)
    9287                      .dwattr $C$DW$626, DW_AT_decl_column(0x0e)
    9288              
    9289              $C$DW$627       .dwtag  DW_TAG_member
    9290                      .dwattr $C$DW$627, DW_AT_type(*$C$DW$T$24)
    9291                      .dwattr $C$DW$627, DW_AT_name("pwmBaseV")
    9292                      .dwattr $C$DW$627, DW_AT_data_member_location[DW_OP_plus_uconst 0x1a2]
    9293                      .dwattr $C$DW$627, DW_AT_accessibility(DW_ACCESS_public)
    9294                      .dwattr $C$DW$627, DW_AT_decl_file("..\sources\fcl_foc_cpu_dm.h")
    9295                      .dwattr $C$DW$627, DW_AT_decl_line(0xe3)
    9296                      .dwattr $C$DW$627, DW_AT_decl_column(0x0e)
    9297              
    9298              $C$DW$628       .dwtag  DW_TAG_member
    9299                      .dwattr $C$DW$628, DW_AT_type(*$C$DW$T$24)
    9300                      .dwattr $C$DW$628, DW_AT_name("pwmBaseW")
    9301                      .dwattr $C$DW$628, DW_AT_data_member_location[DW_OP_plus_uconst 0x1a4]
    9302                      .dwattr $C$DW$628, DW_AT_accessibility(DW_ACCESS_public)
    9303                      .dwattr $C$DW$628, DW_AT_decl_file("..\sources\fcl_foc_cpu_dm.h")
    9304                      .dwattr $C$DW$628, DW_AT_decl_line(0xe4)
    9305                      .dwattr $C$DW$628, DW_AT_decl_column(0x0e)
    9306              
    9307              $C$DW$629       .dwtag  DW_TAG_member
    9308                      .dwattr $C$DW$629, DW_AT_type(*$C$DW$T$24)
    9309                      .dwattr $C$DW$629, DW_AT_name("adcBaseW")
    9310                      .dwattr $C$DW$629, DW_AT_data_member_location[DW_OP_plus_uconst 0x1a6]
    9311                      .dwattr $C$DW$629, DW_AT_accessibility(DW_ACCESS_public)
    9312                      .dwattr $C$DW$629, DW_AT_decl_file("..\sources\fcl_foc_cpu_dm.h")
    9313                      .dwattr $C$DW$629, DW_AT_decl_line(0xe5)
    9314                      .dwattr $C$DW$629, DW_AT_decl_column(0x0e)
    9315              
    9316              $C$DW$630       .dwtag  DW_TAG_member
    9317                      .dwattr $C$DW$630, DW_AT_type(*$C$DW$T$107)
    9318                      .dwattr $C$DW$630, DW_AT_name("curA_PPBNumber")
    9319                      .dwattr $C$DW$630, DW_AT_data_member_location[DW_OP_plus_uconst 0x1a8]
    9320                      .dwattr $C$DW$630, DW_AT_accessibility(DW_ACCESS_public)
    9321                      .dwattr $C$DW$630, DW_AT_decl_file("..\sources\fcl_foc_cpu_dm.h")
    9322                      .dwattr $C$DW$630, DW_AT_decl_line(0xe7)
    9323                      .dwattr $C$DW$630, DW_AT_decl_column(0x13)
    9324              
    9325              $C$DW$631       .dwtag  DW_TAG_member
    9326                      .dwattr $C$DW$631, DW_AT_type(*$C$DW$T$107)
    9327                      .dwattr $C$DW$631, DW_AT_name("curB_PPBNumber")
    9328                      .dwattr $C$DW$631, DW_AT_data_member_location[DW_OP_plus_uconst 0x1a9]
    9329                      .dwattr $C$DW$631, DW_AT_accessibility(DW_ACCESS_public)
TMS320C2000 Assembler PC v22.6.2 Fri Jan  2 15:35:19 2026

Copyright (c) 1996-2018 Texas Instruments Incorporated
dual_axis_servo_drive_user_cpu.asm                                   PAGE  182

    9330                      .dwattr $C$DW$631, DW_AT_decl_file("..\sources\fcl_foc_cpu_dm.h")
    9331                      .dwattr $C$DW$631, DW_AT_decl_line(0xe8)
    9332                      .dwattr $C$DW$631, DW_AT_decl_column(0x13)
    9333              
    9334              $C$DW$632       .dwtag  DW_TAG_member
    9335                      .dwattr $C$DW$632, DW_AT_type(*$C$DW$T$107)
    9336                      .dwattr $C$DW$632, DW_AT_name("curC_PPBNumber")
    9337                      .dwattr $C$DW$632, DW_AT_data_member_location[DW_OP_plus_uconst 0x1aa]
    9338                      .dwattr $C$DW$632, DW_AT_accessibility(DW_ACCESS_public)
    9339                      .dwattr $C$DW$632, DW_AT_decl_file("..\sources\fcl_foc_cpu_dm.h")
    9340                      .dwattr $C$DW$632, DW_AT_decl_line(0xe9)
    9341                      .dwattr $C$DW$632, DW_AT_decl_column(0x13)
    9342              
    9343              $C$DW$633       .dwtag  DW_TAG_member
    9344                      .dwattr $C$DW$633, DW_AT_type(*$C$DW$T$109)
    9345                      .dwattr $C$DW$633, DW_AT_name("adcIntNumber")
    9346                      .dwattr $C$DW$633, DW_AT_data_member_location[DW_OP_plus_uconst 0x1ab]
    9347                      .dwattr $C$DW$633, DW_AT_accessibility(DW_ACCESS_public)
    9348                      .dwattr $C$DW$633, DW_AT_decl_file("..\sources\fcl_foc_cpu_dm.h")
    9349                      .dwattr $C$DW$633, DW_AT_decl_line(0xeb)
    9350                      .dwattr $C$DW$633, DW_AT_decl_column(0x13)
    9351              
    9352              $C$DW$634       .dwtag  DW_TAG_member
    9353                      .dwattr $C$DW$634, DW_AT_type(*$C$DW$T$30)
    9354                      .dwattr $C$DW$634, DW_AT_name("fclClrCntr")
    9355                      .dwattr $C$DW$634, DW_AT_data_member_location[DW_OP_plus_uconst 0x1ac]
    9356                      .dwattr $C$DW$634, DW_AT_accessibility(DW_ACCESS_public)
    9357                      .dwattr $C$DW$634, DW_AT_decl_file("..\sources\fcl_foc_cpu_dm.h")
    9358                      .dwattr $C$DW$634, DW_AT_decl_line(0xed)
    9359                      .dwattr $C$DW$634, DW_AT_decl_column(0x0f)
    9360              
    9361              $C$DW$635       .dwtag  DW_TAG_member
    9362                      .dwattr $C$DW$635, DW_AT_type(*$C$DW$T$30)
    9363                      .dwattr $C$DW$635, DW_AT_name("fclCycleCountMax")
    9364                      .dwattr $C$DW$635, DW_AT_data_member_location[DW_OP_plus_uconst 0x1ad]
    9365                      .dwattr $C$DW$635, DW_AT_accessibility(DW_ACCESS_public)
    9366                      .dwattr $C$DW$635, DW_AT_decl_file("..\sources\fcl_foc_cpu_dm.h")
    9367                      .dwattr $C$DW$635, DW_AT_decl_line(0xee)
    9368                      .dwattr $C$DW$635, DW_AT_decl_column(0x0f)
    9369              
    9370              $C$DW$636       .dwtag  DW_TAG_member
    9371                      .dwattr $C$DW$636, DW_AT_type(*$C$DW$T$30)
    9372                      .dwattr $C$DW$636, DW_AT_name("fclCycleCount")
    9373                      .dwattr $C$DW$636, DW_AT_data_member_location[DW_OP_plus_uconst 0x1ae]
    9374                      .dwattr $C$DW$636, DW_AT_accessibility(DW_ACCESS_public)
    9375                      .dwattr $C$DW$636, DW_AT_decl_file("..\sources\fcl_foc_cpu_dm.h")
    9376                      .dwattr $C$DW$636, DW_AT_decl_line(0xef)
    9377                      .dwattr $C$DW$636, DW_AT_decl_column(0x0f)
    9378              
    9379              $C$DW$637       .dwtag  DW_TAG_member
    9380                      .dwattr $C$DW$637, DW_AT_type(*$C$DW$T$30)
    9381                      .dwattr $C$DW$637, DW_AT_name("focClrCntr")
    9382                      .dwattr $C$DW$637, DW_AT_data_member_location[DW_OP_plus_uconst 0x1af]
    9383                      .dwattr $C$DW$637, DW_AT_accessibility(DW_ACCESS_public)
    9384                      .dwattr $C$DW$637, DW_AT_decl_file("..\sources\fcl_foc_cpu_dm.h")
TMS320C2000 Assembler PC v22.6.2 Fri Jan  2 15:35:19 2026

Copyright (c) 1996-2018 Texas Instruments Incorporated
dual_axis_servo_drive_user_cpu.asm                                   PAGE  183

    9385                      .dwattr $C$DW$637, DW_AT_decl_line(0xf1)
    9386                      .dwattr $C$DW$637, DW_AT_decl_column(0x0f)
    9387              
    9388              $C$DW$638       .dwtag  DW_TAG_member
    9389                      .dwattr $C$DW$638, DW_AT_type(*$C$DW$T$30)
    9390                      .dwattr $C$DW$638, DW_AT_name("focCycleCountMax")
    9391                      .dwattr $C$DW$638, DW_AT_data_member_location[DW_OP_plus_uconst 0x1b0]
    9392                      .dwattr $C$DW$638, DW_AT_accessibility(DW_ACCESS_public)
    9393                      .dwattr $C$DW$638, DW_AT_decl_file("..\sources\fcl_foc_cpu_dm.h")
    9394                      .dwattr $C$DW$638, DW_AT_decl_line(0xf2)
    9395                      .dwattr $C$DW$638, DW_AT_decl_column(0x0f)
    9396              
    9397              $C$DW$639       .dwtag  DW_TAG_member
    9398                      .dwattr $C$DW$639, DW_AT_type(*$C$DW$T$30)
    9399                      .dwattr $C$DW$639, DW_AT_name("focCycleCount")
    9400                      .dwattr $C$DW$639, DW_AT_data_member_location[DW_OP_plus_uconst 0x1b1]
    9401                      .dwattr $C$DW$639, DW_AT_accessibility(DW_ACCESS_public)
    9402                      .dwattr $C$DW$639, DW_AT_decl_file("..\sources\fcl_foc_cpu_dm.h")
    9403                      .dwattr $C$DW$639, DW_AT_decl_line(0xf3)
    9404                      .dwattr $C$DW$639, DW_AT_decl_column(0x0f)
    9405              
    9406              $C$DW$640       .dwtag  DW_TAG_member
    9407                      .dwattr $C$DW$640, DW_AT_type(*$C$DW$T$30)
    9408                      .dwattr $C$DW$640, DW_AT_name("speedLoopPrescaler")
    9409                      .dwattr $C$DW$640, DW_AT_data_member_location[DW_OP_plus_uconst 0x1b2]
    9410                      .dwattr $C$DW$640, DW_AT_accessibility(DW_ACCESS_public)
    9411                      .dwattr $C$DW$640, DW_AT_decl_file("..\sources\fcl_foc_cpu_dm.h")
    9412                      .dwattr $C$DW$640, DW_AT_decl_line(0xf5)
    9413                      .dwattr $C$DW$640, DW_AT_decl_column(0x0e)
    9414              
    9415              $C$DW$641       .dwtag  DW_TAG_member
    9416                      .dwattr $C$DW$641, DW_AT_type(*$C$DW$T$30)
    9417                      .dwattr $C$DW$641, DW_AT_name("speedLoopCount")
    9418                      .dwattr $C$DW$641, DW_AT_data_member_location[DW_OP_plus_uconst 0x1b3]
    9419                      .dwattr $C$DW$641, DW_AT_accessibility(DW_ACCESS_public)
    9420                      .dwattr $C$DW$641, DW_AT_decl_file("..\sources\fcl_foc_cpu_dm.h")
    9421                      .dwattr $C$DW$641, DW_AT_decl_line(0xf6)
    9422                      .dwattr $C$DW$641, DW_AT_decl_column(0x0e)
    9423              
    9424              $C$DW$642       .dwtag  DW_TAG_member
    9425                      .dwattr $C$DW$642, DW_AT_type(*$C$DW$T$30)
    9426                      .dwattr $C$DW$642, DW_AT_name("alignCntr")
    9427                      .dwattr $C$DW$642, DW_AT_data_member_location[DW_OP_plus_uconst 0x1b4]
    9428                      .dwattr $C$DW$642, DW_AT_accessibility(DW_ACCESS_public)
    9429                      .dwattr $C$DW$642, DW_AT_decl_file("..\sources\fcl_foc_cpu_dm.h")
    9430                      .dwattr $C$DW$642, DW_AT_decl_line(0xf7)
    9431                      .dwattr $C$DW$642, DW_AT_decl_column(0x0e)
    9432              
    9433              $C$DW$643       .dwtag  DW_TAG_member
    9434                      .dwattr $C$DW$643, DW_AT_type(*$C$DW$T$30)
    9435                      .dwattr $C$DW$643, DW_AT_name("alignCnt")
    9436                      .dwattr $C$DW$643, DW_AT_data_member_location[DW_OP_plus_uconst 0x1b5]
    9437                      .dwattr $C$DW$643, DW_AT_accessibility(DW_ACCESS_public)
    9438                      .dwattr $C$DW$643, DW_AT_decl_file("..\sources\fcl_foc_cpu_dm.h")
    9439                      .dwattr $C$DW$643, DW_AT_decl_line(0xf8)
TMS320C2000 Assembler PC v22.6.2 Fri Jan  2 15:35:19 2026

Copyright (c) 1996-2018 Texas Instruments Incorporated
dual_axis_servo_drive_user_cpu.asm                                   PAGE  184

    9440                      .dwattr $C$DW$643, DW_AT_decl_column(0x0e)
    9441              
    9442              $C$DW$644       .dwtag  DW_TAG_member
    9443                      .dwattr $C$DW$644, DW_AT_type(*$C$DW$T$30)
    9444                      .dwattr $C$DW$644, DW_AT_name("posPtrMax")
    9445                      .dwattr $C$DW$644, DW_AT_data_member_location[DW_OP_plus_uconst 0x1b6]
    9446                      .dwattr $C$DW$644, DW_AT_accessibility(DW_ACCESS_public)
    9447                      .dwattr $C$DW$644, DW_AT_decl_file("..\sources\fcl_foc_cpu_dm.h")
    9448                      .dwattr $C$DW$644, DW_AT_decl_line(0xf9)
    9449                      .dwattr $C$DW$644, DW_AT_decl_column(0x0e)
    9450              
    9451              $C$DW$645       .dwtag  DW_TAG_member
    9452                      .dwattr $C$DW$645, DW_AT_type(*$C$DW$T$30)
    9453                      .dwattr $C$DW$645, DW_AT_name("posPtr")
    9454                      .dwattr $C$DW$645, DW_AT_data_member_location[DW_OP_plus_uconst 0x1b7]
    9455                      .dwattr $C$DW$645, DW_AT_accessibility(DW_ACCESS_public)
    9456                      .dwattr $C$DW$645, DW_AT_decl_file("..\sources\fcl_foc_cpu_dm.h")
    9457                      .dwattr $C$DW$645, DW_AT_decl_line(0xfa)
    9458                      .dwattr $C$DW$645, DW_AT_decl_column(0x0e)
    9459              
    9460              $C$DW$646       .dwtag  DW_TAG_member
    9461                      .dwattr $C$DW$646, DW_AT_type(*$C$DW$T$30)
    9462                      .dwattr $C$DW$646, DW_AT_name("currentThreshHi")
    9463                      .dwattr $C$DW$646, DW_AT_data_member_location[DW_OP_plus_uconst 0x1b8]
    9464                      .dwattr $C$DW$646, DW_AT_accessibility(DW_ACCESS_public)
    9465                      .dwattr $C$DW$646, DW_AT_decl_file("..\sources\fcl_foc_cpu_dm.h")
    9466                      .dwattr $C$DW$646, DW_AT_decl_line(0xfc)
    9467                      .dwattr $C$DW$646, DW_AT_decl_column(0x0e)
    9468              
    9469              $C$DW$647       .dwtag  DW_TAG_member
    9470                      .dwattr $C$DW$647, DW_AT_type(*$C$DW$T$30)
    9471                      .dwattr $C$DW$647, DW_AT_name("currentThreshLo")
    9472                      .dwattr $C$DW$647, DW_AT_data_member_location[DW_OP_plus_uconst 0x1b9]
    9473                      .dwattr $C$DW$647, DW_AT_accessibility(DW_ACCESS_public)
    9474                      .dwattr $C$DW$647, DW_AT_decl_file("..\sources\fcl_foc_cpu_dm.h")
    9475                      .dwattr $C$DW$647, DW_AT_decl_line(0xfd)
    9476                      .dwattr $C$DW$647, DW_AT_decl_column(0x0e)
    9477              
    9478              $C$DW$648       .dwtag  DW_TAG_member
    9479                      .dwattr $C$DW$648, DW_AT_type(*$C$DW$T$30)
    9480                      .dwattr $C$DW$648, DW_AT_name("drvEnableGateGPIO")
    9481                      .dwattr $C$DW$648, DW_AT_data_member_location[DW_OP_plus_uconst 0x1ba]
    9482                      .dwattr $C$DW$648, DW_AT_accessibility(DW_ACCESS_public)
    9483                      .dwattr $C$DW$648, DW_AT_decl_file("..\sources\fcl_foc_cpu_dm.h")
    9484                      .dwattr $C$DW$648, DW_AT_decl_line(0xff)
    9485                      .dwattr $C$DW$648, DW_AT_decl_column(0x0e)
    9486              
    9487              $C$DW$649       .dwtag  DW_TAG_member
    9488                      .dwattr $C$DW$649, DW_AT_type(*$C$DW$T$30)
    9489                      .dwattr $C$DW$649, DW_AT_name("drvFaultTripGPIO")
    9490                      .dwattr $C$DW$649, DW_AT_data_member_location[DW_OP_plus_uconst 0x1bb]
    9491                      .dwattr $C$DW$649, DW_AT_accessibility(DW_ACCESS_public)
    9492                      .dwattr $C$DW$649, DW_AT_decl_file("..\sources\fcl_foc_cpu_dm.h")
    9493                      .dwattr $C$DW$649, DW_AT_decl_line(0x100)
    9494                      .dwattr $C$DW$649, DW_AT_decl_column(0x0e)
TMS320C2000 Assembler PC v22.6.2 Fri Jan  2 15:35:19 2026

Copyright (c) 1996-2018 Texas Instruments Incorporated
dual_axis_servo_drive_user_cpu.asm                                   PAGE  185

    9495              
    9496              $C$DW$650       .dwtag  DW_TAG_member
    9497                      .dwattr $C$DW$650, DW_AT_type(*$C$DW$T$30)
    9498                      .dwattr $C$DW$650, DW_AT_name("drvClearFaultGPIO")
    9499                      .dwattr $C$DW$650, DW_AT_data_member_location[DW_OP_plus_uconst 0x1bc]
    9500                      .dwattr $C$DW$650, DW_AT_accessibility(DW_ACCESS_public)
    9501                      .dwattr $C$DW$650, DW_AT_decl_file("..\sources\fcl_foc_cpu_dm.h")
    9502                      .dwattr $C$DW$650, DW_AT_decl_line(0x101)
    9503                      .dwattr $C$DW$650, DW_AT_decl_column(0x0e)
    9504              
    9505              $C$DW$651       .dwtag  DW_TAG_member
    9506                      .dwattr $C$DW$651, DW_AT_type(*$C$DW$T$30)
    9507                      .dwattr $C$DW$651, DW_AT_name("tripCountDMC")
    9508                      .dwattr $C$DW$651, DW_AT_data_member_location[DW_OP_plus_uconst 0x1bd]
    9509                      .dwattr $C$DW$651, DW_AT_accessibility(DW_ACCESS_public)
    9510                      .dwattr $C$DW$651, DW_AT_decl_file("..\sources\fcl_foc_cpu_dm.h")
    9511                      .dwattr $C$DW$651, DW_AT_decl_line(0x103)
    9512                      .dwattr $C$DW$651, DW_AT_decl_column(0x0e)
    9513              
    9514              $C$DW$652       .dwtag  DW_TAG_member
    9515                      .dwattr $C$DW$652, DW_AT_type(*$C$DW$T$30)
    9516                      .dwattr $C$DW$652, DW_AT_name("tripFlagDMC")
    9517                      .dwattr $C$DW$652, DW_AT_data_member_location[DW_OP_plus_uconst 0x1be]
    9518                      .dwattr $C$DW$652, DW_AT_accessibility(DW_ACCESS_public)
    9519                      .dwattr $C$DW$652, DW_AT_decl_file("..\sources\fcl_foc_cpu_dm.h")
    9520                      .dwattr $C$DW$652, DW_AT_decl_line(0x104)
    9521                      .dwattr $C$DW$652, DW_AT_decl_column(0x0e)
    9522              
    9523              $C$DW$653       .dwtag  DW_TAG_member
    9524                      .dwattr $C$DW$653, DW_AT_type(*$C$DW$T$30)
    9525                      .dwattr $C$DW$653, DW_AT_name("tripFlagPrev")
    9526                      .dwattr $C$DW$653, DW_AT_data_member_location[DW_OP_plus_uconst 0x1bf]
    9527                      .dwattr $C$DW$653, DW_AT_accessibility(DW_ACCESS_public)
    9528                      .dwattr $C$DW$653, DW_AT_decl_file("..\sources\fcl_foc_cpu_dm.h")
    9529                      .dwattr $C$DW$653, DW_AT_decl_line(0x105)
    9530                      .dwattr $C$DW$653, DW_AT_decl_column(0x0e)
    9531              
    9532              $C$DW$654       .dwtag  DW_TAG_member
    9533                      .dwattr $C$DW$654, DW_AT_type(*$C$DW$T$111)
    9534                      .dwattr $C$DW$654, DW_AT_name("lsw")
    9535                      .dwattr $C$DW$654, DW_AT_data_member_location[DW_OP_plus_uconst 0x1c0]
    9536                      .dwattr $C$DW$654, DW_AT_accessibility(DW_ACCESS_public)
    9537                      .dwattr $C$DW$654, DW_AT_decl_file("..\sources\fcl_foc_cpu_dm.h")
    9538                      .dwattr $C$DW$654, DW_AT_decl_line(0x107)
    9539                      .dwattr $C$DW$654, DW_AT_decl_column(0x15)
    9540              
    9541              $C$DW$655       .dwtag  DW_TAG_member
    9542                      .dwattr $C$DW$655, DW_AT_type(*$C$DW$T$113)
    9543                      .dwattr $C$DW$655, DW_AT_name("pwmUpdateMode")
    9544                      .dwattr $C$DW$655, DW_AT_data_member_location[DW_OP_plus_uconst 0x1c1]
    9545                      .dwattr $C$DW$655, DW_AT_accessibility(DW_ACCESS_public)
    9546                      .dwattr $C$DW$655, DW_AT_decl_file("..\sources\fcl_foc_cpu_dm.h")
    9547                      .dwattr $C$DW$655, DW_AT_decl_line(0x108)
    9548                      .dwattr $C$DW$655, DW_AT_decl_column(0x15)
    9549              
TMS320C2000 Assembler PC v22.6.2 Fri Jan  2 15:35:19 2026

Copyright (c) 1996-2018 Texas Instruments Incorporated
dual_axis_servo_drive_user_cpu.asm                                   PAGE  186

    9550              $C$DW$656       .dwtag  DW_TAG_member
    9551                      .dwattr $C$DW$656, DW_AT_type(*$C$DW$T$85)
    9552                      .dwattr $C$DW$656, DW_AT_name("motorNum")
    9553                      .dwattr $C$DW$656, DW_AT_data_member_location[DW_OP_plus_uconst 0x1c2]
    9554                      .dwattr $C$DW$656, DW_AT_accessibility(DW_ACCESS_public)
    9555                      .dwattr $C$DW$656, DW_AT_decl_file("..\sources\fcl_foc_cpu_dm.h")
    9556                      .dwattr $C$DW$656, DW_AT_decl_line(0x109)
    9557                      .dwattr $C$DW$656, DW_AT_decl_column(0x15)
    9558              
    9559              $C$DW$657       .dwtag  DW_TAG_member
    9560                      .dwattr $C$DW$657, DW_AT_type(*$C$DW$T$115)
    9561                      .dwattr $C$DW$657, DW_AT_name("runMotor")
    9562                      .dwattr $C$DW$657, DW_AT_data_member_location[DW_OP_plus_uconst 0x1c3]
    9563                      .dwattr $C$DW$657, DW_AT_accessibility(DW_ACCESS_public)
    9564                      .dwattr $C$DW$657, DW_AT_decl_file("..\sources\fcl_foc_cpu_dm.h")
    9565                      .dwattr $C$DW$657, DW_AT_decl_line(0x10a)
    9566                      .dwattr $C$DW$657, DW_AT_decl_column(0x15)
    9567              
    9568              $C$DW$658       .dwtag  DW_TAG_member
    9569                      .dwattr $C$DW$658, DW_AT_type(*$C$DW$T$117)
    9570                      .dwattr $C$DW$658, DW_AT_name("ctrlState")
    9571                      .dwattr $C$DW$658, DW_AT_data_member_location[DW_OP_plus_uconst 0x1c4]
    9572                      .dwattr $C$DW$658, DW_AT_accessibility(DW_ACCESS_public)
    9573                      .dwattr $C$DW$658, DW_AT_decl_file("..\sources\fcl_foc_cpu_dm.h")
    9574                      .dwattr $C$DW$658, DW_AT_decl_line(0x10b)
    9575                      .dwattr $C$DW$658, DW_AT_decl_column(0x15)
    9576              
    9577              $C$DW$659       .dwtag  DW_TAG_member
    9578                      .dwattr $C$DW$659, DW_AT_type(*$C$DW$T$86)
    9579                      .dwattr $C$DW$659, DW_AT_name("clearTripFlagDMC")
    9580                      .dwattr $C$DW$659, DW_AT_data_member_location[DW_OP_plus_uconst 0x1c5]
    9581                      .dwattr $C$DW$659, DW_AT_accessibility(DW_ACCESS_public)
    9582                      .dwattr $C$DW$659, DW_AT_decl_file("..\sources\fcl_foc_cpu_dm.h")
    9583                      .dwattr $C$DW$659, DW_AT_decl_line(0x10d)
    9584                      .dwattr $C$DW$659, DW_AT_decl_column(0x0a)
    9585              
    9586              $C$DW$660       .dwtag  DW_TAG_member
    9587                      .dwattr $C$DW$660, DW_AT_type(*$C$DW$T$86)
    9588                      .dwattr $C$DW$660, DW_AT_name("lsw2EntryFlag")
    9589                      .dwattr $C$DW$660, DW_AT_data_member_location[DW_OP_plus_uconst 0x1c6]
    9590                      .dwattr $C$DW$660, DW_AT_accessibility(DW_ACCESS_public)
    9591                      .dwattr $C$DW$660, DW_AT_decl_file("..\sources\fcl_foc_cpu_dm.h")
    9592                      .dwattr $C$DW$660, DW_AT_decl_line(0x10e)
    9593                      .dwattr $C$DW$660, DW_AT_decl_column(0x0a)
    9594              
    9595              $C$DW$661       .dwtag  DW_TAG_member
    9596                      .dwattr $C$DW$661, DW_AT_type(*$C$DW$T$86)
    9597                      .dwattr $C$DW$661, DW_AT_name("offsetDoneFlag")
    9598                      .dwattr $C$DW$661, DW_AT_data_member_location[DW_OP_plus_uconst 0x1c7]
    9599                      .dwattr $C$DW$661, DW_AT_accessibility(DW_ACCESS_public)
    9600                      .dwattr $C$DW$661, DW_AT_decl_file("..\sources\fcl_foc_cpu_dm.h")
    9601                      .dwattr $C$DW$661, DW_AT_decl_line(0x10f)
    9602                      .dwattr $C$DW$661, DW_AT_decl_column(0x0a)
    9603              
    9604              $C$DW$662       .dwtag  DW_TAG_member
TMS320C2000 Assembler PC v22.6.2 Fri Jan  2 15:35:19 2026

Copyright (c) 1996-2018 Texas Instruments Incorporated
dual_axis_servo_drive_user_cpu.asm                                   PAGE  187

    9605                      .dwattr $C$DW$662, DW_AT_type(*$C$DW$T$86)
    9606                      .dwattr $C$DW$662, DW_AT_name("sfraEnableFlag")
    9607                      .dwattr $C$DW$662, DW_AT_data_member_location[DW_OP_plus_uconst 0x1c8]
    9608                      .dwattr $C$DW$662, DW_AT_accessibility(DW_ACCESS_public)
    9609                      .dwattr $C$DW$662, DW_AT_decl_file("..\sources\fcl_foc_cpu_dm.h")
    9610                      .dwattr $C$DW$662, DW_AT_decl_line(0x110)
    9611                      .dwattr $C$DW$662, DW_AT_decl_column(0x0a)
    9612              
    9613                      .dwattr $C$DW$T$118, DW_AT_decl_file("..\sources\fcl_foc_cpu_dm.h")
    9614                      .dwattr $C$DW$T$118, DW_AT_decl_line(0x7f)
    9615                      .dwattr $C$DW$T$118, DW_AT_decl_column(0x10)
    9616                      .dwendtag $C$DW$T$118
    9617              
    9618                      .dwendtag $C$DW$TU$118
    9619              
    9620              
    9621              $C$DW$TU$137    .dwtag  DW_TAG_type_unit
    9622                      .dwmtype  $C$DW$T$137
    9623              $C$DW$T$137     .dwtag  DW_TAG_typedef
    9624                      .dwattr $C$DW$T$137, DW_AT_name("MOTOR_Vars_t")
    9625                      .dwattr $C$DW$T$137, DW_AT_type(*$C$DW$T$118)
    9626                      .dwattr $C$DW$T$137, DW_AT_decl_file("..\sources\fcl_foc_cpu_dm.h")
    9627                      .dwattr $C$DW$T$137, DW_AT_decl_line(0x111)
    9628                      .dwattr $C$DW$T$137, DW_AT_decl_column(0x03)
    9629              
    9630                      .dwendtag $C$DW$TU$137
    9631              
    9632              
    9633              $C$DW$TU$138    .dwtag  DW_TAG_type_unit
    9634                      .dwmtype  $C$DW$T$138
    9635              $C$DW$T$138     .dwtag  DW_TAG_pointer_type
    9636                      .dwattr $C$DW$T$138, DW_AT_type(*$C$DW$T$137)
    9637                      .dwattr $C$DW$T$138, DW_AT_address_class(0x20)
    9638              
    9639                      .dwendtag $C$DW$TU$138
    9640              
    9641              
    9642              $C$DW$TU$139    .dwtag  DW_TAG_type_unit
    9643                      .dwmtype  $C$DW$T$139
    9644              $C$DW$663       .dwtag  DW_TAG_TI_far_type
    9645                      .dwattr $C$DW$663, DW_AT_type(*$C$DW$T$138)
    9646              
    9647              $C$DW$T$139     .dwtag  DW_TAG_const_type
    9648                      .dwattr $C$DW$T$139, DW_AT_type(*$C$DW$663)
    9649              
    9650                      .dwendtag $C$DW$TU$139
    9651              
    9652              
    9653              $C$DW$TU$140    .dwtag  DW_TAG_type_unit
    9654                      .dwmtype  $C$DW$T$140
    9655              
    9656              $C$DW$T$140     .dwtag  DW_TAG_array_type
    9657                      .dwattr $C$DW$T$140, DW_AT_type(*$C$DW$T$137)
    9658                      .dwattr $C$DW$T$140, DW_AT_byte_size(0x394)
    9659              $C$DW$664       .dwtag  DW_TAG_subrange_type
TMS320C2000 Assembler PC v22.6.2 Fri Jan  2 15:35:19 2026

Copyright (c) 1996-2018 Texas Instruments Incorporated
dual_axis_servo_drive_user_cpu.asm                                   PAGE  188

    9660                      .dwattr $C$DW$664, DW_AT_upper_bound(0x01)
    9661              
    9662                      .dwendtag $C$DW$T$140
    9663              
    9664                      .dwendtag $C$DW$TU$140
    9665              
    9666              
    9667              $C$DW$TU$119    .dwtag  DW_TAG_type_unit
    9668                      .dwmtype  $C$DW$T$119
    9669              
    9670              $C$DW$T$119     .dwtag  DW_TAG_structure_type
    9671                      .dwattr $C$DW$T$119, DW_AT_name("_SPD_OBSERVER_obj_")
    9672                      .dwattr $C$DW$T$119, DW_AT_byte_size(0x1c)
    9673              $C$DW$665       .dwtag  DW_TAG_member
    9674                      .dwattr $C$DW$665, DW_AT_type(*$C$DW$T$21)
    9675                      .dwattr $C$DW$665, DW_AT_name("Ref")
    9676                      .dwattr $C$DW$665, DW_AT_accessibility(DW_ACCESS_public)
    9677                      .dwattr $C$DW$665, DW_AT_decl_file("C:/ti/C2000Ware_MotorControl_SDK_5_04_00_00/libraries/observers/s
    9678                      .dwattr $C$DW$665, DW_AT_decl_line(0x33)
    9679                      .dwattr $C$DW$665, DW_AT_decl_column(0x10)
    9680              
    9681              $C$DW$666       .dwtag  DW_TAG_member
    9682                      .dwattr $C$DW$666, DW_AT_type(*$C$DW$T$21)
    9683                      .dwattr $C$DW$666, DW_AT_name("Fbk")
    9684                      .dwattr $C$DW$666, DW_AT_data_member_location[DW_OP_plus_uconst 0x2]
    9685                      .dwattr $C$DW$666, DW_AT_accessibility(DW_ACCESS_public)
    9686                      .dwattr $C$DW$666, DW_AT_decl_file("C:/ti/C2000Ware_MotorControl_SDK_5_04_00_00/libraries/observers/s
    9687                      .dwattr $C$DW$666, DW_AT_decl_line(0x34)
    9688                      .dwattr $C$DW$666, DW_AT_decl_column(0x10)
    9689              
    9690              $C$DW$667       .dwtag  DW_TAG_member
    9691                      .dwattr $C$DW$667, DW_AT_type(*$C$DW$T$21)
    9692                      .dwattr $C$DW$667, DW_AT_name("Err")
    9693                      .dwattr $C$DW$667, DW_AT_data_member_location[DW_OP_plus_uconst 0x4]
    9694                      .dwattr $C$DW$667, DW_AT_accessibility(DW_ACCESS_public)
    9695                      .dwattr $C$DW$667, DW_AT_decl_file("C:/ti/C2000Ware_MotorControl_SDK_5_04_00_00/libraries/observers/s
    9696                      .dwattr $C$DW$667, DW_AT_decl_line(0x35)
    9697                      .dwattr $C$DW$667, DW_AT_decl_column(0x10)
    9698              
    9699              $C$DW$668       .dwtag  DW_TAG_member
    9700                      .dwattr $C$DW$668, DW_AT_type(*$C$DW$T$21)
    9701                      .dwattr $C$DW$668, DW_AT_name("Out")
    9702                      .dwattr $C$DW$668, DW_AT_data_member_location[DW_OP_plus_uconst 0x6]
    9703                      .dwattr $C$DW$668, DW_AT_accessibility(DW_ACCESS_public)
    9704                      .dwattr $C$DW$668, DW_AT_decl_file("C:/ti/C2000Ware_MotorControl_SDK_5_04_00_00/libraries/observers/s
    9705                      .dwattr $C$DW$668, DW_AT_decl_line(0x36)
    9706                      .dwattr $C$DW$668, DW_AT_decl_column(0x10)
    9707              
    9708              $C$DW$669       .dwtag  DW_TAG_member
    9709                      .dwattr $C$DW$669, DW_AT_type(*$C$DW$T$21)
    9710                      .dwattr $C$DW$669, DW_AT_name("Kp")
    9711                      .dwattr $C$DW$669, DW_AT_data_member_location[DW_OP_plus_uconst 0x8]
    9712                      .dwattr $C$DW$669, DW_AT_accessibility(DW_ACCESS_public)
    9713                      .dwattr $C$DW$669, DW_AT_decl_file("C:/ti/C2000Ware_MotorControl_SDK_5_04_00_00/libraries/observers/s
    9714                      .dwattr $C$DW$669, DW_AT_decl_line(0x37)
TMS320C2000 Assembler PC v22.6.2 Fri Jan  2 15:35:19 2026

Copyright (c) 1996-2018 Texas Instruments Incorporated
dual_axis_servo_drive_user_cpu.asm                                   PAGE  189

    9715                      .dwattr $C$DW$669, DW_AT_decl_column(0x10)
    9716              
    9717              $C$DW$670       .dwtag  DW_TAG_member
    9718                      .dwattr $C$DW$670, DW_AT_type(*$C$DW$T$21)
    9719                      .dwattr $C$DW$670, DW_AT_name("Ki")
    9720                      .dwattr $C$DW$670, DW_AT_data_member_location[DW_OP_plus_uconst 0xa]
    9721                      .dwattr $C$DW$670, DW_AT_accessibility(DW_ACCESS_public)
    9722                      .dwattr $C$DW$670, DW_AT_decl_file("C:/ti/C2000Ware_MotorControl_SDK_5_04_00_00/libraries/observers/s
    9723                      .dwattr $C$DW$670, DW_AT_decl_line(0x38)
    9724                      .dwattr $C$DW$670, DW_AT_decl_column(0x10)
    9725              
    9726              $C$DW$671       .dwtag  DW_TAG_member
    9727                      .dwattr $C$DW$671, DW_AT_type(*$C$DW$T$21)
    9728                      .dwattr $C$DW$671, DW_AT_name("KiT")
    9729                      .dwattr $C$DW$671, DW_AT_data_member_location[DW_OP_plus_uconst 0xc]
    9730                      .dwattr $C$DW$671, DW_AT_accessibility(DW_ACCESS_public)
    9731                      .dwattr $C$DW$671, DW_AT_decl_file("C:/ti/C2000Ware_MotorControl_SDK_5_04_00_00/libraries/observers/s
    9732                      .dwattr $C$DW$671, DW_AT_decl_line(0x39)
    9733                      .dwattr $C$DW$671, DW_AT_decl_column(0x10)
    9734              
    9735              $C$DW$672       .dwtag  DW_TAG_member
    9736                      .dwattr $C$DW$672, DW_AT_type(*$C$DW$T$21)
    9737                      .dwattr $C$DW$672, DW_AT_name("Umax")
    9738                      .dwattr $C$DW$672, DW_AT_data_member_location[DW_OP_plus_uconst 0xe]
    9739                      .dwattr $C$DW$672, DW_AT_accessibility(DW_ACCESS_public)
    9740                      .dwattr $C$DW$672, DW_AT_decl_file("C:/ti/C2000Ware_MotorControl_SDK_5_04_00_00/libraries/observers/s
    9741                      .dwattr $C$DW$672, DW_AT_decl_line(0x3a)
    9742                      .dwattr $C$DW$672, DW_AT_decl_column(0x10)
    9743              
    9744              $C$DW$673       .dwtag  DW_TAG_member
    9745                      .dwattr $C$DW$673, DW_AT_type(*$C$DW$T$21)
    9746                      .dwattr $C$DW$673, DW_AT_name("Umin")
    9747                      .dwattr $C$DW$673, DW_AT_data_member_location[DW_OP_plus_uconst 0x10]
    9748                      .dwattr $C$DW$673, DW_AT_accessibility(DW_ACCESS_public)
    9749                      .dwattr $C$DW$673, DW_AT_decl_file("C:/ti/C2000Ware_MotorControl_SDK_5_04_00_00/libraries/observers/s
    9750                      .dwattr $C$DW$673, DW_AT_decl_line(0x3b)
    9751                      .dwattr $C$DW$673, DW_AT_decl_column(0x10)
    9752              
    9753              $C$DW$674       .dwtag  DW_TAG_member
    9754                      .dwattr $C$DW$674, DW_AT_type(*$C$DW$T$21)
    9755                      .dwattr $C$DW$674, DW_AT_name("up")
    9756                      .dwattr $C$DW$674, DW_AT_data_member_location[DW_OP_plus_uconst 0x12]
    9757                      .dwattr $C$DW$674, DW_AT_accessibility(DW_ACCESS_public)
    9758                      .dwattr $C$DW$674, DW_AT_decl_file("C:/ti/C2000Ware_MotorControl_SDK_5_04_00_00/libraries/observers/s
    9759                      .dwattr $C$DW$674, DW_AT_decl_line(0x3c)
    9760                      .dwattr $C$DW$674, DW_AT_decl_column(0x10)
    9761              
    9762              $C$DW$675       .dwtag  DW_TAG_member
    9763                      .dwattr $C$DW$675, DW_AT_type(*$C$DW$T$21)
    9764                      .dwattr $C$DW$675, DW_AT_name("ui")
    9765                      .dwattr $C$DW$675, DW_AT_data_member_location[DW_OP_plus_uconst 0x14]
    9766                      .dwattr $C$DW$675, DW_AT_accessibility(DW_ACCESS_public)
    9767                      .dwattr $C$DW$675, DW_AT_decl_file("C:/ti/C2000Ware_MotorControl_SDK_5_04_00_00/libraries/observers/s
    9768                      .dwattr $C$DW$675, DW_AT_decl_line(0x3d)
    9769                      .dwattr $C$DW$675, DW_AT_decl_column(0x10)
TMS320C2000 Assembler PC v22.6.2 Fri Jan  2 15:35:19 2026

Copyright (c) 1996-2018 Texas Instruments Incorporated
dual_axis_servo_drive_user_cpu.asm                                   PAGE  190

    9770              
    9771              $C$DW$676       .dwtag  DW_TAG_member
    9772                      .dwattr $C$DW$676, DW_AT_type(*$C$DW$T$21)
    9773                      .dwattr $C$DW$676, DW_AT_name("IqMax")
    9774                      .dwattr $C$DW$676, DW_AT_data_member_location[DW_OP_plus_uconst 0x16]
    9775                      .dwattr $C$DW$676, DW_AT_accessibility(DW_ACCESS_public)
    9776                      .dwattr $C$DW$676, DW_AT_decl_file("C:/ti/C2000Ware_MotorControl_SDK_5_04_00_00/libraries/observers/s
    9777                      .dwattr $C$DW$676, DW_AT_decl_line(0x3e)
    9778                      .dwattr $C$DW$676, DW_AT_decl_column(0x10)
    9779              
    9780              $C$DW$677       .dwtag  DW_TAG_member
    9781                      .dwattr $C$DW$677, DW_AT_type(*$C$DW$T$21)
    9782                      .dwattr $C$DW$677, DW_AT_name("IqKf")
    9783                      .dwattr $C$DW$677, DW_AT_data_member_location[DW_OP_plus_uconst 0x18]
    9784                      .dwattr $C$DW$677, DW_AT_accessibility(DW_ACCESS_public)
    9785                      .dwattr $C$DW$677, DW_AT_decl_file("C:/ti/C2000Ware_MotorControl_SDK_5_04_00_00/libraries/observers/s
    9786                      .dwattr $C$DW$677, DW_AT_decl_line(0x3f)
    9787                      .dwattr $C$DW$677, DW_AT_decl_column(0x10)
    9788              
    9789              $C$DW$678       .dwtag  DW_TAG_member
    9790                      .dwattr $C$DW$678, DW_AT_type(*$C$DW$T$21)
    9791                      .dwattr $C$DW$678, DW_AT_name("thetaMax")
    9792                      .dwattr $C$DW$678, DW_AT_data_member_location[DW_OP_plus_uconst 0x1a]
    9793                      .dwattr $C$DW$678, DW_AT_accessibility(DW_ACCESS_public)
    9794                      .dwattr $C$DW$678, DW_AT_decl_file("C:/ti/C2000Ware_MotorControl_SDK_5_04_00_00/libraries/observers/s
    9795                      .dwattr $C$DW$678, DW_AT_decl_line(0x40)
    9796                      .dwattr $C$DW$678, DW_AT_decl_column(0x10)
    9797              
    9798                      .dwattr $C$DW$T$119, DW_AT_decl_file("C:/ti/C2000Ware_MotorControl_SDK_5_04_00_00/libraries/observers
    9799                      .dwattr $C$DW$T$119, DW_AT_decl_line(0x31)
    9800                      .dwattr $C$DW$T$119, DW_AT_decl_column(0x10)
    9801                      .dwendtag $C$DW$T$119
    9802              
    9803                      .dwendtag $C$DW$TU$119
    9804              
    9805              
    9806              $C$DW$TU$95     .dwtag  DW_TAG_type_unit
    9807                      .dwmtype  $C$DW$T$95
    9808              $C$DW$T$95      .dwtag  DW_TAG_typedef
    9809                      .dwattr $C$DW$T$95, DW_AT_name("SPD_OBSERVER")
    9810                      .dwattr $C$DW$T$95, DW_AT_type(*$C$DW$T$119)
    9811                      .dwattr $C$DW$T$95, DW_AT_decl_file("C:/ti/C2000Ware_MotorControl_SDK_5_04_00_00/libraries/observers/
    9812                      .dwattr $C$DW$T$95, DW_AT_decl_line(0x41)
    9813                      .dwattr $C$DW$T$95, DW_AT_decl_column(0x03)
    9814              
    9815                      .dwendtag $C$DW$TU$95
    9816              
    9817              
    9818              $C$DW$TU$2      .dwtag  DW_TAG_type_unit
    9819                      .dwmtype  $C$DW$T$2
    9820              $C$DW$T$2       .dwtag  DW_TAG_unspecified_type
    9821                      .dwattr $C$DW$T$2, DW_AT_name("void")
    9822              
    9823                      .dwendtag $C$DW$TU$2
    9824              
TMS320C2000 Assembler PC v22.6.2 Fri Jan  2 15:35:19 2026

Copyright (c) 1996-2018 Texas Instruments Incorporated
dual_axis_servo_drive_user_cpu.asm                                   PAGE  191

    9825              
    9826              $C$DW$TU$4      .dwtag  DW_TAG_type_unit
    9827                      .dwmtype  $C$DW$T$4
    9828              $C$DW$T$4       .dwtag  DW_TAG_base_type
    9829                      .dwattr $C$DW$T$4, DW_AT_encoding(DW_ATE_boolean)
    9830                      .dwattr $C$DW$T$4, DW_AT_name("bool")
    9831                      .dwattr $C$DW$T$4, DW_AT_byte_size(0x01)
    9832              
    9833                      .dwendtag $C$DW$TU$4
    9834              
    9835              
    9836              $C$DW$TU$5      .dwtag  DW_TAG_type_unit
    9837                      .dwmtype  $C$DW$T$5
    9838              $C$DW$T$5       .dwtag  DW_TAG_base_type
    9839                      .dwattr $C$DW$T$5, DW_AT_encoding(DW_ATE_signed_char)
    9840                      .dwattr $C$DW$T$5, DW_AT_name("signed char")
    9841                      .dwattr $C$DW$T$5, DW_AT_byte_size(0x01)
    9842              
    9843                      .dwendtag $C$DW$TU$5
    9844              
    9845              
    9846              $C$DW$TU$6      .dwtag  DW_TAG_type_unit
    9847                      .dwmtype  $C$DW$T$6
    9848              $C$DW$T$6       .dwtag  DW_TAG_base_type
    9849                      .dwattr $C$DW$T$6, DW_AT_encoding(DW_ATE_unsigned_char)
    9850                      .dwattr $C$DW$T$6, DW_AT_name("unsigned char")
    9851                      .dwattr $C$DW$T$6, DW_AT_byte_size(0x01)
    9852              
    9853                      .dwendtag $C$DW$TU$6
    9854              
    9855              
    9856              $C$DW$TU$7      .dwtag  DW_TAG_type_unit
    9857                      .dwmtype  $C$DW$T$7
    9858              $C$DW$T$7       .dwtag  DW_TAG_base_type
    9859                      .dwattr $C$DW$T$7, DW_AT_encoding(DW_ATE_signed_char)
    9860                      .dwattr $C$DW$T$7, DW_AT_name("wchar_t")
    9861                      .dwattr $C$DW$T$7, DW_AT_byte_size(0x02)
    9862              
    9863                      .dwendtag $C$DW$TU$7
    9864              
    9865              
    9866              $C$DW$TU$8      .dwtag  DW_TAG_type_unit
    9867                      .dwmtype  $C$DW$T$8
    9868              $C$DW$T$8       .dwtag  DW_TAG_base_type
    9869                      .dwattr $C$DW$T$8, DW_AT_encoding(DW_ATE_signed)
    9870                      .dwattr $C$DW$T$8, DW_AT_name("short")
    9871                      .dwattr $C$DW$T$8, DW_AT_byte_size(0x01)
    9872              
    9873                      .dwendtag $C$DW$TU$8
    9874              
    9875              
    9876              $C$DW$TU$9      .dwtag  DW_TAG_type_unit
    9877                      .dwmtype  $C$DW$T$9
    9878              $C$DW$T$9       .dwtag  DW_TAG_base_type
    9879                      .dwattr $C$DW$T$9, DW_AT_encoding(DW_ATE_unsigned)
TMS320C2000 Assembler PC v22.6.2 Fri Jan  2 15:35:19 2026

Copyright (c) 1996-2018 Texas Instruments Incorporated
dual_axis_servo_drive_user_cpu.asm                                   PAGE  192

    9880                      .dwattr $C$DW$T$9, DW_AT_name("unsigned short")
    9881                      .dwattr $C$DW$T$9, DW_AT_byte_size(0x01)
    9882              
    9883                      .dwendtag $C$DW$TU$9
    9884              
    9885              
    9886              $C$DW$TU$10     .dwtag  DW_TAG_type_unit
    9887                      .dwmtype  $C$DW$T$10
    9888              $C$DW$T$10      .dwtag  DW_TAG_base_type
    9889                      .dwattr $C$DW$T$10, DW_AT_encoding(DW_ATE_signed)
    9890                      .dwattr $C$DW$T$10, DW_AT_name("int")
    9891                      .dwattr $C$DW$T$10, DW_AT_byte_size(0x01)
    9892              
    9893                      .dwendtag $C$DW$TU$10
    9894              
    9895              
    9896              $C$DW$TU$11     .dwtag  DW_TAG_type_unit
    9897                      .dwmtype  $C$DW$T$11
    9898              $C$DW$T$11      .dwtag  DW_TAG_base_type
    9899                      .dwattr $C$DW$T$11, DW_AT_encoding(DW_ATE_unsigned)
    9900                      .dwattr $C$DW$T$11, DW_AT_name("unsigned int")
    9901                      .dwattr $C$DW$T$11, DW_AT_byte_size(0x01)
    9902              
    9903                      .dwendtag $C$DW$TU$11
    9904              
    9905              
    9906              $C$DW$TU$43     .dwtag  DW_TAG_type_unit
    9907                      .dwmtype  $C$DW$T$43
    9908              $C$DW$T$43      .dwtag  DW_TAG_typedef
    9909                      .dwattr $C$DW$T$43, DW_AT_name("Uint16")
    9910                      .dwattr $C$DW$T$43, DW_AT_type(*$C$DW$T$11)
    9911                      .dwattr $C$DW$T$43, DW_AT_decl_file("C:/ti/C2000Ware_MotorControl_SDK_5_04_00_00/c2000ware/device_sup
    9912                      .dwattr $C$DW$T$43, DW_AT_decl_line(0xbe)
    9913                      .dwattr $C$DW$T$43, DW_AT_decl_column(0x31)
    9914              
    9915                      .dwendtag $C$DW$TU$43
    9916              
    9917              
    9918              $C$DW$TU$47     .dwtag  DW_TAG_type_unit
    9919                      .dwmtype  $C$DW$T$47
    9920              
    9921              $C$DW$T$47      .dwtag  DW_TAG_array_type
    9922                      .dwattr $C$DW$T$47, DW_AT_type(*$C$DW$T$43)
    9923                      .dwattr $C$DW$T$47, DW_AT_byte_size(0x0f)
    9924              $C$DW$679       .dwtag  DW_TAG_subrange_type
    9925                      .dwattr $C$DW$679, DW_AT_upper_bound(0x0e)
    9926              
    9927                      .dwendtag $C$DW$T$47
    9928              
    9929                      .dwendtag $C$DW$TU$47
    9930              
    9931              
    9932              $C$DW$TU$29     .dwtag  DW_TAG_type_unit
    9933                      .dwmtype  $C$DW$T$29
    9934              $C$DW$T$29      .dwtag  DW_TAG_typedef
TMS320C2000 Assembler PC v22.6.2 Fri Jan  2 15:35:19 2026

Copyright (c) 1996-2018 Texas Instruments Incorporated
dual_axis_servo_drive_user_cpu.asm                                   PAGE  193

    9935                      .dwattr $C$DW$T$29, DW_AT_name("__uint16_t")
    9936                      .dwattr $C$DW$T$29, DW_AT_type(*$C$DW$T$11)
    9937                      .dwattr $C$DW$T$29, DW_AT_decl_file("C:/ti/ccs2031/ccs/tools/compiler/ti-cgt-c2000_22.6.2.LTS/include
    9938                      .dwattr $C$DW$T$29, DW_AT_decl_line(0x41)
    9939                      .dwattr $C$DW$T$29, DW_AT_decl_column(0x1c)
    9940              
    9941                      .dwendtag $C$DW$TU$29
    9942              
    9943              
    9944              $C$DW$TU$30     .dwtag  DW_TAG_type_unit
    9945                      .dwmtype  $C$DW$T$30
    9946              $C$DW$T$30      .dwtag  DW_TAG_typedef
    9947                      .dwattr $C$DW$T$30, DW_AT_name("uint16_t")
    9948                      .dwattr $C$DW$T$30, DW_AT_type(*$C$DW$T$29)
    9949                      .dwattr $C$DW$T$30, DW_AT_decl_file("C:/ti/ccs2031/ccs/tools/compiler/ti-cgt-c2000_22.6.2.LTS/include
    9950                      .dwattr $C$DW$T$30, DW_AT_decl_line(0x41)
    9951                      .dwattr $C$DW$T$30, DW_AT_decl_column(0x15)
    9952              
    9953                      .dwendtag $C$DW$TU$30
    9954              
    9955              
    9956              $C$DW$TU$12     .dwtag  DW_TAG_type_unit
    9957                      .dwmtype  $C$DW$T$12
    9958              $C$DW$T$12      .dwtag  DW_TAG_base_type
    9959                      .dwattr $C$DW$T$12, DW_AT_encoding(DW_ATE_signed)
    9960                      .dwattr $C$DW$T$12, DW_AT_name("long")
    9961                      .dwattr $C$DW$T$12, DW_AT_byte_size(0x02)
    9962              
    9963                      .dwendtag $C$DW$TU$12
    9964              
    9965              
    9966              $C$DW$TU$162    .dwtag  DW_TAG_type_unit
    9967                      .dwmtype  $C$DW$T$162
    9968              $C$DW$680       .dwtag  DW_TAG_TI_far_type
    9969                      .dwattr $C$DW$680, DW_AT_type(*$C$DW$T$12)
    9970              
    9971              $C$DW$T$162     .dwtag  DW_TAG_const_type
    9972                      .dwattr $C$DW$T$162, DW_AT_type(*$C$DW$680)
    9973              
    9974                      .dwendtag $C$DW$TU$162
    9975              
    9976              
    9977              $C$DW$TU$32     .dwtag  DW_TAG_type_unit
    9978                      .dwmtype  $C$DW$T$32
    9979              $C$DW$T$32      .dwtag  DW_TAG_typedef
    9980                      .dwattr $C$DW$T$32, DW_AT_name("__int32_t")
    9981                      .dwattr $C$DW$T$32, DW_AT_type(*$C$DW$T$12)
    9982                      .dwattr $C$DW$T$32, DW_AT_decl_file("C:/ti/ccs2031/ccs/tools/compiler/ti-cgt-c2000_22.6.2.LTS/include
    9983                      .dwattr $C$DW$T$32, DW_AT_decl_line(0x42)
    9984                      .dwattr $C$DW$T$32, DW_AT_decl_column(0x1d)
    9985              
    9986                      .dwendtag $C$DW$TU$32
    9987              
    9988              
    9989              $C$DW$TU$33     .dwtag  DW_TAG_type_unit
TMS320C2000 Assembler PC v22.6.2 Fri Jan  2 15:35:19 2026

Copyright (c) 1996-2018 Texas Instruments Incorporated
dual_axis_servo_drive_user_cpu.asm                                   PAGE  194

    9990                      .dwmtype  $C$DW$T$33
    9991              $C$DW$T$33      .dwtag  DW_TAG_typedef
    9992                      .dwattr $C$DW$T$33, DW_AT_name("int32_t")
    9993                      .dwattr $C$DW$T$33, DW_AT_type(*$C$DW$T$32)
    9994                      .dwattr $C$DW$T$33, DW_AT_decl_file("C:/ti/ccs2031/ccs/tools/compiler/ti-cgt-c2000_22.6.2.LTS/include
    9995                      .dwattr $C$DW$T$33, DW_AT_decl_line(0x30)
    9996                      .dwattr $C$DW$T$33, DW_AT_decl_column(0x14)
    9997              
    9998                      .dwendtag $C$DW$TU$33
    9999              
   10000              
   10001              $C$DW$TU$13     .dwtag  DW_TAG_type_unit
   10002                      .dwmtype  $C$DW$T$13
   10003              $C$DW$T$13      .dwtag  DW_TAG_base_type
   10004                      .dwattr $C$DW$T$13, DW_AT_encoding(DW_ATE_unsigned)
   10005                      .dwattr $C$DW$T$13, DW_AT_name("unsigned long")
   10006                      .dwattr $C$DW$T$13, DW_AT_byte_size(0x02)
   10007              
   10008                      .dwendtag $C$DW$TU$13
   10009              
   10010              
   10011              $C$DW$TU$46     .dwtag  DW_TAG_type_unit
   10012                      .dwmtype  $C$DW$T$46
   10013              $C$DW$T$46      .dwtag  DW_TAG_typedef
   10014                      .dwattr $C$DW$T$46, DW_AT_name("Uint32")
   10015                      .dwattr $C$DW$T$46, DW_AT_type(*$C$DW$T$13)
   10016                      .dwattr $C$DW$T$46, DW_AT_decl_file("C:/ti/C2000Ware_MotorControl_SDK_5_04_00_00/c2000ware/device_sup
   10017                      .dwattr $C$DW$T$46, DW_AT_decl_line(0xbf)
   10018                      .dwattr $C$DW$T$46, DW_AT_decl_column(0x31)
   10019              
   10020                      .dwendtag $C$DW$TU$46
   10021              
   10022              
   10023              $C$DW$TU$23     .dwtag  DW_TAG_type_unit
   10024                      .dwmtype  $C$DW$T$23
   10025              $C$DW$T$23      .dwtag  DW_TAG_typedef
   10026                      .dwattr $C$DW$T$23, DW_AT_name("__uint32_t")
   10027                      .dwattr $C$DW$T$23, DW_AT_type(*$C$DW$T$13)
   10028                      .dwattr $C$DW$T$23, DW_AT_decl_file("C:/ti/ccs2031/ccs/tools/compiler/ti-cgt-c2000_22.6.2.LTS/include
   10029                      .dwattr $C$DW$T$23, DW_AT_decl_line(0x43)
   10030                      .dwattr $C$DW$T$23, DW_AT_decl_column(0x1c)
   10031              
   10032                      .dwendtag $C$DW$TU$23
   10033              
   10034              
   10035              $C$DW$TU$24     .dwtag  DW_TAG_type_unit
   10036                      .dwmtype  $C$DW$T$24
   10037              $C$DW$T$24      .dwtag  DW_TAG_typedef
   10038                      .dwattr $C$DW$T$24, DW_AT_name("uint32_t")
   10039                      .dwattr $C$DW$T$24, DW_AT_type(*$C$DW$T$23)
   10040                      .dwattr $C$DW$T$24, DW_AT_decl_file("C:/ti/ccs2031/ccs/tools/compiler/ti-cgt-c2000_22.6.2.LTS/include
   10041                      .dwattr $C$DW$T$24, DW_AT_decl_line(0x46)
   10042                      .dwattr $C$DW$T$24, DW_AT_decl_column(0x15)
   10043              
   10044                      .dwendtag $C$DW$TU$24
TMS320C2000 Assembler PC v22.6.2 Fri Jan  2 15:35:19 2026

Copyright (c) 1996-2018 Texas Instruments Incorporated
dual_axis_servo_drive_user_cpu.asm                                   PAGE  195

   10045              
   10046              
   10047              $C$DW$TU$83     .dwtag  DW_TAG_type_unit
   10048                      .dwmtype  $C$DW$T$83
   10049              
   10050              $C$DW$T$83      .dwtag  DW_TAG_array_type
   10051                      .dwattr $C$DW$T$83, DW_AT_type(*$C$DW$T$24)
   10052                      .dwattr $C$DW$T$83, DW_AT_byte_size(0x06)
   10053              $C$DW$681       .dwtag  DW_TAG_subrange_type
   10054                      .dwattr $C$DW$681, DW_AT_upper_bound(0x02)
   10055              
   10056                      .dwendtag $C$DW$T$83
   10057              
   10058                      .dwendtag $C$DW$TU$83
   10059              
   10060              
   10061              $C$DW$TU$100    .dwtag  DW_TAG_type_unit
   10062                      .dwmtype  $C$DW$T$100
   10063              $C$DW$682       .dwtag  DW_TAG_TI_far_type
   10064                      .dwattr $C$DW$682, DW_AT_type(*$C$DW$T$24)
   10065              
   10066              $C$DW$T$100     .dwtag  DW_TAG_volatile_type
   10067                      .dwattr $C$DW$T$100, DW_AT_type(*$C$DW$682)
   10068              
   10069                      .dwendtag $C$DW$TU$100
   10070              
   10071              
   10072              $C$DW$TU$101    .dwtag  DW_TAG_type_unit
   10073                      .dwmtype  $C$DW$T$101
   10074              $C$DW$T$101     .dwtag  DW_TAG_pointer_type
   10075                      .dwattr $C$DW$T$101, DW_AT_type(*$C$DW$T$100)
   10076                      .dwattr $C$DW$T$101, DW_AT_address_class(0x20)
   10077              
   10078                      .dwendtag $C$DW$TU$101
   10079              
   10080              
   10081              $C$DW$TU$146    .dwtag  DW_TAG_type_unit
   10082                      .dwmtype  $C$DW$T$146
   10083              $C$DW$683       .dwtag  DW_TAG_TI_far_type
   10084                      .dwattr $C$DW$683, DW_AT_type(*$C$DW$T$24)
   10085              
   10086              $C$DW$T$146     .dwtag  DW_TAG_const_type
   10087                      .dwattr $C$DW$T$146, DW_AT_type(*$C$DW$683)
   10088              
   10089                      .dwendtag $C$DW$TU$146
   10090              
   10091              
   10092              $C$DW$TU$14     .dwtag  DW_TAG_type_unit
   10093                      .dwmtype  $C$DW$T$14
   10094              $C$DW$T$14      .dwtag  DW_TAG_base_type
   10095                      .dwattr $C$DW$T$14, DW_AT_encoding(DW_ATE_signed)
   10096                      .dwattr $C$DW$T$14, DW_AT_name("long long")
   10097                      .dwattr $C$DW$T$14, DW_AT_byte_size(0x04)
   10098              
   10099                      .dwendtag $C$DW$TU$14
TMS320C2000 Assembler PC v22.6.2 Fri Jan  2 15:35:19 2026

Copyright (c) 1996-2018 Texas Instruments Incorporated
dual_axis_servo_drive_user_cpu.asm                                   PAGE  196

   10100              
   10101              
   10102              $C$DW$TU$15     .dwtag  DW_TAG_type_unit
   10103                      .dwmtype  $C$DW$T$15
   10104              $C$DW$T$15      .dwtag  DW_TAG_base_type
   10105                      .dwattr $C$DW$T$15, DW_AT_encoding(DW_ATE_unsigned)
   10106                      .dwattr $C$DW$T$15, DW_AT_name("unsigned long long")
   10107                      .dwattr $C$DW$T$15, DW_AT_byte_size(0x04)
   10108              
   10109                      .dwendtag $C$DW$TU$15
   10110              
   10111              
   10112              $C$DW$TU$16     .dwtag  DW_TAG_type_unit
   10113                      .dwmtype  $C$DW$T$16
   10114              $C$DW$T$16      .dwtag  DW_TAG_base_type
   10115                      .dwattr $C$DW$T$16, DW_AT_encoding(DW_ATE_float)
   10116                      .dwattr $C$DW$T$16, DW_AT_name("float")
   10117                      .dwattr $C$DW$T$16, DW_AT_byte_size(0x02)
   10118              
   10119                      .dwendtag $C$DW$TU$16
   10120              
   10121              
   10122              $C$DW$TU$78     .dwtag  DW_TAG_type_unit
   10123                      .dwmtype  $C$DW$T$78
   10124              
   10125              $C$DW$T$78      .dwtag  DW_TAG_array_type
   10126                      .dwattr $C$DW$T$78, DW_AT_type(*$C$DW$T$16)
   10127                      .dwattr $C$DW$T$78, DW_AT_byte_size(0x04)
   10128              $C$DW$684       .dwtag  DW_TAG_subrange_type
   10129                      .dwattr $C$DW$684, DW_AT_upper_bound(0x01)
   10130              
   10131                      .dwendtag $C$DW$T$78
   10132              
   10133                      .dwendtag $C$DW$TU$78
   10134              
   10135              
   10136              $C$DW$TU$170    .dwtag  DW_TAG_type_unit
   10137                      .dwmtype  $C$DW$T$170
   10138              $C$DW$685       .dwtag  DW_TAG_TI_far_type
   10139                      .dwattr $C$DW$685, DW_AT_type(*$C$DW$T$16)
   10140              
   10141              $C$DW$T$170     .dwtag  DW_TAG_const_type
   10142                      .dwattr $C$DW$T$170, DW_AT_type(*$C$DW$685)
   10143              
   10144                      .dwendtag $C$DW$TU$170
   10145              
   10146              
   10147              $C$DW$TU$21     .dwtag  DW_TAG_type_unit
   10148                      .dwmtype  $C$DW$T$21
   10149              $C$DW$T$21      .dwtag  DW_TAG_typedef
   10150                      .dwattr $C$DW$T$21, DW_AT_name("float32_t")
   10151                      .dwattr $C$DW$T$21, DW_AT_type(*$C$DW$T$16)
   10152                      .dwattr $C$DW$T$21, DW_AT_decl_file("C:\ti\C2000Ware_MotorControl_SDK_5_04_00_00\c2000ware\driverlib\
   10153                      .dwattr $C$DW$T$21, DW_AT_decl_line(0x64)
   10154                      .dwattr $C$DW$T$21, DW_AT_decl_column(0x17)
TMS320C2000 Assembler PC v22.6.2 Fri Jan  2 15:35:19 2026

Copyright (c) 1996-2018 Texas Instruments Incorporated
dual_axis_servo_drive_user_cpu.asm                                   PAGE  197

   10155              
   10156                      .dwendtag $C$DW$TU$21
   10157              
   10158              
   10159              $C$DW$TU$17     .dwtag  DW_TAG_type_unit
   10160                      .dwmtype  $C$DW$T$17
   10161              $C$DW$T$17      .dwtag  DW_TAG_base_type
   10162                      .dwattr $C$DW$T$17, DW_AT_encoding(DW_ATE_float)
   10163                      .dwattr $C$DW$T$17, DW_AT_name("double")
   10164                      .dwattr $C$DW$T$17, DW_AT_byte_size(0x04)
   10165              
   10166                      .dwendtag $C$DW$TU$17
   10167              
   10168              
   10169              $C$DW$TU$76     .dwtag  DW_TAG_type_unit
   10170                      .dwmtype  $C$DW$T$76
   10171              
   10172              $C$DW$T$76      .dwtag  DW_TAG_array_type
   10173                      .dwattr $C$DW$T$76, DW_AT_type(*$C$DW$T$17)
   10174                      .dwattr $C$DW$T$76, DW_AT_byte_size(0x08)
   10175              $C$DW$686       .dwtag  DW_TAG_subrange_type
   10176                      .dwattr $C$DW$686, DW_AT_upper_bound(0x01)
   10177              
   10178                      .dwendtag $C$DW$T$76
   10179              
   10180                      .dwendtag $C$DW$TU$76
   10181              
   10182              
   10183              $C$DW$TU$172    .dwtag  DW_TAG_type_unit
   10184                      .dwmtype  $C$DW$T$172
   10185              $C$DW$T$172     .dwtag  DW_TAG_pointer_type
   10186                      .dwattr $C$DW$T$172, DW_AT_type(*$C$DW$T$17)
   10187                      .dwattr $C$DW$T$172, DW_AT_address_class(0x20)
   10188              
   10189                      .dwendtag $C$DW$TU$172
   10190              
   10191              
   10192              $C$DW$TU$173    .dwtag  DW_TAG_type_unit
   10193                      .dwmtype  $C$DW$T$173
   10194              $C$DW$687       .dwtag  DW_TAG_TI_far_type
   10195                      .dwattr $C$DW$687, DW_AT_type(*$C$DW$T$172)
   10196              
   10197              $C$DW$T$173     .dwtag  DW_TAG_const_type
   10198                      .dwattr $C$DW$T$173, DW_AT_type(*$C$DW$687)
   10199              
   10200                      .dwendtag $C$DW$TU$173
   10201              
   10202              
   10203              $C$DW$TU$18     .dwtag  DW_TAG_type_unit
   10204                      .dwmtype  $C$DW$T$18
   10205              $C$DW$T$18      .dwtag  DW_TAG_base_type
   10206                      .dwattr $C$DW$T$18, DW_AT_encoding(DW_ATE_float)
   10207                      .dwattr $C$DW$T$18, DW_AT_name("long double")
   10208                      .dwattr $C$DW$T$18, DW_AT_byte_size(0x04)
   10209              
TMS320C2000 Assembler PC v22.6.2 Fri Jan  2 15:35:19 2026

Copyright (c) 1996-2018 Texas Instruments Incorporated
dual_axis_servo_drive_user_cpu.asm                                   PAGE  198

   10210                      .dwendtag $C$DW$TU$18
   10211              
   10212              
   10213              $C$DW$TU$80     .dwtag  DW_TAG_type_unit
   10214                      .dwmtype  $C$DW$T$80
   10215              
   10216              $C$DW$T$80      .dwtag  DW_TAG_array_type
   10217                      .dwattr $C$DW$T$80, DW_AT_type(*$C$DW$T$18)
   10218                      .dwattr $C$DW$T$80, DW_AT_byte_size(0x08)
   10219              $C$DW$688       .dwtag  DW_TAG_subrange_type
   10220                      .dwattr $C$DW$688, DW_AT_upper_bound(0x01)
   10221              
   10222                      .dwendtag $C$DW$T$80
   10223              
   10224                      .dwendtag $C$DW$TU$80
   10225              
   10226              
   10227              $C$DW$TU$175    .dwtag  DW_TAG_type_unit
   10228                      .dwmtype  $C$DW$T$175
   10229              $C$DW$T$175     .dwtag  DW_TAG_pointer_type
   10230                      .dwattr $C$DW$T$175, DW_AT_type(*$C$DW$T$18)
   10231                      .dwattr $C$DW$T$175, DW_AT_address_class(0x20)
   10232              
   10233                      .dwendtag $C$DW$TU$175
   10234              
   10235              
   10236              $C$DW$TU$176    .dwtag  DW_TAG_type_unit
   10237                      .dwmtype  $C$DW$T$176
   10238              $C$DW$689       .dwtag  DW_TAG_TI_far_type
   10239                      .dwattr $C$DW$689, DW_AT_type(*$C$DW$T$175)
   10240              
   10241              $C$DW$T$176     .dwtag  DW_TAG_const_type
   10242                      .dwattr $C$DW$T$176, DW_AT_type(*$C$DW$689)
   10243              
   10244                      .dwendtag $C$DW$TU$176
   10245              
   10246              
   10247              $C$DW$TU$86     .dwtag  DW_TAG_type_unit
   10248                      .dwmtype  $C$DW$T$86
   10249              $C$DW$T$86      .dwtag  DW_TAG_base_type
   10250                      .dwattr $C$DW$T$86, DW_AT_encoding(DW_ATE_unsigned_char)
   10251                      .dwattr $C$DW$T$86, DW_AT_name("unsigned char")
   10252                      .dwattr $C$DW$T$86, DW_AT_byte_size(0x01)
   10253              
   10254                      .dwendtag $C$DW$TU$86
   10255              

No Assembly Errors, No Assembly Warnings
